Advertiser,Campaign,Insertion Order,Line Item,Date,Device Type,Region,Impressions,Clicks,Click Rate,Total Media Cost (Advertiser Currency),Total Conversions,Active View Viewable Impressions
Energy_Client_SK,ProduktLaunch26_Programmatic,IO_ProduktLaunch26_Video,LI_Video_Retarget,20260816,Desktop,Košický kraj,12209,110,0.9%,47.9,,9528
Energy_Client_SK,ProduktLaunch26_Programmatic,IO_ProduktLaunch26_Video,LI_Audio_Awareness,20261016,Mobile,Košický kraj,5982,15,0.25%,14.89,0.0,4041
Energy_Client_SK,ProduktLaunch26_Programmatic,IO_ProduktLaunch26_Display,LI_Display_Prospecting,20261011,Connected TV,Ostatné SR,9876,28,0.29%,31.1,0.0,5808
Energy_Client_SK,ProduktLaunch26_Programmatic,IO_ProduktLaunch26_Display,LI_Display_Prospecting,20261009,Tablet,Bratislavský kraj,8121,22,0.27%,17.83,,5622
Energy_Client_SK,ProduktLaunch26_Programmatic,IO_ProduktLaunch26_Video,LI_Video_Retarget,20261011,Connected TV,Bratislavský kraj,7478,71,0.95%,28.98,0.0,5311
Energy_Client_SK,ProduktLaunch26_Programmatic,IO_ProduktLaunch26_Video,LI_Video_Prospecting,20260923,Tablet,Ostatné SR,9219,52,0.57%,43.98,,5416
Energy_Client_SK,ProduktLaunch26_Programmatic,IO_ProduktLaunch26_Display,LI_Display_Retarget,20261013,Connected TV,Košický kraj,6413,39,0.61%,20.12,,3857
Energy_Client_SK,ProduktLaunch26_Programmatic,IO_ProduktLaunch26_Video,LI_Video_Prospecting,20260914,Mobile,Košický kraj,12259,50,0.41%,42.39,,6972
Energy_Client_SK,ProduktLaunch26_Programmatic,IO_ProduktLaunch26_Video,LI_Video_Retarget,20260925,Mobile,Bratislavský kraj,13370,141,1.06%,65.43,,7798
Energy_Client_SK,ProduktLaunch26_Programmatic,IO_ProduktLaunch26_Video,LI_Video_Prospecting,20261023,Connected TV,Ostatné SR,10234,63,0.62%,30.77,,7235
Energy_Client_SK,ProduktLaunch26_Programmatic,IO_ProduktLaunch26_Video,LI_Audio_Awareness,20260903,Desktop,Košický kraj,8606,21,0.24%,20.85,0.0,6877
Energy_Client_SK,ProduktLaunch26_Programmatic,IO_ProduktLaunch26_Display,LI_Display_Prospecting,20260924,Connected TV,Bratislavský kraj,9034,35,0.39%,27.18,,6711
Energy_Client_SK,ProduktLaunch26_Programmatic,IO_ProduktLaunch26_Video,LI_Video_Prospecting,20260930,Tablet,Košický kraj,3718,33,0.88%,15.5,,2951
Energy_Client_SK,ProduktLaunch26_Programmatic,IO_ProduktLaunch26_Display,LI_Display_Retarget,20260903,Mobile,Bratislavský kraj,13568,86,0.64%,37.8,0.0,9022
Energy_Client_SK,ProduktLaunch26_Programmatic,IO_ProduktLaunch26_Video,LI_Video_Retarget,20261013,Tablet,Ostatné SR,5899,44,0.75%,27.68,,4644
Energy_Client_SK,ProduktLaunch26_Programmatic,IO_ProduktLaunch26_Video,LI_Video_Prospecting,20260823,Mobile,Bratislavský kraj,25313,111,0.44%,92.91,,20041
Energy_Client_SK,ProduktLaunch26_Programmatic,IO_ProduktLaunch26_Display,LI_Native_Prospecting,20261006,Mobile,Ostatné SR,12872,72,0.56%,28.89,0.0,8371
Energy_Client_SK,ProduktLaunch26_Programmatic,IO_ProduktLaunch26_Video,LI_Video_Retarget,20261018,Mobile,Košický kraj,8668,90,1.04%,28.85,,5462
Energy_Client_SK,ProduktLaunch26_Programmatic,IO_ProduktLaunch26_Display,LI_Display_Prospecting,20261011,Mobile,Ostatné SR,10180,47,0.46%,19.84,,6978
Energy_Client_SK,ProduktLaunch26_Programmatic,IO_ProduktLaunch26_Video,LI_Video_Retarget,20260925,Tablet,Bratislavský kraj,7179,58,0.81%,27.71,,5390
Energy_Client_SK,ProduktLaunch26_Programmatic,IO_ProduktLaunch26_Display,LI_Display_Retarget,20260828,Connected TV,Ostatné SR,7553,48,0.64%,26.16,0.0,5731
Energy_Client_SK,ProduktLaunch26_Programmatic,IO_ProduktLaunch26_Display,LI_Native_Prospecting,20260901,Tablet,Bratislavský kraj,4570,26,0.57%,12.65,0.0,2544
Energy_Client_SK,ProduktLaunch26_Programmatic,IO_ProduktLaunch26_Video,LI_Video_Retarget,20260820,Mobile,Ostatné SR,9169,69,0.75%,39.78,0.0,5254
Energy_Client_SK,ProduktLaunch26_Programmatic,IO_ProduktLaunch26_Display,LI_Display_Retarget,20261015,Mobile,Bratislavský kraj,10031,45,0.45%,26.19,0.0,6651
Energy_Client_SK,ProduktLaunch26_Programmatic,IO_ProduktLaunch26_Display,LI_Native_Prospecting,20260928,Tablet,Bratislavský kraj,7381,34,0.46%,18.97,,4935
Energy_Client_SK,ProduktLaunch26_Programmatic,IO_ProduktLaunch26_Video,LI_Video_Prospecting,20260922,Mobile,Ostatné SR,12692,86,0.68%,52.77,,8891
Energy_Client_SK,ProduktLaunch26_Programmatic,IO_ProduktLaunch26_Video,LI_Audio_Awareness,20260822,Tablet,Ostatné SR,2961,11,0.38%,7.07,,1708
Energy_Client_SK,ProduktLaunch26_Programmatic,IO_ProduktLaunch26_Video,LI_Audio_Awareness,20260917,Desktop,Bratislavský kraj,12468,53,0.43%,26.09,,7551
Energy_Client_SK,ProduktLaunch26_Programmatic,IO_ProduktLaunch26_Video,LI_Video_Retarget,20260817,Mobile,Ostatné SR,12467,122,0.98%,48.95,,8796
Energy_Client_SK,ProduktLaunch26_Programmatic,IO_ProduktLaunch26_Display,LI_Display_Retarget,20260925,Connected TV,Bratislavský kraj,10484,67,0.64%,27.35,,6378
Energy_Client_SK,ProduktLaunch26_Programmatic,IO_ProduktLaunch26_Display,LI_Native_Prospecting,20260920,Connected TV,Bratislavský kraj,6746,47,0.7%,18.82,0.0,4177
Energy_Client_SK,ProduktLaunch26_Programmatic,IO_ProduktLaunch26_Video,LI_Audio_Awareness,20260914,Desktop,Košický kraj,5989,25,0.41%,14.68,,4419
Energy_Client_SK,ProduktLaunch26_Programmatic,IO_ProduktLaunch26_Display,LI_Display_Retarget,20261017,Mobile,Bratislavský kraj,13893,92,0.66%,44.11,0.0,10088
Energy_Client_SK,ProduktLaunch26_Programmatic,IO_ProduktLaunch26_Display,LI_Display_Prospecting,20260825,Tablet,Bratislavský kraj,6148,21,0.34%,13.9,,4066
Energy_Client_SK,ProduktLaunch26_Programmatic,IO_ProduktLaunch26_Display,LI_Native_Prospecting,20261026,Mobile,Bratislavský kraj,10789,74,0.68%,27.19,0.0,8199
Energy_Client_SK,ProduktLaunch26_Programmatic,IO_ProduktLaunch26_Video,LI_Video_Retarget,20260926,Tablet,Bratislavský kraj,6249,34,0.54%,29.99,,3586
Energy_Client_SK,ProduktLaunch26_Programmatic,IO_ProduktLaunch26_Display,LI_Display_Retarget,20261009,Desktop,Košický kraj,10078,70,0.7%,25.71,,6232
Energy_Client_SK,ProduktLaunch26_Programmatic,IO_ProduktLaunch26_Display,LI_Display_Retarget,20261003,Desktop,Bratislavský kraj,16419,112,0.68%,35.0,0.0,9254
Energy_Client_SK,ProduktLaunch26_Programmatic,IO_ProduktLaunch26_Display,LI_Display_Retarget,20261010,Desktop,Bratislavský kraj,18574,91,0.49%,46.72,,14066
Energy_Client_SK,ProduktLaunch26_Programmatic,IO_ProduktLaunch26_Video,LI_Video_Retarget,20260826,Mobile,Bratislavský kraj,16690,87,0.52%,77.15,,10094
Energy_Client_SK,ProduktLaunch26_Programmatic,IO_ProduktLaunch26_Video,LI_Video_Retarget,20260924,Tablet,Bratislavský kraj,7646,39,0.52%,39.16,0.0,4847
Energy_Client_SK,ProduktLaunch26_Programmatic,IO_ProduktLaunch26_Display,LI_Display_Retarget,20260903,Mobile,Ostatné SR,8858,36,0.41%,22.48,,5725
Energy_Client_SK,ProduktLaunch26_Programmatic,IO_ProduktLaunch26_Video,LI_Video_Retarget,20261025,Desktop,Košický kraj,12794,106,0.83%,66.39,0.0,8900
Energy_Client_SK,ProduktLaunch26_Programmatic,IO_ProduktLaunch26_Video,LI_Audio_Awareness,20261014,Mobile,Košický kraj,7246,24,0.32%,18.47,0.0,4896
Energy_Client_SK,ProduktLaunch26_Programmatic,IO_ProduktLaunch26_Video,LI_Audio_Awareness,20260824,Connected TV,Ostatné SR,8115,32,0.39%,17.54,,5930
Energy_Client_SK,ProduktLaunch26_Programmatic,IO_ProduktLaunch26_Video,LI_Video_Retarget,20260824,Tablet,Košický kraj,3461,31,0.89%,14.05,,2463
Energy_Client_SK,ProduktLaunch26_Programmatic,IO_ProduktLaunch26_Video,LI_Audio_Awareness,20260925,Mobile,Ostatné SR,11636,25,0.22%,19.92,,6663
Energy_Client_SK,ProduktLaunch26_Programmatic,IO_ProduktLaunch26_Video,LI_Video_Prospecting,20260910,Tablet,Košický kraj,3680,26,0.72%,16.4,,2865
Energy_Client_SK,ProduktLaunch26_Programmatic,IO_ProduktLaunch26_Display,LI_Display_Retarget,20260904,Tablet,Ostatné SR,6318,26,0.41%,16.37,,3686
Energy_Client_SK,ProduktLaunch26_Programmatic,IO_ProduktLaunch26_Video,LI_Video_Retarget,20260820,Tablet,Ostatné SR,8248,51,0.62%,41.55,0.0,5785
Energy_Client_SK,ProduktLaunch26_Programmatic,IO_ProduktLaunch26_Display,LI_Display_Retarget,20260919,Tablet,Bratislavský kraj,5408,29,0.54%,14.53,,3629
Energy_Client_SK,ProduktLaunch26_Programmatic,IO_ProduktLaunch26_Display,LI_Display_Retarget,20260826,Tablet,Ostatné SR,2971,13,0.44%,7.7,0.0,2092
Energy_Client_SK,ProduktLaunch26_Programmatic,IO_ProduktLaunch26_Video,LI_Video_Retarget,20261011,Desktop,Bratislavský kraj,20498,223,1.09%,97.94,,15680
Energy_Client_SK,ProduktLaunch26_Programmatic,IO_ProduktLaunch26_Video,LI_Video_Prospecting,20260922,Mobile,Bratislavský kraj,17348,71,0.41%,76.52,,10191
Energy_Client_SK,ProduktLaunch26_Programmatic,IO_ProduktLaunch26_Video,LI_Video_Retarget,20260907,Desktop,Bratislavský kraj,13420,83,0.62%,69.37,0.0,8794
Energy_Client_SK,ProduktLaunch26_Programmatic,IO_ProduktLaunch26_Display,LI_Display_Prospecting,20260821,Desktop,Bratislavský kraj,20669,68,0.33%,52.65,,12606
Energy_Client_SK,ProduktLaunch26_Programmatic,IO_ProduktLaunch26_Display,LI_Native_Prospecting,20261001,Desktop,Bratislavský kraj,8492,54,0.64%,27.69,,6494
Energy_Client_SK,ProduktLaunch26_Programmatic,IO_ProduktLaunch26_Video,LI_Video_Prospecting,20261013,Mobile,Košický kraj,8352,72,0.86%,37.11,0.0,6380
Energy_Client_SK,ProduktLaunch26_Programmatic,IO_ProduktLaunch26_Video,LI_Audio_Awareness,20261020,Mobile,Košický kraj,11386,41,0.36%,22.07,,8526
Energy_Client_SK,ProduktLaunch26_Programmatic,IO_ProduktLaunch26_Video,LI_Audio_Awareness,20261023,Connected TV,Ostatné SR,5187,21,0.41%,9.5,,4146
Energy_Client_SK,ProduktLaunch26_Programmatic,IO_ProduktLaunch26_Display,LI_Display_Prospecting,20260929,Tablet,Košický kraj,3862,19,0.5%,7.54,0.0,2370
Energy_Client_SK,ProduktLaunch26_Programmatic,IO_ProduktLaunch26_Display,LI_Display_Retarget,20261020,Tablet,Košický kraj,3400,14,0.41%,11.15,,2241
Energy_Client_SK,ProduktLaunch26_Programmatic,IO_ProduktLaunch26_Display,LI_Display_Retarget,20260921,Tablet,Ostatné SR,3803,22,0.57%,10.11,,2927
Energy_Client_SK,ProduktLaunch26_Programmatic,IO_ProduktLaunch26_Display,LI_Display_Retarget,20260817,Desktop,Ostatné SR,7370,47,0.64%,24.96,,4455
Energy_Client_SK,ProduktLaunch26_Programmatic,IO_ProduktLaunch26_Display,LI_Native_Prospecting,20261001,Connected TV,Bratislavský kraj,8029,55,0.68%,18.04,0.0,5469
Energy_Client_SK,ProduktLaunch26_Programmatic,IO_ProduktLaunch26_Display,LI_Display_Retarget,20261005,Mobile,Bratislavský kraj,16839,82,0.48%,47.18,,12743
Energy_Client_SK,ProduktLaunch26_Programmatic,IO_ProduktLaunch26_Video,LI_Video_Retarget,20260918,Tablet,Bratislavský kraj,7489,63,0.85%,27.76,,4376
Energy_Client_SK,ProduktLaunch26_Programmatic,IO_ProduktLaunch26_Display,LI_Display_Prospecting,20261017,Connected TV,Bratislavský kraj,8437,31,0.37%,15.92,0.0,5043
Energy_Client_SK,ProduktLaunch26_Programmatic,IO_ProduktLaunch26_Display,LI_Native_Prospecting,20261019,Mobile,Ostatné SR,11750,60,0.51%,28.62,,6694
Energy_Client_SK,ProduktLaunch26_Programmatic,IO_ProduktLaunch26_Display,LI_Display_Retarget,20260827,Mobile,Bratislavský kraj,12618,65,0.51%,32.06,,7382
Energy_Client_SK,ProduktLaunch26_Programmatic,IO_ProduktLaunch26_Display,LI_Native_Prospecting,20260831,Tablet,Košický kraj,3614,24,0.67%,9.98,,2386
Energy_Client_SK,ProduktLaunch26_Programmatic,IO_ProduktLaunch26_Video,LI_Audio_Awareness,20261024,Tablet,Ostatné SR,5668,17,0.29%,12.49,,4012
Energy_Client_SK,ProduktLaunch26_Programmatic,IO_ProduktLaunch26_Video,LI_Video_Prospecting,20261001,Mobile,Ostatné SR,11653,98,0.84%,40.48,,8969
Energy_Client_SK,ProduktLaunch26_Programmatic,IO_ProduktLaunch26_Display,LI_Display_Retarget,20261014,Tablet,Ostatné SR,3539,18,0.52%,10.8,0.0,2382
Energy_Client_SK,ProduktLaunch26_Programmatic,IO_ProduktLaunch26_Video,LI_Audio_Awareness,20260818,Mobile,Košický kraj,9113,33,0.36%,14.28,,6075
Energy_Client_SK,ProduktLaunch26_Programmatic,IO_ProduktLaunch26_Display,LI_Display_Retarget,20261018,Tablet,Ostatné SR,3517,14,0.39%,9.09,,1993
Energy_Client_SK,ProduktLaunch26_Programmatic,IO_ProduktLaunch26_Video,LI_Video_Prospecting,20261010,Tablet,Ostatné SR,8731,52,0.6%,27.51,0.0,5884
Energy_Client_SK,ProduktLaunch26_Programmatic,IO_ProduktLaunch26_Display,LI_Display_Retarget,20260909,Tablet,Bratislavský kraj,6158,29,0.47%,17.36,,4172
Energy_Client_SK,ProduktLaunch26_Programmatic,IO_ProduktLaunch26_Video,LI_Video_Prospecting,20261005,Connected TV,Ostatné SR,12177,60,0.49%,45.79,,7473
Energy_Client_SK,ProduktLaunch26_Programmatic,IO_ProduktLaunch26_Video,LI_Audio_Awareness,20260917,Desktop,Košický kraj,7547,31,0.41%,17.48,0.0,4762
Energy_Client_SK,ProduktLaunch26_Programmatic,IO_ProduktLaunch26_Video,LI_Video_Prospecting,20261007,Desktop,Košický kraj,9684,40,0.42%,34.53,0.0,6493
Energy_Client_SK,ProduktLaunch26_Programmatic,IO_ProduktLaunch26_Display,LI_Display_Prospecting,20261008,Mobile,Bratislavský kraj,18801,49,0.26%,41.38,,11257
Energy_Client_SK,ProduktLaunch26_Programmatic,IO_ProduktLaunch26_Video,LI_Audio_Awareness,20260819,Desktop,Košický kraj,8042,38,0.47%,14.87,,5580
Energy_Client_SK,ProduktLaunch26_Programmatic,IO_ProduktLaunch26_Display,LI_Display_Prospecting,20261014,Mobile,Bratislavský kraj,19406,90,0.47%,48.4,,13178
Energy_Client_SK,ProduktLaunch26_Programmatic,IO_ProduktLaunch26_Video,LI_Video_Retarget,20260826,Connected TV,Košický kraj,7994,64,0.79%,40.63,0.0,5972
Energy_Client_SK,ProduktLaunch26_Programmatic,IO_ProduktLaunch26_Video,LI_Video_Retarget,20261003,Desktop,Košický kraj,9725,99,1.02%,41.47,,5790
Energy_Client_SK,ProduktLaunch26_Programmatic,IO_ProduktLaunch26_Display,LI_Display_Retarget,20260823,Mobile,Košický kraj,5706,35,0.61%,15.78,0.0,4414
Energy_Client_SK,ProduktLaunch26_Programmatic,IO_ProduktLaunch26_Video,LI_Video_Prospecting,20260910,Tablet,Ostatné SR,7572,39,0.51%,27.52,,4923
Energy_Client_SK,ProduktLaunch26_Programmatic,IO_ProduktLaunch26_Display,LI_Display_Retarget,20261009,Mobile,Košický kraj,8934,54,0.6%,17.97,,5390
Energy_Client_SK,ProduktLaunch26_Programmatic,IO_ProduktLaunch26_Video,LI_Audio_Awareness,20260907,Tablet,Košický kraj,3476,14,0.39%,5.34,,1926
Energy_Client_SK,ProduktLaunch26_Programmatic,IO_ProduktLaunch26_Display,LI_Native_Prospecting,20261026,Mobile,Košický kraj,5875,40,0.68%,20.43,,3748
Energy_Client_SK,ProduktLaunch26_Programmatic,IO_ProduktLaunch26_Video,LI_Audio_Awareness,20260920,Desktop,Bratislavský kraj,16851,43,0.25%,30.58,,10348
Energy_Client_SK,ProduktLaunch26_Programmatic,IO_ProduktLaunch26_Display,LI_Display_Retarget,20260908,Connected TV,Bratislavský kraj,9705,35,0.36%,22.06,,6999
Energy_Client_SK,ProduktLaunch26_Programmatic,IO_ProduktLaunch26_Video,LI_Video_Retarget,20261023,Connected TV,Ostatné SR,8236,54,0.66%,34.05,,6011
Energy_Client_SK,ProduktLaunch26_Programmatic,IO_ProduktLaunch26_Video,LI_Video_Prospecting,20261020,Connected TV,Bratislavský kraj,14766,127,0.86%,49.22,,9857
Energy_Client_SK,ProduktLaunch26_Programmatic,IO_ProduktLaunch26_Display,LI_Display_Retarget,20260823,Mobile,Ostatné SR,9147,51,0.56%,19.27,,5451
Energy_Client_SK,ProduktLaunch26_Programmatic,IO_ProduktLaunch26_Video,LI_Audio_Awareness,20261020,Desktop,Bratislavský kraj,9027,37,0.41%,18.14,,6955
Energy_Client_SK,ProduktLaunch26_Programmatic,IO_ProduktLaunch26_Display,LI_Display_Prospecting,20260919,Desktop,Ostatné SR,12132,37,0.31%,22.61,0.0,7555
Energy_Client_SK,ProduktLaunch26_Programmatic,IO_ProduktLaunch26_Video,LI_Audio_Awareness,20261006,Desktop,Ostatné SR,12173,30,0.25%,21.08,,7478
Energy_Client_SK,ProduktLaunch26_Programmatic,IO_ProduktLaunch26_Video,LI_Video_Retarget,20261013,Tablet,Bratislavský kraj,6715,69,1.02%,34.84,0.0,3993
Energy_Client_SK,ProduktLaunch26_Programmatic,IO_ProduktLaunch26_Video,LI_Audio_Awareness,20260924,Connected TV,Košický kraj,3512,9,0.25%,5.5,,2302
Energy_Client_SK,ProduktLaunch26_Programmatic,IO_ProduktLaunch26_Video,LI_Audio_Awareness,20261006,Desktop,Bratislavský kraj,10823,35,0.32%,19.32,,5972
Energy_Client_SK,ProduktLaunch26_Programmatic,IO_ProduktLaunch26_Display,LI_Display_Retarget,20260826,Connected TV,Bratislavský kraj,8743,41,0.47%,29.11,,6563
Energy_Client_SK,ProduktLaunch26_Programmatic,IO_ProduktLaunch26_Display,LI_Native_Prospecting,20260915,Desktop,Bratislavský kraj,14921,114,0.77%,37.92,,11919
Energy_Client_SK,ProduktLaunch26_Programmatic,IO_ProduktLaunch26_Display,LI_Native_Prospecting,20261019,Desktop,Košický kraj,9657,57,0.59%,21.57,,5999
Energy_Client_SK,ProduktLaunch26_Programmatic,IO_ProduktLaunch26_Display,LI_Native_Prospecting,20260920,Tablet,Bratislavský kraj,3763,25,0.65%,9.25,,2292
Energy_Client_SK,ProduktLaunch26_Programmatic,IO_ProduktLaunch26_Video,LI_Video_Retarget,20260917,Mobile,Košický kraj,14410,82,0.57%,75.51,0.0,10286
Energy_Client_SK,ProduktLaunch26_Programmatic,IO_ProduktLaunch26_Video,LI_Video_Retarget,20260901,Desktop,Ostatné SR,16012,125,0.78%,62.41,,12391
Energy_Client_SK,ProduktLaunch26_Programmatic,IO_ProduktLaunch26_Video,LI_Video_Retarget,20261016,Mobile,Ostatné SR,15517,99,0.64%,59.83,0.0,11489
Energy_Client_SK,ProduktLaunch26_Programmatic,IO_ProduktLaunch26_Display,LI_Display_Retarget,20260906,Connected TV,Ostatné SR,7397,49,0.66%,22.58,0.0,5864
Energy_Client_SK,ProduktLaunch26_Programmatic,IO_ProduktLaunch26_Video,LI_Video_Prospecting,20260918,Connected TV,Ostatné SR,11235,64,0.57%,48.8,,7047
Energy_Client_SK,ProduktLaunch26_Programmatic,IO_ProduktLaunch26_Display,LI_Native_Prospecting,20260818,Mobile,Bratislavský kraj,11919,80,0.67%,33.91,0.0,8418
Energy_Client_SK,ProduktLaunch26_Programmatic,IO_ProduktLaunch26_Video,LI_Video_Retarget,20260902,Connected TV,Bratislavský kraj,11017,120,1.09%,40.99,,6175
Energy_Client_SK,ProduktLaunch26_Programmatic,IO_ProduktLaunch26_Video,LI_Video_Retarget,20261021,Tablet,Bratislavský kraj,9842,54,0.54%,43.77,,6950
Energy_Client_SK,ProduktLaunch26_Programmatic,IO_ProduktLaunch26_Video,LI_Video_Prospecting,20260904,Desktop,Ostatné SR,17648,87,0.49%,60.79,0.0,10941
Energy_Client_SK,ProduktLaunch26_Programmatic,IO_ProduktLaunch26_Display,LI_Display_Prospecting,20260818,Desktop,Košický kraj,10080,47,0.46%,31.96,0.0,6486
Energy_Client_SK,ProduktLaunch26_Programmatic,IO_ProduktLaunch26_Display,LI_Display_Prospecting,20261023,Desktop,Košický kraj,6323,19,0.31%,16.89,,4817
Energy_Client_SK,ProduktLaunch26_Programmatic,IO_ProduktLaunch26_Display,LI_Display_Retarget,20260917,Tablet,Košický kraj,3478,20,0.56%,10.69,,2572
Energy_Client_SK,ProduktLaunch26_Programmatic,IO_ProduktLaunch26_Video,LI_Video_Retarget,20260908,Desktop,Košický kraj,12472,83,0.67%,53.69,,7505
Energy_Client_SK,ProduktLaunch26_Programmatic,IO_ProduktLaunch26_Video,LI_Audio_Awareness,20260821,Desktop,Košický kraj,9743,48,0.5%,24.48,0.0,6292
Energy_Client_SK,ProduktLaunch26_Programmatic,IO_ProduktLaunch26_Video,LI_Video_Prospecting,20260909,Mobile,Ostatné SR,11485,77,0.67%,48.95,0.0,7933
Energy_Client_SK,ProduktLaunch26_Programmatic,IO_ProduktLaunch26_Display,LI_Display_Retarget,20260927,Mobile,Košický kraj,10137,35,0.34%,35.04,,6783
Energy_Client_SK,ProduktLaunch26_Programmatic,IO_ProduktLaunch26_Display,LI_Native_Prospecting,20260815,Connected TV,Košický kraj,4591,34,0.73%,12.61,,2898
Energy_Client_SK,ProduktLaunch26_Programmatic,IO_ProduktLaunch26_Video,LI_Video_Prospecting,20261014,Connected TV,Ostatné SR,8044,60,0.74%,34.59,,5879
Energy_Client_SK,ProduktLaunch26_Programmatic,IO_ProduktLaunch26_Display,LI_Display_Retarget,20260907,Desktop,Bratislavský kraj,17456,108,0.62%,38.98,,11552
Energy_Client_SK,ProduktLaunch26_Programmatic,IO_ProduktLaunch26_Display,LI_Display_Retarget,20260831,Connected TV,Bratislavský kraj,9224,56,0.6%,26.64,,6708
Energy_Client_SK,ProduktLaunch26_Programmatic,IO_ProduktLaunch26_Display,LI_Display_Retarget,20260919,Connected TV,Košický kraj,3412,22,0.63%,9.1,0.0,1942
Energy_Client_SK,ProduktLaunch26_Programmatic,IO_ProduktLaunch26_Video,LI_Video_Prospecting,20260828,Mobile,Bratislavský kraj,18994,93,0.49%,91.11,0.0,14524
Energy_Client_SK,ProduktLaunch26_Programmatic,IO_ProduktLaunch26_Display,LI_Display_Retarget,20260909,Connected TV,Košický kraj,5478,19,0.34%,14.24,,3031
Energy_Client_SK,ProduktLaunch26_Programmatic,IO_ProduktLaunch26_Display,LI_Native_Prospecting,20260917,Tablet,Košický kraj,4737,25,0.53%,11.27,,3420
Energy_Client_SK,ProduktLaunch26_Programmatic,IO_ProduktLaunch26_Video,LI_Video_Retarget,20261005,Connected TV,Košický kraj,5065,45,0.88%,17.59,0.0,3534
Energy_Client_SK,ProduktLaunch26_Programmatic,IO_ProduktLaunch26_Video,LI_Audio_Awareness,20260902,Connected TV,Bratislavský kraj,8144,17,0.2%,17.81,,6103
Energy_Client_SK,ProduktLaunch26_Programmatic,IO_ProduktLaunch26_Video,LI_Video_Prospecting,20260903,Tablet,Bratislavský kraj,10803,78,0.72%,39.69,,6326
Energy_Client_SK,ProduktLaunch26_Programmatic,IO_ProduktLaunch26_Video,LI_Video_Retarget,20260928,Connected TV,Ostatné SR,9702,89,0.91%,46.3,,6894
Energy_Client_SK,ProduktLaunch26_Programmatic,IO_ProduktLaunch26_Video,LI_Video_Prospecting,20260928,Mobile,Bratislavský kraj,13683,82,0.6%,57.99,,9217
Energy_Client_SK,ProduktLaunch26_Programmatic,IO_ProduktLaunch26_Video,LI_Video_Prospecting,20260905,Connected TV,Košický kraj,9285,54,0.58%,28.9,0.0,7102
Energy_Client_SK,ProduktLaunch26_Programmatic,IO_ProduktLaunch26_Display,LI_Display_Prospecting,20260829,Mobile,Bratislavský kraj,20582,62,0.3%,65.38,,15260
Energy_Client_SK,ProduktLaunch26_Programmatic,IO_ProduktLaunch26_Display,LI_Native_Prospecting,20261007,Mobile,Bratislavský kraj,9844,74,0.75%,32.12,,6023
Energy_Client_SK,ProduktLaunch26_Programmatic,IO_ProduktLaunch26_Display,LI_Native_Prospecting,20261005,Mobile,Košický kraj,9767,76,0.78%,35.34,0.0,6961
Energy_Client_SK,ProduktLaunch26_Programmatic,IO_ProduktLaunch26_Display,LI_Display_Prospecting,20260913,Desktop,Košický kraj,7236,42,0.58%,21.47,,4951
Energy_Client_SK,ProduktLaunch26_Programmatic,IO_ProduktLaunch26_Display,LI_Display_Retarget,20260821,Desktop,Bratislavský kraj,18889,64,0.34%,62.68,,11308
Energy_Client_SK,ProduktLaunch26_Programmatic,IO_ProduktLaunch26_Video,LI_Video_Prospecting,20260912,Connected TV,Ostatné SR,5760,46,0.8%,17.38,0.0,3894
Energy_Client_SK,ProduktLaunch26_Programmatic,IO_ProduktLaunch26_Video,LI_Audio_Awareness,20260911,Tablet,Košický kraj,2201,11,0.48%,5.39,,1376
Energy_Client_SK,ProduktLaunch26_Programmatic,IO_ProduktLaunch26_Video,LI_Audio_Awareness,20261019,Desktop,Bratislavský kraj,15380,41,0.27%,33.58,,11932
Energy_Client_SK,ProduktLaunch26_Programmatic,IO_ProduktLaunch26_Video,LI_Video_Prospecting,20260818,Mobile,Ostatné SR,18775,109,0.58%,74.76,,12200
Energy_Client_SK,ProduktLaunch26_Programmatic,IO_ProduktLaunch26_Video,LI_Audio_Awareness,20260925,Tablet,Ostatné SR,5709,21,0.36%,13.66,,3312
Energy_Client_SK,ProduktLaunch26_Programmatic,IO_ProduktLaunch26_Display,LI_Display_Prospecting,20260826,Connected TV,Bratislavský kraj,6694,19,0.29%,16.05,0.0,4663
Energy_Client_SK,ProduktLaunch26_Programmatic,IO_ProduktLaunch26_Display,LI_Native_Prospecting,20261007,Connected TV,Bratislavský kraj,9735,67,0.69%,36.37,0.0,7314
Energy_Client_SK,ProduktLaunch26_Programmatic,IO_ProduktLaunch26_Display,LI_Display_Retarget,20260829,Connected TV,Bratislavský kraj,10074,37,0.37%,35.03,0.0,5870
Energy_Client_SK,ProduktLaunch26_Programmatic,IO_ProduktLaunch26_Display,LI_Display_Retarget,20261020,Connected TV,Bratislavský kraj,5978,36,0.6%,16.98,,4533
Energy_Client_SK,ProduktLaunch26_Programmatic,IO_ProduktLaunch26_Display,LI_Native_Prospecting,20260825,Mobile,Ostatné SR,9255,46,0.5%,26.02,0.0,5630
Energy_Client_SK,ProduktLaunch26_Programmatic,IO_ProduktLaunch26_Display,LI_Display_Prospecting,20260816,Desktop,Ostatné SR,8611,30,0.35%,17.8,,6108
Energy_Client_SK,ProduktLaunch26_Programmatic,IO_ProduktLaunch26_Display,LI_Display_Prospecting,20261028,Connected TV,Ostatné SR,9086,35,0.39%,25.3,,5892
Energy_Client_SK,ProduktLaunch26_Programmatic,IO_ProduktLaunch26_Display,LI_Native_Prospecting,20260919,Mobile,Bratislavský kraj,16071,120,0.75%,59.96,,9588
Energy_Client_SK,ProduktLaunch26_Programmatic,IO_ProduktLaunch26_Video,LI_Audio_Awareness,20261014,Connected TV,Ostatné SR,5780,17,0.3%,10.23,,3973
Energy_Client_SK,ProduktLaunch26_Programmatic,IO_ProduktLaunch26_Display,LI_Display_Prospecting,20260914,Connected TV,Bratislavský kraj,9856,44,0.45%,23.48,,6933
Energy_Client_SK,ProduktLaunch26_Programmatic,IO_ProduktLaunch26_Display,LI_Native_Prospecting,20261017,Desktop,Košický kraj,8634,65,0.75%,30.42,0.0,5511
Energy_Client_SK,ProduktLaunch26_Programmatic,IO_ProduktLaunch26_Display,LI_Display_Retarget,20260914,Mobile,Košický kraj,9387,36,0.39%,25.0,,6433
Energy_Client_SK,ProduktLaunch26_Programmatic,IO_ProduktLaunch26_Video,LI_Video_Prospecting,20261016,Mobile,Ostatné SR,11312,69,0.61%,52.39,0.0,7953
Energy_Client_SK,ProduktLaunch26_Programmatic,IO_ProduktLaunch26_Video,LI_Video_Prospecting,20260905,Mobile,Ostatné SR,18449,132,0.72%,91.94,,13899
Energy_Client_SK,ProduktLaunch26_Programmatic,IO_ProduktLaunch26_Display,LI_Native_Prospecting,20261017,Connected TV,Košický kraj,3635,20,0.55%,10.68,,2324
Energy_Client_SK,ProduktLaunch26_Programmatic,IO_ProduktLaunch26_Video,LI_Video_Prospecting,20261024,Tablet,Ostatné SR,5148,28,0.55%,16.06,,3252
Energy_Client_SK,ProduktLaunch26_Programmatic,IO_ProduktLaunch26_Video,LI_Video_Prospecting,20260818,Desktop,Ostatné SR,9040,45,0.5%,31.76,,5515
Energy_Client_SK,ProduktLaunch26_Programmatic,IO_ProduktLaunch26_Video,LI_Audio_Awareness,20261018,Desktop,Bratislavský kraj,8238,29,0.35%,17.51,,4934
Energy_Client_SK,ProduktLaunch26_Programmatic,IO_ProduktLaunch26_Video,LI_Video_Retarget,20260928,Tablet,Košický kraj,6436,56,0.87%,28.24,,4454
Energy_Client_SK,ProduktLaunch26_Programmatic,IO_ProduktLaunch26_Video,LI_Video_Prospecting,20261006,Mobile,Košický kraj,12407,102,0.83%,60.17,,9696
Energy_Client_SK,ProduktLaunch26_Programmatic,IO_ProduktLaunch26_Video,LI_Audio_Awareness,20260907,Mobile,Ostatné SR,6347,23,0.36%,12.71,0.0,4170
Energy_Client_SK,ProduktLaunch26_Programmatic,IO_ProduktLaunch26_Video,LI_Video_Retarget,20261004,Connected TV,Ostatné SR,5995,39,0.65%,20.56,0.0,4617
Energy_Client_SK,ProduktLaunch26_Programmatic,IO_ProduktLaunch26_Display,LI_Native_Prospecting,20261025,Mobile,Ostatné SR,10065,51,0.5%,37.65,0.0,7648
Energy_Client_SK,ProduktLaunch26_Programmatic,IO_ProduktLaunch26_Display,LI_Display_Retarget,20260831,Tablet,Ostatné SR,2994,18,0.59%,6.56,,1965
Energy_Client_SK,ProduktLaunch26_Programmatic,IO_ProduktLaunch26_Video,LI_Video_Retarget,20260906,Tablet,Bratislavský kraj,9915,69,0.7%,32.26,,7351
Energy_Client_SK,ProduktLaunch26_Programmatic,IO_ProduktLaunch26_Video,LI_Audio_Awareness,20260825,Desktop,Košický kraj,9420,26,0.27%,23.79,0.0,5790
Energy_Client_SK,ProduktLaunch26_Programmatic,IO_ProduktLaunch26_Video,LI_Video_Prospecting,20261010,Mobile,Ostatné SR,15133,131,0.86%,45.94,,8617
Energy_Client_SK,ProduktLaunch26_Programmatic,IO_ProduktLaunch26_Display,LI_Native_Prospecting,20260903,Mobile,Košický kraj,4982,32,0.64%,11.21,,3965
Energy_Client_SK,ProduktLaunch26_Programmatic,IO_ProduktLaunch26_Display,LI_Native_Prospecting,20260920,Connected TV,Košický kraj,4912,27,0.54%,16.75,,3790
Energy_Client_SK,ProduktLaunch26_Programmatic,IO_ProduktLaunch26_Video,LI_Video_Prospecting,20261027,Mobile,Košický kraj,16261,91,0.56%,58.67,0.0,10356
Energy_Client_SK,ProduktLaunch26_Programmatic,IO_ProduktLaunch26_Display,LI_Native_Prospecting,20260825,Tablet,Košický kraj,3401,24,0.71%,11.38,,2697
Energy_Client_SK,ProduktLaunch26_Programmatic,IO_ProduktLaunch26_Display,LI_Display_Prospecting,20261013,Tablet,Košický kraj,3970,20,0.5%,7.89,0.0,2436
Energy_Client_SK,ProduktLaunch26_Programmatic,IO_ProduktLaunch26_Video,LI_Video_Retarget,20261027,Tablet,Košický kraj,5151,32,0.62%,25.11,,3329
Energy_Client_SK,ProduktLaunch26_Programmatic,IO_ProduktLaunch26_Video,LI_Video_Prospecting,20260916,Desktop,Košický kraj,13907,123,0.88%,58.96,,10932
Energy_Client_SK,ProduktLaunch26_Programmatic,IO_ProduktLaunch26_Display,LI_Display_Prospecting,20260829,Mobile,Ostatné SR,11328,37,0.33%,35.74,,7863
Energy_Client_SK,ProduktLaunch26_Programmatic,IO_ProduktLaunch26_Display,LI_Native_Prospecting,20260816,Connected TV,Bratislavský kraj,5874,39,0.67%,19.03,,3920
Energy_Client_SK,ProduktLaunch26_Programmatic,IO_ProduktLaunch26_Video,LI_Video_Prospecting,20260919,Desktop,Košický kraj,11185,71,0.63%,51.13,0.0,8392
Energy_Client_SK,ProduktLaunch26_Programmatic,IO_ProduktLaunch26_Video,LI_Video_Prospecting,20260901,Tablet,Ostatné SR,8686,78,0.89%,28.42,0.0,5771
Energy_Client_SK,ProduktLaunch26_Programmatic,IO_ProduktLaunch26_Display,LI_Native_Prospecting,20260910,Connected TV,Ostatné SR,4667,31,0.66%,12.79,0.0,2916
Energy_Client_SK,ProduktLaunch26_Programmatic,IO_ProduktLaunch26_Video,LI_Video_Prospecting,20261020,Tablet,Ostatné SR,8703,74,0.85%,31.98,,5764
Energy_Client_SK,ProduktLaunch26_Programmatic,IO_ProduktLaunch26_Display,LI_Display_Prospecting,20260820,Desktop,Košický kraj,11878,61,0.51%,28.84,0.0,8179
Energy_Client_SK,ProduktLaunch26_Programmatic,IO_ProduktLaunch26_Video,LI_Video_Retarget,20260820,Desktop,Košický kraj,13347,85,0.64%,60.66,,10551
Energy_Client_SK,ProduktLaunch26_Programmatic,IO_ProduktLaunch26_Video,LI_Video_Retarget,20260819,Mobile,Bratislavský kraj,21837,160,0.73%,73.45,,13173
Energy_Client_SK,ProduktLaunch26_Programmatic,IO_ProduktLaunch26_Video,LI_Video_Retarget,20260821,Desktop,Košický kraj,12042,90,0.75%,43.99,,6784
Energy_Client_SK,ProduktLaunch26_Programmatic,IO_ProduktLaunch26_Video,LI_Video_Retarget,20260921,Tablet,Košický kraj,3706,33,0.9%,17.34,,2358
Energy_Client_SK,ProduktLaunch26_Programmatic,IO_ProduktLaunch26_Display,LI_Native_Prospecting,20260902,Mobile,Ostatné SR,11175,80,0.72%,27.58,,7536
Energy_Client_SK,ProduktLaunch26_Programmatic,IO_ProduktLaunch26_Video,LI_Video_Retarget,20261003,Mobile,Bratislavský kraj,22459,237,1.05%,102.61,,15251
Energy_Client_SK,ProduktLaunch26_Programmatic,IO_ProduktLaunch26_Video,LI_Video_Prospecting,20261013,Connected TV,Košický kraj,9128,66,0.72%,30.92,0.0,7038
Energy_Client_SK,ProduktLaunch26_Programmatic,IO_ProduktLaunch26_Video,LI_Audio_Awareness,20260828,Connected TV,Košický kraj,4269,15,0.34%,7.05,0.0,2402
Energy_Client_SK,ProduktLaunch26_Programmatic,IO_ProduktLaunch26_Video,LI_Video_Prospecting,20260904,Desktop,Bratislavský kraj,15283,62,0.4%,71.42,,9443
Energy_Client_SK,ProduktLaunch26_Programmatic,IO_ProduktLaunch26_Display,LI_Display_Prospecting,20260922,Connected TV,Bratislavský kraj,9567,36,0.37%,19.9,0.0,7166
Energy_Client_SK,ProduktLaunch26_Programmatic,IO_ProduktLaunch26_Display,LI_Display_Prospecting,20260822,Tablet,Ostatné SR,4806,19,0.4%,13.85,,3363
Energy_Client_SK,ProduktLaunch26_Programmatic,IO_ProduktLaunch26_Video,LI_Video_Prospecting,20261002,Connected TV,Ostatné SR,6288,41,0.65%,22.03,,4581
Energy_Client_SK,ProduktLaunch26_Programmatic,IO_ProduktLaunch26_Display,LI_Display_Prospecting,20260829,Connected TV,Košický kraj,7678,32,0.42%,19.4,,5203
Energy_Client_SK,ProduktLaunch26_Programmatic,IO_ProduktLaunch26_Video,LI_Video_Prospecting,20260828,Desktop,Ostatné SR,13782,75,0.54%,48.39,0.0,10493
Energy_Client_SK,ProduktLaunch26_Programmatic,IO_ProduktLaunch26_Video,LI_Audio_Awareness,20261023,Mobile,Bratislavský kraj,15890,68,0.43%,30.9,0.0,11396
Energy_Client_SK,ProduktLaunch26_Programmatic,IO_ProduktLaunch26_Video,LI_Video_Retarget,20261012,Connected TV,Ostatné SR,5750,49,0.86%,28.72,,4149
Energy_Client_SK,ProduktLaunch26_Programmatic,IO_ProduktLaunch26_Video,LI_Video_Prospecting,20261021,Desktop,Bratislavský kraj,23453,132,0.56%,85.73,,18636
Energy_Client_SK,ProduktLaunch26_Programmatic,IO_ProduktLaunch26_Video,LI_Video_Retarget,20261028,Desktop,Košický kraj,12800,78,0.61%,58.43,0.0,10233
Energy_Client_SK,ProduktLaunch26_Programmatic,IO_ProduktLaunch26_Display,LI_Display_Retarget,20261016,Tablet,Bratislavský kraj,7016,41,0.59%,18.3,0.0,4869
Energy_Client_SK,ProduktLaunch26_Programmatic,IO_ProduktLaunch26_Video,LI_Video_Prospecting,20261014,Connected TV,Bratislavský kraj,14665,94,0.64%,59.79,,10204
Energy_Client_SK,ProduktLaunch26_Programmatic,IO_ProduktLaunch26_Display,LI_Display_Retarget,20260901,Tablet,Košický kraj,2568,14,0.53%,6.25,,1621
Energy_Client_SK,ProduktLaunch26_Programmatic,IO_ProduktLaunch26_Video,LI_Audio_Awareness,20260929,Tablet,Ostatné SR,4016,14,0.35%,7.69,,2944
Energy_Client_SK,ProduktLaunch26_Programmatic,IO_ProduktLaunch26_Display,LI_Display_Retarget,20260929,Connected TV,Bratislavský kraj,12394,37,0.3%,25.7,,7465
Energy_Client_SK,ProduktLaunch26_Programmatic,IO_ProduktLaunch26_Video,LI_Audio_Awareness,20261014,Mobile,Ostatné SR,12863,37,0.29%,24.67,,8190
Energy_Client_SK,ProduktLaunch26_Programmatic,IO_ProduktLaunch26_Video,LI_Video_Prospecting,20261017,Tablet,Košický kraj,4316,31,0.72%,21.56,0.0,2423
Energy_Client_SK,ProduktLaunch26_Programmatic,IO_ProduktLaunch26_Video,LI_Audio_Awareness,20260922,Connected TV,Košický kraj,6337,26,0.41%,12.18,,4027
Energy_Client_SK,ProduktLaunch26_Programmatic,IO_ProduktLaunch26_Video,LI_Video_Prospecting,20261022,Tablet,Košický kraj,5202,38,0.73%,23.23,0.0,4139
Energy_Client_SK,ProduktLaunch26_Programmatic,IO_ProduktLaunch26_Display,LI_Display_Retarget,20260830,Desktop,Košický kraj,9329,33,0.35%,28.21,0.0,6226
Energy_Client_SK,ProduktLaunch26_Programmatic,IO_ProduktLaunch26_Video,LI_Video_Prospecting,20261015,Desktop,Košický kraj,14573,108,0.74%,64.05,,10536
Energy_Client_SK,ProduktLaunch26_Programmatic,IO_ProduktLaunch26_Display,LI_Display_Retarget,20260821,Mobile,Ostatné SR,12888,59,0.46%,36.36,,8278
Energy_Client_SK,ProduktLaunch26_Programmatic,IO_ProduktLaunch26_Video,LI_Video_Prospecting,20260916,Desktop,Bratislavský kraj,15204,118,0.78%,56.03,0.0,8665
Energy_Client_SK,ProduktLaunch26_Programmatic,IO_ProduktLaunch26_Video,LI_Video_Prospecting,20260905,Mobile,Bratislavský kraj,16980,74,0.44%,79.45,,12977
Energy_Client_SK,ProduktLaunch26_Programmatic,IO_ProduktLaunch26_Video,LI_Audio_Awareness,20261011,Desktop,Bratislavský kraj,12540,48,0.38%,21.46,,8036
Energy_Client_SK,ProduktLaunch26_Programmatic,IO_ProduktLaunch26_Display,LI_Native_Prospecting,20260926,Mobile,Košický kraj,6423,34,0.53%,19.66,0.0,4403
Energy_Client_SK,ProduktLaunch26_Programmatic,IO_ProduktLaunch26_Display,LI_Display_Retarget,20261015,Desktop,Košický kraj,6947,26,0.37%,17.94,,5103
Energy_Client_SK,ProduktLaunch26_Programmatic,IO_ProduktLaunch26_Video,LI_Audio_Awareness,20260901,Mobile,Ostatné SR,11821,32,0.27%,19.46,,9200
Energy_Client_SK,ProduktLaunch26_Programmatic,IO_ProduktLaunch26_Video,LI_Video_Retarget,20260925,Mobile,Košický kraj,9957,84,0.84%,46.99,,6683
Energy_Client_SK,ProduktLaunch26_Programmatic,IO_ProduktLaunch26_Video,LI_Video_Prospecting,20260909,Tablet,Ostatné SR,8377,46,0.55%,29.88,0.0,5049
Energy_Client_SK,ProduktLaunch26_Programmatic,IO_ProduktLaunch26_Video,LI_Video_Prospecting,20260911,Tablet,Bratislavský kraj,9268,76,0.83%,31.69,0.0,5582
Energy_Client_SK,ProduktLaunch26_Programmatic,IO_ProduktLaunch26_Video,LI_Video_Prospecting,20261016,Tablet,Košický kraj,4651,31,0.66%,14.7,0.0,2841
Energy_Client_SK,ProduktLaunch26_Programmatic,IO_ProduktLaunch26_Video,LI_Video_Prospecting,20260915,Desktop,Bratislavský kraj,13967,56,0.4%,51.34,,10100
Energy_Client_SK,ProduktLaunch26_Programmatic,IO_ProduktLaunch26_Video,LI_Video_Retarget,20260901,Desktop,Košický kraj,6932,44,0.64%,29.58,0.0,4282
Energy_Client_SK,ProduktLaunch26_Programmatic,IO_ProduktLaunch26_Display,LI_Display_Retarget,20260930,Connected TV,Bratislavský kraj,10932,67,0.62%,33.23,,8622
Energy_Client_SK,ProduktLaunch26_Programmatic,IO_ProduktLaunch26_Video,LI_Video_Prospecting,20261020,Tablet,Bratislavský kraj,10313,84,0.81%,48.97,,8165
Energy_Client_SK,ProduktLaunch26_Programmatic,IO_ProduktLaunch26_Display,LI_Display_Prospecting,20261026,Desktop,Ostatné SR,10843,47,0.43%,22.04,,6675
Energy_Client_SK,ProduktLaunch26_Programmatic,IO_ProduktLaunch26_Display,LI_Display_Prospecting,20260927,Tablet,Bratislavský kraj,4515,17,0.38%,10.98,,3119
Energy_Client_SK,ProduktLaunch26_Programmatic,IO_ProduktLaunch26_Display,LI_Display_Prospecting,20260924,Desktop,Košický kraj,8136,29,0.36%,23.73,0.0,5925
Energy_Client_SK,ProduktLaunch26_Programmatic,IO_ProduktLaunch26_Video,LI_Video_Prospecting,20261026,Connected TV,Bratislavský kraj,15052,100,0.66%,63.17,,11536
Energy_Client_SK,ProduktLaunch26_Programmatic,IO_ProduktLaunch26_Display,LI_Display_Retarget,20260919,Connected TV,Ostatné SR,9006,57,0.63%,30.81,,6483
Energy_Client_SK,ProduktLaunch26_Programmatic,IO_ProduktLaunch26_Video,LI_Video_Retarget,20261018,Tablet,Košický kraj,6031,40,0.66%,23.42,0.0,3482
Energy_Client_SK,ProduktLaunch26_Programmatic,IO_ProduktLaunch26_Display,LI_Display_Prospecting,20260914,Desktop,Ostatné SR,11548,55,0.47%,25.63,0.0,8171
Energy_Client_SK,ProduktLaunch26_Programmatic,IO_ProduktLaunch26_Video,LI_Audio_Awareness,20261026,Tablet,Košický kraj,3397,16,0.47%,7.27,,2641
Energy_Client_SK,ProduktLaunch26_Programmatic,IO_ProduktLaunch26_Video,LI_Audio_Awareness,20261007,Connected TV,Bratislavský kraj,10335,47,0.45%,24.1,,7905
Energy_Client_SK,ProduktLaunch26_Programmatic,IO_ProduktLaunch26_Display,LI_Display_Retarget,20260823,Connected TV,Košický kraj,4668,28,0.59%,14.46,0.0,3060
Energy_Client_SK,ProduktLaunch26_Programmatic,IO_ProduktLaunch26_Display,LI_Native_Prospecting,20261024,Connected TV,Bratislavský kraj,8991,58,0.65%,23.15,0.0,6051
Energy_Client_SK,ProduktLaunch26_Programmatic,IO_ProduktLaunch26_Video,LI_Audio_Awareness,20260816,Desktop,Bratislavský kraj,13291,44,0.33%,24.49,,8709
Energy_Client_SK,ProduktLaunch26_Programmatic,IO_ProduktLaunch26_Video,LI_Audio_Awareness,20261009,Mobile,Ostatné SR,7729,25,0.33%,14.95,,4771
Energy_Client_SK,ProduktLaunch26_Programmatic,IO_ProduktLaunch26_Video,LI_Audio_Awareness,20260905,Mobile,Bratislavský kraj,16545,74,0.45%,30.9,0.0,12123
Energy_Client_SK,ProduktLaunch26_Programmatic,IO_ProduktLaunch26_Video,LI_Video_Retarget,20260916,Tablet,Košický kraj,5411,58,1.08%,22.07,0.0,4239
Energy_Client_SK,ProduktLaunch26_Programmatic,IO_ProduktLaunch26_Video,LI_Video_Retarget,20261018,Desktop,Bratislavský kraj,17089,146,0.85%,72.03,,13113
Energy_Client_SK,ProduktLaunch26_Programmatic,IO_ProduktLaunch26_Display,LI_Display_Prospecting,20260827,Desktop,Košický kraj,10626,59,0.56%,25.7,0.0,7967
Energy_Client_SK,ProduktLaunch26_Programmatic,IO_ProduktLaunch26_Display,LI_Native_Prospecting,20261009,Connected TV,Košický kraj,4483,20,0.45%,12.72,0.0,2568
Energy_Client_SK,ProduktLaunch26_Programmatic,IO_ProduktLaunch26_Video,LI_Audio_Awareness,20261002,Mobile,Košický kraj,10071,35,0.35%,23.13,,6782
Energy_Client_SK,ProduktLaunch26_Programmatic,IO_ProduktLaunch26_Video,LI_Audio_Awareness,20261027,Tablet,Ostatné SR,5952,28,0.46%,8.95,0.0,4471
Energy_Client_SK,ProduktLaunch26_Programmatic,IO_ProduktLaunch26_Video,LI_Audio_Awareness,20260916,Mobile,Košický kraj,6738,21,0.31%,16.87,,4514
Energy_Client_SK,ProduktLaunch26_Programmatic,IO_ProduktLaunch26_Display,LI_Display_Prospecting,20261015,Tablet,Košický kraj,5202,25,0.49%,16.34,,3948
Energy_Client_SK,ProduktLaunch26_Programmatic,IO_ProduktLaunch26_Video,LI_Video_Retarget,20260929,Desktop,Ostatné SR,14056,152,1.08%,61.12,,10181
Energy_Client_SK,ProduktLaunch26_Programmatic,IO_ProduktLaunch26_Display,LI_Display_Prospecting,20260920,Mobile,Bratislavský kraj,22812,66,0.29%,49.3,,14705
Energy_Client_SK,ProduktLaunch26_Programmatic,IO_ProduktLaunch26_Display,LI_Display_Prospecting,20260921,Desktop,Ostatné SR,9234,27,0.3%,28.61,,6711
Energy_Client_SK,ProduktLaunch26_Programmatic,IO_ProduktLaunch26_Display,LI_Display_Prospecting,20261016,Tablet,Ostatné SR,6638,27,0.41%,17.88,,4938
Energy_Client_SK,ProduktLaunch26_Programmatic,IO_ProduktLaunch26_Video,LI_Audio_Awareness,20260827,Tablet,Bratislavský kraj,8312,38,0.45%,17.63,,6288
Energy_Client_SK,ProduktLaunch26_Programmatic,IO_ProduktLaunch26_Display,LI_Display_Retarget,20260924,Connected TV,Košický kraj,5859,35,0.6%,11.94,,4609
Energy_Client_SK,ProduktLaunch26_Programmatic,IO_ProduktLaunch26_Video,LI_Video_Prospecting,20260912,Connected TV,Bratislavský kraj,15853,130,0.82%,69.49,,9423
Energy_Client_SK,ProduktLaunch26_Programmatic,IO_ProduktLaunch26_Video,LI_Audio_Awareness,20260908,Tablet,Ostatné SR,4803,17,0.36%,9.54,,3350
Energy_Client_SK,ProduktLaunch26_Programmatic,IO_ProduktLaunch26_Video,LI_Video_Prospecting,20260815,Mobile,Ostatné SR,14566,70,0.48%,71.92,0.0,11201
Energy_Client_SK,ProduktLaunch26_Programmatic,IO_ProduktLaunch26_Display,LI_Display_Retarget,20261021,Desktop,Ostatné SR,10540,54,0.51%,22.91,,6711
Energy_Client_SK,ProduktLaunch26_Programmatic,IO_ProduktLaunch26_Video,LI_Audio_Awareness,20261003,Mobile,Košický kraj,9148,46,0.5%,19.36,,5994
Energy_Client_SK,ProduktLaunch26_Programmatic,IO_ProduktLaunch26_Video,LI_Video_Retarget,20260917,Connected TV,Ostatné SR,7824,80,1.02%,40.59,,5262
Energy_Client_SK,ProduktLaunch26_Programmatic,IO_ProduktLaunch26_Display,LI_Native_Prospecting,20261017,Tablet,Ostatné SR,5823,45,0.77%,14.64,0.0,3408
Energy_Client_SK,ProduktLaunch26_Programmatic,IO_ProduktLaunch26_Video,LI_Video_Prospecting,20260902,Mobile,Ostatné SR,15717,125,0.79%,66.35,,9268
Energy_Client_SK,ProduktLaunch26_Programmatic,IO_ProduktLaunch26_Video,LI_Video_Retarget,20260916,Mobile,Košický kraj,13422,131,0.97%,59.24,,7586
Energy_Client_SK,ProduktLaunch26_Programmatic,IO_ProduktLaunch26_Video,LI_Audio_Awareness,20260905,Desktop,Košický kraj,5551,16,0.3%,12.7,,4236
Energy_Client_SK,ProduktLaunch26_Programmatic,IO_ProduktLaunch26_Display,LI_Native_Prospecting,20260819,Connected TV,Bratislavský kraj,7209,34,0.47%,18.44,0.0,5093
Energy_Client_SK,ProduktLaunch26_Programmatic,IO_ProduktLaunch26_Display,LI_Display_Retarget,20261013,Tablet,Bratislavský kraj,7637,43,0.57%,21.94,0.0,4719
Energy_Client_SK,ProduktLaunch26_Programmatic,IO_ProduktLaunch26_Display,LI_Native_Prospecting,20260902,Mobile,Košický kraj,10151,54,0.53%,22.93,,5673
Energy_Client_SK,ProduktLaunch26_Programmatic,IO_ProduktLaunch26_Video,LI_Audio_Awareness,20261010,Tablet,Košický kraj,4507,20,0.44%,8.94,0.0,2648
Energy_Client_SK,ProduktLaunch26_Programmatic,IO_ProduktLaunch26_Display,LI_Display_Retarget,20261001,Connected TV,Bratislavský kraj,7093,49,0.69%,15.69,0.0,4028
Energy_Client_SK,ProduktLaunch26_Programmatic,IO_ProduktLaunch26_Display,LI_Display_Prospecting,20260911,Desktop,Košický kraj,5734,20,0.34%,16.1,,4414
Energy_Client_SK,ProduktLaunch26_Programmatic,IO_ProduktLaunch26_Video,LI_Video_Prospecting,20260928,Connected TV,Ostatné SR,10285,44,0.43%,38.12,0.0,7429
Energy_Client_SK,ProduktLaunch26_Programmatic,IO_ProduktLaunch26_Video,LI_Video_Retarget,20261013,Desktop,Košický kraj,7350,73,1.0%,34.57,,4536
Energy_Client_SK,ProduktLaunch26_Programmatic,IO_ProduktLaunch26_Display,LI_Native_Prospecting,20261013,Tablet,Košický kraj,3993,18,0.44%,12.01,,2841
Energy_Client_SK,ProduktLaunch26_Programmatic,IO_ProduktLaunch26_Display,LI_Display_Prospecting,20260819,Connected TV,Bratislavský kraj,12853,39,0.31%,29.06,0.0,7118
Energy_Client_SK,ProduktLaunch26_Programmatic,IO_ProduktLaunch26_Display,LI_Native_Prospecting,20260825,Mobile,Bratislavský kraj,14204,66,0.47%,41.06,,9139
Energy_Client_SK,ProduktLaunch26_Programmatic,IO_ProduktLaunch26_Display,LI_Display_Prospecting,20260930,Tablet,Bratislavský kraj,8590,25,0.29%,21.54,0.0,5886
Energy_Client_SK,ProduktLaunch26_Programmatic,IO_ProduktLaunch26_Video,LI_Audio_Awareness,20261014,Desktop,Košický kraj,8932,40,0.45%,18.85,0.0,6904
Energy_Client_SK,ProduktLaunch26_Programmatic,IO_ProduktLaunch26_Display,LI_Display_Prospecting,20260815,Tablet,Košický kraj,4595,14,0.3%,12.33,,2620
Energy_Client_SK,ProduktLaunch26_Programmatic,IO_ProduktLaunch26_Video,LI_Video_Prospecting,20260910,Mobile,Ostatné SR,18723,152,0.81%,81.6,0.0,11737
Energy_Client_SK,ProduktLaunch26_Programmatic,IO_ProduktLaunch26_Display,LI_Display_Retarget,20261012,Tablet,Košický kraj,3689,17,0.46%,11.0,,2536
Energy_Client_SK,ProduktLaunch26_Programmatic,IO_ProduktLaunch26_Video,LI_Video_Prospecting,20260829,Connected TV,Ostatné SR,10090,62,0.62%,36.11,0.0,7336
Energy_Client_SK,ProduktLaunch26_Programmatic,IO_ProduktLaunch26_Display,LI_Display_Prospecting,20260918,Tablet,Bratislavský kraj,8539,43,0.5%,21.45,,5777
Energy_Client_SK,ProduktLaunch26_Programmatic,IO_ProduktLaunch26_Display,LI_Native_Prospecting,20261012,Tablet,Ostatné SR,2670,19,0.72%,9.84,,1503
Energy_Client_SK,ProduktLaunch26_Programmatic,IO_ProduktLaunch26_Video,LI_Video_Retarget,20260902,Mobile,Bratislavský kraj,20078,161,0.8%,68.1,,15813
Energy_Client_SK,ProduktLaunch26_Programmatic,IO_ProduktLaunch26_Video,LI_Video_Retarget,20261020,Connected TV,Ostatné SR,10909,65,0.6%,54.23,,6095
Energy_Client_SK,ProduktLaunch26_Programmatic,IO_ProduktLaunch26_Display,LI_Display_Prospecting,20261018,Connected TV,Ostatné SR,5762,31,0.54%,12.97,0.0,3520
Energy_Client_SK,ProduktLaunch26_Programmatic,IO_ProduktLaunch26_Video,LI_Audio_Awareness,20261017,Connected TV,Košický kraj,3815,14,0.38%,8.54,,2103
Energy_Client_SK,ProduktLaunch26_Programmatic,IO_ProduktLaunch26_Display,LI_Display_Retarget,20260827,Tablet,Ostatné SR,6896,23,0.34%,20.86,,3825
Energy_Client_SK,ProduktLaunch26_Programmatic,IO_ProduktLaunch26_Video,LI_Audio_Awareness,20260906,Tablet,Košický kraj,2257,10,0.44%,3.7,,1616
Energy_Client_SK,ProduktLaunch26_Programmatic,IO_ProduktLaunch26_Display,LI_Display_Prospecting,20261015,Tablet,Bratislavský kraj,8338,26,0.31%,23.72,,4589
Energy_Client_SK,ProduktLaunch26_Programmatic,IO_ProduktLaunch26_Video,LI_Video_Retarget,20261024,Tablet,Bratislavský kraj,7232,74,1.02%,29.75,,4971
Energy_Client_SK,ProduktLaunch26_Programmatic,IO_ProduktLaunch26_Display,LI_Native_Prospecting,20261021,Desktop,Ostatné SR,10222,80,0.78%,27.51,,7354
Energy_Client_SK,ProduktLaunch26_Programmatic,IO_ProduktLaunch26_Display,LI_Display_Prospecting,20261024,Connected TV,Ostatné SR,8852,50,0.57%,18.98,,5389
Energy_Client_SK,ProduktLaunch26_Programmatic,IO_ProduktLaunch26_Video,LI_Audio_Awareness,20260907,Mobile,Košický kraj,8149,19,0.24%,20.76,0.0,5758
Energy_Client_SK,ProduktLaunch26_Programmatic,IO_ProduktLaunch26_Display,LI_Display_Prospecting,20260909,Connected TV,Košický kraj,7714,21,0.27%,16.11,0.0,5782
Energy_Client_SK,ProduktLaunch26_Programmatic,IO_ProduktLaunch26_Video,LI_Video_Retarget,20260825,Desktop,Košický kraj,7778,66,0.85%,41.0,0.0,5068
Energy_Client_SK,ProduktLaunch26_Programmatic,IO_ProduktLaunch26_Video,LI_Video_Retarget,20261007,Connected TV,Bratislavský kraj,6854,47,0.69%,28.46,0.0,4795
Energy_Client_SK,ProduktLaunch26_Programmatic,IO_ProduktLaunch26_Video,LI_Video_Prospecting,20261001,Connected TV,Ostatné SR,9104,56,0.62%,31.48,0.0,5264
Energy_Client_SK,ProduktLaunch26_Programmatic,IO_ProduktLaunch26_Display,LI_Native_Prospecting,20260921,Tablet,Košický kraj,4656,36,0.77%,12.23,,3385
Energy_Client_SK,ProduktLaunch26_Programmatic,IO_ProduktLaunch26_Video,LI_Audio_Awareness,20260827,Connected TV,Bratislavský kraj,7424,29,0.39%,11.43,,5194
Energy_Client_SK,ProduktLaunch26_Programmatic,IO_ProduktLaunch26_Display,LI_Native_Prospecting,20260821,Mobile,Ostatné SR,10698,73,0.68%,34.15,0.0,7717
Energy_Client_SK,ProduktLaunch26_Programmatic,IO_ProduktLaunch26_Display,LI_Display_Retarget,20260822,Connected TV,Košický kraj,3366,21,0.62%,7.78,,1902
Energy_Client_SK,ProduktLaunch26_Programmatic,IO_ProduktLaunch26_Display,LI_Display_Retarget,20261010,Desktop,Košický kraj,10668,34,0.32%,22.42,0.0,6455
Energy_Client_SK,ProduktLaunch26_Programmatic,IO_ProduktLaunch26_Display,LI_Native_Prospecting,20260920,Desktop,Bratislavský kraj,8485,66,0.77%,29.9,,6392
Energy_Client_SK,ProduktLaunch26_Programmatic,IO_ProduktLaunch26_Video,LI_Audio_Awareness,20260909,Connected TV,Ostatné SR,5316,22,0.42%,13.46,,3369
Energy_Client_SK,ProduktLaunch26_Programmatic,IO_ProduktLaunch26_Display,LI_Native_Prospecting,20260926,Desktop,Bratislavský kraj,7059,38,0.54%,17.86,,4561
Energy_Client_SK,ProduktLaunch26_Programmatic,IO_ProduktLaunch26_Display,LI_Native_Prospecting,20260912,Mobile,Bratislavský kraj,9968,63,0.64%,27.04,0.0,6395
Energy_Client_SK,ProduktLaunch26_Programmatic,IO_ProduktLaunch26_Display,LI_Display_Prospecting,20261028,Mobile,Košický kraj,14350,59,0.41%,31.71,,9724
Energy_Client_SK,ProduktLaunch26_Programmatic,IO_ProduktLaunch26_Display,LI_Native_Prospecting,20261016,Desktop,Košický kraj,8838,58,0.66%,21.18,,5112
Energy_Client_SK,ProduktLaunch26_Programmatic,IO_ProduktLaunch26_Video,LI_Video_Prospecting,20261023,Mobile,Košický kraj,16624,132,0.79%,53.72,0.0,12600
Energy_Client_SK,ProduktLaunch26_Programmatic,IO_ProduktLaunch26_Video,LI_Video_Prospecting,20261027,Connected TV,Ostatné SR,10044,57,0.57%,46.68,,6972
Energy_Client_SK,ProduktLaunch26_Programmatic,IO_ProduktLaunch26_Video,LI_Video_Prospecting,20261024,Desktop,Ostatné SR,15213,81,0.53%,57.47,0.0,10239
Energy_Client_SK,ProduktLaunch26_Programmatic,IO_ProduktLaunch26_Display,LI_Display_Retarget,20261016,Mobile,Košický kraj,6354,31,0.48%,20.81,0.0,4861
Energy_Client_SK,ProduktLaunch26_Programmatic,IO_ProduktLaunch26_Video,LI_Video_Retarget,20260924,Tablet,Ostatné SR,3950,43,1.09%,13.74,,2408
Energy_Client_SK,ProduktLaunch26_Programmatic,IO_ProduktLaunch26_Video,LI_Video_Retarget,20260926,Mobile,Ostatné SR,13382,118,0.88%,48.28,,7796
Energy_Client_SK,ProduktLaunch26_Programmatic,IO_ProduktLaunch26_Display,LI_Display_Retarget,20261014,Desktop,Košický kraj,7842,44,0.57%,21.78,0.0,6159
Energy_Client_SK,ProduktLaunch26_Programmatic,IO_ProduktLaunch26_Video,LI_Video_Prospecting,20261012,Tablet,Bratislavský kraj,8538,61,0.71%,42.48,,5561
Energy_Client_SK,ProduktLaunch26_Programmatic,IO_ProduktLaunch26_Display,LI_Display_Prospecting,20260830,Tablet,Košický kraj,5271,21,0.41%,13.8,,3998
Energy_Client_SK,ProduktLaunch26_Programmatic,IO_ProduktLaunch26_Video,LI_Video_Prospecting,20260903,Tablet,Košický kraj,3616,32,0.88%,15.52,,2080
Energy_Client_SK,ProduktLaunch26_Programmatic,IO_ProduktLaunch26_Display,LI_Native_Prospecting,20261008,Connected TV,Košický kraj,3227,15,0.47%,8.64,,2423
Energy_Client_SK,ProduktLaunch26_Programmatic,IO_ProduktLaunch26_Display,LI_Display_Prospecting,20260822,Mobile,Bratislavský kraj,11216,40,0.36%,27.33,,8783
Energy_Client_SK,ProduktLaunch26_Programmatic,IO_ProduktLaunch26_Video,LI_Video_Prospecting,20260929,Mobile,Bratislavský kraj,22625,158,0.7%,89.88,,14856
Energy_Client_SK,ProduktLaunch26_Programmatic,IO_ProduktLaunch26_Display,LI_Display_Prospecting,20261028,Connected TV,Košický kraj,4824,26,0.54%,10.36,,3273
Energy_Client_SK,ProduktLaunch26_Programmatic,IO_ProduktLaunch26_Video,LI_Audio_Awareness,20260829,Tablet,Košický kraj,4305,9,0.21%,6.65,0.0,2629
Energy_Client_SK,ProduktLaunch26_Programmatic,IO_ProduktLaunch26_Display,LI_Display_Prospecting,20261023,Mobile,Bratislavský kraj,18072,59,0.33%,33.75,0.0,14250
Energy_Client_SK,ProduktLaunch26_Programmatic,IO_ProduktLaunch26_Display,LI_Display_Retarget,20261018,Connected TV,Ostatné SR,5903,37,0.62%,16.75,,4669
Energy_Client_SK,ProduktLaunch26_Programmatic,IO_ProduktLaunch26_Video,LI_Video_Prospecting,20260904,Mobile,Košický kraj,10168,56,0.55%,33.27,0.0,7385
Energy_Client_SK,ProduktLaunch26_Programmatic,IO_ProduktLaunch26_Video,LI_Video_Retarget,20260818,Desktop,Ostatné SR,14380,98,0.68%,48.55,,10673
Energy_Client_SK,ProduktLaunch26_Programmatic,IO_ProduktLaunch26_Display,LI_Native_Prospecting,20260930,Tablet,Ostatné SR,2832,22,0.78%,10.61,,2151
Energy_Client_SK,ProduktLaunch26_Programmatic,IO_ProduktLaunch26_Video,LI_Audio_Awareness,20261018,Connected TV,Ostatné SR,8171,24,0.29%,18.66,,5801
Energy_Client_SK,ProduktLaunch26_Programmatic,IO_ProduktLaunch26_Video,LI_Audio_Awareness,20260901,Tablet,Košický kraj,4705,19,0.4%,9.76,0.0,3054
Energy_Client_SK,ProduktLaunch26_Programmatic,IO_ProduktLaunch26_Video,LI_Video_Retarget,20260911,Connected TV,Ostatné SR,6799,53,0.78%,35.72,,4994
Energy_Client_SK,ProduktLaunch26_Programmatic,IO_ProduktLaunch26_Video,LI_Audio_Awareness,20261010,Mobile,Ostatné SR,7059,27,0.39%,11.38,,4671
Energy_Client_SK,ProduktLaunch26_Programmatic,IO_ProduktLaunch26_Display,LI_Display_Prospecting,20260925,Tablet,Ostatné SR,7306,40,0.54%,22.8,,4278
Energy_Client_SK,ProduktLaunch26_Programmatic,IO_ProduktLaunch26_Display,LI_Native_Prospecting,20261014,Mobile,Bratislavský kraj,13120,92,0.7%,28.95,,7652
Energy_Client_SK,ProduktLaunch26_Programmatic,IO_ProduktLaunch26_Display,LI_Display_Prospecting,20261022,Mobile,Ostatné SR,10595,44,0.41%,32.01,,7573
Energy_Client_SK,ProduktLaunch26_Programmatic,IO_ProduktLaunch26_Video,LI_Video_Prospecting,20261013,Connected TV,Ostatné SR,5896,45,0.76%,18.23,,4649
Energy_Client_SK,ProduktLaunch26_Programmatic,IO_ProduktLaunch26_Display,LI_Display_Retarget,20260921,Desktop,Ostatné SR,9936,63,0.64%,23.8,,6057
Energy_Client_SK,ProduktLaunch26_Programmatic,IO_ProduktLaunch26_Display,LI_Display_Prospecting,20261022,Desktop,Bratislavský kraj,14466,63,0.44%,28.29,0.0,10285
Energy_Client_SK,ProduktLaunch26_Programmatic,IO_ProduktLaunch26_Display,LI_Display_Prospecting,20261027,Desktop,Ostatné SR,10542,27,0.26%,31.93,0.0,7881
Energy_Client_SK,ProduktLaunch26_Programmatic,IO_ProduktLaunch26_Display,LI_Native_Prospecting,20260829,Desktop,Košický kraj,4172,20,0.48%,11.7,0.0,3054
Energy_Client_SK,ProduktLaunch26_Programmatic,IO_ProduktLaunch26_Display,LI_Display_Prospecting,20261016,Tablet,Bratislavský kraj,9656,53,0.55%,17.99,,5432
Energy_Client_SK,ProduktLaunch26_Programmatic,IO_ProduktLaunch26_Video,LI_Video_Prospecting,20261002,Desktop,Ostatné SR,17603,109,0.62%,55.18,,13550
Energy_Client_SK,ProduktLaunch26_Programmatic,IO_ProduktLaunch26_Display,LI_Display_Retarget,20260815,Mobile,Ostatné SR,9216,40,0.44%,30.97,,5488
Energy_Client_SK,ProduktLaunch26_Programmatic,IO_ProduktLaunch26_Display,LI_Native_Prospecting,20261011,Mobile,Ostatné SR,9628,68,0.7%,32.92,0.0,5866
Energy_Client_SK,ProduktLaunch26_Programmatic,IO_ProduktLaunch26_Display,LI_Native_Prospecting,20261009,Mobile,Košický kraj,9822,65,0.66%,26.5,,5529
Energy_Client_SK,ProduktLaunch26_Programmatic,IO_ProduktLaunch26_Video,LI_Audio_Awareness,20261005,Connected TV,Bratislavský kraj,5734,21,0.37%,12.77,0.0,3915
Energy_Client_SK,ProduktLaunch26_Programmatic,IO_ProduktLaunch26_Display,LI_Native_Prospecting,20260928,Connected TV,Bratislavský kraj,7182,45,0.62%,23.44,,4752
Energy_Client_SK,ProduktLaunch26_Programmatic,IO_ProduktLaunch26_Video,LI_Video_Retarget,20260919,Connected TV,Ostatné SR,6542,47,0.72%,34.59,0.0,4803
Energy_Client_SK,ProduktLaunch26_Programmatic,IO_ProduktLaunch26_Display,LI_Native_Prospecting,20260816,Tablet,Ostatné SR,2874,20,0.7%,7.35,,2115
Energy_Client_SK,ProduktLaunch26_Programmatic,IO_ProduktLaunch26_Video,LI_Audio_Awareness,20260817,Desktop,Ostatné SR,9666,27,0.27%,19.42,0.0,7449
Energy_Client_SK,ProduktLaunch26_Programmatic,IO_ProduktLaunch26_Video,LI_Audio_Awareness,20260820,Connected TV,Bratislavský kraj,8924,21,0.23%,22.22,,6544
Energy_Client_SK,ProduktLaunch26_Programmatic,IO_ProduktLaunch26_Display,LI_Native_Prospecting,20260818,Connected TV,Bratislavský kraj,6838,52,0.76%,17.43,0.0,5118
Energy_Client_SK,ProduktLaunch26_Programmatic,IO_ProduktLaunch26_Display,LI_Native_Prospecting,20260904,Connected TV,Ostatné SR,7802,35,0.45%,18.62,0.0,4599
Energy_Client_SK,ProduktLaunch26_Programmatic,IO_ProduktLaunch26_Video,LI_Video_Retarget,20260915,Mobile,Košický kraj,15519,125,0.81%,78.36,0.0,11699
Energy_Client_SK,ProduktLaunch26_Programmatic,IO_ProduktLaunch26_Display,LI_Display_Prospecting,20260829,Connected TV,Bratislavský kraj,11107,34,0.31%,28.56,,8672
Energy_Client_SK,ProduktLaunch26_Programmatic,IO_ProduktLaunch26_Video,LI_Video_Prospecting,20260824,Mobile,Bratislavský kraj,22724,181,0.79%,75.03,0.0,13573
Energy_Client_SK,ProduktLaunch26_Programmatic,IO_ProduktLaunch26_Video,LI_Video_Prospecting,20260905,Tablet,Ostatné SR,6084,46,0.75%,29.0,,3480
Energy_Client_SK,ProduktLaunch26_Programmatic,IO_ProduktLaunch26_Video,LI_Audio_Awareness,20261022,Connected TV,Bratislavský kraj,11252,25,0.23%,22.51,,7677
Energy_Client_SK,ProduktLaunch26_Programmatic,IO_ProduktLaunch26_Display,LI_Native_Prospecting,20261004,Tablet,Košický kraj,3214,19,0.58%,9.84,,2161
Energy_Client_SK,ProduktLaunch26_Programmatic,IO_ProduktLaunch26_Video,LI_Video_Retarget,20260921,Mobile,Ostatné SR,18635,158,0.85%,73.57,,13844
Energy_Client_SK,ProduktLaunch26_Programmatic,IO_ProduktLaunch26_Video,LI_Video_Prospecting,20261026,Desktop,Bratislavský kraj,18718,111,0.59%,66.95,0.0,11470
Energy_Client_SK,ProduktLaunch26_Programmatic,IO_ProduktLaunch26_Video,LI_Audio_Awareness,20260820,Tablet,Ostatné SR,4623,17,0.37%,11.97,,2871
Energy_Client_SK,ProduktLaunch26_Programmatic,IO_ProduktLaunch26_Display,LI_Display_Retarget,20260917,Mobile,Ostatné SR,9358,54,0.57%,24.68,,6570
Energy_Client_SK,ProduktLaunch26_Programmatic,IO_ProduktLaunch26_Video,LI_Audio_Awareness,20260929,Desktop,Bratislavský kraj,8353,20,0.24%,21.37,,5502
Energy_Client_SK,ProduktLaunch26_Programmatic,IO_ProduktLaunch26_Video,LI_Video_Prospecting,20261008,Tablet,Košický kraj,6642,36,0.54%,27.16,0.0,4603
Energy_Client_SK,ProduktLaunch26_Programmatic,IO_ProduktLaunch26_Video,LI_Video_Prospecting,20261023,Connected TV,Košický kraj,9378,76,0.81%,44.08,,6911
Energy_Client_SK,ProduktLaunch26_Programmatic,IO_ProduktLaunch26_Display,LI_Display_Prospecting,20260922,Tablet,Bratislavský kraj,7566,31,0.41%,22.5,0.0,4194
Energy_Client_SK,ProduktLaunch26_Programmatic,IO_ProduktLaunch26_Video,LI_Video_Retarget,20261028,Tablet,Bratislavský kraj,7376,51,0.69%,25.1,,5323
Energy_Client_SK,ProduktLaunch26_Programmatic,IO_ProduktLaunch26_Video,LI_Audio_Awareness,20260821,Tablet,Ostatné SR,6049,17,0.29%,12.92,,4512
Energy_Client_SK,ProduktLaunch26_Programmatic,IO_ProduktLaunch26_Video,LI_Video_Prospecting,20260917,Desktop,Košický kraj,14734,100,0.68%,61.65,,10530
Energy_Client_SK,ProduktLaunch26_Programmatic,IO_ProduktLaunch26_Video,LI_Video_Retarget,20260821,Tablet,Bratislavský kraj,10682,111,1.04%,39.21,0.0,6514
Energy_Client_SK,ProduktLaunch26_Programmatic,IO_ProduktLaunch26_Video,LI_Video_Prospecting,20261003,Desktop,Ostatné SR,17420,135,0.77%,68.59,,12852
Energy_Client_SK,ProduktLaunch26_Programmatic,IO_ProduktLaunch26_Video,LI_Audio_Awareness,20260926,Mobile,Bratislavský kraj,15327,74,0.48%,25.77,,9871
Energy_Client_SK,ProduktLaunch26_Programmatic,IO_ProduktLaunch26_Video,LI_Video_Prospecting,20261003,Desktop,Bratislavský kraj,22516,123,0.55%,97.56,0.0,15531
Energy_Client_SK,ProduktLaunch26_Programmatic,IO_ProduktLaunch26_Display,LI_Native_Prospecting,20261026,Desktop,Bratislavský kraj,12043,96,0.8%,42.91,,6829
Energy_Client_SK,ProduktLaunch26_Programmatic,IO_ProduktLaunch26_Display,LI_Display_Retarget,20260820,Desktop,Ostatné SR,8247,46,0.56%,23.07,,4800
Energy_Client_SK,ProduktLaunch26_Programmatic,IO_ProduktLaunch26_Display,LI_Display_Retarget,20261022,Mobile,Ostatné SR,12312,64,0.52%,39.94,,9621
Energy_Client_SK,ProduktLaunch26_Programmatic,IO_ProduktLaunch26_Display,LI_Display_Retarget,20260923,Mobile,Bratislavský kraj,14775,86,0.58%,48.64,,8939
Energy_Client_SK,ProduktLaunch26_Programmatic,IO_ProduktLaunch26_Video,LI_Audio_Awareness,20261013,Desktop,Ostatné SR,9233,36,0.39%,20.9,,5822
Energy_Client_SK,ProduktLaunch26_Programmatic,IO_ProduktLaunch26_Display,LI_Native_Prospecting,20260903,Desktop,Ostatné SR,5363,27,0.51%,19.33,0.0,3593
Energy_Client_SK,ProduktLaunch26_Programmatic,IO_ProduktLaunch26_Display,LI_Display_Prospecting,20261001,Desktop,Košický kraj,11808,66,0.56%,26.32,,6827
Energy_Client_SK,ProduktLaunch26_Programmatic,IO_ProduktLaunch26_Display,LI_Display_Prospecting,20260823,Connected TV,Bratislavský kraj,8812,37,0.42%,23.35,,6265
Energy_Client_SK,ProduktLaunch26_Programmatic,IO_ProduktLaunch26_Display,LI_Native_Prospecting,20261019,Desktop,Bratislavský kraj,8117,46,0.57%,18.71,,5668
Energy_Client_SK,ProduktLaunch26_Programmatic,IO_ProduktLaunch26_Video,LI_Video_Prospecting,20261020,Desktop,Košický kraj,7498,42,0.56%,36.73,,5919
Energy_Client_SK,ProduktLaunch26_Programmatic,IO_ProduktLaunch26_Video,LI_Video_Retarget,20260821,Mobile,Ostatné SR,18980,112,0.59%,99.74,0.0,10763
Energy_Client_SK,ProduktLaunch26_Programmatic,IO_ProduktLaunch26_Video,LI_Audio_Awareness,20260915,Tablet,Košický kraj,5036,17,0.34%,7.97,,2778
Energy_Client_SK,ProduktLaunch26_Programmatic,IO_ProduktLaunch26_Video,LI_Video_Retarget,20260928,Tablet,Ostatné SR,4356,40,0.91%,22.89,,3263
Energy_Client_SK,ProduktLaunch26_Programmatic,IO_ProduktLaunch26_Video,LI_Video_Prospecting,20260904,Mobile,Ostatné SR,19998,100,0.5%,66.76,0.0,11794
Energy_Client_SK,ProduktLaunch26_Programmatic,IO_ProduktLaunch26_Video,LI_Audio_Awareness,20260915,Connected TV,Košický kraj,6301,17,0.27%,13.55,0.0,4380
Energy_Client_SK,ProduktLaunch26_Programmatic,IO_ProduktLaunch26_Display,LI_Display_Retarget,20261021,Desktop,Košický kraj,4894,31,0.62%,11.28,0.0,3822
Energy_Client_SK,ProduktLaunch26_Programmatic,IO_ProduktLaunch26_Video,LI_Audio_Awareness,20260924,Desktop,Bratislavský kraj,12461,51,0.41%,20.07,0.0,7794
Energy_Client_SK,ProduktLaunch26_Programmatic,IO_ProduktLaunch26_Display,LI_Display_Retarget,20261027,Connected TV,Košický kraj,3977,28,0.69%,13.76,,3103
Energy_Client_SK,ProduktLaunch26_Programmatic,IO_ProduktLaunch26_Display,LI_Display_Retarget,20260829,Desktop,Ostatné SR,12187,38,0.31%,26.15,,8928
Energy_Client_SK,ProduktLaunch26_Programmatic,IO_ProduktLaunch26_Display,LI_Display_Retarget,20260831,Desktop,Košický kraj,10120,34,0.33%,23.32,,6442
Energy_Client_SK,ProduktLaunch26_Programmatic,IO_ProduktLaunch26_Display,LI_Native_Prospecting,20260917,Connected TV,Ostatné SR,7471,36,0.49%,20.82,0.0,4691
Energy_Client_SK,ProduktLaunch26_Programmatic,IO_ProduktLaunch26_Display,LI_Display_Retarget,20260910,Tablet,Ostatné SR,3765,18,0.47%,8.59,0.0,2330
Energy_Client_SK,ProduktLaunch26_Programmatic,IO_ProduktLaunch26_Video,LI_Video_Prospecting,20260921,Tablet,Košický kraj,3696,19,0.52%,15.73,0.0,2575
Energy_Client_SK,ProduktLaunch26_Programmatic,IO_ProduktLaunch26_Video,LI_Audio_Awareness,20261022,Desktop,Ostatné SR,9085,29,0.31%,23.3,0.0,7206
Energy_Client_SK,ProduktLaunch26_Programmatic,IO_ProduktLaunch26_Display,LI_Display_Retarget,20260828,Mobile,Košický kraj,12726,79,0.62%,40.61,,7169
Energy_Client_SK,ProduktLaunch26_Programmatic,IO_ProduktLaunch26_Display,LI_Display_Retarget,20260909,Mobile,Košický kraj,8547,41,0.49%,21.45,,6554
Energy_Client_SK,ProduktLaunch26_Programmatic,IO_ProduktLaunch26_Display,LI_Display_Retarget,20261015,Connected TV,Ostatné SR,8309,47,0.57%,26.55,,5060
Energy_Client_SK,ProduktLaunch26_Programmatic,IO_ProduktLaunch26_Display,LI_Native_Prospecting,20260828,Mobile,Bratislavský kraj,16652,132,0.79%,43.4,,12490
Energy_Client_SK,ProduktLaunch26_Programmatic,IO_ProduktLaunch26_Display,LI_Display_Retarget,20260825,Tablet,Bratislavský kraj,4118,24,0.59%,8.66,0.0,3061
Energy_Client_SK,ProduktLaunch26_Programmatic,IO_ProduktLaunch26_Display,LI_Display_Prospecting,20260926,Desktop,Košický kraj,5487,16,0.29%,12.45,,3859
Energy_Client_SK,ProduktLaunch26_Programmatic,IO_ProduktLaunch26_Video,LI_Video_Prospecting,20261004,Tablet,Ostatné SR,5971,38,0.64%,18.6,0.0,4165
Energy_Client_SK,ProduktLaunch26_Programmatic,IO_ProduktLaunch26_Display,LI_Display_Prospecting,20260925,Desktop,Ostatné SR,11256,35,0.31%,33.95,0.0,6570
Energy_Client_SK,ProduktLaunch26_Programmatic,IO_ProduktLaunch26_Video,LI_Video_Prospecting,20260815,Connected TV,Ostatné SR,10833,68,0.62%,51.9,,7236
Energy_Client_SK,ProduktLaunch26_Programmatic,IO_ProduktLaunch26_Video,LI_Video_Retarget,20261023,Tablet,Bratislavský kraj,10543,62,0.59%,47.5,,6556
Energy_Client_SK,ProduktLaunch26_Programmatic,IO_ProduktLaunch26_Video,LI_Video_Retarget,20261008,Mobile,Ostatné SR,14378,86,0.6%,59.24,0.0,10617
Energy_Client_SK,ProduktLaunch26_Programmatic,IO_ProduktLaunch26_Video,LI_Video_Prospecting,20260825,Connected TV,Ostatné SR,9318,81,0.86%,36.2,0.0,5253
Energy_Client_SK,ProduktLaunch26_Programmatic,IO_ProduktLaunch26_Video,LI_Video_Prospecting,20260914,Mobile,Ostatné SR,14824,67,0.45%,69.2,,11524
Energy_Client_SK,ProduktLaunch26_Programmatic,IO_ProduktLaunch26_Video,LI_Video_Prospecting,20260917,Connected TV,Košický kraj,9383,60,0.64%,44.21,0.0,6590
Energy_Client_SK,ProduktLaunch26_Programmatic,IO_ProduktLaunch26_Display,LI_Display_Prospecting,20261003,Mobile,Ostatné SR,17180,69,0.4%,33.03,,13165
Energy_Client_SK,ProduktLaunch26_Programmatic,IO_ProduktLaunch26_Video,LI_Video_Retarget,20260816,Mobile,Ostatné SR,17523,138,0.79%,73.7,,10186
Energy_Client_SK,ProduktLaunch26_Programmatic,IO_ProduktLaunch26_Video,LI_Video_Retarget,20261009,Desktop,Košický kraj,9661,92,0.96%,39.84,,5740
Energy_Client_SK,ProduktLaunch26_Programmatic,IO_ProduktLaunch26_Display,LI_Display_Retarget,20260826,Mobile,Košický kraj,6046,36,0.59%,12.18,,3645
Energy_Client_SK,ProduktLaunch26_Programmatic,IO_ProduktLaunch26_Video,LI_Video_Prospecting,20261002,Mobile,Ostatné SR,12209,97,0.79%,52.91,,7515
Energy_Client_SK,ProduktLaunch26_Programmatic,IO_ProduktLaunch26_Display,LI_Display_Prospecting,20261004,Tablet,Bratislavský kraj,5913,34,0.57%,16.04,,4503
Energy_Client_SK,ProduktLaunch26_Programmatic,IO_ProduktLaunch26_Video,LI_Video_Retarget,20261008,Connected TV,Košický kraj,8318,91,1.09%,39.56,,4649
Energy_Client_SK,ProduktLaunch26_Programmatic,IO_ProduktLaunch26_Video,LI_Video_Retarget,20261003,Tablet,Bratislavský kraj,10367,67,0.65%,36.39,,8022
Energy_Client_SK,ProduktLaunch26_Programmatic,IO_ProduktLaunch26_Video,LI_Video_Prospecting,20260910,Connected TV,Ostatné SR,11605,54,0.47%,38.4,,8560
Energy_Client_SK,ProduktLaunch26_Programmatic,IO_ProduktLaunch26_Video,LI_Video_Retarget,20260930,Tablet,Bratislavský kraj,5647,53,0.93%,26.39,,3636
Energy_Client_SK,ProduktLaunch26_Programmatic,IO_ProduktLaunch26_Video,LI_Audio_Awareness,20261010,Desktop,Košický kraj,6525,19,0.29%,15.94,,4094
Energy_Client_SK,ProduktLaunch26_Programmatic,IO_ProduktLaunch26_Display,LI_Display_Retarget,20260908,Desktop,Košický kraj,9361,47,0.5%,20.93,,7052
Energy_Client_SK,ProduktLaunch26_Programmatic,IO_ProduktLaunch26_Display,LI_Display_Prospecting,20260911,Tablet,Košický kraj,5309,27,0.5%,12.95,0.0,3943
Energy_Client_SK,ProduktLaunch26_Programmatic,IO_ProduktLaunch26_Display,LI_Native_Prospecting,20261027,Connected TV,Ostatné SR,4409,32,0.72%,15.74,,3048
Energy_Client_SK,ProduktLaunch26_Programmatic,IO_ProduktLaunch26_Display,LI_Display_Prospecting,20261021,Mobile,Košický kraj,8667,46,0.53%,25.06,0.0,4770
Energy_Client_SK,ProduktLaunch26_Programmatic,IO_ProduktLaunch26_Display,LI_Display_Prospecting,20261003,Tablet,Košický kraj,3496,17,0.48%,6.7,,2376
Energy_Client_SK,ProduktLaunch26_Programmatic,IO_ProduktLaunch26_Video,LI_Audio_Awareness,20260927,Mobile,Ostatné SR,6407,18,0.28%,9.75,,4343
Energy_Client_SK,ProduktLaunch26_Programmatic,IO_ProduktLaunch26_Video,LI_Video_Prospecting,20260924,Mobile,Ostatné SR,13980,102,0.73%,61.96,,9436
Energy_Client_SK,ProduktLaunch26_Programmatic,IO_ProduktLaunch26_Display,LI_Display_Retarget,20260908,Connected TV,Košický kraj,6168,33,0.54%,14.76,,4752
Energy_Client_SK,ProduktLaunch26_Programmatic,IO_ProduktLaunch26_Display,LI_Display_Prospecting,20261012,Tablet,Košický kraj,5653,26,0.47%,12.93,,4484
Energy_Client_SK,ProduktLaunch26_Programmatic,IO_ProduktLaunch26_Display,LI_Display_Retarget,20261006,Connected TV,Ostatné SR,5133,30,0.59%,15.69,,3997
Energy_Client_SK,ProduktLaunch26_Programmatic,IO_ProduktLaunch26_Video,LI_Video_Prospecting,20261005,Mobile,Bratislavský kraj,24916,217,0.87%,97.18,,19227
Energy_Client_SK,ProduktLaunch26_Programmatic,IO_ProduktLaunch26_Display,LI_Native_Prospecting,20260824,Connected TV,Bratislavský kraj,9160,55,0.6%,22.52,0.0,5651
Energy_Client_SK,ProduktLaunch26_Programmatic,IO_ProduktLaunch26_Display,LI_Display_Retarget,20261024,Connected TV,Bratislavský kraj,8658,47,0.54%,25.56,,5482
Energy_Client_SK,ProduktLaunch26_Programmatic,IO_ProduktLaunch26_Display,LI_Display_Retarget,20260927,Mobile,Ostatné SR,12412,58,0.47%,34.36,,9110
Energy_Client_SK,ProduktLaunch26_Programmatic,IO_ProduktLaunch26_Video,LI_Video_Retarget,20260922,Connected TV,Košický kraj,7481,55,0.73%,38.87,,5431
Energy_Client_SK,ProduktLaunch26_Programmatic,IO_ProduktLaunch26_Display,LI_Display_Prospecting,20260929,Desktop,Bratislavský kraj,11624,53,0.45%,29.65,,8822
Energy_Client_SK,ProduktLaunch26_Programmatic,IO_ProduktLaunch26_Display,LI_Display_Retarget,20260822,Mobile,Bratislavský kraj,14544,63,0.43%,38.41,,9358
Energy_Client_SK,ProduktLaunch26_Programmatic,IO_ProduktLaunch26_Video,LI_Video_Retarget,20261002,Mobile,Ostatné SR,10105,74,0.73%,51.01,,6683
Energy_Client_SK,ProduktLaunch26_Programmatic,IO_ProduktLaunch26_Video,LI_Audio_Awareness,20260822,Tablet,Bratislavský kraj,5535,22,0.39%,13.96,,4066
Energy_Client_SK,ProduktLaunch26_Programmatic,IO_ProduktLaunch26_Display,LI_Display_Retarget,20261024,Connected TV,Ostatné SR,4852,29,0.59%,10.81,0.0,3777
Energy_Client_SK,ProduktLaunch26_Programmatic,IO_ProduktLaunch26_Video,LI_Video_Retarget,20260824,Connected TV,Košický kraj,5261,27,0.51%,19.42,0.0,3744
Energy_Client_SK,ProduktLaunch26_Programmatic,IO_ProduktLaunch26_Video,LI_Video_Prospecting,20261012,Desktop,Bratislavský kraj,15821,99,0.62%,73.61,,11549
Energy_Client_SK,ProduktLaunch26_Programmatic,IO_ProduktLaunch26_Display,LI_Native_Prospecting,20261008,Tablet,Bratislavský kraj,3826,24,0.63%,8.9,0.0,2622
Energy_Client_SK,ProduktLaunch26_Programmatic,IO_ProduktLaunch26_Display,LI_Native_Prospecting,20261004,Tablet,Ostatné SR,5722,32,0.56%,12.74,0.0,3765
Energy_Client_SK,ProduktLaunch26_Programmatic,IO_ProduktLaunch26_Display,LI_Native_Prospecting,20261016,Desktop,Ostatné SR,5313,38,0.71%,19.68,,3481
Energy_Client_SK,ProduktLaunch26_Programmatic,IO_ProduktLaunch26_Display,LI_Native_Prospecting,20260828,Connected TV,Ostatné SR,5524,24,0.43%,17.03,0.0,4331
Energy_Client_SK,ProduktLaunch26_Programmatic,IO_ProduktLaunch26_Video,LI_Video_Retarget,20261013,Mobile,Ostatné SR,11894,64,0.54%,38.6,0.0,8550
Energy_Client_SK,ProduktLaunch26_Programmatic,IO_ProduktLaunch26_Video,LI_Audio_Awareness,20260904,Mobile,Ostatné SR,10274,46,0.45%,17.35,,6717
Energy_Client_SK,ProduktLaunch26_Programmatic,IO_ProduktLaunch26_Display,LI_Display_Retarget,20260918,Tablet,Košický kraj,5477,36,0.67%,17.5,0.0,3573
Energy_Client_SK,ProduktLaunch26_Programmatic,IO_ProduktLaunch26_Video,LI_Video_Prospecting,20261018,Connected TV,Bratislavský kraj,15058,102,0.67%,56.63,0.0,10839
Energy_Client_SK,ProduktLaunch26_Programmatic,IO_ProduktLaunch26_Display,LI_Display_Retarget,20260923,Tablet,Košický kraj,3201,20,0.63%,9.02,,2005
Energy_Client_SK,ProduktLaunch26_Programmatic,IO_ProduktLaunch26_Video,LI_Video_Retarget,20261027,Mobile,Ostatné SR,18610,104,0.56%,97.6,,14509
Energy_Client_SK,ProduktLaunch26_Programmatic,IO_ProduktLaunch26_Video,LI_Audio_Awareness,20260930,Mobile,Košický kraj,7113,17,0.24%,14.97,0.0,5097
Energy_Client_SK,ProduktLaunch26_Programmatic,IO_ProduktLaunch26_Video,LI_Audio_Awareness,20260918,Mobile,Ostatné SR,13374,36,0.27%,24.28,,9626
Energy_Client_SK,ProduktLaunch26_Programmatic,IO_ProduktLaunch26_Video,LI_Audio_Awareness,20260829,Desktop,Košický kraj,6783,21,0.3%,15.11,0.0,3961
Energy_Client_SK,ProduktLaunch26_Programmatic,IO_ProduktLaunch26_Display,LI_Native_Prospecting,20260817,Mobile,Košický kraj,10573,57,0.54%,24.65,,7463
Energy_Client_SK,ProduktLaunch26_Programmatic,IO_ProduktLaunch26_Display,LI_Display_Retarget,20261023,Mobile,Ostatné SR,15703,63,0.4%,39.12,0.0,12528
Energy_Client_SK,ProduktLaunch26_Programmatic,IO_ProduktLaunch26_Video,LI_Video_Prospecting,20260816,Desktop,Košický kraj,13635,67,0.49%,42.02,0.0,9390
Energy_Client_SK,ProduktLaunch26_Programmatic,IO_ProduktLaunch26_Display,LI_Native_Prospecting,20261013,Tablet,Bratislavský kraj,4531,22,0.49%,13.48,,2708
Energy_Client_SK,ProduktLaunch26_Programmatic,IO_ProduktLaunch26_Video,LI_Video_Prospecting,20261010,Mobile,Bratislavský kraj,17919,87,0.49%,78.79,0.0,11827
Energy_Client_SK,ProduktLaunch26_Programmatic,IO_ProduktLaunch26_Video,LI_Video_Prospecting,20260830,Tablet,Košický kraj,6042,54,0.89%,18.42,,4632
Energy_Client_SK,ProduktLaunch26_Programmatic,IO_ProduktLaunch26_Display,LI_Display_Prospecting,20260911,Mobile,Košický kraj,11951,43,0.36%,35.53,,7878
Energy_Client_SK,ProduktLaunch26_Programmatic,IO_ProduktLaunch26_Video,LI_Video_Prospecting,20260926,Tablet,Bratislavský kraj,9794,79,0.81%,44.74,,6980
Energy_Client_SK,ProduktLaunch26_Programmatic,IO_ProduktLaunch26_Video,LI_Audio_Awareness,20261019,Desktop,Ostatné SR,5438,12,0.22%,9.57,,2998
Energy_Client_SK,ProduktLaunch26_Programmatic,IO_ProduktLaunch26_Video,LI_Video_Retarget,20261020,Tablet,Bratislavský kraj,6119,49,0.81%,26.51,0.0,3452
Energy_Client_SK,ProduktLaunch26_Programmatic,IO_ProduktLaunch26_Video,LI_Audio_Awareness,20260920,Tablet,Košický kraj,2756,12,0.44%,4.36,0.0,1911
Energy_Client_SK,ProduktLaunch26_Programmatic,IO_ProduktLaunch26_Display,LI_Native_Prospecting,20260905,Desktop,Bratislavský kraj,6933,29,0.43%,24.48,0.0,4928
Energy_Client_SK,ProduktLaunch26_Programmatic,IO_ProduktLaunch26_Display,LI_Display_Retarget,20260817,Mobile,Ostatné SR,14908,93,0.62%,37.72,0.0,11487
Energy_Client_SK,ProduktLaunch26_Programmatic,IO_ProduktLaunch26_Video,LI_Video_Prospecting,20261002,Tablet,Košický kraj,6253,52,0.83%,21.04,,4758
Energy_Client_SK,ProduktLaunch26_Programmatic,IO_ProduktLaunch26_Display,LI_Native_Prospecting,20261012,Connected TV,Ostatné SR,3929,19,0.49%,10.62,,2574
Energy_Client_SK,ProduktLaunch26_Programmatic,IO_ProduktLaunch26_Video,LI_Audio_Awareness,20260925,Desktop,Ostatné SR,9154,26,0.29%,18.93,0.0,5890
Energy_Client_SK,ProduktLaunch26_Programmatic,IO_ProduktLaunch26_Display,LI_Native_Prospecting,20260907,Connected TV,Košický kraj,3691,20,0.55%,8.16,0.0,2148
Energy_Client_SK,ProduktLaunch26_Programmatic,IO_ProduktLaunch26_Display,LI_Native_Prospecting,20260902,Desktop,Košický kraj,7211,36,0.5%,23.03,,5528
Energy_Client_SK,ProduktLaunch26_Programmatic,IO_ProduktLaunch26_Video,LI_Video_Prospecting,20260920,Tablet,Bratislavský kraj,8775,37,0.42%,35.64,,5096
Energy_Client_SK,ProduktLaunch26_Programmatic,IO_ProduktLaunch26_Video,LI_Audio_Awareness,20260820,Desktop,Bratislavský kraj,8045,36,0.45%,17.02,,5208
Energy_Client_SK,ProduktLaunch26_Programmatic,IO_ProduktLaunch26_Display,LI_Display_Prospecting,20261002,Mobile,Ostatné SR,13535,79,0.58%,28.92,0.0,8670
Energy_Client_SK,ProduktLaunch26_Programmatic,IO_ProduktLaunch26_Display,LI_Display_Prospecting,20261022,Mobile,Bratislavský kraj,15716,44,0.28%,36.52,,11149
Energy_Client_SK,ProduktLaunch26_Programmatic,IO_ProduktLaunch26_Video,LI_Video_Prospecting,20261015,Desktop,Bratislavský kraj,18360,151,0.82%,73.51,,13488
Energy_Client_SK,ProduktLaunch26_Programmatic,IO_ProduktLaunch26_Display,LI_Native_Prospecting,20260908,Connected TV,Košický kraj,4114,26,0.64%,10.88,,3288
Energy_Client_SK,ProduktLaunch26_Programmatic,IO_ProduktLaunch26_Display,LI_Display_Retarget,20260902,Connected TV,Ostatné SR,5994,30,0.5%,18.78,0.0,4717
Energy_Client_SK,ProduktLaunch26_Programmatic,IO_ProduktLaunch26_Display,LI_Display_Retarget,20261018,Tablet,Košický kraj,4918,25,0.51%,13.03,,3222
Energy_Client_SK,ProduktLaunch26_Programmatic,IO_ProduktLaunch26_Video,LI_Video_Retarget,20260930,Desktop,Bratislavský kraj,13321,84,0.63%,69.14,,7817
Energy_Client_SK,ProduktLaunch26_Programmatic,IO_ProduktLaunch26_Video,LI_Video_Retarget,20260901,Desktop,Bratislavský kraj,19709,198,1.0%,95.59,0.0,14005
Energy_Client_SK,ProduktLaunch26_Programmatic,IO_ProduktLaunch26_Video,LI_Video_Prospecting,20260827,Connected TV,Bratislavský kraj,14336,69,0.48%,55.62,0.0,8587
Energy_Client_SK,ProduktLaunch26_Programmatic,IO_ProduktLaunch26_Display,LI_Display_Prospecting,20260821,Tablet,Ostatné SR,4109,16,0.38%,7.81,,2970
Energy_Client_SK,ProduktLaunch26_Programmatic,IO_ProduktLaunch26_Video,LI_Audio_Awareness,20261017,Connected TV,Ostatné SR,7345,17,0.23%,17.81,,4286
Energy_Client_SK,ProduktLaunch26_Programmatic,IO_ProduktLaunch26_Display,LI_Native_Prospecting,20260922,Mobile,Košický kraj,8505,37,0.44%,22.42,0.0,6408
Energy_Client_SK,ProduktLaunch26_Programmatic,IO_ProduktLaunch26_Video,LI_Audio_Awareness,20260911,Desktop,Bratislavský kraj,12340,62,0.5%,30.03,,8025
Energy_Client_SK,ProduktLaunch26_Programmatic,IO_ProduktLaunch26_Video,LI_Video_Prospecting,20261006,Connected TV,Bratislavský kraj,15572,133,0.85%,70.54,0.0,9577
Energy_Client_SK,ProduktLaunch26_Programmatic,IO_ProduktLaunch26_Video,LI_Audio_Awareness,20261019,Connected TV,Bratislavský kraj,5914,27,0.46%,9.65,,4440
Energy_Client_SK,ProduktLaunch26_Programmatic,IO_ProduktLaunch26_Display,LI_Native_Prospecting,20261009,Mobile,Bratislavský kraj,9834,71,0.72%,22.87,,5895
Energy_Client_SK,ProduktLaunch26_Programmatic,IO_ProduktLaunch26_Display,LI_Display_Prospecting,20260902,Desktop,Bratislavský kraj,13238,46,0.35%,40.94,,8820
Energy_Client_SK,ProduktLaunch26_Programmatic,IO_ProduktLaunch26_Video,LI_Video_Retarget,20260826,Desktop,Bratislavský kraj,10841,102,0.94%,41.12,,6481
Energy_Client_SK,ProduktLaunch26_Programmatic,IO_ProduktLaunch26_Display,LI_Display_Prospecting,20261026,Connected TV,Ostatné SR,9781,55,0.57%,28.49,,6039
Energy_Client_SK,ProduktLaunch26_Programmatic,IO_ProduktLaunch26_Video,LI_Video_Prospecting,20261001,Mobile,Košický kraj,12337,104,0.84%,61.15,,7054
Energy_Client_SK,ProduktLaunch26_Programmatic,IO_ProduktLaunch26_Video,LI_Video_Prospecting,20261016,Desktop,Košický kraj,13605,71,0.52%,47.93,0.0,8985
Energy_Client_SK,ProduktLaunch26_Programmatic,IO_ProduktLaunch26_Display,LI_Display_Retarget,20261028,Desktop,Ostatné SR,9304,47,0.5%,20.57,,5228
Energy_Client_SK,ProduktLaunch26_Programmatic,IO_ProduktLaunch26_Video,LI_Video_Retarget,20261012,Desktop,Bratislavský kraj,14115,85,0.61%,61.44,,10198
Energy_Client_SK,ProduktLaunch26_Programmatic,IO_ProduktLaunch26_Video,LI_Audio_Awareness,20260824,Desktop,Košický kraj,4992,21,0.42%,11.62,0.0,3300
Energy_Client_SK,ProduktLaunch26_Programmatic,IO_ProduktLaunch26_Display,LI_Native_Prospecting,20260918,Connected TV,Bratislavský kraj,10614,54,0.51%,33.96,,7697
Energy_Client_SK,ProduktLaunch26_Programmatic,IO_ProduktLaunch26_Video,LI_Video_Prospecting,20260906,Desktop,Ostatné SR,9275,52,0.56%,33.59,,6126
Energy_Client_SK,ProduktLaunch26_Programmatic,IO_ProduktLaunch26_Video,LI_Audio_Awareness,20261009,Desktop,Bratislavský kraj,11795,36,0.31%,29.76,,8225
Energy_Client_SK,ProduktLaunch26_Programmatic,IO_ProduktLaunch26_Video,LI_Video_Retarget,20260819,Desktop,Košický kraj,8020,49,0.61%,41.93,0.0,6287
Energy_Client_SK,ProduktLaunch26_Programmatic,IO_ProduktLaunch26_Display,LI_Native_Prospecting,20261025,Connected TV,Košický kraj,4010,17,0.42%,9.3,0.0,2486
Energy_Client_SK,ProduktLaunch26_Programmatic,IO_ProduktLaunch26_Display,LI_Display_Prospecting,20260930,Mobile,Ostatné SR,13724,62,0.45%,27.24,,7724
Energy_Client_SK,ProduktLaunch26_Programmatic,IO_ProduktLaunch26_Display,LI_Display_Prospecting,20261018,Connected TV,Košický kraj,7881,43,0.55%,21.1,0.0,5498
Energy_Client_SK,ProduktLaunch26_Programmatic,IO_ProduktLaunch26_Video,LI_Video_Prospecting,20260822,Tablet,Ostatné SR,6393,31,0.48%,30.83,,4430
Energy_Client_SK,ProduktLaunch26_Programmatic,IO_ProduktLaunch26_Video,LI_Video_Retarget,20261012,Desktop,Košický kraj,9837,77,0.78%,38.92,,7131
Energy_Client_SK,ProduktLaunch26_Programmatic,IO_ProduktLaunch26_Display,LI_Native_Prospecting,20261011,Desktop,Ostatné SR,9946,57,0.57%,24.74,,5692
Energy_Client_SK,ProduktLaunch26_Programmatic,IO_ProduktLaunch26_Video,LI_Video_Retarget,20260819,Tablet,Bratislavský kraj,11031,102,0.92%,44.61,0.0,7311
Energy_Client_SK,ProduktLaunch26_Programmatic,IO_ProduktLaunch26_Video,LI_Audio_Awareness,20260831,Tablet,Bratislavský kraj,8446,24,0.29%,14.85,0.0,5345
Energy_Client_SK,ProduktLaunch26_Programmatic,IO_ProduktLaunch26_Video,LI_Audio_Awareness,20261002,Connected TV,Ostatné SR,7935,30,0.37%,12.52,0.0,5386
Energy_Client_SK,ProduktLaunch26_Programmatic,IO_ProduktLaunch26_Display,LI_Display_Retarget,20260917,Connected TV,Bratislavský kraj,5487,34,0.62%,11.57,,3501
Energy_Client_SK,ProduktLaunch26_Programmatic,IO_ProduktLaunch26_Display,LI_Native_Prospecting,20260828,Desktop,Bratislavský kraj,11937,67,0.56%,36.64,0.0,8183
Energy_Client_SK,ProduktLaunch26_Programmatic,IO_ProduktLaunch26_Video,LI_Video_Prospecting,20260923,Tablet,Bratislavský kraj,10728,96,0.9%,38.49,,7943
Energy_Client_SK,ProduktLaunch26_Programmatic,IO_ProduktLaunch26_Video,LI_Video_Prospecting,20261024,Mobile,Košický kraj,9389,67,0.71%,38.55,,6267
Energy_Client_SK,ProduktLaunch26_Programmatic,IO_ProduktLaunch26_Video,LI_Video_Retarget,20260913,Connected TV,Ostatné SR,5985,60,1.0%,23.91,0.0,3680
Energy_Client_SK,ProduktLaunch26_Programmatic,IO_ProduktLaunch26_Video,LI_Video_Retarget,20260927,Connected TV,Ostatné SR,10220,82,0.8%,33.69,,6908
Energy_Client_SK,ProduktLaunch26_Programmatic,IO_ProduktLaunch26_Video,LI_Audio_Awareness,20260815,Mobile,Ostatné SR,13495,66,0.49%,32.87,0.0,8956
Energy_Client_SK,ProduktLaunch26_Programmatic,IO_ProduktLaunch26_Video,LI_Video_Retarget,20260910,Desktop,Bratislavský kraj,15269,143,0.94%,67.16,0.0,9880
Energy_Client_SK,ProduktLaunch26_Programmatic,IO_ProduktLaunch26_Video,LI_Video_Prospecting,20260909,Desktop,Košický kraj,7393,66,0.89%,34.54,,5001
Energy_Client_SK,ProduktLaunch26_Programmatic,IO_ProduktLaunch26_Video,LI_Video_Retarget,20260820,Tablet,Bratislavský kraj,10666,102,0.96%,39.85,0.0,6859
Energy_Client_SK,ProduktLaunch26_Programmatic,IO_ProduktLaunch26_Video,LI_Video_Prospecting,20261028,Desktop,Ostatné SR,13309,105,0.79%,56.3,0.0,9885
Energy_Client_SK,ProduktLaunch26_Programmatic,IO_ProduktLaunch26_Video,LI_Video_Prospecting,20260906,Tablet,Ostatné SR,5837,49,0.83%,17.82,,4259
Energy_Client_SK,ProduktLaunch26_Programmatic,IO_ProduktLaunch26_Video,LI_Video_Retarget,20260821,Tablet,Košický kraj,3067,21,0.69%,10.0,,2320
Energy_Client_SK,ProduktLaunch26_Programmatic,IO_ProduktLaunch26_Video,LI_Audio_Awareness,20261005,Mobile,Košický kraj,11607,38,0.33%,20.35,,8205
Energy_Client_SK,ProduktLaunch26_Programmatic,IO_ProduktLaunch26_Video,LI_Audio_Awareness,20260910,Desktop,Košický kraj,9006,41,0.45%,16.54,,5308
Energy_Client_SK,ProduktLaunch26_Programmatic,IO_ProduktLaunch26_Video,LI_Audio_Awareness,20261021,Tablet,Ostatné SR,6117,15,0.25%,11.02,,4762
Energy_Client_SK,ProduktLaunch26_Programmatic,IO_ProduktLaunch26_Display,LI_Native_Prospecting,20260918,Tablet,Ostatné SR,3629,26,0.71%,9.67,,2890
Energy_Client_SK,ProduktLaunch26_Programmatic,IO_ProduktLaunch26_Video,LI_Video_Retarget,20260910,Mobile,Bratislavský kraj,21701,128,0.59%,77.61,,12512
Energy_Client_SK,ProduktLaunch26_Programmatic,IO_ProduktLaunch26_Display,LI_Native_Prospecting,20261007,Desktop,Bratislavský kraj,11962,75,0.63%,38.3,,9035
Energy_Client_SK,ProduktLaunch26_Programmatic,IO_ProduktLaunch26_Video,LI_Video_Retarget,20261006,Mobile,Bratislavský kraj,13393,90,0.67%,61.41,0.0,8007
Energy_Client_SK,ProduktLaunch26_Programmatic,IO_ProduktLaunch26_Display,LI_Display_Retarget,20260829,Desktop,Košický kraj,6243,29,0.46%,19.68,,3721
Energy_Client_SK,ProduktLaunch26_Programmatic,IO_ProduktLaunch26_Video,LI_Audio_Awareness,20260815,Connected TV,Košický kraj,5622,20,0.35%,8.63,,3986
Energy_Client_SK,ProduktLaunch26_Programmatic,IO_ProduktLaunch26_Display,LI_Display_Prospecting,20260830,Desktop,Ostatné SR,13346,80,0.6%,24.94,0.0,8044
Energy_Client_SK,ProduktLaunch26_Programmatic,IO_ProduktLaunch26_Display,LI_Display_Retarget,20260820,Desktop,Bratislavský kraj,17690,118,0.67%,61.42,,9819
Energy_Client_SK,ProduktLaunch26_Programmatic,IO_ProduktLaunch26_Display,LI_Display_Retarget,20260830,Tablet,Ostatné SR,3176,12,0.39%,9.07,,1846
Energy_Client_SK,ProduktLaunch26_Programmatic,IO_ProduktLaunch26_Video,LI_Video_Retarget,20260909,Mobile,Bratislavský kraj,12362,71,0.57%,39.93,,8675
Energy_Client_SK,ProduktLaunch26_Programmatic,IO_ProduktLaunch26_Display,LI_Display_Retarget,20261008,Mobile,Ostatné SR,7741,33,0.42%,16.51,,4783
Energy_Client_SK,ProduktLaunch26_Programmatic,IO_ProduktLaunch26_Video,LI_Audio_Awareness,20260911,Connected TV,Košický kraj,5287,11,0.21%,9.82,0.0,2982
Energy_Client_SK,ProduktLaunch26_Programmatic,IO_ProduktLaunch26_Video,LI_Video_Retarget,20261009,Tablet,Ostatné SR,4283,29,0.68%,17.91,0.0,3058
Energy_Client_SK,ProduktLaunch26_Programmatic,IO_ProduktLaunch26_Video,LI_Video_Retarget,20261010,Mobile,Bratislavský kraj,21388,232,1.09%,76.8,,12133
Energy_Client_SK,ProduktLaunch26_Programmatic,IO_ProduktLaunch26_Video,LI_Video_Retarget,20261015,Mobile,Ostatné SR,13910,99,0.71%,73.4,,8808
Energy_Client_SK,ProduktLaunch26_Programmatic,IO_ProduktLaunch26_Video,LI_Video_Prospecting,20260928,Tablet,Ostatné SR,5488,33,0.6%,21.24,,3367
Energy_Client_SK,ProduktLaunch26_Programmatic,IO_ProduktLaunch26_Video,LI_Video_Retarget,20260904,Tablet,Ostatné SR,5334,34,0.64%,18.8,,3950
Energy_Client_SK,ProduktLaunch26_Programmatic,IO_ProduktLaunch26_Display,LI_Display_Retarget,20261016,Connected TV,Bratislavský kraj,10010,30,0.3%,27.82,0.0,7520
Energy_Client_SK,ProduktLaunch26_Programmatic,IO_ProduktLaunch26_Video,LI_Video_Retarget,20260825,Desktop,Ostatné SR,14682,114,0.77%,70.27,,10551
Energy_Client_SK,ProduktLaunch26_Programmatic,IO_ProduktLaunch26_Video,LI_Video_Prospecting,20261003,Mobile,Bratislavský kraj,26476,130,0.49%,95.07,,17358
Energy_Client_SK,ProduktLaunch26_Programmatic,IO_ProduktLaunch26_Video,LI_Audio_Awareness,20260918,Tablet,Bratislavský kraj,3692,14,0.39%,6.61,,2491
Energy_Client_SK,ProduktLaunch26_Programmatic,IO_ProduktLaunch26_Display,LI_Native_Prospecting,20260918,Mobile,Bratislavský kraj,18280,122,0.67%,57.21,,13183
Energy_Client_SK,ProduktLaunch26_Programmatic,IO_ProduktLaunch26_Video,LI_Video_Prospecting,20260917,Desktop,Bratislavský kraj,19531,136,0.7%,79.14,0.0,15192
Energy_Client_SK,ProduktLaunch26_Programmatic,IO_ProduktLaunch26_Display,LI_Native_Prospecting,20260826,Connected TV,Košický kraj,5422,26,0.47%,17.59,,3696
Energy_Client_SK,ProduktLaunch26_Programmatic,IO_ProduktLaunch26_Display,LI_Native_Prospecting,20260908,Mobile,Bratislavský kraj,10548,83,0.78%,38.61,,8156
Energy_Client_SK,ProduktLaunch26_Programmatic,IO_ProduktLaunch26_Video,LI_Video_Retarget,20261018,Desktop,Ostatné SR,9081,83,0.91%,43.31,0.0,5585
Energy_Client_SK,ProduktLaunch26_Programmatic,IO_ProduktLaunch26_Display,LI_Display_Prospecting,20260824,Desktop,Košický kraj,9340,46,0.5%,20.37,0.0,5784
Energy_Client_SK,ProduktLaunch26_Programmatic,IO_ProduktLaunch26_Display,LI_Display_Prospecting,20260815,Connected TV,Košický kraj,4096,22,0.55%,8.26,0.0,2903
Energy_Client_SK,ProduktLaunch26_Programmatic,IO_ProduktLaunch26_Display,LI_Native_Prospecting,20261022,Mobile,Ostatné SR,12745,81,0.63%,32.68,,7832
Energy_Client_SK,ProduktLaunch26_Programmatic,IO_ProduktLaunch26_Video,LI_Video_Retarget,20260914,Tablet,Ostatné SR,5095,47,0.92%,18.93,0.0,3059
Energy_Client_SK,ProduktLaunch26_Programmatic,IO_ProduktLaunch26_Display,LI_Native_Prospecting,20260824,Desktop,Ostatné SR,6264,39,0.62%,19.81,,4581
Energy_Client_SK,ProduktLaunch26_Programmatic,IO_ProduktLaunch26_Display,LI_Native_Prospecting,20261010,Mobile,Košický kraj,10652,51,0.48%,23.84,,5950
Energy_Client_SK,ProduktLaunch26_Programmatic,IO_ProduktLaunch26_Video,LI_Video_Prospecting,20260914,Desktop,Ostatné SR,13787,63,0.46%,60.82,0.0,10585
Energy_Client_SK,ProduktLaunch26_Programmatic,IO_ProduktLaunch26_Display,LI_Native_Prospecting,20261028,Tablet,Košický kraj,2810,12,0.43%,6.59,0.0,1739
Energy_Client_SK,ProduktLaunch26_Programmatic,IO_ProduktLaunch26_Video,LI_Video_Retarget,20260913,Desktop,Bratislavský kraj,10477,91,0.87%,38.64,,8042
Energy_Client_SK,ProduktLaunch26_Programmatic,IO_ProduktLaunch26_Video,LI_Video_Prospecting,20261017,Desktop,Ostatné SR,12128,84,0.69%,40.49,0.0,9371
Energy_Client_SK,ProduktLaunch26_Programmatic,IO_ProduktLaunch26_Display,LI_Display_Prospecting,20261014,Connected TV,Ostatné SR,9608,46,0.48%,28.36,0.0,7579
Energy_Client_SK,ProduktLaunch26_Programmatic,IO_ProduktLaunch26_Video,LI_Video_Retarget,20261010,Mobile,Košický kraj,9331,98,1.05%,38.4,,6739
Energy_Client_SK,ProduktLaunch26_Programmatic,IO_ProduktLaunch26_Video,LI_Video_Retarget,20261008,Tablet,Ostatné SR,4581,37,0.8%,22.37,,3103
Energy_Client_SK,ProduktLaunch26_Programmatic,IO_ProduktLaunch26_Display,LI_Display_Retarget,20261019,Connected TV,Košický kraj,6280,32,0.51%,18.52,,4198
Energy_Client_SK,ProduktLaunch26_Programmatic,IO_ProduktLaunch26_Display,LI_Native_Prospecting,20261003,Tablet,Bratislavský kraj,6412,40,0.63%,22.28,,3631
Energy_Client_SK,ProduktLaunch26_Programmatic,IO_ProduktLaunch26_Video,LI_Video_Prospecting,20260818,Desktop,Bratislavský kraj,13161,95,0.72%,52.72,,9626
Energy_Client_SK,ProduktLaunch26_Programmatic,IO_ProduktLaunch26_Display,LI_Display_Retarget,20261027,Mobile,Košický kraj,9250,50,0.54%,32.03,,6207
Energy_Client_SK,ProduktLaunch26_Programmatic,IO_ProduktLaunch26_Video,LI_Audio_Awareness,20260915,Tablet,Košický kraj,5036,17,0.34%,7.97,,2778
Energy_Client_SK,ProduktLaunch26_Programmatic,IO_ProduktLaunch26_Video,LI_Audio_Awareness,20260902,Tablet,Bratislavský kraj,7136,22,0.31%,11.34,0.0,5487
Energy_Client_SK,ProduktLaunch26_Programmatic,IO_ProduktLaunch26_Display,LI_Native_Prospecting,20261017,Connected TV,Ostatné SR,4153,31,0.75%,12.88,,2878
Energy_Client_SK,ProduktLaunch26_Programmatic,IO_ProduktLaunch26_Video,LI_Audio_Awareness,20260902,Mobile,Bratislavský kraj,15122,33,0.22%,32.5,,9440
Energy_Client_SK,ProduktLaunch26_Programmatic,IO_ProduktLaunch26_Display,LI_Native_Prospecting,20261018,Desktop,Košický kraj,4465,22,0.49%,16.36,,2999
Energy_Client_SK,ProduktLaunch26_Programmatic,IO_ProduktLaunch26_Display,LI_Display_Prospecting,20261016,Connected TV,Košický kraj,7924,44,0.55%,23.26,,5856
Energy_Client_SK,ProduktLaunch26_Programmatic,IO_ProduktLaunch26_Video,LI_Video_Prospecting,20261003,Connected TV,Bratislavský kraj,12544,88,0.7%,62.12,0.0,7686
Energy_Client_SK,ProduktLaunch26_Programmatic,IO_ProduktLaunch26_Display,LI_Display_Retarget,20260905,Connected TV,Ostatné SR,7545,39,0.52%,17.72,,5387
Energy_Client_SK,ProduktLaunch26_Programmatic,IO_ProduktLaunch26_Video,LI_Video_Retarget,20260920,Connected TV,Košický kraj,7790,72,0.92%,27.26,0.0,5005
Energy_Client_SK,ProduktLaunch26_Programmatic,IO_ProduktLaunch26_Display,LI_Display_Retarget,20260823,Tablet,Košický kraj,5138,25,0.48%,14.57,,3850
Energy_Client_SK,ProduktLaunch26_Programmatic,IO_ProduktLaunch26_Video,LI_Video_Prospecting,20261023,Connected TV,Bratislavský kraj,16116,86,0.53%,75.66,,11520
Energy_Client_SK,ProduktLaunch26_Programmatic,IO_ProduktLaunch26_Video,LI_Video_Prospecting,20260905,Tablet,Košický kraj,3681,26,0.7%,11.35,0.0,2434
Energy_Client_SK,ProduktLaunch26_Programmatic,IO_ProduktLaunch26_Display,LI_Native_Prospecting,20260918,Connected TV,Košický kraj,4239,27,0.64%,14.28,,2350
Energy_Client_SK,ProduktLaunch26_Programmatic,IO_ProduktLaunch26_Display,LI_Display_Retarget,20261020,Desktop,Košický kraj,6569,44,0.68%,22.24,0.0,4444
Energy_Client_SK,ProduktLaunch26_Programmatic,IO_ProduktLaunch26_Display,LI_Native_Prospecting,20260911,Desktop,Košický kraj,4752,20,0.43%,13.2,,3378
Energy_Client_SK,ProduktLaunch26_Programmatic,IO_ProduktLaunch26_Display,LI_Native_Prospecting,20260821,Connected TV,Košický kraj,4266,28,0.65%,15.44,,2571
Energy_Client_SK,ProduktLaunch26_Programmatic,IO_ProduktLaunch26_Display,LI_Display_Prospecting,20260927,Mobile,Bratislavský kraj,17789,102,0.58%,40.76,,11106
Energy_Client_SK,ProduktLaunch26_Programmatic,IO_ProduktLaunch26_Video,LI_Video_Prospecting,20260821,Tablet,Ostatné SR,7706,65,0.84%,37.33,,5230
Energy_Client_SK,ProduktLaunch26_Programmatic,IO_ProduktLaunch26_Video,LI_Audio_Awareness,20260902,Mobile,Ostatné SR,14440,42,0.29%,32.6,,11268
Energy_Client_SK,ProduktLaunch26_Programmatic,IO_ProduktLaunch26_Video,LI_Audio_Awareness,20261019,Tablet,Bratislavský kraj,3617,8,0.21%,5.95,,2007
Energy_Client_SK,ProduktLaunch26_Programmatic,IO_ProduktLaunch26_Display,LI_Display_Prospecting,20260904,Desktop,Bratislavský kraj,11401,40,0.35%,21.15,,7236
Energy_Client_SK,ProduktLaunch26_Programmatic,IO_ProduktLaunch26_Video,LI_Video_Retarget,20260909,Tablet,Košický kraj,3182,32,1.02%,11.17,,2289
Energy_Client_SK,ProduktLaunch26_Programmatic,IO_ProduktLaunch26_Video,LI_Video_Prospecting,20260826,Tablet,Ostatné SR,7906,63,0.8%,35.67,,6148
Energy_Client_SK,ProduktLaunch26_Programmatic,IO_ProduktLaunch26_Display,LI_Native_Prospecting,20260823,Mobile,Ostatné SR,11631,47,0.4%,31.27,,7633
Energy_Client_SK,ProduktLaunch26_Programmatic,IO_ProduktLaunch26_Display,LI_Native_Prospecting,20261010,Tablet,Bratislavský kraj,7704,33,0.42%,27.6,,6028
Energy_Client_SK,ProduktLaunch26_Programmatic,IO_ProduktLaunch26_Video,LI_Video_Prospecting,20260910,Connected TV,Košický kraj,7833,45,0.58%,31.75,0.0,5406
Energy_Client_SK,ProduktLaunch26_Programmatic,IO_ProduktLaunch26_Video,LI_Video_Retarget,20260919,Mobile,Košický kraj,13290,97,0.73%,55.24,,8245
Energy_Client_SK,ProduktLaunch26_Programmatic,IO_ProduktLaunch26_Video,LI_Audio_Awareness,20260929,Connected TV,Ostatné SR,7827,39,0.49%,17.14,,4657
Energy_Client_SK,ProduktLaunch26_Programmatic,IO_ProduktLaunch26_Display,LI_Native_Prospecting,20260921,Tablet,Bratislavský kraj,7006,52,0.74%,24.18,,4174
Energy_Client_SK,ProduktLaunch26_Programmatic,IO_ProduktLaunch26_Display,LI_Display_Prospecting,20260831,Connected TV,Ostatné SR,7011,35,0.5%,17.22,0.0,4117
Energy_Client_SK,ProduktLaunch26_Programmatic,IO_ProduktLaunch26_Display,LI_Native_Prospecting,20260901,Mobile,Ostatné SR,9746,75,0.77%,26.64,,7206
Energy_Client_SK,ProduktLaunch26_Programmatic,IO_ProduktLaunch26_Video,LI_Video_Prospecting,20260901,Tablet,Bratislavský kraj,9196,79,0.86%,44.71,0.0,6529
Energy_Client_SK,ProduktLaunch26_Programmatic,IO_ProduktLaunch26_Video,LI_Audio_Awareness,20261022,Mobile,Ostatné SR,8730,18,0.2%,16.5,0.0,6924
Energy_Client_SK,ProduktLaunch26_Programmatic,IO_ProduktLaunch26_Display,LI_Display_Retarget,20260929,Mobile,Ostatné SR,8808,53,0.6%,23.3,,6156
Energy_Client_SK,ProduktLaunch26_Programmatic,IO_ProduktLaunch26_Display,LI_Display_Prospecting,20261021,Connected TV,Ostatné SR,6938,35,0.51%,15.23,,5294
Energy_Client_SK,ProduktLaunch26_Programmatic,IO_ProduktLaunch26_Display,LI_Display_Retarget,20260929,Desktop,Košický kraj,7716,24,0.31%,26.9,,5679
Energy_Client_SK,ProduktLaunch26_Programmatic,IO_ProduktLaunch26_Display,LI_Native_Prospecting,20260822,Tablet,Ostatné SR,4441,30,0.68%,11.86,,2547
Energy_Client_SK,ProduktLaunch26_Programmatic,IO_ProduktLaunch26_Video,LI_Audio_Awareness,20261028,Desktop,Bratislavský kraj,10709,47,0.44%,16.27,0.0,6128
Energy_Client_SK,ProduktLaunch26_Programmatic,IO_ProduktLaunch26_Video,LI_Video_Prospecting,20260831,Mobile,Bratislavský kraj,28028,180,0.64%,94.33,,17881
Energy_Client_SK,ProduktLaunch26_Programmatic,IO_ProduktLaunch26_Video,LI_Audio_Awareness,20261003,Tablet,Ostatné SR,6090,14,0.23%,13.92,,3448
Energy_Client_SK,ProduktLaunch26_Programmatic,IO_ProduktLaunch26_Video,LI_Video_Retarget,20260905,Connected TV,Ostatné SR,10853,71,0.66%,46.91,,7056
Energy_Client_SK,ProduktLaunch26_Programmatic,IO_ProduktLaunch26_Video,LI_Audio_Awareness,20260823,Mobile,Bratislavský kraj,18950,92,0.48%,40.89,,11708
Energy_Client_SK,ProduktLaunch26_Programmatic,IO_ProduktLaunch26_Display,LI_Native_Prospecting,20261014,Desktop,Košický kraj,9261,46,0.49%,33.35,0.0,6868
Energy_Client_SK,ProduktLaunch26_Programmatic,IO_ProduktLaunch26_Display,LI_Display_Prospecting,20260908,Mobile,Bratislavský kraj,14861,47,0.31%,27.39,,11333
Energy_Client_SK,ProduktLaunch26_Programmatic,IO_ProduktLaunch26_Display,LI_Native_Prospecting,20261001,Mobile,Ostatné SR,7213,35,0.48%,19.71,,4509
Energy_Client_SK,ProduktLaunch26_Programmatic,IO_ProduktLaunch26_Video,LI_Audio_Awareness,20260917,Connected TV,Košický kraj,5495,12,0.21%,9.86,0.0,3208
Energy_Client_SK,ProduktLaunch26_Programmatic,IO_ProduktLaunch26_Video,LI_Audio_Awareness,20261022,Desktop,Košický kraj,7327,20,0.27%,12.27,0.0,4792
Energy_Client_SK,ProduktLaunch26_Programmatic,IO_ProduktLaunch26_Display,LI_Display_Retarget,20261002,Desktop,Bratislavský kraj,16988,68,0.4%,39.99,,13430
Energy_Client_SK,ProduktLaunch26_Programmatic,IO_ProduktLaunch26_Display,LI_Display_Prospecting,20260917,Connected TV,Bratislavský kraj,11366,45,0.4%,27.64,0.0,6867
Energy_Client_SK,ProduktLaunch26_Programmatic,IO_ProduktLaunch26_Video,LI_Audio_Awareness,20260913,Connected TV,Ostatné SR,4837,23,0.47%,9.92,,3576
Energy_Client_SK,ProduktLaunch26_Programmatic,IO_ProduktLaunch26_Video,LI_Audio_Awareness,20261028,Tablet,Košický kraj,2580,6,0.25%,6.11,,1751
Energy_Client_SK,ProduktLaunch26_Programmatic,IO_ProduktLaunch26_Display,LI_Display_Prospecting,20260825,Desktop,Košický kraj,9180,27,0.3%,27.8,,6217
Energy_Client_SK,ProduktLaunch26_Programmatic,IO_ProduktLaunch26_Display,LI_Display_Prospecting,20261008,Desktop,Ostatné SR,14005,75,0.53%,30.19,0.0,10578
Energy_Client_SK,ProduktLaunch26_Programmatic,IO_ProduktLaunch26_Video,LI_Audio_Awareness,20260929,Desktop,Ostatné SR,9005,28,0.31%,21.4,,6908
Energy_Client_SK,ProduktLaunch26_Programmatic,IO_ProduktLaunch26_Display,LI_Display_Retarget,20260930,Tablet,Košický kraj,4847,29,0.61%,10.93,0.0,3334
Energy_Client_SK,ProduktLaunch26_Programmatic,IO_ProduktLaunch26_Display,LI_Display_Retarget,20261009,Connected TV,Bratislavský kraj,10461,46,0.44%,22.16,0.0,7036
Energy_Client_SK,ProduktLaunch26_Programmatic,IO_ProduktLaunch26_Video,LI_Video_Retarget,20260928,Desktop,Bratislavský kraj,18966,139,0.74%,96.88,,12126
Energy_Client_SK,ProduktLaunch26_Programmatic,IO_ProduktLaunch26_Video,LI_Video_Prospecting,20260825,Tablet,Košický kraj,4135,21,0.51%,14.63,0.0,3082
Energy_Client_SK,ProduktLaunch26_Programmatic,IO_ProduktLaunch26_Display,LI_Native_Prospecting,20261004,Mobile,Bratislavský kraj,16201,89,0.55%,41.48,0.0,10845
Energy_Client_SK,ProduktLaunch26_Programmatic,IO_ProduktLaunch26_Video,LI_Video_Retarget,20260923,Mobile,Košický kraj,14774,98,0.66%,51.19,,8812
Energy_Client_SK,ProduktLaunch26_Programmatic,IO_ProduktLaunch26_Display,LI_Display_Prospecting,20260820,Mobile,Ostatné SR,14132,48,0.34%,31.31,,9591
Energy_Client_SK,ProduktLaunch26_Programmatic,IO_ProduktLaunch26_Video,LI_Audio_Awareness,20261005,Connected TV,Košický kraj,3682,15,0.41%,9.56,,2726
Energy_Client_SK,ProduktLaunch26_Programmatic,IO_ProduktLaunch26_Display,LI_Display_Retarget,20261021,Tablet,Ostatné SR,3638,22,0.6%,8.78,0.0,2352
Energy_Client_SK,ProduktLaunch26_Programmatic,IO_ProduktLaunch26_Display,LI_Display_Retarget,20260829,Connected TV,Košický kraj,0,0,0.32%,-60.0,,2221
Energy_Client_SK,ProduktLaunch26_Programmatic,IO_ProduktLaunch26_Video,LI_Audio_Awareness,20260921,Mobile,Bratislavský kraj,13761,66,0.48%,26.7,,10929
Energy_Client_SK,ProduktLaunch26_Programmatic,IO_ProduktLaunch26_Video,LI_Audio_Awareness,20260827,Desktop,Ostatné SR,5760,24,0.42%,13.87,0.0,4392
Energy_Client_SK,ProduktLaunch26_Programmatic,IO_ProduktLaunch26_Display,LI_Native_Prospecting,20260904,Connected TV,Košický kraj,3751,29,0.77%,9.15,0.0,2757
Energy_Client_SK,ProduktLaunch26_Programmatic,IO_ProduktLaunch26_Display,LI_Native_Prospecting,20260927,Connected TV,Ostatné SR,5799,35,0.61%,21.33,,3863
Energy_Client_SK,ProduktLaunch26_Programmatic,IO_ProduktLaunch26_Video,LI_Video_Prospecting,20260913,Connected TV,Ostatné SR,10310,50,0.48%,33.38,,6359
Energy_Client_SK,ProduktLaunch26_Programmatic,IO_ProduktLaunch26_Video,LI_Video_Prospecting,20260815,Desktop,Bratislavský kraj,18284,89,0.49%,87.08,,12156
Energy_Client_SK,ProduktLaunch26_Programmatic,IO_ProduktLaunch26_Video,LI_Video_Prospecting,20260908,Mobile,Ostatné SR,15644,98,0.62%,73.62,0.0,8622
Energy_Client_SK,ProduktLaunch26_Programmatic,IO_ProduktLaunch26_Video,LI_Video_Retarget,20260823,Connected TV,Košický kraj,3981,23,0.57%,12.89,,2452
Energy_Client_SK,ProduktLaunch26_Programmatic,IO_ProduktLaunch26_Display,LI_Native_Prospecting,20260929,Tablet,Bratislavský kraj,6541,38,0.59%,14.65,,5095
Energy_Client_SK,ProduktLaunch26_Programmatic,IO_ProduktLaunch26_Display,LI_Display_Retarget,20261011,Desktop,Ostatné SR,6490,31,0.47%,18.47,,3614
Energy_Client_SK,ProduktLaunch26_Programmatic,IO_ProduktLaunch26_Display,LI_Display_Prospecting,20261011,Desktop,Košický kraj,6015,27,0.46%,15.14,,3658
Energy_Client_SK,ProduktLaunch26_Programmatic,IO_ProduktLaunch26_Display,LI_Display_Retarget,20260830,Mobile,Ostatné SR,7803,32,0.41%,18.49,,4489
Energy_Client_SK,ProduktLaunch26_Programmatic,IO_ProduktLaunch26_Display,LI_Display_Prospecting,20260922,Mobile,Košický kraj,11374,45,0.4%,26.86,0.0,8660
Energy_Client_SK,ProduktLaunch26_Programmatic,IO_ProduktLaunch26_Display,LI_Display_Prospecting,20261027,Tablet,Košický kraj,5976,33,0.55%,11.46,,4381
Energy_Client_SK,ProduktLaunch26_Programmatic,IO_ProduktLaunch26_Video,LI_Audio_Awareness,20260830,Desktop,Ostatné SR,9375,43,0.46%,19.45,,5512
Energy_Client_SK,ProduktLaunch26_Programmatic,IO_ProduktLaunch26_Display,LI_Display_Retarget,20261022,Desktop,Bratislavský kraj,16884,91,0.54%,49.56,,10064
Energy_Client_SK,ProduktLaunch26_Programmatic,IO_ProduktLaunch26_Display,LI_Display_Prospecting,20260823,Mobile,Ostatné SR,10696,38,0.36%,21.58,0.0,5924
Energy_Client_SK,ProduktLaunch26_Programmatic,IO_ProduktLaunch26_Video,LI_Video_Retarget,20260825,Mobile,Košický kraj,11311,68,0.6%,53.42,0.0,6440
Energy_Client_SK,ProduktLaunch26_Programmatic,IO_ProduktLaunch26_Video,LI_Video_Retarget,20260829,Desktop,Bratislavský kraj,20084,166,0.83%,83.93,0.0,13737
Energy_Client_SK,ProduktLaunch26_Programmatic,IO_ProduktLaunch26_Display,LI_Native_Prospecting,20260824,Tablet,Ostatné SR,5113,26,0.52%,14.56,,3518
Energy_Client_SK,ProduktLaunch26_Programmatic,IO_ProduktLaunch26_Display,LI_Native_Prospecting,20260910,Connected TV,Bratislavský kraj,10120,43,0.42%,36.16,,7157
Energy_Client_SK,ProduktLaunch26_Programmatic,IO_ProduktLaunch26_Video,LI_Audio_Awareness,20260828,Connected TV,Bratislavský kraj,10822,53,0.49%,25.73,,6832
Energy_Client_SK,ProduktLaunch26_Programmatic,IO_ProduktLaunch26_Video,LI_Video_Prospecting,20260915,Mobile,Bratislavský kraj,18427,96,0.52%,91.76,0.0,13805
Energy_Client_SK,ProduktLaunch26_Programmatic,IO_ProduktLaunch26_Video,LI_Video_Retarget,20261006,Desktop,Bratislavský kraj,11766,103,0.87%,57.9,0.0,7638
Energy_Client_SK,ProduktLaunch26_Programmatic,IO_ProduktLaunch26_Display,LI_Display_Retarget,20261006,Mobile,Ostatné SR,10935,68,0.62%,36.83,,6340
Energy_Client_SK,ProduktLaunch26_Programmatic,IO_ProduktLaunch26_Video,LI_Video_Retarget,20261005,Tablet,Ostatné SR,4260,37,0.86%,17.04,,3293
Energy_Client_SK,ProduktLaunch26_Programmatic,IO_ProduktLaunch26_Display,LI_Display_Retarget,20260921,Connected TV,Bratislavský kraj,11816,38,0.32%,24.5,0.0,7429
Energy_Client_SK,ProduktLaunch26_Programmatic,IO_ProduktLaunch26_Display,LI_Display_Prospecting,20260915,Mobile,Košický kraj,14449,66,0.46%,43.37,,9041
Energy_Client_SK,ProduktLaunch26_Programmatic,IO_ProduktLaunch26_Video,LI_Video_Retarget,20260911,Mobile,Košický kraj,12511,128,1.02%,58.92,,9403
Energy_Client_SK,ProduktLaunch26_Programmatic,IO_ProduktLaunch26_Video,LI_Video_Prospecting,20260924,Connected TV,Bratislavský kraj,10399,83,0.8%,51.67,,7486
Energy_Client_SK,ProduktLaunch26_Programmatic,IO_ProduktLaunch26_Display,LI_Display_Prospecting,20261001,Tablet,Ostatné SR,5732,25,0.43%,15.0,0.0,3174
Energy_Client_SK,ProduktLaunch26_Programmatic,IO_ProduktLaunch26_Video,LI_Video_Retarget,20261027,Tablet,Bratislavský kraj,7668,46,0.6%,35.0,,4922
Energy_Client_SK,ProduktLaunch26_Programmatic,IO_ProduktLaunch26_Display,LI_Display_Prospecting,20260828,Connected TV,Bratislavský kraj,12890,67,0.52%,32.87,,9904
Energy_Client_SK,ProduktLaunch26_Programmatic,IO_ProduktLaunch26_Video,LI_Video_Retarget,20260827,Connected TV,Bratislavský kraj,11796,111,0.94%,51.09,,7188
Energy_Client_SK,ProduktLaunch26_Programmatic,IO_ProduktLaunch26_Video,LI_Audio_Awareness,20260828,Mobile,Ostatné SR,13146,50,0.38%,25.03,,7667
Energy_Client_SK,ProduktLaunch26_Programmatic,IO_ProduktLaunch26_Display,LI_Native_Prospecting,20261012,Desktop,Bratislavský kraj,16072,72,0.45%,42.6,,10959
Energy_Client_SK,ProduktLaunch26_Programmatic,IO_ProduktLaunch26_Display,LI_Display_Retarget,20260906,Tablet,Bratislavský kraj,8031,45,0.56%,17.28,0.0,4586
Energy_Client_SK,ProduktLaunch26_Programmatic,IO_ProduktLaunch26_Video,LI_Video_Prospecting,20261005,Desktop,Bratislavský kraj,22019,141,0.64%,109.1,,15984
Energy_Client_SK,ProduktLaunch26_Programmatic,IO_ProduktLaunch26_Video,LI_Video_Retarget,20261027,Mobile,Bratislavský kraj,19380,122,0.63%,93.77,0.0,12316
Energy_Client_SK,ProduktLaunch26_Programmatic,IO_ProduktLaunch26_Display,LI_Display_Retarget,20261004,Connected TV,Ostatné SR,5211,26,0.5%,15.7,,3353
Energy_Client_SK,ProduktLaunch26_Programmatic,IO_ProduktLaunch26_Video,LI_Audio_Awareness,20261015,Connected TV,Bratislavský kraj,10779,52,0.48%,20.07,,7962
Energy_Client_SK,ProduktLaunch26_Programmatic,IO_ProduktLaunch26_Display,LI_Display_Retarget,20260829,Desktop,Bratislavský kraj,16813,93,0.55%,37.49,,11068
Energy_Client_SK,ProduktLaunch26_Programmatic,IO_ProduktLaunch26_Video,LI_Video_Retarget,20260907,Mobile,Ostatné SR,17733,114,0.64%,78.84,,12777
Energy_Client_SK,ProduktLaunch26_Programmatic,IO_ProduktLaunch26_Video,LI_Audio_Awareness,20260903,Desktop,Ostatné SR,12307,34,0.28%,19.24,0.0,8078
Energy_Client_SK,ProduktLaunch26_Programmatic,IO_ProduktLaunch26_Display,LI_Native_Prospecting,20260831,Connected TV,Ostatné SR,3857,31,0.79%,13.61,,2589
Energy_Client_SK,ProduktLaunch26_Programmatic,IO_ProduktLaunch26_Video,LI_Video_Retarget,20261023,Desktop,Bratislavský kraj,18390,196,1.07%,71.12,,11492
Energy_Client_SK,ProduktLaunch26_Programmatic,IO_ProduktLaunch26_Display,LI_Display_Prospecting,20260920,Desktop,Ostatné SR,14450,70,0.48%,31.18,,8493
Energy_Client_SK,ProduktLaunch26_Programmatic,IO_ProduktLaunch26_Display,LI_Native_Prospecting,20260914,Mobile,Košický kraj,10158,52,0.51%,28.93,0.0,6471
Energy_Client_SK,ProduktLaunch26_Programmatic,IO_ProduktLaunch26_Display,LI_Display_Retarget,20260918,Desktop,Košický kraj,5726,27,0.48%,13.59,0.0,3536
Energy_Client_SK,ProduktLaunch26_Programmatic,IO_ProduktLaunch26_Video,LI_Audio_Awareness,20260825,Tablet,Ostatné SR,3639,9,0.26%,7.73,,2649
Energy_Client_SK,ProduktLaunch26_Programmatic,IO_ProduktLaunch26_Display,LI_Native_Prospecting,20260926,Mobile,Bratislavský kraj,9714,46,0.47%,27.23,,7302
Energy_Client_SK,ProduktLaunch26_Programmatic,IO_ProduktLaunch26_Video,LI_Audio_Awareness,20261013,Tablet,Ostatné SR,4020,13,0.34%,6.23,,3145
Energy_Client_SK,ProduktLaunch26_Programmatic,IO_ProduktLaunch26_Video,LI_Video_Prospecting,20260829,Desktop,Košický kraj,7448,50,0.67%,24.88,,5000
Energy_Client_SK,ProduktLaunch26_Programmatic,IO_ProduktLaunch26_Video,LI_Audio_Awareness,20260817,Mobile,Košický kraj,6982,15,0.22%,14.12,,5224
Energy_Client_SK,ProduktLaunch26_Programmatic,IO_ProduktLaunch26_Video,LI_Video_Retarget,20261010,Connected TV,Košický kraj,6099,52,0.86%,29.68,0.0,4198
Energy_Client_SK,ProduktLaunch26_Programmatic,IO_ProduktLaunch26_Video,LI_Video_Retarget,20260818,Desktop,Košický kraj,11957,118,0.99%,44.93,0.0,6901
Energy_Client_SK,ProduktLaunch26_Programmatic,IO_ProduktLaunch26_Video,LI_Video_Prospecting,20261026,Connected TV,Košický kraj,5502,41,0.75%,20.65,,3352
Energy_Client_SK,ProduktLaunch26_Programmatic,IO_ProduktLaunch26_Video,LI_Video_Prospecting,20261026,Mobile,Ostatné SR,14848,76,0.51%,53.48,,9986
Energy_Client_SK,ProduktLaunch26_Programmatic,IO_ProduktLaunch26_Display,LI_Display_Prospecting,20260904,Tablet,Košický kraj,3606,19,0.52%,8.2,,2867
Energy_Client_SK,ProduktLaunch26_Programmatic,IO_ProduktLaunch26_Display,LI_Display_Retarget,20260928,Tablet,Bratislavský kraj,5448,30,0.55%,16.28,,3332
Energy_Client_SK,ProduktLaunch26_Programmatic,IO_ProduktLaunch26_Video,LI_Audio_Awareness,20261015,Mobile,Ostatné SR,13548,45,0.33%,21.69,,8155
Energy_Client_SK,ProduktLaunch26_Programmatic,IO_ProduktLaunch26_Video,LI_Video_Prospecting,20261011,Desktop,Ostatné SR,9504,60,0.63%,45.01,,6397
Energy_Client_SK,ProduktLaunch26_Programmatic,IO_ProduktLaunch26_Video,LI_Audio_Awareness,20260822,Connected TV,Bratislavský kraj,10732,32,0.3%,21.0,,7069
Energy_Client_SK,ProduktLaunch26_Programmatic,IO_ProduktLaunch26_Video,LI_Audio_Awareness,20260921,Tablet,Ostatné SR,3305,11,0.33%,5.4,,1938
Energy_Client_SK,ProduktLaunch26_Programmatic,IO_ProduktLaunch26_Video,LI_Video_Retarget,20260905,Desktop,Bratislavský kraj,18286,118,0.64%,71.36,0.0,12743
Energy_Client_SK,ProduktLaunch26_Programmatic,IO_ProduktLaunch26_Display,LI_Display_Retarget,20261003,Tablet,Košický kraj,4046,14,0.35%,12.75,,2602
Energy_Client_SK,ProduktLaunch26_Programmatic,IO_ProduktLaunch26_Video,LI_Video_Prospecting,20260911,Tablet,Košický kraj,3599,23,0.64%,12.68,,2188
Energy_Client_SK,ProduktLaunch26_Programmatic,IO_ProduktLaunch26_Video,LI_Video_Prospecting,20261019,Mobile,Košický kraj,15728,89,0.57%,53.37,0.0,12084
Energy_Client_SK,ProduktLaunch26_Programmatic,IO_ProduktLaunch26_Video,LI_Audio_Awareness,20260930,Desktop,Ostatné SR,9943,33,0.34%,15.76,,7878
Energy_Client_SK,ProduktLaunch26_Programmatic,IO_ProduktLaunch26_Display,LI_Display_Prospecting,20261015,Connected TV,Ostatné SR,6372,27,0.42%,12.29,,3849
Energy_Client_SK,ProduktLaunch26_Programmatic,IO_ProduktLaunch26_Video,LI_Video_Prospecting,20260919,Tablet,Ostatné SR,5256,36,0.69%,24.56,,3455
Energy_Client_SK,ProduktLaunch26_Programmatic,IO_ProduktLaunch26_Video,LI_Audio_Awareness,20260914,Desktop,Bratislavský kraj,8155,23,0.28%,15.21,,5910
Energy_Client_SK,ProduktLaunch26_Programmatic,IO_ProduktLaunch26_Video,LI_Video_Prospecting,20260921,Mobile,Bratislavský kraj,19099,82,0.43%,62.22,,15124
Energy_Client_SK,ProduktLaunch26_Programmatic,IO_ProduktLaunch26_Video,LI_Audio_Awareness,20260928,Tablet,Košický kraj,4528,16,0.34%,11.01,0.0,3553
Energy_Client_SK,ProduktLaunch26_Programmatic,IO_ProduktLaunch26_Display,LI_Display_Retarget,20260910,Desktop,Košický kraj,5665,19,0.34%,11.87,,3625
Energy_Client_SK,ProduktLaunch26_Programmatic,IO_ProduktLaunch26_Display,LI_Native_Prospecting,20261005,Mobile,Ostatné SR,12603,78,0.62%,45.42,,9433
Energy_Client_SK,ProduktLaunch26_Programmatic,IO_ProduktLaunch26_Video,LI_Audio_Awareness,20260910,Mobile,Bratislavský kraj,18920,55,0.29%,38.08,,12834
Energy_Client_SK,ProduktLaunch26_Programmatic,IO_ProduktLaunch26_Video,LI_Video_Prospecting,20261018,Connected TV,Košický kraj,9755,67,0.69%,34.18,,6968
Energy_Client_SK,ProduktLaunch26_Programmatic,IO_ProduktLaunch26_Display,LI_Native_Prospecting,20261024,Tablet,Bratislavský kraj,6492,45,0.7%,22.1,0.0,3684
Energy_Client_SK,ProduktLaunch26_Programmatic,IO_ProduktLaunch26_Video,LI_Audio_Awareness,20261020,Tablet,Košický kraj,4994,11,0.21%,12.45,0.0,2793
Energy_Client_SK,ProduktLaunch26_Programmatic,IO_ProduktLaunch26_Video,LI_Video_Prospecting,20261013,Mobile,Ostatné SR,10986,90,0.82%,53.54,,7210
Energy_Client_SK,ProduktLaunch26_Programmatic,IO_ProduktLaunch26_Display,LI_Display_Retarget,20261021,Desktop,Bratislavský kraj,8631,59,0.68%,19.3,,4831
Energy_Client_SK,ProduktLaunch26_Programmatic,IO_ProduktLaunch26_Display,LI_Native_Prospecting,20260815,Tablet,Košický kraj,4200,30,0.71%,15.55,,2977
Energy_Client_SK,ProduktLaunch26_Programmatic,IO_ProduktLaunch26_Video,LI_Video_Retarget,20260903,Mobile,Ostatné SR,13826,75,0.54%,45.94,,10264
Energy_Client_SK,ProduktLaunch26_Programmatic,IO_ProduktLaunch26_Display,LI_Display_Prospecting,20260828,Connected TV,Košický kraj,4161,20,0.49%,10.52,,2519
Energy_Client_SK,ProduktLaunch26_Programmatic,IO_ProduktLaunch26_Video,LI_Audio_Awareness,20261001,Desktop,Ostatné SR,10938,30,0.28%,21.18,,8563
Energy_Client_SK,ProduktLaunch26_Programmatic,IO_ProduktLaunch26_Display,LI_Native_Prospecting,20260901,Desktop,Ostatné SR,5253,26,0.49%,18.49,0.0,3448
Energy_Client_SK,ProduktLaunch26_Programmatic,IO_ProduktLaunch26_Display,LI_Display_Retarget,20261024,Tablet,Košický kraj,4939,16,0.33%,12.91,0.0,3535
Energy_Client_SK,ProduktLaunch26_Programmatic,IO_ProduktLaunch26_Video,LI_Video_Prospecting,20260924,Desktop,Ostatné SR,14411,70,0.49%,70.48,,8127
Energy_Client_SK,ProduktLaunch26_Programmatic,IO_ProduktLaunch26_Video,LI_Video_Retarget,20260902,Tablet,Košický kraj,5289,56,1.07%,26.58,0.0,3815
Energy_Client_SK,ProduktLaunch26_Programmatic,IO_ProduktLaunch26_Display,LI_Display_Prospecting,20260816,Connected TV,Bratislavský kraj,12408,51,0.41%,37.49,,9799
Energy_Client_SK,ProduktLaunch26_Programmatic,IO_ProduktLaunch26_Video,LI_Video_Retarget,20261026,Desktop,Ostatné SR,15239,149,0.98%,49.3,,10424
Energy_Client_SK,ProduktLaunch26_Programmatic,IO_ProduktLaunch26_Video,LI_Video_Retarget,20261028,Tablet,Košický kraj,4039,21,0.51%,14.56,0.0,2604
Energy_Client_SK,ProduktLaunch26_Programmatic,IO_ProduktLaunch26_Display,LI_Display_Retarget,20261028,Desktop,Košický kraj,9391,40,0.43%,21.9,0.0,5744
Energy_Client_SK,ProduktLaunch26_Programmatic,IO_ProduktLaunch26_Display,LI_Display_Retarget,20260922,Connected TV,Ostatné SR,9029,48,0.53%,20.05,0.0,7104
Energy_Client_SK,ProduktLaunch26_Programmatic,IO_ProduktLaunch26_Display,LI_Native_Prospecting,20260907,Desktop,Bratislavský kraj,12484,52,0.42%,47.11,,7639
Energy_Client_SK,ProduktLaunch26_Programmatic,IO_ProduktLaunch26_Display,LI_Native_Prospecting,20260822,Desktop,Ostatné SR,5613,25,0.44%,18.21,,4183
Energy_Client_SK,ProduktLaunch26_Programmatic,IO_ProduktLaunch26_Video,LI_Video_Retarget,20261014,Desktop,Košický kraj,12650,103,0.81%,58.76,,8322
Energy_Client_SK,ProduktLaunch26_Programmatic,IO_ProduktLaunch26_Display,LI_Display_Retarget,20260919,Connected TV,Bratislavský kraj,8715,42,0.48%,19.77,,6718
Energy_Client_SK,ProduktLaunch26_Programmatic,IO_ProduktLaunch26_Display,LI_Native_Prospecting,20260820,Tablet,Košický kraj,4671,29,0.61%,14.19,0.0,2744
Energy_Client_SK,ProduktLaunch26_Programmatic,IO_ProduktLaunch26_Display,LI_Display_Retarget,20260902,Tablet,Ostatné SR,5647,31,0.55%,18.37,,3601
Energy_Client_SK,ProduktLaunch26_Programmatic,IO_ProduktLaunch26_Display,LI_Native_Prospecting,20260823,Mobile,Košický kraj,9669,57,0.59%,22.27,,6473
Energy_Client_SK,ProduktLaunch26_Programmatic,IO_ProduktLaunch26_Video,LI_Audio_Awareness,20261006,Mobile,Ostatné SR,8542,20,0.24%,21.51,0.0,6443
Energy_Client_SK,ProduktLaunch26_Programmatic,IO_ProduktLaunch26_Video,LI_Video_Retarget,20260912,Connected TV,Košický kraj,8788,82,0.93%,32.06,,6801
Energy_Client_SK,ProduktLaunch26_Programmatic,IO_ProduktLaunch26_Display,LI_Display_Retarget,20261019,Desktop,Bratislavský kraj,16527,103,0.62%,46.26,,9578
Energy_Client_SK,ProduktLaunch26_Programmatic,IO_ProduktLaunch26_Video,LI_Video_Retarget,20261006,Connected TV,Ostatné SR,7763,73,0.94%,28.14,,5242
Energy_Client_SK,ProduktLaunch26_Programmatic,IO_ProduktLaunch26_Display,LI_Native_Prospecting,20260830,Desktop,Ostatné SR,7636,45,0.59%,28.73,0.0,4857
Energy_Client_SK,ProduktLaunch26_Programmatic,IO_ProduktLaunch26_Video,LI_Audio_Awareness,20261002,Tablet,Bratislavský kraj,5701,16,0.28%,11.93,,3741
Energy_Client_SK,ProduktLaunch26_Programmatic,IO_ProduktLaunch26_Display,LI_Display_Prospecting,20260916,Mobile,Ostatné SR,10627,35,0.33%,27.33,,7082
Energy_Client_SK,ProduktLaunch26_Programmatic,IO_ProduktLaunch26_Video,LI_Video_Retarget,20260816,Desktop,Bratislavský kraj,16567,92,0.56%,66.11,,12694
Energy_Client_SK,ProduktLaunch26_Programmatic,IO_ProduktLaunch26_Display,LI_Display_Prospecting,20260927,Connected TV,Košický kraj,3836,12,0.32%,9.01,0.0,3044
Energy_Client_SK,ProduktLaunch26_Programmatic,IO_ProduktLaunch26_Video,LI_Audio_Awareness,20260913,Mobile,Košický kraj,9812,33,0.34%,20.07,0.0,7454
Energy_Client_SK,ProduktLaunch26_Programmatic,IO_ProduktLaunch26_Video,LI_Video_Prospecting,20260904,Tablet,Bratislavský kraj,7686,31,0.4%,35.56,,4858
Energy_Client_SK,ProduktLaunch26_Programmatic,IO_ProduktLaunch26_Display,LI_Native_Prospecting,20261006,Connected TV,Ostatné SR,7898,46,0.59%,23.38,,4715
Energy_Client_SK,ProduktLaunch26_Programmatic,IO_ProduktLaunch26_Video,LI_Video_Retarget,20260821,Connected TV,Bratislavský kraj,10699,81,0.76%,41.24,,7153
Energy_Client_SK,ProduktLaunch26_Programmatic,IO_ProduktLaunch26_Display,LI_Display_Retarget,20260831,Desktop,Bratislavský kraj,18361,111,0.6%,51.71,,10624
Energy_Client_SK,ProduktLaunch26_Programmatic,IO_ProduktLaunch26_Display,LI_Display_Prospecting,20261012,Mobile,Ostatné SR,13933,71,0.51%,32.29,0.0,9235
Energy_Client_SK,ProduktLaunch26_Programmatic,IO_ProduktLaunch26_Video,LI_Video_Prospecting,20261023,Desktop,Ostatné SR,15597,134,0.86%,70.97,,10041
Energy_Client_SK,ProduktLaunch26_Programmatic,IO_ProduktLaunch26_Video,LI_Video_Retarget,20260826,Desktop,Ostatné SR,9302,67,0.72%,44.15,,6297
Energy_Client_SK,ProduktLaunch26_Programmatic,IO_ProduktLaunch26_Video,LI_Video_Prospecting,20260917,Connected TV,Bratislavský kraj,15656,95,0.6%,72.29,,10336
Energy_Client_SK,ProduktLaunch26_Programmatic,IO_ProduktLaunch26_Video,LI_Audio_Awareness,20260912,Connected TV,Ostatné SR,4372,20,0.45%,9.29,,2742
Energy_Client_SK,ProduktLaunch26_Programmatic,IO_ProduktLaunch26_Video,LI_Video_Prospecting,20260902,Tablet,Košický kraj,5652,47,0.83%,24.99,,3229
Energy_Client_SK,ProduktLaunch26_Programmatic,IO_ProduktLaunch26_Video,LI_Video_Prospecting,20260918,Mobile,Bratislavský kraj,25365,194,0.77%,77.59,,16491
Energy_Client_SK,ProduktLaunch26_Programmatic,IO_ProduktLaunch26_Display,LI_Native_Prospecting,20260906,Connected TV,Bratislavský kraj,7068,47,0.66%,19.12,,4772
Energy_Client_SK,ProduktLaunch26_Programmatic,IO_ProduktLaunch26_Display,LI_Display_Prospecting,20260829,Tablet,Bratislavský kraj,4863,20,0.41%,13.75,,3028
Energy_Client_SK,ProduktLaunch26_Programmatic,IO_ProduktLaunch26_Display,LI_Display_Prospecting,20260928,Mobile,Košický kraj,8533,30,0.36%,17.24,,5615
Energy_Client_SK,ProduktLaunch26_Programmatic,IO_ProduktLaunch26_Display,LI_Native_Prospecting,20261015,Connected TV,Košický kraj,4564,20,0.44%,15.28,0.0,2779
Energy_Client_SK,ProduktLaunch26_Programmatic,IO_ProduktLaunch26_Video,LI_Video_Retarget,20261028,Mobile,Ostatné SR,12383,79,0.64%,42.49,0.0,9088
Energy_Client_SK,ProduktLaunch26_Programmatic,IO_ProduktLaunch26_Video,LI_Audio_Awareness,20260910,Tablet,Košický kraj,2221,5,0.22%,4.24,,1475
Energy_Client_SK,ProduktLaunch26_Programmatic,IO_ProduktLaunch26_Display,LI_Native_Prospecting,20260915,Tablet,Bratislavský kraj,4137,24,0.59%,13.14,,2825
Energy_Client_SK,ProduktLaunch26_Programmatic,IO_ProduktLaunch26_Display,LI_Display_Retarget,20261011,Tablet,Košický kraj,4236,13,0.3%,10.66,0.0,3219
Energy_Client_SK,ProduktLaunch26_Programmatic,IO_ProduktLaunch26_Display,LI_Native_Prospecting,20260817,Connected TV,Ostatné SR,5774,44,0.76%,12.93,,4595
Energy_Client_SK,ProduktLaunch26_Programmatic,IO_ProduktLaunch26_Video,LI_Video_Retarget,20260828,Connected TV,Ostatné SR,6634,60,0.91%,30.94,0.0,4022
Energy_Client_SK,ProduktLaunch26_Programmatic,IO_ProduktLaunch26_Display,LI_Display_Prospecting,20260923,Connected TV,Ostatné SR,5277,30,0.57%,14.37,,3785
Energy_Client_SK,ProduktLaunch26_Programmatic,IO_ProduktLaunch26_Video,LI_Video_Retarget,20260917,Connected TV,Košický kraj,7320,79,1.08%,29.61,,5233
Energy_Client_SK,ProduktLaunch26_Programmatic,IO_ProduktLaunch26_Display,LI_Display_Retarget,20261007,Connected TV,Bratislavský kraj,9412,29,0.31%,28.12,0.0,5589
Energy_Client_SK,ProduktLaunch26_Programmatic,IO_ProduktLaunch26_Video,LI_Audio_Awareness,20261006,Tablet,Košický kraj,3456,9,0.26%,5.95,,2403
Energy_Client_SK,ProduktLaunch26_Programmatic,IO_ProduktLaunch26_Display,LI_Display_Prospecting,20261005,Connected TV,Bratislavský kraj,10658,37,0.35%,31.62,,6776
Energy_Client_SK,ProduktLaunch26_Programmatic,IO_ProduktLaunch26_Display,LI_Display_Retarget,20261007,Mobile,Košický kraj,7396,39,0.53%,15.17,0.0,5591
Energy_Client_SK,ProduktLaunch26_Programmatic,IO_ProduktLaunch26_Display,LI_Native_Prospecting,20260912,Connected TV,Bratislavský kraj,7071,40,0.56%,21.02,0.0,5324
Energy_Client_SK,ProduktLaunch26_Programmatic,IO_ProduktLaunch26_Video,LI_Video_Prospecting,20260817,Tablet,Košický kraj,4877,30,0.61%,16.13,,2927
Energy_Client_SK,ProduktLaunch26_Programmatic,IO_ProduktLaunch26_Video,LI_Audio_Awareness,20260825,Mobile,Bratislavský kraj,13769,55,0.4%,35.71,,9272
Energy_Client_SK,ProduktLaunch26_Programmatic,IO_ProduktLaunch26_Video,LI_Video_Retarget,20260922,Tablet,Bratislavský kraj,11179,64,0.58%,57.65,,8413
Energy_Client_SK,ProduktLaunch26_Programmatic,IO_ProduktLaunch26_Display,LI_Native_Prospecting,20261001,Mobile,Bratislavský kraj,15508,85,0.55%,53.74,,12060
Energy_Client_SK,ProduktLaunch26_Programmatic,IO_ProduktLaunch26_Display,LI_Native_Prospecting,20260927,Tablet,Ostatné SR,3406,14,0.42%,9.15,0.0,2164
Energy_Client_SK,ProduktLaunch26_Programmatic,IO_ProduktLaunch26_Display,LI_Display_Retarget,20261003,Connected TV,Košický kraj,7101,32,0.45%,22.39,0.0,4980
Energy_Client_SK,ProduktLaunch26_Programmatic,IO_ProduktLaunch26_Video,LI_Video_Prospecting,20261022,Desktop,Košický kraj,14913,119,0.8%,70.49,,11124
Energy_Client_SK,ProduktLaunch26_Programmatic,IO_ProduktLaunch26_Display,LI_Display_Prospecting,20260827,Tablet,Ostatné SR,6699,26,0.38%,12.09,,4099
Energy_Client_SK,ProduktLaunch26_Programmatic,IO_ProduktLaunch26_Display,LI_Native_Prospecting,20261022,Connected TV,Košický kraj,3479,19,0.56%,12.58,0.0,2448
Energy_Client_SK,ProduktLaunch26_Programmatic,IO_ProduktLaunch26_Display,LI_Native_Prospecting,20260924,Tablet,Košický kraj,2361,14,0.58%,5.66,0.0,1819
Energy_Client_SK,ProduktLaunch26_Programmatic,IO_ProduktLaunch26_Video,LI_Video_Prospecting,20261006,Mobile,Ostatné SR,12814,107,0.83%,63.83,,9475
Energy_Client_SK,ProduktLaunch26_Programmatic,IO_ProduktLaunch26_Video,LI_Video_Prospecting,20260821,Connected TV,Bratislavský kraj,8835,76,0.86%,42.28,,4884
Energy_Client_SK,ProduktLaunch26_Programmatic,IO_ProduktLaunch26_Video,LI_Video_Prospecting,20260819,Tablet,Košický kraj,7334,37,0.51%,30.74,,5003
Energy_Client_SK,ProduktLaunch26_Programmatic,IO_ProduktLaunch26_Video,LI_Video_Prospecting,20260915,Mobile,Ostatné SR,15721,91,0.58%,69.07,0.0,12327
Energy_Client_SK,ProduktLaunch26_Programmatic,IO_ProduktLaunch26_Display,LI_Display_Retarget,20260824,Mobile,Bratislavský kraj,10499,49,0.46%,29.78,,6307
Energy_Client_SK,ProduktLaunch26_Programmatic,IO_ProduktLaunch26_Video,LI_Video_Retarget,20260901,Connected TV,Košický kraj,4387,32,0.72%,15.31,0.0,3327
Energy_Client_SK,ProduktLaunch26_Programmatic,IO_ProduktLaunch26_Display,LI_Display_Retarget,20260824,Desktop,Ostatné SR,10851,68,0.63%,28.85,,8372
Energy_Client_SK,ProduktLaunch26_Programmatic,IO_ProduktLaunch26_Video,LI_Audio_Awareness,20260902,Tablet,Košický kraj,3204,10,0.31%,7.29,0.0,1896
Energy_Client_SK,ProduktLaunch26_Programmatic,IO_ProduktLaunch26_Video,LI_Video_Prospecting,20260909,Mobile,Bratislavský kraj,27539,119,0.43%,103.8,0.0,16449
Energy_Client_SK,ProduktLaunch26_Programmatic,IO_ProduktLaunch26_Display,LI_Native_Prospecting,20260906,Mobile,Ostatné SR,7193,49,0.68%,16.11,,4757
Energy_Client_SK,ProduktLaunch26_Programmatic,IO_ProduktLaunch26_Display,LI_Native_Prospecting,20261011,Tablet,Bratislavský kraj,5817,43,0.75%,17.02,,4087
Energy_Client_SK,ProduktLaunch26_Programmatic,IO_ProduktLaunch26_Video,LI_Video_Prospecting,20260913,Desktop,Bratislavský kraj,17740,99,0.56%,77.44,,11385
Energy_Client_SK,ProduktLaunch26_Programmatic,IO_ProduktLaunch26_Display,LI_Native_Prospecting,20261022,Desktop,Bratislavský kraj,13912,110,0.79%,48.95,,10354
Energy_Client_SK,ProduktLaunch26_Programmatic,IO_ProduktLaunch26_Display,LI_Display_Retarget,20260921,Mobile,Ostatné SR,12498,46,0.37%,30.98,0.0,9418
Energy_Client_SK,ProduktLaunch26_Programmatic,IO_ProduktLaunch26_Video,LI_Video_Retarget,20260913,Mobile,Košický kraj,10258,73,0.71%,37.93,,6386
Energy_Client_SK,ProduktLaunch26_Programmatic,IO_ProduktLaunch26_Display,LI_Display_Prospecting,20261004,Mobile,Košický kraj,8934,51,0.57%,23.0,0.0,5372
Energy_Client_SK,ProduktLaunch26_Programmatic,IO_ProduktLaunch26_Video,LI_Video_Prospecting,20260913,Mobile,Košický kraj,13793,97,0.7%,56.21,,7847
Energy_Client_SK,ProduktLaunch26_Programmatic,IO_ProduktLaunch26_Video,LI_Video_Retarget,20260920,Connected TV,Ostatné SR,6626,54,0.82%,27.95,,4527
Energy_Client_SK,ProduktLaunch26_Programmatic,IO_ProduktLaunch26_Video,LI_Video_Retarget,20261011,Tablet,Bratislavský kraj,9729,106,1.09%,36.81,0.0,5380
Energy_Client_SK,ProduktLaunch26_Programmatic,IO_ProduktLaunch26_Display,LI_Display_Prospecting,20260922,Tablet,Košický kraj,3353,10,0.3%,7.12,0.0,2105
Energy_Client_SK,ProduktLaunch26_Programmatic,IO_ProduktLaunch26_Video,LI_Video_Retarget,20261027,Tablet,Ostatné SR,6743,60,0.9%,34.7,,3893
Energy_Client_SK,ProduktLaunch26_Programmatic,IO_ProduktLaunch26_Video,LI_Audio_Awareness,20260925,Connected TV,Košický kraj,3163,9,0.29%,6.5,0.0,2370
Energy_Client_SK,ProduktLaunch26_Programmatic,IO_ProduktLaunch26_Display,LI_Native_Prospecting,20260827,Connected TV,Košický kraj,3060,17,0.57%,8.43,0.0,1747
Energy_Client_SK,ProduktLaunch26_Programmatic,IO_ProduktLaunch26_Video,LI_Video_Prospecting,20260919,Desktop,Bratislavský kraj,21443,91,0.43%,98.77,0.0,12654
Energy_Client_SK,ProduktLaunch26_Programmatic,IO_ProduktLaunch26_Video,LI_Video_Retarget,20260922,Connected TV,Ostatné SR,9207,95,1.03%,33.95,0.0,7190
Energy_Client_SK,ProduktLaunch26_Programmatic,IO_ProduktLaunch26_Video,LI_Video_Prospecting,20260822,Mobile,Ostatné SR,13357,109,0.81%,60.85,,10196
Energy_Client_SK,ProduktLaunch26_Programmatic,IO_ProduktLaunch26_Display,LI_Display_Prospecting,20261006,Tablet,Bratislavský kraj,9495,46,0.48%,27.56,,7173
Energy_Client_SK,ProduktLaunch26_Programmatic,IO_ProduktLaunch26_Display,LI_Display_Prospecting,20260825,Desktop,Ostatné SR,6848,32,0.47%,14.39,0.0,5465
Energy_Client_SK,ProduktLaunch26_Programmatic,IO_ProduktLaunch26_Display,LI_Display_Retarget,20261027,Mobile,Ostatné SR,15663,97,0.62%,50.95,,8789
Energy_Client_SK,ProduktLaunch26_Programmatic,IO_ProduktLaunch26_Display,LI_Display_Prospecting,20260823,Mobile,Bratislavský kraj,18265,78,0.43%,56.44,,13995
Energy_Client_SK,ProduktLaunch26_Programmatic,IO_ProduktLaunch26_Display,LI_Display_Retarget,20260904,Connected TV,Bratislavský kraj,6133,20,0.32%,14.47,,4405
Energy_Client_SK,ProduktLaunch26_Programmatic,IO_ProduktLaunch26_Video,LI_Video_Prospecting,20260828,Tablet,Bratislavský kraj,8321,50,0.6%,29.3,,6013
Energy_Client_SK,ProduktLaunch26_Programmatic,IO_ProduktLaunch26_Video,LI_Audio_Awareness,20261019,Tablet,Košický kraj,2290,11,0.47%,3.96,,1632
Energy_Client_SK,ProduktLaunch26_Programmatic,IO_ProduktLaunch26_Video,LI_Video_Retarget,20260917,Tablet,Ostatné SR,6852,62,0.9%,36.04,,3842
Energy_Client_SK,ProduktLaunch26_Programmatic,IO_ProduktLaunch26_Video,LI_Audio_Awareness,20260910,Desktop,Bratislavský kraj,15454,32,0.21%,32.69,,11108
Energy_Client_SK,ProduktLaunch26_Programmatic,IO_ProduktLaunch26_Display,LI_Display_Retarget,20260909,Mobile,Ostatné SR,14434,62,0.43%,29.91,0.0,9103
Energy_Client_SK,ProduktLaunch26_Programmatic,IO_ProduktLaunch26_Video,LI_Audio_Awareness,20260824,Desktop,Bratislavský kraj,13935,58,0.42%,25.17,,8256
Energy_Client_SK,ProduktLaunch26_Programmatic,IO_ProduktLaunch26_Video,LI_Audio_Awareness,20260821,Tablet,Bratislavský kraj,8300,31,0.38%,20.51,,6351
Energy_Client_SK,ProduktLaunch26_Programmatic,IO_ProduktLaunch26_Display,LI_Native_Prospecting,20260919,Tablet,Ostatné SR,2606,16,0.61%,5.88,,1612
Energy_Client_SK,ProduktLaunch26_Programmatic,IO_ProduktLaunch26_Video,LI_Video_Prospecting,20260920,Desktop,Ostatné SR,9197,68,0.74%,37.34,0.0,5082
Energy_Client_SK,ProduktLaunch26_Programmatic,IO_ProduktLaunch26_Display,LI_Display_Retarget,20261021,Connected TV,Ostatné SR,5081,28,0.55%,15.83,0.0,3099
Energy_Client_SK,ProduktLaunch26_Programmatic,IO_ProduktLaunch26_Display,LI_Display_Retarget,20260821,Desktop,Košický kraj,7566,26,0.34%,25.28,,4343
Energy_Client_SK,ProduktLaunch26_Programmatic,IO_ProduktLaunch26_Display,LI_Native_Prospecting,20260928,Connected TV,Košický kraj,4151,18,0.43%,13.45,,2845
Energy_Client_SK,ProduktLaunch26_Programmatic,IO_ProduktLaunch26_Display,LI_Native_Prospecting,20261025,Mobile,Bratislavský kraj,8160,59,0.72%,30.06,0.0,6187
Energy_Client_SK,ProduktLaunch26_Programmatic,IO_ProduktLaunch26_Display,LI_Native_Prospecting,20260908,Tablet,Bratislavský kraj,5253,23,0.43%,13.33,,4202
Energy_Client_SK,ProduktLaunch26_Programmatic,IO_ProduktLaunch26_Video,LI_Audio_Awareness,20261002,Mobile,Ostatné SR,11599,40,0.34%,20.38,,7085
Energy_Client_SK,ProduktLaunch26_Programmatic,IO_ProduktLaunch26_Video,LI_Video_Retarget,20260815,Desktop,Košický kraj,9023,83,0.92%,38.15,,6480
Energy_Client_SK,ProduktLaunch26_Programmatic,IO_ProduktLaunch26_Display,LI_Display_Retarget,20260905,Mobile,Bratislavský kraj,12360,44,0.36%,42.33,,8574
Energy_Client_SK,ProduktLaunch26_Programmatic,IO_ProduktLaunch26_Video,LI_Video_Retarget,20260920,Tablet,Košický kraj,5037,49,0.98%,18.86,0.0,3349
Energy_Client_SK,ProduktLaunch26_Programmatic,IO_ProduktLaunch26_Display,LI_Display_Prospecting,20260826,Desktop,Bratislavský kraj,17935,49,0.27%,53.56,,10232
Energy_Client_SK,ProduktLaunch26_Programmatic,IO_ProduktLaunch26_Display,LI_Display_Retarget,20260815,Desktop,Ostatné SR,13706,82,0.6%,41.43,,10730
Energy_Client_SK,ProduktLaunch26_Programmatic,IO_ProduktLaunch26_Display,LI_Native_Prospecting,20260914,Desktop,Bratislavský kraj,12299,51,0.41%,30.4,0.0,8529
Energy_Client_SK,ProduktLaunch26_Programmatic,IO_ProduktLaunch26_Display,LI_Display_Prospecting,20261012,Connected TV,Košický kraj,7565,35,0.46%,21.36,0.0,5336
Energy_Client_SK,ProduktLaunch26_Programmatic,IO_ProduktLaunch26_Display,LI_Display_Retarget,20261003,Tablet,Bratislavský kraj,6273,40,0.64%,13.26,0.0,4903
Energy_Client_SK,ProduktLaunch26_Programmatic,IO_ProduktLaunch26_Display,LI_Display_Prospecting,20260910,Connected TV,Košický kraj,4628,14,0.3%,14.45,,3651
Energy_Client_SK,ProduktLaunch26_Programmatic,IO_ProduktLaunch26_Display,LI_Native_Prospecting,20261025,Tablet,Košický kraj,4028,27,0.68%,13.9,0.0,2500
Energy_Client_SK,ProduktLaunch26_Programmatic,IO_ProduktLaunch26_Display,LI_Display_Prospecting,20261021,Desktop,Košický kraj,12059,66,0.54%,30.95,0.0,8837
Energy_Client_SK,ProduktLaunch26_Programmatic,IO_ProduktLaunch26_Display,LI_Display_Retarget,20261020,Tablet,Bratislavský kraj,6166,38,0.61%,19.01,,3529
Energy_Client_SK,ProduktLaunch26_Programmatic,IO_ProduktLaunch26_Video,LI_Video_Retarget,20260905,Mobile,Košický kraj,8741,45,0.51%,28.97,,6284
Energy_Client_SK,ProduktLaunch26_Programmatic,IO_ProduktLaunch26_Video,LI_Video_Prospecting,20260921,Tablet,Ostatné SR,8848,71,0.81%,43.0,0.0,5221
Energy_Client_SK,ProduktLaunch26_Programmatic,IO_ProduktLaunch26_Video,LI_Video_Retarget,20261009,Tablet,Bratislavský kraj,6836,72,1.06%,26.75,0.0,3953
Energy_Client_SK,ProduktLaunch26_Programmatic,IO_ProduktLaunch26_Video,LI_Audio_Awareness,20260903,Desktop,Bratislavský kraj,15739,65,0.41%,38.31,,10415
Energy_Client_SK,ProduktLaunch26_Programmatic,IO_ProduktLaunch26_Video,LI_Video_Retarget,20261014,Tablet,Ostatné SR,7023,57,0.82%,36.99,0.0,4690
Energy_Client_SK,ProduktLaunch26_Programmatic,IO_ProduktLaunch26_Video,LI_Video_Prospecting,20261019,Tablet,Bratislavský kraj,9522,78,0.82%,37.25,,6320
Energy_Client_SK,ProduktLaunch26_Programmatic,IO_ProduktLaunch26_Display,LI_Display_Retarget,20260930,Connected TV,Košický kraj,4050,24,0.58%,12.6,,2612
Energy_Client_SK,ProduktLaunch26_Programmatic,IO_ProduktLaunch26_Video,LI_Video_Retarget,20260918,Mobile,Ostatné SR,10533,96,0.92%,49.56,0.0,7940
Energy_Client_SK,ProduktLaunch26_Programmatic,IO_ProduktLaunch26_Display,LI_Display_Retarget,20260915,Desktop,Bratislavský kraj,15931,75,0.47%,38.87,,9970
Energy_Client_SK,ProduktLaunch26_Programmatic,IO_ProduktLaunch26_Display,LI_Display_Retarget,20260822,Mobile,Košický kraj,7932,38,0.48%,20.49,,5925
Energy_Client_SK,ProduktLaunch26_Programmatic,IO_ProduktLaunch26_Video,LI_Audio_Awareness,20260818,Connected TV,Bratislavský kraj,10186,34,0.33%,19.31,,6631
Energy_Client_SK,ProduktLaunch26_Programmatic,IO_ProduktLaunch26_Display,LI_Native_Prospecting,20261008,Connected TV,Bratislavský kraj,5698,40,0.71%,16.08,0.0,4083
Energy_Client_SK,ProduktLaunch26_Programmatic,IO_ProduktLaunch26_Video,LI_Audio_Awareness,20260828,Tablet,Košický kraj,5011,21,0.42%,8.14,0.0,2878
Energy_Client_SK,ProduktLaunch26_Programmatic,IO_ProduktLaunch26_Display,LI_Display_Retarget,20261010,Tablet,Ostatné SR,4029,19,0.46%,8.13,,2902
Energy_Client_SK,ProduktLaunch26_Programmatic,IO_ProduktLaunch26_Video,LI_Video_Retarget,20260920,Mobile,Bratislavský kraj,12287,62,0.5%,44.05,0.0,9322
Energy_Client_SK,ProduktLaunch26_Programmatic,IO_ProduktLaunch26_Video,LI_Audio_Awareness,20261004,Mobile,Košický kraj,10814,44,0.41%,26.07,,6728
Energy_Client_SK,ProduktLaunch26_Programmatic,IO_ProduktLaunch26_Video,LI_Audio_Awareness,20260911,Desktop,Košický kraj,7459,32,0.43%,14.13,0.0,4709
Energy_Client_SK,ProduktLaunch26_Programmatic,IO_ProduktLaunch26_Video,LI_Video_Prospecting,20260929,Mobile,Ostatné SR,16687,120,0.72%,61.65,0.0,12292
Energy_Client_SK,ProduktLaunch26_Programmatic,IO_ProduktLaunch26_Video,LI_Audio_Awareness,20261009,Desktop,Ostatné SR,8771,36,0.41%,13.57,,5109
Energy_Client_SK,ProduktLaunch26_Programmatic,IO_ProduktLaunch26_Video,LI_Video_Retarget,20261004,Mobile,Košický kraj,15211,120,0.79%,57.32,0.0,8996
Energy_Client_SK,ProduktLaunch26_Programmatic,IO_ProduktLaunch26_Video,LI_Video_Retarget,20260924,Mobile,Bratislavský kraj,22654,174,0.77%,115.14,,16985
Energy_Client_SK,ProduktLaunch26_Programmatic,IO_ProduktLaunch26_Video,LI_Video_Retarget,20261017,Connected TV,Košický kraj,8066,87,1.08%,28.54,,4713
Energy_Client_SK,ProduktLaunch26_Programmatic,IO_ProduktLaunch26_Video,LI_Video_Retarget,20260827,Tablet,Bratislavský kraj,10154,63,0.62%,49.47,,5725
Energy_Client_SK,ProduktLaunch26_Programmatic,IO_ProduktLaunch26_Display,LI_Display_Retarget,20261017,Desktop,Ostatné SR,8103,51,0.62%,21.54,,4694
Energy_Client_SK,ProduktLaunch26_Programmatic,IO_ProduktLaunch26_Display,LI_Display_Prospecting,20261027,Tablet,Ostatné SR,6345,17,0.27%,15.55,0.0,3656
Energy_Client_SK,ProduktLaunch26_Programmatic,IO_ProduktLaunch26_Video,LI_Audio_Awareness,20260918,Desktop,Ostatné SR,7155,25,0.35%,10.73,,5005
Energy_Client_SK,ProduktLaunch26_Programmatic,IO_ProduktLaunch26_Display,LI_Display_Prospecting,20260916,Connected TV,Ostatné SR,9970,54,0.54%,25.23,0.0,7138
Energy_Client_SK,ProduktLaunch26_Programmatic,IO_ProduktLaunch26_Display,LI_Display_Retarget,20261014,Desktop,Ostatné SR,6532,29,0.44%,17.34,0.0,4859
Energy_Client_SK,ProduktLaunch26_Programmatic,IO_ProduktLaunch26_Display,LI_Display_Retarget,20261026,Connected TV,Košický kraj,3627,16,0.44%,11.24,0.0,2479
Energy_Client_SK,ProduktLaunch26_Programmatic,IO_ProduktLaunch26_Display,LI_Display_Prospecting,20261009,Tablet,Košický kraj,5495,18,0.32%,17.1,,3786
Energy_Client_SK,ProduktLaunch26_Programmatic,IO_ProduktLaunch26_Video,LI_Video_Prospecting,20261001,Tablet,Bratislavský kraj,7919,41,0.52%,25.47,,4707
Energy_Client_SK,ProduktLaunch26_Programmatic,IO_ProduktLaunch26_Video,LI_Audio_Awareness,20261019,Mobile,Ostatné SR,9432,42,0.44%,20.64,0.0,5632
Energy_Client_SK,ProduktLaunch26_Programmatic,IO_ProduktLaunch26_Video,LI_Audio_Awareness,20260829,Connected TV,Košický kraj,6634,20,0.3%,11.85,,3721
Energy_Client_SK,ProduktLaunch26_Programmatic,IO_ProduktLaunch26_Display,LI_Display_Prospecting,20261005,Tablet,Košický kraj,3157,15,0.48%,9.26,0.0,2506
Energy_Client_SK,ProduktLaunch26_Programmatic,IO_ProduktLaunch26_Video,LI_Audio_Awareness,20261016,Connected TV,Bratislavský kraj,7063,16,0.23%,17.63,,4353
Energy_Client_SK,ProduktLaunch26_Programmatic,IO_ProduktLaunch26_Display,LI_Native_Prospecting,20261002,Tablet,Ostatné SR,5516,22,0.4%,14.41,,3174
Energy_Client_SK,ProduktLaunch26_Programmatic,IO_ProduktLaunch26_Display,LI_Display_Retarget,20260901,Mobile,Bratislavský kraj,21846,143,0.65%,73.37,,12776
Energy_Client_SK,ProduktLaunch26_Programmatic,IO_ProduktLaunch26_Video,LI_Audio_Awareness,20261008,Tablet,Košický kraj,3081,10,0.33%,6.32,,1980
Energy_Client_SK,ProduktLaunch26_Programmatic,IO_ProduktLaunch26_Display,LI_Native_Prospecting,20260905,Connected TV,Bratislavský kraj,7279,44,0.6%,24.65,0.0,5728
Energy_Client_SK,ProduktLaunch26_Programmatic,IO_ProduktLaunch26_Video,LI_Video_Prospecting,20260927,Tablet,Ostatné SR,5621,30,0.54%,19.09,0.0,3286
Energy_Client_SK,ProduktLaunch26_Programmatic,IO_ProduktLaunch26_Display,LI_Display_Retarget,20261005,Desktop,Bratislavský kraj,16585,111,0.67%,41.43,,13115
Energy_Client_SK,ProduktLaunch26_Programmatic,IO_ProduktLaunch26_Display,LI_Native_Prospecting,20260924,Connected TV,Bratislavský kraj,10214,77,0.76%,29.04,0.0,6171
Energy_Client_SK,ProduktLaunch26_Programmatic,IO_ProduktLaunch26_Video,LI_Video_Retarget,20260830,Mobile,Bratislavský kraj,20628,148,0.72%,70.64,,15247
Energy_Client_SK,ProduktLaunch26_Programmatic,IO_ProduktLaunch26_Video,LI_Video_Prospecting,20260907,Tablet,Košický kraj,6141,35,0.57%,23.47,0.0,4808
Energy_Client_SK,ProduktLaunch26_Programmatic,IO_ProduktLaunch26_Display,LI_Display_Retarget,20261005,Desktop,Ostatné SR,12012,51,0.42%,33.41,,8531
Energy_Client_SK,ProduktLaunch26_Programmatic,IO_ProduktLaunch26_Display,LI_Display_Prospecting,20260922,Connected TV,Ostatné SR,4588,15,0.33%,12.71,0.0,3542
Energy_Client_SK,ProduktLaunch26_Programmatic,IO_ProduktLaunch26_Video,LI_Video_Prospecting,20261024,Connected TV,Ostatné SR,9303,71,0.76%,42.0,0.0,6312
Energy_Client_SK,ProduktLaunch26_Programmatic,IO_ProduktLaunch26_Video,LI_Video_Retarget,20261007,Desktop,Košický kraj,8852,45,0.5%,34.84,,5863
Energy_Client_SK,ProduktLaunch26_Programmatic,IO_ProduktLaunch26_Display,LI_Display_Retarget,20260912,Tablet,Košický kraj,5007,32,0.65%,16.7,0.0,3814
Energy_Client_SK,ProduktLaunch26_Programmatic,IO_ProduktLaunch26_Video,LI_Audio_Awareness,20260824,Tablet,Ostatné SR,5534,14,0.26%,12.02,,3699
Energy_Client_SK,ProduktLaunch26_Programmatic,IO_ProduktLaunch26_Display,LI_Native_Prospecting,20260915,Connected TV,Ostatné SR,5383,30,0.56%,16.49,,3439
Energy_Client_SK,ProduktLaunch26_Programmatic,IO_ProduktLaunch26_Video,LI_Video_Prospecting,20260914,Desktop,Košický kraj,8731,46,0.53%,38.57,,5280
Energy_Client_SK,ProduktLaunch26_Programmatic,IO_ProduktLaunch26_Video,LI_Video_Prospecting,20261025,Desktop,Ostatné SR,14389,129,0.9%,69.8,,8125
Energy_Client_SK,ProduktLaunch26_Programmatic,IO_ProduktLaunch26_Display,LI_Display_Retarget,20261027,Mobile,Bratislavský kraj,14349,81,0.57%,49.18,,10667
Energy_Client_SK,ProduktLaunch26_Programmatic,IO_ProduktLaunch26_Video,LI_Audio_Awareness,20260923,Connected TV,Bratislavský kraj,5455,15,0.28%,9.24,,3557
Energy_Client_SK,ProduktLaunch26_Programmatic,IO_ProduktLaunch26_Video,LI_Audio_Awareness,20260825,Tablet,Košický kraj,4317,16,0.36%,11.16,0.0,2714
Energy_Client_SK,ProduktLaunch26_Programmatic,IO_ProduktLaunch26_Video,LI_Video_Prospecting,20260922,Connected TV,Ostatné SR,6422,34,0.53%,26.86,0.0,4690
Energy_Client_SK,ProduktLaunch26_Programmatic,IO_ProduktLaunch26_Display,LI_Native_Prospecting,20260913,Mobile,Bratislavský kraj,11010,67,0.61%,28.62,,8707
Energy_Client_SK,ProduktLaunch26_Programmatic,IO_ProduktLaunch26_Display,LI_Display_Prospecting,20260824,Mobile,Košický kraj,11011,50,0.46%,20.87,,7344
Energy_Client_SK,ProduktLaunch26_Programmatic,IO_ProduktLaunch26_Video,LI_Audio_Awareness,20260913,Desktop,Ostatné SR,9023,22,0.24%,17.16,,5444
Energy_Client_SK,ProduktLaunch26_Programmatic,IO_ProduktLaunch26_Video,LI_Audio_Awareness,20261015,Desktop,Bratislavský kraj,12607,47,0.37%,22.14,,9800
Energy_Client_SK,ProduktLaunch26_Programmatic,IO_ProduktLaunch26_Display,LI_Display_Retarget,20260925,Mobile,Ostatné SR,15229,60,0.4%,41.74,,12063
Energy_Client_SK,ProduktLaunch26_Programmatic,IO_ProduktLaunch26_Video,LI_Video_Retarget,20260824,Mobile,Košický kraj,15505,93,0.6%,58.35,,9565
Energy_Client_SK,ProduktLaunch26_Programmatic,IO_ProduktLaunch26_Display,LI_Display_Prospecting,20260823,Desktop,Bratislavský kraj,12005,33,0.28%,26.68,,9076
Energy_Client_SK,ProduktLaunch26_Programmatic,IO_ProduktLaunch26_Display,LI_Display_Retarget,20261003,Desktop,Košický kraj,8047,33,0.41%,16.96,0.0,6111
Energy_Client_SK,ProduktLaunch26_Programmatic,IO_ProduktLaunch26_Video,LI_Video_Retarget,20261024,Desktop,Košický kraj,10333,72,0.7%,36.15,,7881
Energy_Client_SK,ProduktLaunch26_Programmatic,IO_ProduktLaunch26_Display,LI_Display_Prospecting,20260925,Tablet,Bratislavský kraj,8916,27,0.31%,19.43,,6116
Energy_Client_SK,ProduktLaunch26_Programmatic,IO_ProduktLaunch26_Video,LI_Audio_Awareness,20260923,Mobile,Košický kraj,7771,37,0.47%,17.46,0.0,5321
Energy_Client_SK,ProduktLaunch26_Programmatic,IO_ProduktLaunch26_Video,LI_Audio_Awareness,20261027,Desktop,Košický kraj,5108,13,0.26%,8.49,0.0,3870
Energy_Client_SK,ProduktLaunch26_Programmatic,IO_ProduktLaunch26_Display,LI_Display_Prospecting,20260901,Mobile,Košický kraj,7032,40,0.57%,17.52,,4215
Energy_Client_SK,ProduktLaunch26_Programmatic,IO_ProduktLaunch26_Video,LI_Video_Prospecting,20260925,Tablet,Košický kraj,4889,38,0.79%,16.97,0.0,3424
Energy_Client_SK,ProduktLaunch26_Programmatic,IO_ProduktLaunch26_Display,LI_Display_Retarget,20260929,Connected TV,Košický kraj,5672,33,0.58%,14.28,,4043
Energy_Client_SK,ProduktLaunch26_Programmatic,IO_ProduktLaunch26_Display,LI_Display_Prospecting,20260822,Tablet,Košický kraj,4860,23,0.47%,10.71,,3283
Energy_Client_SK,ProduktLaunch26_Programmatic,IO_ProduktLaunch26_Display,LI_Display_Retarget,20260928,Tablet,Ostatné SR,5171,29,0.56%,16.56,,3438
Energy_Client_SK,ProduktLaunch26_Programmatic,IO_ProduktLaunch26_Display,LI_Display_Retarget,20261004,Tablet,Bratislavský kraj,8045,37,0.46%,20.5,0.0,5769
Energy_Client_SK,ProduktLaunch26_Programmatic,IO_ProduktLaunch26_Display,LI_Display_Prospecting,20260821,Mobile,Košický kraj,13499,60,0.45%,41.93,0.0,7832
Energy_Client_SK,ProduktLaunch26_Programmatic,IO_ProduktLaunch26_Video,LI_Audio_Awareness,20260924,Mobile,Košický kraj,6204,16,0.25%,13.04,,3662
Energy_Client_SK,ProduktLaunch26_Programmatic,IO_ProduktLaunch26_Video,LI_Video_Retarget,20261011,Tablet,Košický kraj,4137,40,0.97%,14.77,,2617
Energy_Client_SK,ProduktLaunch26_Programmatic,IO_ProduktLaunch26_Display,LI_Display_Prospecting,20260826,Connected TV,Ostatné SR,5390,18,0.34%,11.53,,3247
Energy_Client_SK,ProduktLaunch26_Programmatic,IO_ProduktLaunch26_Video,LI_Video_Retarget,20260913,Desktop,Ostatné SR,7626,63,0.82%,38.61,,5610
Energy_Client_SK,ProduktLaunch26_Programmatic,IO_ProduktLaunch26_Display,LI_Display_Retarget,20260904,Mobile,Košický kraj,9181,62,0.67%,23.73,,6606
Energy_Client_SK,ProduktLaunch26_Programmatic,IO_ProduktLaunch26_Display,LI_Display_Retarget,20260929,Mobile,Bratislavský kraj,10208,46,0.45%,28.99,,7430
Energy_Client_SK,ProduktLaunch26_Programmatic,IO_ProduktLaunch26_Display,LI_Display_Prospecting,20261017,Desktop,Košický kraj,10973,36,0.33%,33.86,0.0,8010
Energy_Client_SK,ProduktLaunch26_Programmatic,IO_ProduktLaunch26_Display,LI_Display_Prospecting,20261011,Mobile,Bratislavský kraj,13116,70,0.53%,38.25,,10347
Energy_Client_SK,ProduktLaunch26_Programmatic,IO_ProduktLaunch26_Video,LI_Audio_Awareness,20260926,Mobile,Košický kraj,11156,35,0.32%,17.67,,8822
Energy_Client_SK,ProduktLaunch26_Programmatic,IO_ProduktLaunch26_Display,LI_Native_Prospecting,20260824,Connected TV,Ostatné SR,5154,41,0.79%,17.77,,3245
Energy_Client_SK,ProduktLaunch26_Programmatic,IO_ProduktLaunch26_Display,LI_Display_Prospecting,20260825,Mobile,Ostatné SR,10938,45,0.41%,31.8,,6041
Energy_Client_SK,ProduktLaunch26_Programmatic,IO_ProduktLaunch26_Display,LI_Native_Prospecting,20260827,Desktop,Košický kraj,4420,31,0.69%,11.37,,3095
Energy_Client_SK,ProduktLaunch26_Programmatic,IO_ProduktLaunch26_Display,LI_Display_Prospecting,20260919,Connected TV,Bratislavský kraj,12740,34,0.26%,25.93,0.0,7336
Energy_Client_SK,ProduktLaunch26_Programmatic,IO_ProduktLaunch26_Display,LI_Native_Prospecting,20260929,Mobile,Ostatné SR,8437,48,0.57%,26.6,,6608
Energy_Client_SK,ProduktLaunch26_Programmatic,IO_ProduktLaunch26_Video,LI_Video_Prospecting,20260928,Connected TV,Košický kraj,6887,48,0.7%,31.12,,5486
Energy_Client_SK,ProduktLaunch26_Programmatic,IO_ProduktLaunch26_Display,LI_Native_Prospecting,20260816,Connected TV,Ostatné SR,5223,32,0.61%,13.45,0.0,3771
Energy_Client_SK,ProduktLaunch26_Programmatic,IO_ProduktLaunch26_Video,LI_Audio_Awareness,20260924,Desktop,Ostatné SR,9915,27,0.27%,23.72,0.0,7848
Energy_Client_SK,ProduktLaunch26_Programmatic,IO_ProduktLaunch26_Display,LI_Native_Prospecting,20261022,Desktop,Ostatné SR,8445,62,0.73%,28.42,,5420
Energy_Client_SK,ProduktLaunch26_Programmatic,IO_ProduktLaunch26_Display,LI_Display_Prospecting,20260915,Tablet,Košický kraj,3845,19,0.49%,8.89,,2393
Energy_Client_SK,ProduktLaunch26_Programmatic,IO_ProduktLaunch26_Video,LI_Video_Prospecting,20260824,Connected TV,Ostatné SR,7722,61,0.79%,27.96,0.0,5968
Energy_Client_SK,ProduktLaunch26_Programmatic,IO_ProduktLaunch26_Video,LI_Video_Prospecting,20261020,Connected TV,Ostatné SR,7576,61,0.8%,23.83,,6053
Energy_Client_SK,ProduktLaunch26_Programmatic,IO_ProduktLaunch26_Display,LI_Display_Retarget,20260911,Tablet,Ostatné SR,3368,11,0.33%,8.38,,2068
Energy_Client_SK,ProduktLaunch26_Programmatic,IO_ProduktLaunch26_Video,LI_Audio_Awareness,20260919,Connected TV,Ostatné SR,6451,32,0.5%,12.5,0.0,4598
Energy_Client_SK,ProduktLaunch26_Programmatic,IO_ProduktLaunch26_Video,LI_Audio_Awareness,20260913,Desktop,Bratislavský kraj,12662,32,0.25%,20.63,0.0,6992
Energy_Client_SK,ProduktLaunch26_Programmatic,IO_ProduktLaunch26_Display,LI_Native_Prospecting,20261026,Tablet,Košický kraj,3421,20,0.57%,10.74,,2038
Energy_Client_SK,ProduktLaunch26_Programmatic,IO_ProduktLaunch26_Video,LI_Video_Prospecting,20260908,Desktop,Bratislavský kraj,11951,92,0.77%,45.23,0.0,8353
Energy_Client_SK,ProduktLaunch26_Programmatic,IO_ProduktLaunch26_Video,LI_Video_Prospecting,20261027,Mobile,Ostatné SR,15018,106,0.71%,63.4,,11979
Energy_Client_SK,ProduktLaunch26_Programmatic,IO_ProduktLaunch26_Video,LI_Audio_Awareness,20261017,Desktop,Ostatné SR,8700,37,0.42%,14.95,0.0,6523
Energy_Client_SK,ProduktLaunch26_Programmatic,IO_ProduktLaunch26_Display,LI_Display_Retarget,20260817,Tablet,Ostatné SR,3688,11,0.3%,11.23,,2360
Energy_Client_SK,ProduktLaunch26_Programmatic,IO_ProduktLaunch26_Video,LI_Video_Prospecting,20261008,Mobile,Bratislavský kraj,27871,176,0.63%,87.07,,20565
Energy_Client_SK,ProduktLaunch26_Programmatic,IO_ProduktLaunch26_Display,LI_Display_Prospecting,20260930,Desktop,Ostatné SR,12245,31,0.25%,37.12,0.0,6945
Energy_Client_SK,ProduktLaunch26_Programmatic,IO_ProduktLaunch26_Display,LI_Native_Prospecting,20261021,Connected TV,Košický kraj,5551,29,0.51%,18.93,,3857
Energy_Client_SK,ProduktLaunch26_Programmatic,IO_ProduktLaunch26_Display,LI_Native_Prospecting,20261011,Desktop,Košický kraj,5186,24,0.46%,12.58,0.0,2938
Energy_Client_SK,ProduktLaunch26_Programmatic,IO_ProduktLaunch26_Display,LI_Display_Retarget,20261014,Mobile,Ostatné SR,10652,40,0.37%,25.67,0.0,7747
Energy_Client_SK,ProduktLaunch26_Programmatic,IO_ProduktLaunch26_Display,LI_Native_Prospecting,20260827,Mobile,Ostatné SR,6347,45,0.7%,23.3,,3714
Energy_Client_SK,ProduktLaunch26_Programmatic,IO_ProduktLaunch26_Video,LI_Video_Prospecting,20260924,Mobile,Bratislavský kraj,25920,155,0.6%,103.53,0.0,18929
Energy_Client_SK,ProduktLaunch26_Programmatic,IO_ProduktLaunch26_Video,LI_Video_Retarget,20260924,Desktop,Košický kraj,10841,116,1.07%,47.19,,7043
Energy_Client_SK,ProduktLaunch26_Programmatic,IO_ProduktLaunch26_Display,LI_Display_Prospecting,20261005,Mobile,Ostatné SR,12837,71,0.55%,38.63,,8689
Energy_Client_SK,ProduktLaunch26_Programmatic,IO_ProduktLaunch26_Video,LI_Video_Retarget,20260903,Mobile,Bratislavský kraj,16123,91,0.57%,57.96,,9280
Energy_Client_SK,ProduktLaunch26_Programmatic,IO_ProduktLaunch26_Display,LI_Display_Retarget,20260915,Desktop,Ostatné SR,9393,60,0.64%,20.98,0.0,5707
Energy_Client_SK,ProduktLaunch26_Programmatic,IO_ProduktLaunch26_Display,LI_Native_Prospecting,20261007,Tablet,Bratislavský kraj,6548,30,0.45%,17.87,,4201
Energy_Client_SK,ProduktLaunch26_Programmatic,IO_ProduktLaunch26_Display,LI_Display_Prospecting,20260926,Desktop,Bratislavský kraj,9475,36,0.38%,28.89,0.0,6800
Energy_Client_SK,ProduktLaunch26_Programmatic,IO_ProduktLaunch26_Video,LI_Video_Prospecting,20260819,Desktop,Ostatné SR,12866,110,0.85%,62.26,,9168
Energy_Client_SK,ProduktLaunch26_Programmatic,IO_ProduktLaunch26_Video,LI_Video_Retarget,20261016,Mobile,Košický kraj,8966,82,0.91%,44.8,0.0,5745
Energy_Client_SK,ProduktLaunch26_Programmatic,IO_ProduktLaunch26_Video,LI_Video_Retarget,20260921,Tablet,Ostatné SR,4288,22,0.51%,14.96,,2887
Energy_Client_SK,ProduktLaunch26_Programmatic,IO_ProduktLaunch26_Display,LI_Native_Prospecting,20260909,Connected TV,Ostatné SR,4108,30,0.74%,13.44,,3129
Energy_Client_SK,ProduktLaunch26_Programmatic,IO_ProduktLaunch26_Display,LI_Display_Retarget,20260923,Mobile,Ostatné SR,8145,32,0.4%,17.38,,4719
Energy_Client_SK,ProduktLaunch26_Programmatic,IO_ProduktLaunch26_Display,LI_Display_Retarget,20260821,Tablet,Ostatné SR,3265,13,0.4%,8.41,,2590
Energy_Client_SK,ProduktLaunch26_Programmatic,IO_ProduktLaunch26_Video,LI_Audio_Awareness,20261010,Tablet,Ostatné SR,5311,21,0.4%,12.89,,3414
Energy_Client_SK,ProduktLaunch26_Programmatic,IO_ProduktLaunch26_Video,LI_Video_Retarget,20260815,Connected TV,Bratislavský kraj,12187,65,0.54%,45.85,,7739
Energy_Client_SK,ProduktLaunch26_Programmatic,IO_ProduktLaunch26_Display,LI_Display_Retarget,20260920,Tablet,Košický kraj,3807,13,0.33%,10.22,0.0,2260
Energy_Client_SK,ProduktLaunch26_Programmatic,IO_ProduktLaunch26_Display,LI_Display_Prospecting,20261005,Tablet,Bratislavský kraj,6687,36,0.53%,19.64,0.0,5092
Energy_Client_SK,ProduktLaunch26_Programmatic,IO_ProduktLaunch26_Video,LI_Audio_Awareness,20260918,Mobile,Košický kraj,8850,24,0.27%,14.16,,5303
Energy_Client_SK,ProduktLaunch26_Programmatic,IO_ProduktLaunch26_Display,LI_Display_Retarget,20260923,Tablet,Bratislavský kraj,7960,33,0.42%,27.0,,6266
Energy_Client_SK,ProduktLaunch26_Programmatic,IO_ProduktLaunch26_Display,LI_Display_Prospecting,20261003,Tablet,Bratislavský kraj,7467,25,0.34%,15.03,,5757
Energy_Client_SK,ProduktLaunch26_Programmatic,IO_ProduktLaunch26_Video,LI_Video_Prospecting,20260903,Desktop,Bratislavský kraj,19697,119,0.6%,83.19,0.0,15326
Energy_Client_SK,ProduktLaunch26_Programmatic,IO_ProduktLaunch26_Video,LI_Video_Retarget,20260904,Tablet,Bratislavský kraj,8090,46,0.57%,26.42,0.0,4488
Energy_Client_SK,ProduktLaunch26_Programmatic,IO_ProduktLaunch26_Video,LI_Video_Prospecting,20261025,Mobile,Bratislavský kraj,16862,108,0.64%,70.73,0.0,11236
Energy_Client_SK,ProduktLaunch26_Programmatic,IO_ProduktLaunch26_Display,LI_Display_Retarget,20261006,Mobile,Košický kraj,8658,27,0.32%,29.95,,6826
Energy_Client_SK,ProduktLaunch26_Programmatic,IO_ProduktLaunch26_Video,LI_Audio_Awareness,20260908,Mobile,Košický kraj,9859,45,0.46%,15.95,,6205
Energy_Client_SK,ProduktLaunch26_Programmatic,IO_ProduktLaunch26_Video,LI_Video_Retarget,20260911,Connected TV,Bratislavský kraj,11682,110,0.94%,52.09,,6757
Energy_Client_SK,ProduktLaunch26_Programmatic,IO_ProduktLaunch26_Video,LI_Video_Prospecting,20260929,Tablet,Bratislavský kraj,8489,59,0.69%,37.02,0.0,6540
Energy_Client_SK,ProduktLaunch26_Programmatic,IO_ProduktLaunch26_Display,LI_Native_Prospecting,20260822,Mobile,Košický kraj,6087,45,0.74%,20.28,,4841
Energy_Client_SK,ProduktLaunch26_Programmatic,IO_ProduktLaunch26_Video,LI_Video_Prospecting,20261021,Connected TV,Ostatné SR,8758,60,0.68%,27.29,0.0,5017
Energy_Client_SK,ProduktLaunch26_Programmatic,IO_ProduktLaunch26_Display,LI_Display_Retarget,20260924,Desktop,Košický kraj,4888,27,0.55%,13.56,,2955
Energy_Client_SK,ProduktLaunch26_Programmatic,IO_ProduktLaunch26_Display,LI_Display_Prospecting,20260902,Mobile,Bratislavský kraj,24116,96,0.4%,55.63,,16806
Energy_Client_SK,ProduktLaunch26_Programmatic,IO_ProduktLaunch26_Display,LI_Display_Retarget,20261026,Mobile,Bratislavský kraj,19964,102,0.51%,47.31,,15338
Energy_Client_SK,ProduktLaunch26_Programmatic,IO_ProduktLaunch26_Video,LI_Video_Prospecting,20260830,Mobile,Ostatné SR,16735,89,0.53%,73.24,0.0,12573
Energy_Client_SK,ProduktLaunch26_Programmatic,IO_ProduktLaunch26_Video,LI_Video_Prospecting,20261025,Connected TV,Bratislavský kraj,13788,75,0.54%,51.78,0.0,10857
Energy_Client_SK,ProduktLaunch26_Programmatic,IO_ProduktLaunch26_Video,LI_Video_Prospecting,20260930,Connected TV,Ostatné SR,6681,27,0.41%,27.38,0.0,4185
Energy_Client_SK,ProduktLaunch26_Programmatic,IO_ProduktLaunch26_Video,LI_Video_Prospecting,20260924,Desktop,Bratislavský kraj,15692,70,0.45%,49.02,,8759
Energy_Client_SK,ProduktLaunch26_Programmatic,IO_ProduktLaunch26_Video,LI_Audio_Awareness,20261011,Mobile,Bratislavský kraj,15558,50,0.32%,33.63,,9186
Energy_Client_SK,ProduktLaunch26_Programmatic,IO_ProduktLaunch26_Video,LI_Audio_Awareness,20261027,Connected TV,Košický kraj,4093,11,0.27%,9.13,,2333
Energy_Client_SK,ProduktLaunch26_Programmatic,IO_ProduktLaunch26_Display,LI_Display_Retarget,20260904,Connected TV,Košický kraj,5544,21,0.38%,18.83,0.0,4271
Energy_Client_SK,ProduktLaunch26_Programmatic,IO_ProduktLaunch26_Display,LI_Native_Prospecting,20260903,Tablet,Košický kraj,4268,31,0.72%,15.81,0.0,2481
Energy_Client_SK,ProduktLaunch26_Programmatic,IO_ProduktLaunch26_Display,LI_Display_Retarget,20260904,Tablet,Košický kraj,2569,16,0.64%,8.25,,1758
Energy_Client_SK,ProduktLaunch26_Programmatic,IO_ProduktLaunch26_Display,LI_Display_Retarget,20260928,Desktop,Košický kraj,7105,37,0.52%,15.89,,4503
Energy_Client_SK,ProduktLaunch26_Programmatic,IO_ProduktLaunch26_Video,LI_Video_Prospecting,20261017,Tablet,Bratislavský kraj,8799,55,0.62%,27.53,,6131
Energy_Client_SK,ProduktLaunch26_Programmatic,IO_ProduktLaunch26_Video,LI_Audio_Awareness,20260929,Tablet,Košický kraj,4895,10,0.21%,11.91,,3439
Energy_Client_SK,ProduktLaunch26_Programmatic,IO_ProduktLaunch26_Display,LI_Display_Prospecting,20260822,Desktop,Bratislavský kraj,11141,35,0.31%,34.0,,8572
Energy_Client_SK,ProduktLaunch26_Programmatic,IO_ProduktLaunch26_Display,LI_Display_Retarget,20260926,Mobile,Košický kraj,11164,76,0.68%,28.74,0.0,8436
Energy_Client_SK,ProduktLaunch26_Programmatic,IO_ProduktLaunch26_Video,LI_Video_Retarget,20260901,Mobile,Bratislavský kraj,23769,206,0.87%,121.58,,14138
Energy_Client_SK,ProduktLaunch26_Programmatic,IO_ProduktLaunch26_Display,LI_Native_Prospecting,20261020,Mobile,Ostatné SR,10612,82,0.77%,29.03,,7676
Energy_Client_SK,ProduktLaunch26_Programmatic,IO_ProduktLaunch26_Video,LI_Video_Retarget,20261010,Desktop,Košický kraj,11124,71,0.64%,40.59,,6291
Energy_Client_SK,ProduktLaunch26_Programmatic,IO_ProduktLaunch26_Video,LI_Video_Prospecting,20260915,Tablet,Ostatné SR,4818,26,0.54%,21.9,0.0,3291
Energy_Client_SK,ProduktLaunch26_Programmatic,IO_ProduktLaunch26_Video,LI_Video_Retarget,20261007,Tablet,Ostatné SR,6095,34,0.57%,28.88,,4728
Energy_Client_SK,ProduktLaunch26_Programmatic,IO_ProduktLaunch26_Video,LI_Audio_Awareness,20261019,Mobile,Bratislavský kraj,19928,94,0.47%,40.05,,15153
Energy_Client_SK,ProduktLaunch26_Programmatic,IO_ProduktLaunch26_Video,LI_Video_Retarget,20261026,Connected TV,Ostatné SR,7378,74,1.0%,30.93,0.0,5537
Energy_Client_SK,ProduktLaunch26_Programmatic,IO_ProduktLaunch26_Display,LI_Display_Retarget,20260909,Connected TV,Bratislavský kraj,12207,46,0.38%,36.6,,6886
Energy_Client_SK,ProduktLaunch26_Programmatic,IO_ProduktLaunch26_Display,LI_Display_Prospecting,20260905,Mobile,Košický kraj,7009,32,0.46%,15.43,0.0,4356
Energy_Client_SK,ProduktLaunch26_Programmatic,IO_ProduktLaunch26_Video,LI_Audio_Awareness,20260823,Tablet,Košický kraj,2590,9,0.34%,5.6,,1861
Energy_Client_SK,ProduktLaunch26_Programmatic,IO_ProduktLaunch26_Video,LI_Video_Retarget,20261009,Mobile,Ostatné SR,13698,100,0.73%,45.2,,9335
Energy_Client_SK,ProduktLaunch26_Programmatic,IO_ProduktLaunch26_Display,LI_Native_Prospecting,20260926,Tablet,Košický kraj,4705,20,0.43%,16.25,,3149
Energy_Client_SK,ProduktLaunch26_Programmatic,IO_ProduktLaunch26_Video,LI_Video_Retarget,20260819,Desktop,Ostatné SR,7740,48,0.62%,30.38,0.0,5998
Energy_Client_SK,ProduktLaunch26_Programmatic,IO_ProduktLaunch26_Display,LI_Display_Retarget,20260915,Tablet,Košický kraj,5284,28,0.52%,15.34,0.0,3483
Energy_Client_SK,ProduktLaunch26_Programmatic,IO_ProduktLaunch26_Display,LI_Display_Prospecting,20260909,Connected TV,Bratislavský kraj,7389,41,0.55%,13.51,,4406
Energy_Client_SK,ProduktLaunch26_Programmatic,IO_ProduktLaunch26_Video,LI_Video_Retarget,20260903,Connected TV,Košický kraj,5103,26,0.51%,21.82,0.0,2822
Energy_Client_SK,ProduktLaunch26_Programmatic,IO_ProduktLaunch26_Video,LI_Audio_Awareness,20260901,Connected TV,Bratislavský kraj,6921,23,0.33%,14.25,,4604
Energy_Client_SK,ProduktLaunch26_Programmatic,IO_ProduktLaunch26_Display,LI_Display_Prospecting,20260927,Desktop,Košický kraj,9617,44,0.45%,20.14,,6632
Energy_Client_SK,ProduktLaunch26_Programmatic,IO_ProduktLaunch26_Display,LI_Display_Prospecting,20260927,Desktop,Ostatné SR,14273,86,0.6%,33.85,,10000
Energy_Client_SK,ProduktLaunch26_Programmatic,IO_ProduktLaunch26_Display,LI_Display_Retarget,20260828,Tablet,Košický kraj,4778,16,0.33%,11.17,,2933
Energy_Client_SK,ProduktLaunch26_Programmatic,IO_ProduktLaunch26_Video,LI_Video_Prospecting,20260830,Desktop,Ostatné SR,13308,70,0.53%,43.67,,9736
Energy_Client_SK,ProduktLaunch26_Programmatic,IO_ProduktLaunch26_Display,LI_Native_Prospecting,20261025,Desktop,Bratislavský kraj,8465,68,0.8%,30.41,,5011
Energy_Client_SK,ProduktLaunch26_Programmatic,IO_ProduktLaunch26_Video,LI_Video_Prospecting,20260909,Connected TV,Košický kraj,6530,43,0.66%,30.89,0.0,3701
Energy_Client_SK,ProduktLaunch26_Programmatic,IO_ProduktLaunch26_Display,LI_Display_Prospecting,20261021,Tablet,Bratislavský kraj,8861,43,0.48%,19.44,,6822
Energy_Client_SK,ProduktLaunch26_Programmatic,IO_ProduktLaunch26_Video,LI_Video_Prospecting,20261014,Connected TV,Košický kraj,4993,24,0.49%,23.51,0.0,2820
Energy_Client_SK,ProduktLaunch26_Programmatic,IO_ProduktLaunch26_Video,LI_Audio_Awareness,20261014,Tablet,Bratislavský kraj,3898,13,0.34%,6.35,,3064
Energy_Client_SK,ProduktLaunch26_Programmatic,IO_ProduktLaunch26_Video,LI_Video_Retarget,20261015,Tablet,Bratislavský kraj,9536,101,1.06%,47.98,0.0,5852
Energy_Client_SK,ProduktLaunch26_Programmatic,IO_ProduktLaunch26_Video,LI_Video_Retarget,20260817,Tablet,Bratislavský kraj,8498,93,1.09%,31.43,0.0,5509
Energy_Client_SK,ProduktLaunch26_Programmatic,IO_ProduktLaunch26_Video,LI_Video_Prospecting,20260928,Tablet,Bratislavský kraj,10831,60,0.55%,49.84,0.0,8435
Energy_Client_SK,ProduktLaunch26_Programmatic,IO_ProduktLaunch26_Video,LI_Video_Prospecting,20260822,Mobile,Bratislavský kraj,23440,193,0.82%,80.06,,14197
Energy_Client_SK,ProduktLaunch26_Programmatic,IO_ProduktLaunch26_Display,LI_Native_Prospecting,20260829,Tablet,Ostatné SR,4565,32,0.71%,16.59,0.0,2893
Energy_Client_SK,ProduktLaunch26_Programmatic,IO_ProduktLaunch26_Video,LI_Audio_Awareness,20261019,Connected TV,Ostatné SR,8271,18,0.22%,14.55,0.0,5543
Energy_Client_SK,ProduktLaunch26_Programmatic,IO_ProduktLaunch26_Video,LI_Video_Retarget,20260820,Connected TV,Ostatné SR,5587,37,0.67%,28.5,0.0,4003
Energy_Client_SK,ProduktLaunch26_Programmatic,IO_ProduktLaunch26_Video,LI_Video_Prospecting,20260908,Desktop,Košický kraj,10517,43,0.41%,41.33,0.0,8020
Energy_Client_SK,ProduktLaunch26_Programmatic,IO_ProduktLaunch26_Display,LI_Native_Prospecting,20260819,Tablet,Košický kraj,3189,13,0.42%,8.13,0.0,2277
Energy_Client_SK,ProduktLaunch26_Programmatic,IO_ProduktLaunch26_Video,LI_Video_Prospecting,20260912,Mobile,Bratislavský kraj,29076,245,0.84%,99.07,,19731
Energy_Client_SK,ProduktLaunch26_Programmatic,IO_ProduktLaunch26_Display,LI_Display_Retarget,20261027,Desktop,Bratislavský kraj,18597,68,0.37%,49.72,0.0,14219
Energy_Client_SK,ProduktLaunch26_Programmatic,IO_ProduktLaunch26_Display,LI_Native_Prospecting,20261021,Connected TV,Ostatné SR,6196,33,0.54%,20.19,,4135
Energy_Client_SK,ProduktLaunch26_Programmatic,IO_ProduktLaunch26_Display,LI_Display_Prospecting,20260909,Mobile,Košický kraj,14304,71,0.5%,28.95,,9563
Energy_Client_SK,ProduktLaunch26_Programmatic,IO_ProduktLaunch26_Display,LI_Display_Prospecting,20260904,Desktop,Ostatné SR,14754,43,0.29%,43.03,,10232
Energy_Client_SK,ProduktLaunch26_Programmatic,IO_ProduktLaunch26_Display,LI_Display_Prospecting,20261019,Mobile,Ostatné SR,9506,45,0.47%,28.83,0.0,6171
Energy_Client_SK,ProduktLaunch26_Programmatic,IO_ProduktLaunch26_Display,LI_Display_Prospecting,20260815,Tablet,Ostatné SR,7065,31,0.44%,13.68,,4623
Energy_Client_SK,ProduktLaunch26_Programmatic,IO_ProduktLaunch26_Display,LI_Native_Prospecting,20260914,Connected TV,Bratislavský kraj,8128,45,0.55%,23.65,,6051
Energy_Client_SK,ProduktLaunch26_Programmatic,IO_ProduktLaunch26_Display,LI_Native_Prospecting,20260904,Mobile,Košický kraj,7406,33,0.45%,20.14,,5837
Energy_Client_SK,ProduktLaunch26_Programmatic,IO_ProduktLaunch26_Display,LI_Native_Prospecting,20261018,Tablet,Bratislavský kraj,4162,32,0.76%,12.51,0.0,3021
Energy_Client_SK,ProduktLaunch26_Programmatic,IO_ProduktLaunch26_Display,LI_Display_Prospecting,20260817,Desktop,Bratislavský kraj,9781,50,0.51%,29.76,,5533
Energy_Client_SK,ProduktLaunch26_Programmatic,IO_ProduktLaunch26_Display,LI_Display_Prospecting,20261022,Connected TV,Košický kraj,5042,29,0.57%,11.01,0.0,3321
Energy_Client_SK,ProduktLaunch26_Programmatic,IO_ProduktLaunch26_Video,LI_Audio_Awareness,20261012,Desktop,Košický kraj,5057,23,0.46%,12.74,,3693
Energy_Client_SK,ProduktLaunch26_Programmatic,IO_ProduktLaunch26_Display,LI_Display_Retarget,20261021,Tablet,Košický kraj,5490,36,0.65%,12.45,,3869
Energy_Client_SK,ProduktLaunch26_Programmatic,IO_ProduktLaunch26_Display,LI_Display_Retarget,20260911,Mobile,Bratislavský kraj,14571,85,0.58%,38.5,,9018
Energy_Client_SK,ProduktLaunch26_Programmatic,IO_ProduktLaunch26_Display,LI_Native_Prospecting,20261011,Mobile,Košický kraj,6683,38,0.57%,21.28,,4007
Energy_Client_SK,ProduktLaunch26_Programmatic,IO_ProduktLaunch26_Video,LI_Audio_Awareness,20261004,Mobile,Bratislavský kraj,16747,58,0.34%,37.44,0.0,12501
Energy_Client_SK,ProduktLaunch26_Programmatic,IO_ProduktLaunch26_Video,LI_Audio_Awareness,20260912,Tablet,Košický kraj,5110,20,0.4%,8.5,0.0,2936
Energy_Client_SK,ProduktLaunch26_Programmatic,IO_ProduktLaunch26_Display,LI_Native_Prospecting,20260930,Desktop,Ostatné SR,8288,53,0.64%,29.73,0.0,4740
Energy_Client_SK,ProduktLaunch26_Programmatic,IO_ProduktLaunch26_Video,LI_Video_Prospecting,20260829,Connected TV,Bratislavský kraj,13596,76,0.56%,60.79,,8705
Energy_Client_SK,ProduktLaunch26_Programmatic,IO_ProduktLaunch26_Video,LI_Audio_Awareness,20260822,Desktop,Košický kraj,8009,31,0.39%,17.73,0.0,4837
Energy_Client_SK,ProduktLaunch26_Programmatic,IO_ProduktLaunch26_Video,LI_Audio_Awareness,20260903,Connected TV,Ostatné SR,4744,23,0.49%,10.19,,2986
Energy_Client_SK,ProduktLaunch26_Programmatic,IO_ProduktLaunch26_Display,LI_Display_Retarget,20261017,Connected TV,Bratislavský kraj,10821,63,0.58%,24.03,,6097
Energy_Client_SK,ProduktLaunch26_Programmatic,IO_ProduktLaunch26_Display,LI_Native_Prospecting,20260831,Connected TV,Bratislavský kraj,5548,35,0.62%,18.31,,3324
Energy_Client_SK,ProduktLaunch26_Programmatic,IO_ProduktLaunch26_Video,LI_Video_Retarget,20260918,Connected TV,Bratislavský kraj,7742,45,0.59%,38.69,0.0,4800
Energy_Client_SK,ProduktLaunch26_Programmatic,IO_ProduktLaunch26_Video,LI_Video_Retarget,20260906,Desktop,Bratislavský kraj,22206,113,0.51%,103.7,,13107
Energy_Client_SK,ProduktLaunch26_Programmatic,IO_ProduktLaunch26_Display,LI_Display_Prospecting,20260817,Connected TV,Ostatné SR,5237,17,0.32%,15.15,,3649
Energy_Client_SK,ProduktLaunch26_Programmatic,IO_ProduktLaunch26_Video,LI_Video_Prospecting,20261016,Mobile,Košický kraj,14038,109,0.78%,46.23,0.0,7823
Energy_Client_SK,ProduktLaunch26_Programmatic,IO_ProduktLaunch26_Display,LI_Native_Prospecting,20260918,Tablet,Bratislavský kraj,6646,38,0.57%,17.88,,4467
Energy_Client_SK,ProduktLaunch26_Programmatic,IO_ProduktLaunch26_Display,LI_Native_Prospecting,20260929,Connected TV,Bratislavský kraj,5323,29,0.55%,17.62,0.0,4058
Energy_Client_SK,ProduktLaunch26_Programmatic,IO_ProduktLaunch26_Display,LI_Display_Prospecting,20261010,Tablet,Ostatné SR,6293,35,0.56%,17.45,,3722
Energy_Client_SK,ProduktLaunch26_Programmatic,IO_ProduktLaunch26_Video,LI_Audio_Awareness,20260912,Connected TV,Košický kraj,6128,29,0.47%,15.22,,4530
Energy_Client_SK,ProduktLaunch26_Programmatic,IO_ProduktLaunch26_Video,LI_Video_Prospecting,20260926,Connected TV,Košický kraj,7523,47,0.62%,27.38,,5297
Energy_Client_SK,ProduktLaunch26_Programmatic,IO_ProduktLaunch26_Display,LI_Native_Prospecting,20261022,Mobile,Košický kraj,9940,41,0.41%,23.25,,7381
Energy_Client_SK,ProduktLaunch26_Programmatic,IO_ProduktLaunch26_Video,LI_Audio_Awareness,20260929,Mobile,Ostatné SR,8383,40,0.48%,19.15,,5553
Energy_Client_SK,ProduktLaunch26_Programmatic,IO_ProduktLaunch26_Display,LI_Display_Retarget,20261016,Connected TV,Ostatné SR,6234,39,0.62%,16.04,,4877
Energy_Client_SK,ProduktLaunch26_Programmatic,IO_ProduktLaunch26_Video,LI_Audio_Awareness,20261010,Connected TV,Ostatné SR,5654,21,0.37%,9.48,0.0,3895
Energy_Client_SK,ProduktLaunch26_Programmatic,IO_ProduktLaunch26_Video,LI_Video_Prospecting,20260922,Connected TV,Bratislavský kraj,9627,55,0.57%,39.95,,6382
Energy_Client_SK,ProduktLaunch26_Programmatic,IO_ProduktLaunch26_Display,LI_Display_Retarget,20260817,Tablet,Bratislavský kraj,8299,54,0.65%,20.21,0.0,4759
Energy_Client_SK,ProduktLaunch26_Programmatic,IO_ProduktLaunch26_Video,LI_Audio_Awareness,20261014,Tablet,Ostatné SR,3571,12,0.34%,6.35,,2359
Energy_Client_SK,ProduktLaunch26_Programmatic,IO_ProduktLaunch26_Display,LI_Display_Prospecting,20261023,Tablet,Košický kraj,4422,14,0.32%,9.79,,3275
Energy_Client_SK,ProduktLaunch26_Programmatic,IO_ProduktLaunch26_Video,LI_Video_Prospecting,20261011,Mobile,Ostatné SR,15201,105,0.69%,62.18,,11229
Energy_Client_SK,ProduktLaunch26_Programmatic,IO_ProduktLaunch26_Video,LI_Audio_Awareness,20261001,Tablet,Bratislavský kraj,6630,24,0.37%,11.69,0.0,5134
Energy_Client_SK,ProduktLaunch26_Programmatic,IO_ProduktLaunch26_Video,LI_Video_Retarget,20260917,Tablet,Košický kraj,3285,35,1.06%,16.83,0.0,1854
Energy_Client_SK,ProduktLaunch26_Programmatic,IO_ProduktLaunch26_Video,LI_Video_Retarget,20260919,Desktop,Bratislavský kraj,21355,189,0.89%,95.37,,14370
Energy_Client_SK,ProduktLaunch26_Programmatic,IO_ProduktLaunch26_Video,LI_Video_Retarget,20260820,Connected TV,Košický kraj,7614,54,0.7%,32.04,,5826
Energy_Client_SK,ProduktLaunch26_Programmatic,IO_ProduktLaunch26_Display,LI_Display_Prospecting,20260929,Mobile,Košický kraj,11895,41,0.35%,26.66,0.0,9505
Energy_Client_SK,ProduktLaunch26_Programmatic,IO_ProduktLaunch26_Display,LI_Display_Prospecting,20260915,Desktop,Košický kraj,9345,27,0.29%,24.86,0.0,5486
Energy_Client_SK,ProduktLaunch26_Programmatic,IO_ProduktLaunch26_Video,LI_Video_Prospecting,20261022,Connected TV,Ostatné SR,10537,89,0.84%,39.11,,7602
Energy_Client_SK,ProduktLaunch26_Programmatic,IO_ProduktLaunch26_Video,LI_Video_Prospecting,20260915,Tablet,Bratislavský kraj,8888,64,0.72%,40.63,,5367
Energy_Client_SK,ProduktLaunch26_Programmatic,IO_ProduktLaunch26_Display,LI_Display_Prospecting,20260906,Mobile,Ostatné SR,17141,92,0.54%,45.53,,11393
Energy_Client_SK,ProduktLaunch26_Programmatic,IO_ProduktLaunch26_Video,LI_Video_Prospecting,20260825,Mobile,Košický kraj,10663,52,0.48%,53.13,,8237
Energy_Client_SK,ProduktLaunch26_Programmatic,IO_ProduktLaunch26_Display,LI_Display_Retarget,20260903,Tablet,Košický kraj,3948,18,0.46%,12.22,,2174
Energy_Client_SK,ProduktLaunch26_Programmatic,IO_ProduktLaunch26_Video,LI_Video_Retarget,20260923,Desktop,Košický kraj,11295,76,0.67%,52.49,0.0,8038
Energy_Client_SK,ProduktLaunch26_Programmatic,IO_ProduktLaunch26_Display,LI_Display_Retarget,20260815,Mobile,Bratislavský kraj,17539,79,0.45%,54.35,,13501
Energy_Client_SK,ProduktLaunch26_Programmatic,IO_ProduktLaunch26_Video,LI_Video_Retarget,20260821,Connected TV,Ostatné SR,4897,41,0.84%,15.73,,2721
Energy_Client_SK,ProduktLaunch26_Programmatic,IO_ProduktLaunch26_Display,LI_Display_Prospecting,20260901,Connected TV,Bratislavský kraj,6422,27,0.42%,16.74,0.0,3613
Energy_Client_SK,ProduktLaunch26_Programmatic,IO_ProduktLaunch26_Video,LI_Video_Retarget,20260831,Tablet,Bratislavský kraj,6039,57,0.95%,27.42,0.0,4591
Energy_Client_SK,ProduktLaunch26_Programmatic,IO_ProduktLaunch26_Video,LI_Video_Retarget,20260929,Mobile,Bratislavský kraj,18725,117,0.62%,76.48,,12078
Energy_Client_SK,ProduktLaunch26_Programmatic,IO_ProduktLaunch26_Display,LI_Display_Retarget,20260818,Tablet,Ostatné SR,4306,20,0.46%,14.62,,3175
Energy_Client_SK,ProduktLaunch26_Programmatic,IO_ProduktLaunch26_Display,LI_Display_Retarget,20261002,Tablet,Košický kraj,3817,26,0.68%,8.29,,2670
Energy_Client_SK,ProduktLaunch26_Programmatic,IO_ProduktLaunch26_Video,LI_Video_Prospecting,20260912,Desktop,Ostatné SR,9217,82,0.89%,44.3,0.0,7193
Energy_Client_SK,ProduktLaunch26_Programmatic,IO_ProduktLaunch26_Video,LI_Audio_Awareness,20260826,Mobile,Bratislavský kraj,16222,62,0.38%,38.74,,9865
Energy_Client_SK,ProduktLaunch26_Programmatic,IO_ProduktLaunch26_Display,LI_Display_Retarget,20260907,Mobile,Ostatné SR,14171,95,0.67%,41.26,0.0,10256
Energy_Client_SK,ProduktLaunch26_Programmatic,IO_ProduktLaunch26_Video,LI_Video_Prospecting,20261018,Connected TV,Ostatné SR,7471,52,0.69%,23.95,0.0,5811
Energy_Client_SK,ProduktLaunch26_Programmatic,IO_ProduktLaunch26_Display,LI_Display_Prospecting,20260915,Desktop,Ostatné SR,7212,21,0.3%,15.33,,4887
Energy_Client_SK,ProduktLaunch26_Programmatic,IO_ProduktLaunch26_Video,LI_Video_Prospecting,20261026,Connected TV,Ostatné SR,10389,61,0.59%,46.49,,8203
Energy_Client_SK,ProduktLaunch26_Programmatic,IO_ProduktLaunch26_Display,LI_Display_Prospecting,20260824,Tablet,Bratislavský kraj,5402,24,0.45%,16.71,,3559
Energy_Client_SK,ProduktLaunch26_Programmatic,IO_ProduktLaunch26_Video,LI_Audio_Awareness,20260905,Mobile,Ostatné SR,11000,43,0.39%,19.85,0.0,8144
Energy_Client_SK,ProduktLaunch26_Programmatic,IO_ProduktLaunch26_Video,LI_Video_Prospecting,20260907,Connected TV,Bratislavský kraj,10076,88,0.87%,32.19,,7177
Energy_Client_SK,ProduktLaunch26_Programmatic,IO_ProduktLaunch26_Video,LI_Video_Retarget,20261004,Tablet,Ostatné SR,8086,58,0.72%,32.07,,5910
Energy_Client_SK,ProduktLaunch26_Programmatic,IO_ProduktLaunch26_Video,LI_Video_Retarget,20261011,Mobile,Ostatné SR,16166,168,1.04%,74.23,,11851
Energy_Client_SK,ProduktLaunch26_Programmatic,IO_ProduktLaunch26_Display,LI_Display_Retarget,20261002,Connected TV,Košický kraj,4040,18,0.44%,10.4,0.0,2470
Energy_Client_SK,ProduktLaunch26_Programmatic,IO_ProduktLaunch26_Display,LI_Display_Prospecting,20261004,Desktop,Košický kraj,9877,55,0.55%,23.29,,6346
Energy_Client_SK,ProduktLaunch26_Programmatic,IO_ProduktLaunch26_Video,LI_Video_Retarget,20260929,Tablet,Bratislavský kraj,10809,99,0.91%,49.47,,7444
Energy_Client_SK,ProduktLaunch26_Programmatic,IO_ProduktLaunch26_Display,LI_Display_Retarget,20260819,Tablet,Ostatné SR,3132,11,0.34%,9.08,0.0,2333
Energy_Client_SK,ProduktLaunch26_Programmatic,IO_ProduktLaunch26_Display,LI_Native_Prospecting,20261010,Mobile,Ostatné SR,10773,64,0.59%,39.48,,7130
Energy_Client_SK,ProduktLaunch26_Programmatic,IO_ProduktLaunch26_Video,LI_Video_Prospecting,20261024,Desktop,Bratislavský kraj,14923,71,0.47%,49.31,,11607
Energy_Client_SK,ProduktLaunch26_Programmatic,IO_ProduktLaunch26_Video,LI_Video_Prospecting,20260819,Desktop,Košický kraj,14491,106,0.73%,71.41,,9280
Energy_Client_SK,ProduktLaunch26_Programmatic,IO_ProduktLaunch26_Display,LI_Native_Prospecting,20260915,Desktop,Ostatné SR,10425,54,0.52%,30.03,,6052
Energy_Client_SK,ProduktLaunch26_Programmatic,IO_ProduktLaunch26_Display,LI_Display_Retarget,20260819,Connected TV,Bratislavský kraj,11582,54,0.46%,28.06,0.0,9133
Energy_Client_SK,ProduktLaunch26_Programmatic,IO_ProduktLaunch26_Display,LI_Display_Prospecting,20260822,Tablet,Bratislavský kraj,8144,36,0.44%,18.68,0.0,5101
Energy_Client_SK,ProduktLaunch26_Programmatic,IO_ProduktLaunch26_Video,LI_Video_Prospecting,20260911,Desktop,Bratislavský kraj,12495,92,0.74%,40.31,,8139
Energy_Client_SK,ProduktLaunch26_Programmatic,IO_ProduktLaunch26_Video,LI_Video_Prospecting,20261016,Desktop,Bratislavský kraj,21691,157,0.72%,66.41,,16150
Energy_Client_SK,ProduktLaunch26_Programmatic,IO_ProduktLaunch26_Video,LI_Audio_Awareness,20260816,Tablet,Ostatné SR,5950,24,0.4%,12.95,0.0,3559
Energy_Client_SK,ProduktLaunch26_Programmatic,IO_ProduktLaunch26_Video,LI_Audio_Awareness,20260910,Mobile,Košický kraj,6308,21,0.34%,14.7,0.0,4072
Energy_Client_SK,ProduktLaunch26_Programmatic,IO_ProduktLaunch26_Display,LI_Native_Prospecting,20260930,Mobile,Bratislavský kraj,13576,96,0.71%,40.86,0.0,10597
Energy_Client_SK,ProduktLaunch26_Programmatic,IO_ProduktLaunch26_Display,LI_Display_Retarget,20261027,Tablet,Ostatné SR,5257,27,0.52%,17.35,0.0,4201
Energy_Client_SK,ProduktLaunch26_Programmatic,IO_ProduktLaunch26_Video,LI_Audio_Awareness,20260909,Tablet,Bratislavský kraj,4387,13,0.3%,9.2,0.0,2594
Energy_Client_SK,ProduktLaunch26_Programmatic,IO_ProduktLaunch26_Video,LI_Audio_Awareness,20261016,Desktop,Ostatné SR,5455,12,0.21%,8.23,0.0,3515
Energy_Client_SK,ProduktLaunch26_Programmatic,IO_ProduktLaunch26_Video,LI_Audio_Awareness,20261009,Mobile,Bratislavský kraj,19025,74,0.39%,36.9,,10540
Energy_Client_SK,ProduktLaunch26_Programmatic,IO_ProduktLaunch26_Video,LI_Video_Prospecting,20260926,Connected TV,Ostatné SR,10458,91,0.87%,36.49,,8299
Energy_Client_SK,ProduktLaunch26_Programmatic,IO_ProduktLaunch26_Video,LI_Video_Prospecting,20261007,Desktop,Ostatné SR,13114,54,0.42%,53.4,,10075
Energy_Client_SK,ProduktLaunch26_Programmatic,IO_ProduktLaunch26_Video,LI_Video_Prospecting,20261012,Connected TV,Košický kraj,7260,59,0.81%,33.93,0.0,4932
Energy_Client_SK,ProduktLaunch26_Programmatic,IO_ProduktLaunch26_Display,LI_Display_Retarget,20260914,Tablet,Bratislavský kraj,9441,64,0.68%,22.56,,7383
Energy_Client_SK,ProduktLaunch26_Programmatic,IO_ProduktLaunch26_Display,LI_Display_Prospecting,20261010,Tablet,Košický kraj,3525,11,0.32%,8.35,0.0,2632
Energy_Client_SK,ProduktLaunch26_Programmatic,IO_ProduktLaunch26_Display,LI_Display_Retarget,20260907,Tablet,Bratislavský kraj,4684,23,0.5%,9.78,,3430
Energy_Client_SK,ProduktLaunch26_Programmatic,IO_ProduktLaunch26_Video,LI_Audio_Awareness,20260825,Desktop,Ostatné SR,7864,31,0.4%,20.04,,5790
Energy_Client_SK,ProduktLaunch26_Programmatic,IO_ProduktLaunch26_Video,LI_Video_Prospecting,20260815,Connected TV,Košický kraj,8091,53,0.66%,38.57,0.0,5753
Energy_Client_SK,ProduktLaunch26_Programmatic,IO_ProduktLaunch26_Display,LI_Display_Prospecting,20261024,Tablet,Bratislavský kraj,5864,33,0.56%,11.67,,3998
Energy_Client_SK,ProduktLaunch26_Programmatic,IO_ProduktLaunch26_Video,LI_Video_Retarget,20260925,Connected TV,Bratislavský kraj,13614,96,0.71%,56.62,,8193
Energy_Client_SK,ProduktLaunch26_Programmatic,IO_ProduktLaunch26_Video,LI_Audio_Awareness,20261004,Connected TV,Košický kraj,4224,19,0.44%,7.48,0.0,2714
Energy_Client_SK,ProduktLaunch26_Programmatic,IO_ProduktLaunch26_Video,LI_Video_Prospecting,20260927,Desktop,Košický kraj,13765,104,0.75%,43.8,0.0,8635
Energy_Client_SK,ProduktLaunch26_Programmatic,IO_ProduktLaunch26_Display,LI_Native_Prospecting,20261010,Connected TV,Ostatné SR,7480,49,0.65%,22.74,0.0,4287
Energy_Client_SK,ProduktLaunch26_Programmatic,IO_ProduktLaunch26_Display,LI_Display_Prospecting,20260902,Mobile,Košický kraj,7376,25,0.34%,21.28,,4160
Energy_Client_SK,ProduktLaunch26_Programmatic,IO_ProduktLaunch26_Display,LI_Display_Prospecting,20261003,Tablet,Ostatné SR,4715,15,0.33%,9.28,0.0,3218
Energy_Client_SK,ProduktLaunch26_Programmatic,IO_ProduktLaunch26_Display,LI_Native_Prospecting,20261020,Desktop,Košický kraj,4659,27,0.58%,15.78,,2806
Energy_Client_SK,ProduktLaunch26_Programmatic,IO_ProduktLaunch26_Display,LI_Display_Prospecting,20260818,Mobile,Košický kraj,6792,23,0.34%,16.1,0.0,4153
Energy_Client_SK,ProduktLaunch26_Programmatic,IO_ProduktLaunch26_Display,LI_Native_Prospecting,20260924,Desktop,Košický kraj,7461,37,0.5%,25.1,0.0,5144
Energy_Client_SK,ProduktLaunch26_Programmatic,IO_ProduktLaunch26_Display,LI_Native_Prospecting,20260816,Desktop,Bratislavský kraj,15613,113,0.72%,55.84,,10531
Energy_Client_SK,ProduktLaunch26_Programmatic,IO_ProduktLaunch26_Display,LI_Display_Retarget,20261006,Connected TV,Bratislavský kraj,11066,47,0.43%,25.18,,7348
Energy_Client_SK,ProduktLaunch26_Programmatic,IO_ProduktLaunch26_Display,LI_Display_Retarget,20261017,Tablet,Bratislavský kraj,6196,36,0.57%,20.4,,4120
Energy_Client_SK,ProduktLaunch26_Programmatic,IO_ProduktLaunch26_Video,LI_Video_Prospecting,20260826,Connected TV,Ostatné SR,6603,58,0.88%,21.39,0.0,4446
Energy_Client_SK,ProduktLaunch26_Programmatic,IO_ProduktLaunch26_Display,LI_Native_Prospecting,20260908,Tablet,Košický kraj,2581,18,0.71%,8.83,,1498
Energy_Client_SK,ProduktLaunch26_Programmatic,IO_ProduktLaunch26_Display,LI_Display_Prospecting,20260815,Mobile,Ostatné SR,17083,83,0.49%,38.29,0.0,13339
Energy_Client_SK,ProduktLaunch26_Programmatic,IO_ProduktLaunch26_Video,LI_Audio_Awareness,20260926,Tablet,Košický kraj,4194,16,0.38%,6.44,,2336
Energy_Client_SK,ProduktLaunch26_Programmatic,IO_ProduktLaunch26_Display,LI_Native_Prospecting,20260907,Mobile,Ostatné SR,7492,36,0.48%,24.75,0.0,5938
Energy_Client_SK,ProduktLaunch26_Programmatic,IO_ProduktLaunch26_Video,LI_Video_Prospecting,20260826,Tablet,Košický kraj,7549,58,0.77%,36.97,0.0,5386
Energy_Client_SK,ProduktLaunch26_Programmatic,IO_ProduktLaunch26_Display,LI_Native_Prospecting,20261001,Desktop,Košický kraj,4247,27,0.62%,16.04,,3239
Energy_Client_SK,ProduktLaunch26_Programmatic,IO_ProduktLaunch26_Display,LI_Display_Prospecting,20260930,Connected TV,Bratislavský kraj,10812,65,0.6%,25.69,,6463
Energy_Client_SK,ProduktLaunch26_Programmatic,IO_ProduktLaunch26_Display,LI_Display_Prospecting,20260825,Tablet,Ostatné SR,4453,14,0.32%,8.08,,3067
Energy_Client_SK,ProduktLaunch26_Programmatic,IO_ProduktLaunch26_Display,LI_Display_Retarget,20260912,Connected TV,Košický kraj,6954,23,0.33%,19.05,,4353
Energy_Client_SK,ProduktLaunch26_Programmatic,IO_ProduktLaunch26_Display,LI_Native_Prospecting,20260925,Desktop,Košický kraj,4469,25,0.57%,14.87,,3470
Energy_Client_SK,ProduktLaunch26_Programmatic,IO_ProduktLaunch26_Video,LI_Video_Prospecting,20260815,Desktop,Ostatné SR,15692,122,0.78%,69.46,,10901
Energy_Client_SK,ProduktLaunch26_Programmatic,IO_ProduktLaunch26_Display,LI_Native_Prospecting,20260927,Tablet,Bratislavský kraj,5064,30,0.59%,14.87,,3976
Energy_Client_SK,ProduktLaunch26_Programmatic,IO_ProduktLaunch26_Video,LI_Video_Retarget,20261021,Desktop,Ostatné SR,12359,81,0.65%,51.64,,8340
Energy_Client_SK,ProduktLaunch26_Programmatic,IO_ProduktLaunch26_Video,LI_Video_Retarget,20260904,Tablet,Košický kraj,5775,30,0.52%,22.32,,3805
Energy_Client_SK,ProduktLaunch26_Programmatic,IO_ProduktLaunch26_Video,LI_Audio_Awareness,20261003,Desktop,Bratislavský kraj,12929,30,0.23%,26.37,,9429
Energy_Client_SK,ProduktLaunch26_Programmatic,IO_ProduktLaunch26_Video,LI_Audio_Awareness,20261007,Desktop,Košický kraj,8783,19,0.22%,22.09,0.0,6349
Energy_Client_SK,ProduktLaunch26_Programmatic,IO_ProduktLaunch26_Display,LI_Display_Prospecting,20260925,Connected TV,Košický kraj,3801,20,0.53%,8.28,,2800
Energy_Client_SK,ProduktLaunch26_Programmatic,IO_ProduktLaunch26_Display,LI_Native_Prospecting,20260826,Mobile,Košický kraj,7406,42,0.56%,22.78,,5631
Energy_Client_SK,ProduktLaunch26_Programmatic,IO_ProduktLaunch26_Display,LI_Display_Retarget,20260910,Mobile,Bratislavský kraj,19082,84,0.44%,42.02,,12296
Energy_Client_SK,ProduktLaunch26_Programmatic,IO_ProduktLaunch26_Display,LI_Native_Prospecting,20260926,Tablet,Ostatné SR,4519,23,0.52%,13.05,,3224
Energy_Client_SK,ProduktLaunch26_Programmatic,IO_ProduktLaunch26_Display,LI_Display_Prospecting,20260825,Connected TV,Bratislavský kraj,7286,24,0.33%,14.62,0.0,5265
Energy_Client_SK,ProduktLaunch26_Programmatic,IO_ProduktLaunch26_Video,LI_Audio_Awareness,20260830,Tablet,Ostatné SR,3199,9,0.28%,7.13,,1863
Energy_Client_SK,ProduktLaunch26_Programmatic,IO_ProduktLaunch26_Display,LI_Display_Retarget,20261028,Mobile,Bratislavský kraj,21459,147,0.68%,52.43,0.0,14614
Energy_Client_SK,ProduktLaunch26_Programmatic,IO_ProduktLaunch26_Video,LI_Video_Prospecting,20260817,Desktop,Bratislavský kraj,22917,160,0.7%,100.37,,15399
Energy_Client_SK,ProduktLaunch26_Programmatic,IO_ProduktLaunch26_Display,LI_Display_Prospecting,20261011,Tablet,Bratislavský kraj,10054,34,0.33%,19.98,,7878
Energy_Client_SK,ProduktLaunch26_Programmatic,IO_ProduktLaunch26_Display,LI_Display_Retarget,20261023,Tablet,Košický kraj,4762,33,0.69%,13.33,0.0,3033
Energy_Client_SK,ProduktLaunch26_Programmatic,IO_ProduktLaunch26_Video,LI_Video_Prospecting,20260911,Desktop,Ostatné SR,9981,71,0.71%,45.11,,7347
Energy_Client_SK,ProduktLaunch26_Programmatic,IO_ProduktLaunch26_Display,LI_Native_Prospecting,20260902,Connected TV,Košický kraj,4926,33,0.66%,14.58,0.0,3412
Energy_Client_SK,ProduktLaunch26_Programmatic,IO_ProduktLaunch26_Video,LI_Video_Retarget,20261024,Connected TV,Bratislavský kraj,11815,104,0.88%,57.35,,8855
Energy_Client_SK,ProduktLaunch26_Programmatic,IO_ProduktLaunch26_Video,LI_Audio_Awareness,20260912,Desktop,Ostatné SR,8305,29,0.35%,19.73,,5790
Energy_Client_SK,ProduktLaunch26_Programmatic,IO_ProduktLaunch26_Display,LI_Native_Prospecting,20260825,Desktop,Košický kraj,9500,71,0.75%,21.89,0.0,5322
Energy_Client_SK,ProduktLaunch26_Programmatic,IO_ProduktLaunch26_Display,LI_Display_Retarget,20260913,Desktop,Ostatné SR,10952,40,0.36%,34.64,,7324
Energy_Client_SK,ProduktLaunch26_Programmatic,IO_ProduktLaunch26_Display,LI_Native_Prospecting,20260921,Tablet,Ostatné SR,4132,32,0.78%,14.37,,3184
Energy_Client_SK,ProduktLaunch26_Programmatic,IO_ProduktLaunch26_Display,LI_Display_Prospecting,20261013,Desktop,Košický kraj,8204,44,0.53%,18.37,0.0,6560
Energy_Client_SK,ProduktLaunch26_Programmatic,IO_ProduktLaunch26_Display,LI_Display_Prospecting,20261010,Mobile,Bratislavský kraj,22484,96,0.43%,61.25,,17632
Energy_Client_SK,ProduktLaunch26_Programmatic,IO_ProduktLaunch26_Video,LI_Audio_Awareness,20260916,Connected TV,Ostatné SR,5185,18,0.35%,10.37,0.0,3113
Energy_Client_SK,ProduktLaunch26_Programmatic,IO_ProduktLaunch26_Display,LI_Display_Retarget,20260816,Mobile,Ostatné SR,7624,35,0.46%,17.05,0.0,4927
Energy_Client_SK,ProduktLaunch26_Programmatic,IO_ProduktLaunch26_Display,LI_Native_Prospecting,20261016,Tablet,Bratislavský kraj,4111,32,0.78%,12.06,0.0,3180
Energy_Client_SK,ProduktLaunch26_Programmatic,IO_ProduktLaunch26_Video,LI_Video_Prospecting,20260927,Connected TV,Ostatné SR,6353,44,0.69%,20.85,0.0,3516
Energy_Client_SK,ProduktLaunch26_Programmatic,IO_ProduktLaunch26_Video,LI_Video_Prospecting,20260925,Desktop,Košický kraj,13785,70,0.51%,49.75,,8237
Energy_Client_SK,ProduktLaunch26_Programmatic,IO_ProduktLaunch26_Display,LI_Display_Retarget,20260829,Mobile,Ostatné SR,7593,38,0.5%,18.21,0.0,5269
Energy_Client_SK,ProduktLaunch26_Programmatic,IO_ProduktLaunch26_Video,LI_Audio_Awareness,20260825,Connected TV,Ostatné SR,5708,13,0.22%,10.82,0.0,3320
Energy_Client_SK,ProduktLaunch26_Programmatic,IO_ProduktLaunch26_Display,LI_Display_Retarget,20261014,Connected TV,Košický kraj,4929,17,0.35%,13.89,,3637
Energy_Client_SK,ProduktLaunch26_Programmatic,IO_ProduktLaunch26_Video,LI_Audio_Awareness,20261012,Connected TV,Košický kraj,6738,17,0.26%,12.78,,4522
Energy_Client_SK,ProduktLaunch26_Programmatic,IO_ProduktLaunch26_Video,LI_Audio_Awareness,20260829,Mobile,Košický kraj,9107,37,0.41%,13.77,,5901
Energy_Client_SK,ProduktLaunch26_Programmatic,IO_ProduktLaunch26_Display,LI_Native_Prospecting,20260909,Mobile,Košický kraj,5525,24,0.43%,14.04,0.0,3776
Energy_Client_SK,ProduktLaunch26_Programmatic,IO_ProduktLaunch26_Display,LI_Display_Retarget,20260925,Tablet,Bratislavský kraj,5670,23,0.41%,19.71,0.0,3627
Energy_Client_SK,ProduktLaunch26_Programmatic,IO_ProduktLaunch26_Display,LI_Display_Prospecting,20260817,Desktop,Ostatné SR,8972,34,0.38%,22.08,0.0,6257
Energy_Client_SK,ProduktLaunch26_Programmatic,IO_ProduktLaunch26_Display,LI_Display_Retarget,20261019,Mobile,Košický kraj,10486,42,0.4%,24.96,,5826
Energy_Client_SK,ProduktLaunch26_Programmatic,IO_ProduktLaunch26_Display,LI_Native_Prospecting,20260904,Desktop,Košický kraj,6095,27,0.45%,18.44,,3480
Energy_Client_SK,ProduktLaunch26_Programmatic,IO_ProduktLaunch26_Display,LI_Display_Prospecting,20260901,Tablet,Košický kraj,2793,12,0.43%,6.79,,2205
Energy_Client_SK,ProduktLaunch26_Programmatic,IO_ProduktLaunch26_Video,LI_Video_Prospecting,20261009,Desktop,Košický kraj,13600,91,0.67%,48.89,0.0,8067
Energy_Client_SK,ProduktLaunch26_Programmatic,IO_ProduktLaunch26_Display,LI_Display_Prospecting,20260903,Connected TV,Košický kraj,4798,20,0.42%,9.94,,2704
Energy_Client_SK,ProduktLaunch26_Programmatic,IO_ProduktLaunch26_Display,LI_Display_Retarget,20261003,Mobile,Košický kraj,12211,68,0.55%,40.68,,9438
Energy_Client_SK,ProduktLaunch26_Programmatic,IO_ProduktLaunch26_Display,LI_Native_Prospecting,20261010,Connected TV,Bratislavský kraj,10101,60,0.59%,36.6,,6924
Energy_Client_SK,ProduktLaunch26_Programmatic,IO_ProduktLaunch26_Video,LI_Video_Retarget,20260922,Desktop,Bratislavský kraj,16581,139,0.84%,73.65,,11036
Energy_Client_SK,ProduktLaunch26_Programmatic,IO_ProduktLaunch26_Video,LI_Audio_Awareness,20261006,Tablet,Bratislavský kraj,3679,9,0.25%,9.43,0.0,2407
Energy_Client_SK,ProduktLaunch26_Programmatic,IO_ProduktLaunch26_Display,LI_Native_Prospecting,20260929,Tablet,Ostatné SR,4258,20,0.46%,11.77,,2929
Energy_Client_SK,ProduktLaunch26_Programmatic,IO_ProduktLaunch26_Display,LI_Native_Prospecting,20260919,Tablet,Košický kraj,3031,18,0.59%,7.9,,2338
Energy_Client_SK,ProduktLaunch26_Programmatic,IO_ProduktLaunch26_Display,LI_Display_Retarget,20260828,Connected TV,Košický kraj,3493,16,0.46%,10.04,0.0,2427
Energy_Client_SK,ProduktLaunch26_Programmatic,IO_ProduktLaunch26_Display,LI_Display_Retarget,20260922,Desktop,Bratislavský kraj,12959,73,0.56%,42.1,0.0,8192
Energy_Client_SK,ProduktLaunch26_Programmatic,IO_ProduktLaunch26_Video,LI_Video_Prospecting,20260929,Desktop,Bratislavský kraj,21871,178,0.81%,96.76,,16540
Energy_Client_SK,ProduktLaunch26_Programmatic,IO_ProduktLaunch26_Video,LI_Video_Prospecting,20260916,Connected TV,Košický kraj,6160,41,0.66%,18.83,0.0,4760
Energy_Client_SK,ProduktLaunch26_Programmatic,IO_ProduktLaunch26_Display,LI_Display_Prospecting,20261025,Tablet,Košický kraj,4862,22,0.45%,14.35,0.0,3761
Energy_Client_SK,ProduktLaunch26_Programmatic,IO_ProduktLaunch26_Display,LI_Display_Retarget,20260916,Mobile,Ostatné SR,8106,36,0.44%,26.87,0.0,5512
Energy_Client_SK,ProduktLaunch26_Programmatic,IO_ProduktLaunch26_Display,LI_Native_Prospecting,20260913,Tablet,Košický kraj,4390,28,0.63%,11.58,0.0,2451
Energy_Client_SK,ProduktLaunch26_Programmatic,IO_ProduktLaunch26_Video,LI_Video_Retarget,20260920,Desktop,Bratislavský kraj,20959,197,0.94%,108.81,0.0,14983
Energy_Client_SK,ProduktLaunch26_Programmatic,IO_ProduktLaunch26_Display,LI_Display_Retarget,20260916,Connected TV,Ostatné SR,6015,36,0.6%,14.16,,4026
Energy_Client_SK,ProduktLaunch26_Programmatic,IO_ProduktLaunch26_Display,LI_Display_Prospecting,20261004,Desktop,Ostatné SR,8624,44,0.51%,16.18,,5082
Energy_Client_SK,ProduktLaunch26_Programmatic,IO_ProduktLaunch26_Video,LI_Audio_Awareness,20260831,Tablet,Ostatné SR,3288,9,0.26%,7.46,,2517
Energy_Client_SK,ProduktLaunch26_Programmatic,IO_ProduktLaunch26_Display,LI_Native_Prospecting,20261023,Desktop,Bratislavský kraj,16113,71,0.44%,40.0,,9629
Energy_Client_SK,ProduktLaunch26_Programmatic,IO_ProduktLaunch26_Video,LI_Video_Prospecting,20261009,Connected TV,Ostatné SR,6993,39,0.55%,25.71,0.0,4311
Energy_Client_SK,ProduktLaunch26_Programmatic,IO_ProduktLaunch26_Video,LI_Audio_Awareness,20260913,Mobile,Bratislavský kraj,17020,59,0.35%,42.78,0.0,12965
Energy_Client_SK,ProduktLaunch26_Programmatic,IO_ProduktLaunch26_Display,LI_Native_Prospecting,20260922,Desktop,Košický kraj,9127,55,0.6%,30.4,,5989
Energy_Client_SK,ProduktLaunch26_Programmatic,IO_ProduktLaunch26_Video,LI_Audio_Awareness,20260909,Tablet,Košický kraj,4142,14,0.35%,8.96,,2352
Energy_Client_SK,ProduktLaunch26_Programmatic,IO_ProduktLaunch26_Video,LI_Audio_Awareness,20260928,Connected TV,Bratislavský kraj,9460,42,0.44%,17.06,,6795
Energy_Client_SK,ProduktLaunch26_Programmatic,IO_ProduktLaunch26_Display,LI_Display_Retarget,20260830,Tablet,Košický kraj,2774,15,0.54%,9.24,,2182
Energy_Client_SK,ProduktLaunch26_Programmatic,IO_ProduktLaunch26_Display,LI_Native_Prospecting,20261003,Desktop,Ostatné SR,5215,35,0.68%,14.3,0.0,3603
Energy_Client_SK,ProduktLaunch26_Programmatic,IO_ProduktLaunch26_Video,LI_Video_Prospecting,20261023,Desktop,Košický kraj,11017,83,0.75%,33.43,0.0,7554
Energy_Client_SK,ProduktLaunch26_Programmatic,IO_ProduktLaunch26_Display,LI_Display_Prospecting,20261002,Tablet,Košický kraj,6024,30,0.5%,15.5,0.0,4188
Energy_Client_SK,ProduktLaunch26_Programmatic,IO_ProduktLaunch26_Video,LI_Video_Prospecting,20261004,Mobile,Bratislavský kraj,22083,164,0.74%,74.61,0.0,13309
Energy_Client_SK,ProduktLaunch26_Programmatic,IO_ProduktLaunch26_Video,LI_Video_Retarget,20261004,Mobile,Bratislavský kraj,16896,163,0.97%,73.84,0.0,10436
Energy_Client_SK,ProduktLaunch26_Programmatic,IO_ProduktLaunch26_Display,LI_Display_Prospecting,20260929,Mobile,Bratislavský kraj,16130,95,0.59%,31.66,0.0,11569
Energy_Client_SK,ProduktLaunch26_Programmatic,IO_ProduktLaunch26_Display,LI_Display_Prospecting,20261012,Desktop,Bratislavský kraj,15998,57,0.36%,50.45,,12361
Energy_Client_SK,ProduktLaunch26_Programmatic,IO_ProduktLaunch26_Video,LI_Video_Prospecting,20260923,Connected TV,Ostatné SR,8765,49,0.56%,34.63,0.0,5307
Energy_Client_SK,ProduktLaunch26_Programmatic,IO_ProduktLaunch26_Display,LI_Display_Prospecting,20260903,Desktop,Košický kraj,11840,67,0.57%,31.85,,8675
Energy_Client_SK,ProduktLaunch26_Programmatic,IO_ProduktLaunch26_Display,LI_Display_Retarget,20260915,Connected TV,Košický kraj,6173,26,0.42%,18.33,0.0,4293
Energy_Client_SK,ProduktLaunch26_Programmatic,IO_ProduktLaunch26_Display,LI_Display_Retarget,20260826,Tablet,Košický kraj,5247,33,0.63%,13.65,0.0,3698
Energy_Client_SK,ProduktLaunch26_Programmatic,IO_ProduktLaunch26_Video,LI_Video_Prospecting,20260922,Tablet,Bratislavský kraj,12196,90,0.74%,57.55,0.0,8841
Energy_Client_SK,ProduktLaunch26_Programmatic,IO_ProduktLaunch26_Display,LI_Display_Prospecting,20260830,Mobile,Ostatné SR,8790,50,0.57%,25.05,,5426
Energy_Client_SK,ProduktLaunch26_Programmatic,IO_ProduktLaunch26_Display,LI_Native_Prospecting,20260820,Tablet,Ostatné SR,2815,15,0.54%,7.78,0.0,1680
Energy_Client_SK,ProduktLaunch26_Programmatic,IO_ProduktLaunch26_Display,LI_Display_Retarget,20260904,Desktop,Ostatné SR,8246,53,0.64%,20.43,,6137
Energy_Client_SK,ProduktLaunch26_Programmatic,IO_ProduktLaunch26_Display,LI_Display_Prospecting,20260923,Mobile,Košický kraj,11428,57,0.5%,34.24,,6695
Energy_Client_SK,ProduktLaunch26_Programmatic,IO_ProduktLaunch26_Display,LI_Display_Retarget,20260828,Tablet,Bratislavský kraj,8148,38,0.46%,19.86,,6171
Energy_Client_SK,ProduktLaunch26_Programmatic,IO_ProduktLaunch26_Display,LI_Native_Prospecting,20260820,Connected TV,Bratislavský kraj,7248,47,0.65%,22.11,,5585
Energy_Client_SK,ProduktLaunch26_Programmatic,IO_ProduktLaunch26_Video,LI_Audio_Awareness,20261009,Desktop,Košický kraj,8129,20,0.25%,15.34,0.0,5526
Energy_Client_SK,ProduktLaunch26_Programmatic,IO_ProduktLaunch26_Video,LI_Video_Prospecting,20260916,Mobile,Ostatné SR,13798,77,0.56%,53.6,,7865
Energy_Client_SK,ProduktLaunch26_Programmatic,IO_ProduktLaunch26_Video,LI_Audio_Awareness,20261020,Tablet,Ostatné SR,4223,13,0.31%,9.32,0.0,2431
Energy_Client_SK,ProduktLaunch26_Programmatic,IO_ProduktLaunch26_Display,LI_Display_Prospecting,20260908,Mobile,Košický kraj,8124,27,0.33%,17.83,0.0,5798
Energy_Client_SK,ProduktLaunch26_Programmatic,IO_ProduktLaunch26_Video,LI_Audio_Awareness,20261020,Desktop,Ostatné SR,10259,32,0.31%,22.03,,7053
Energy_Client_SK,ProduktLaunch26_Programmatic,IO_ProduktLaunch26_Video,LI_Audio_Awareness,20261021,Mobile,Košický kraj,10348,23,0.23%,16.24,,6574
Energy_Client_SK,ProduktLaunch26_Programmatic,IO_ProduktLaunch26_Video,LI_Video_Retarget,20260903,Tablet,Ostatné SR,4977,42,0.85%,22.88,0.0,3679
Energy_Client_SK,ProduktLaunch26_Programmatic,IO_ProduktLaunch26_Video,LI_Video_Retarget,20260913,Mobile,Ostatné SR,9072,64,0.71%,30.93,0.0,7149
Energy_Client_SK,ProduktLaunch26_Programmatic,IO_ProduktLaunch26_Display,LI_Display_Retarget,20260906,Mobile,Ostatné SR,7898,43,0.54%,23.33,0.0,4355
Energy_Client_SK,ProduktLaunch26_Programmatic,IO_ProduktLaunch26_Display,LI_Native_Prospecting,20260901,Tablet,Košický kraj,4830,22,0.47%,14.47,0.0,3257
Energy_Client_SK,ProduktLaunch26_Programmatic,IO_ProduktLaunch26_Video,LI_Video_Retarget,20260918,Desktop,Bratislavský kraj,21544,135,0.62%,95.75,,13593
Energy_Client_SK,ProduktLaunch26_Programmatic,IO_ProduktLaunch26_Display,LI_Native_Prospecting,20260824,Mobile,Ostatné SR,12281,91,0.74%,45.39,,7019
Energy_Client_SK,ProduktLaunch26_Programmatic,IO_ProduktLaunch26_Video,LI_Video_Prospecting,20260918,Tablet,Bratislavský kraj,6992,57,0.82%,24.44,0.0,5429
Energy_Client_SK,ProduktLaunch26_Programmatic,IO_ProduktLaunch26_Video,LI_Video_Prospecting,20261001,Tablet,Ostatné SR,7758,50,0.65%,30.09,,5172
Energy_Client_SK,ProduktLaunch26_Programmatic,IO_ProduktLaunch26_Display,LI_Display_Prospecting,20260829,Tablet,Košický kraj,5768,22,0.39%,11.12,0.0,3584
Energy_Client_SK,ProduktLaunch26_Programmatic,IO_ProduktLaunch26_Video,LI_Video_Prospecting,20260916,Mobile,Bratislavský kraj,27430,190,0.69%,132.31,,15446
Energy_Client_SK,ProduktLaunch26_Programmatic,IO_ProduktLaunch26_Display,LI_Display_Retarget,20260908,Mobile,Košický kraj,11321,77,0.68%,32.48,0.0,6923
Energy_Client_SK,ProduktLaunch26_Programmatic,IO_ProduktLaunch26_Display,LI_Native_Prospecting,20260901,Mobile,Bratislavský kraj,9349,51,0.54%,29.18,,6523
Energy_Client_SK,ProduktLaunch26_Programmatic,IO_ProduktLaunch26_Display,LI_Display_Prospecting,20260827,Tablet,Košický kraj,5526,32,0.58%,17.49,0.0,3302
Energy_Client_SK,ProduktLaunch26_Programmatic,IO_ProduktLaunch26_Video,LI_Audio_Awareness,20260921,Connected TV,Košický kraj,3154,8,0.24%,5.99,0.0,2304
Energy_Client_SK,ProduktLaunch26_Programmatic,IO_ProduktLaunch26_Display,LI_Display_Prospecting,20261021,Tablet,Košický kraj,3149,11,0.34%,7.5,0.0,2392
Energy_Client_SK,ProduktLaunch26_Programmatic,IO_ProduktLaunch26_Display,LI_Display_Prospecting,20260919,Mobile,Ostatné SR,8968,44,0.49%,23.99,,5138
Energy_Client_SK,ProduktLaunch26_Programmatic,IO_ProduktLaunch26_Video,LI_Video_Prospecting,20260907,Tablet,Ostatné SR,7630,34,0.45%,27.26,0.0,5505
Energy_Client_SK,ProduktLaunch26_Programmatic,IO_ProduktLaunch26_Display,LI_Display_Retarget,20261021,Mobile,Ostatné SR,8456,36,0.42%,21.48,,6523
Energy_Client_SK,ProduktLaunch26_Programmatic,IO_ProduktLaunch26_Video,LI_Video_Retarget,20260922,Tablet,Košický kraj,3730,35,0.95%,14.74,,2360
Energy_Client_SK,ProduktLaunch26_Programmatic,IO_ProduktLaunch26_Display,LI_Display_Retarget,20260914,Desktop,Košický kraj,10939,76,0.69%,24.66,,8226
Energy_Client_SK,ProduktLaunch26_Programmatic,IO_ProduktLaunch26_Video,LI_Video_Prospecting,20260911,Tablet,Ostatné SR,5402,22,0.41%,18.59,,4057
Energy_Client_SK,ProduktLaunch26_Programmatic,IO_ProduktLaunch26_Video,LI_Video_Prospecting,20261026,Desktop,Košický kraj,13839,121,0.87%,67.52,,9255
Energy_Client_SK,ProduktLaunch26_Programmatic,IO_ProduktLaunch26_Display,LI_Display_Prospecting,20260820,Tablet,Bratislavský kraj,6074,20,0.34%,15.23,,3561
Energy_Client_SK,ProduktLaunch26_Programmatic,IO_ProduktLaunch26_Video,LI_Video_Prospecting,20261009,Tablet,Košický kraj,4477,33,0.73%,13.89,0.0,3274
Energy_Client_SK,ProduktLaunch26_Programmatic,IO_ProduktLaunch26_Display,LI_Native_Prospecting,20261003,Connected TV,Košický kraj,4145,29,0.69%,12.35,,2962
Energy_Client_SK,ProduktLaunch26_Programmatic,IO_ProduktLaunch26_Video,LI_Video_Retarget,20261016,Tablet,Ostatné SR,4858,26,0.53%,20.13,0.0,3712
Energy_Client_SK,ProduktLaunch26_Programmatic,IO_ProduktLaunch26_Display,LI_Display_Retarget,20260916,Mobile,Bratislavský kraj,17795,90,0.51%,45.26,0.0,13595
Energy_Client_SK,ProduktLaunch26_Programmatic,IO_ProduktLaunch26_Video,LI_Video_Prospecting,20260815,Desktop,Košický kraj,10941,52,0.48%,35.34,,7743
Energy_Client_SK,ProduktLaunch26_Programmatic,IO_ProduktLaunch26_Display,LI_Display_Retarget,20261026,Desktop,Bratislavský kraj,17692,116,0.66%,36.07,,10090
Energy_Client_SK,ProduktLaunch26_Programmatic,IO_ProduktLaunch26_Display,LI_Display_Retarget,20261026,Tablet,Bratislavský kraj,7157,43,0.6%,18.17,0.0,4084
Energy_Client_SK,ProduktLaunch26_Programmatic,IO_ProduktLaunch26_Display,LI_Display_Prospecting,20260924,Connected TV,Ostatné SR,5727,19,0.33%,15.7,0.0,4366
Energy_Client_SK,ProduktLaunch26_Programmatic,IO_ProduktLaunch26_Video,LI_Video_Retarget,20261025,Mobile,Bratislavský kraj,21096,106,0.5%,88.34,,15245
Energy_Client_SK,ProduktLaunch26_Programmatic,IO_ProduktLaunch26_Display,LI_Display_Prospecting,20260924,Mobile,Ostatné SR,8948,39,0.44%,16.91,0.0,6476
Energy_Client_SK,ProduktLaunch26_Programmatic,IO_ProduktLaunch26_Video,LI_Video_Retarget,20260926,Desktop,Ostatné SR,8296,78,0.94%,31.34,0.0,6445
Energy_Client_SK,ProduktLaunch26_Programmatic,IO_ProduktLaunch26_Video,LI_Video_Prospecting,20260910,Mobile,Košický kraj,11833,69,0.58%,40.8,0.0,9214
Energy_Client_SK,ProduktLaunch26_Programmatic,IO_ProduktLaunch26_Display,LI_Display_Retarget,20260927,Tablet,Košický kraj,4105,16,0.39%,14.18,,2373
Energy_Client_SK,ProduktLaunch26_Programmatic,IO_ProduktLaunch26_Video,LI_Audio_Awareness,20261022,Mobile,Bratislavský kraj,12364,53,0.43%,28.29,,9032
Energy_Client_SK,ProduktLaunch26_Programmatic,IO_ProduktLaunch26_Video,LI_Video_Prospecting,20260905,Desktop,Bratislavský kraj,12790,66,0.51%,60.28,,9164
Energy_Client_SK,ProduktLaunch26_Programmatic,IO_ProduktLaunch26_Video,LI_Audio_Awareness,20260922,Mobile,Bratislavský kraj,9888,34,0.35%,16.38,,7536
Energy_Client_SK,ProduktLaunch26_Programmatic,IO_ProduktLaunch26_Display,LI_Display_Prospecting,20261003,Connected TV,Ostatné SR,7590,37,0.49%,24.13,,4579
Energy_Client_SK,ProduktLaunch26_Programmatic,IO_ProduktLaunch26_Video,LI_Video_Prospecting,20260921,Mobile,Ostatné SR,20355,118,0.58%,88.21,0.0,12908
Energy_Client_SK,ProduktLaunch26_Programmatic,IO_ProduktLaunch26_Display,LI_Native_Prospecting,20261018,Connected TV,Ostatné SR,4451,34,0.76%,15.55,,3081
Energy_Client_SK,ProduktLaunch26_Programmatic,IO_ProduktLaunch26_Display,LI_Native_Prospecting,20260829,Mobile,Ostatné SR,12968,64,0.49%,47.03,0.0,8900
Energy_Client_SK,ProduktLaunch26_Programmatic,IO_ProduktLaunch26_Video,LI_Video_Prospecting,20260910,Connected TV,Bratislavský kraj,10494,73,0.7%,41.93,,6673
Energy_Client_SK,ProduktLaunch26_Programmatic,IO_ProduktLaunch26_Video,LI_Video_Retarget,20260824,Tablet,Bratislavský kraj,9125,66,0.72%,31.87,,6605
Energy_Client_SK,ProduktLaunch26_Programmatic,IO_ProduktLaunch26_Video,LI_Video_Retarget,20260926,Desktop,Bratislavský kraj,10956,93,0.85%,43.26,,7532
Energy_Client_SK,ProduktLaunch26_Programmatic,IO_ProduktLaunch26_Display,LI_Display_Prospecting,20261026,Mobile,Košický kraj,8973,30,0.33%,23.21,,6314
Energy_Client_SK,ProduktLaunch26_Programmatic,IO_ProduktLaunch26_Display,LI_Display_Retarget,20260920,Connected TV,Ostatné SR,7883,40,0.5%,20.64,,5414
Energy_Client_SK,ProduktLaunch26_Programmatic,IO_ProduktLaunch26_Display,LI_Native_Prospecting,20261014,Tablet,Ostatné SR,3340,19,0.57%,7.56,,2002
Energy_Client_SK,ProduktLaunch26_Programmatic,IO_ProduktLaunch26_Display,LI_Display_Prospecting,20261005,Desktop,Bratislavský kraj,10562,38,0.36%,28.5,0.0,6698
Energy_Client_SK,ProduktLaunch26_Programmatic,IO_ProduktLaunch26_Display,LI_Display_Retarget,20261023,Connected TV,Bratislavský kraj,10185,69,0.68%,30.65,0.0,6012
Energy_Client_SK,ProduktLaunch26_Programmatic,IO_ProduktLaunch26_Video,LI_Video_Prospecting,20261028,Connected TV,Košický kraj,8715,44,0.51%,26.27,,5310
Energy_Client_SK,ProduktLaunch26_Programmatic,IO_ProduktLaunch26_Video,LI_Video_Prospecting,20260928,Desktop,Ostatné SR,16827,87,0.52%,56.46,,9473
Energy_Client_SK,ProduktLaunch26_Programmatic,IO_ProduktLaunch26_Display,LI_Display_Prospecting,20260826,Mobile,Košický kraj,14380,73,0.51%,29.65,,8043
Energy_Client_SK,ProduktLaunch26_Programmatic,IO_ProduktLaunch26_Display,LI_Display_Retarget,20260831,Desktop,Ostatné SR,7599,37,0.48%,26.46,,4635
Energy_Client_SK,ProduktLaunch26_Programmatic,IO_ProduktLaunch26_Video,LI_Video_Retarget,20261020,Connected TV,Košický kraj,6024,57,0.94%,21.04,0.0,3954
Energy_Client_SK,ProduktLaunch26_Programmatic,IO_ProduktLaunch26_Display,LI_Native_Prospecting,20261019,Mobile,Košický kraj,8725,38,0.44%,32.59,0.0,6512
Energy_Client_SK,ProduktLaunch26_Programmatic,IO_ProduktLaunch26_Video,LI_Audio_Awareness,20260930,Connected TV,Bratislavský kraj,5991,19,0.31%,15.06,,3858
Energy_Client_SK,ProduktLaunch26_Programmatic,IO_ProduktLaunch26_Display,LI_Display_Retarget,20261004,Mobile,Bratislavský kraj,10663,60,0.57%,26.81,,6263
Energy_Client_SK,ProduktLaunch26_Programmatic,IO_ProduktLaunch26_Display,LI_Native_Prospecting,20260905,Connected TV,Ostatné SR,5490,22,0.41%,15.1,,3064
Energy_Client_SK,ProduktLaunch26_Programmatic,IO_ProduktLaunch26_Video,LI_Video_Retarget,20260919,Tablet,Bratislavský kraj,6740,65,0.96%,26.92,,4249
Energy_Client_SK,ProduktLaunch26_Programmatic,IO_ProduktLaunch26_Video,LI_Audio_Awareness,20260904,Tablet,Ostatné SR,2739,6,0.23%,6.16,,1935
Energy_Client_SK,ProduktLaunch26_Programmatic,IO_ProduktLaunch26_Video,LI_Audio_Awareness,20260928,Connected TV,Košický kraj,4271,16,0.37%,6.93,0.0,3276
Energy_Client_SK,ProduktLaunch26_Programmatic,IO_ProduktLaunch26_Video,LI_Audio_Awareness,20261013,Tablet,Bratislavský kraj,7463,17,0.22%,12.66,0.0,5127
Energy_Client_SK,ProduktLaunch26_Programmatic,IO_ProduktLaunch26_Video,LI_Audio_Awareness,20261023,Mobile,Košický kraj,9317,40,0.42%,21.06,,6977
Energy_Client_SK,ProduktLaunch26_Programmatic,IO_ProduktLaunch26_Video,LI_Video_Retarget,20260818,Mobile,Ostatné SR,13753,75,0.55%,66.5,,10580
Energy_Client_SK,ProduktLaunch26_Programmatic,IO_ProduktLaunch26_Video,LI_Video_Retarget,20260915,Tablet,Bratislavský kraj,11177,113,1.01%,50.64,0.0,7533
Energy_Client_SK,ProduktLaunch26_Programmatic,IO_ProduktLaunch26_Display,LI_Display_Retarget,20260822,Desktop,Ostatné SR,8298,50,0.6%,17.23,0.0,5124
Energy_Client_SK,ProduktLaunch26_Programmatic,IO_ProduktLaunch26_Display,LI_Display_Retarget,20260928,Mobile,Bratislavský kraj,18059,75,0.41%,48.23,0.0,10779
Energy_Client_SK,ProduktLaunch26_Programmatic,IO_ProduktLaunch26_Display,LI_Display_Prospecting,20260826,Mobile,Ostatné SR,17703,70,0.39%,49.13,,12899
Energy_Client_SK,ProduktLaunch26_Programmatic,IO_ProduktLaunch26_Video,LI_Video_Retarget,20260824,Desktop,Bratislavský kraj,21491,118,0.55%,78.9,0.0,13446
Energy_Client_SK,ProduktLaunch26_Programmatic,IO_ProduktLaunch26_Display,LI_Display_Prospecting,20260918,Mobile,Ostatné SR,9600,35,0.36%,25.52,0.0,6639
Energy_Client_SK,ProduktLaunch26_Programmatic,IO_ProduktLaunch26_Display,LI_Native_Prospecting,20260830,Desktop,Košický kraj,7011,43,0.62%,26.36,,5020
Energy_Client_SK,ProduktLaunch26_Programmatic,IO_ProduktLaunch26_Video,LI_Video_Retarget,20260918,Desktop,Ostatné SR,9522,81,0.85%,33.31,,7112
Energy_Client_SK,ProduktLaunch26_Programmatic,IO_ProduktLaunch26_Display,LI_Display_Retarget,20261001,Tablet,Ostatné SR,5656,19,0.34%,17.28,0.0,3853
Energy_Client_SK,ProduktLaunch26_Programmatic,IO_ProduktLaunch26_Display,LI_Display_Retarget,20260815,Tablet,Ostatné SR,3543,13,0.37%,7.81,,2451
Energy_Client_SK,ProduktLaunch26_Programmatic,IO_ProduktLaunch26_Display,LI_Display_Prospecting,20260917,Connected TV,Ostatné SR,8206,24,0.29%,24.85,,5782
Energy_Client_SK,ProduktLaunch26_Programmatic,IO_ProduktLaunch26_Video,LI_Video_Retarget,20260823,Tablet,Bratislavský kraj,6389,64,1.0%,30.88,0.0,4712
Energy_Client_SK,ProduktLaunch26_Programmatic,IO_ProduktLaunch26_Video,LI_Audio_Awareness,20260924,Mobile,Ostatné SR,13773,46,0.33%,29.85,0.0,9136
Energy_Client_SK,ProduktLaunch26_Programmatic,IO_ProduktLaunch26_Video,LI_Video_Retarget,20260816,Connected TV,Bratislavský kraj,6636,72,1.08%,25.4,,5062
Energy_Client_SK,ProduktLaunch26_Programmatic,IO_ProduktLaunch26_Display,LI_Native_Prospecting,20260817,Desktop,Ostatné SR,9535,52,0.54%,35.68,,6663
Energy_Client_SK,ProduktLaunch26_Programmatic,IO_ProduktLaunch26_Display,LI_Display_Retarget,20260819,Mobile,Bratislavský kraj,15829,91,0.58%,49.19,,11699
Energy_Client_SK,ProduktLaunch26_Programmatic,IO_ProduktLaunch26_Display,LI_Display_Prospecting,20261013,Connected TV,Košický kraj,5263,20,0.38%,14.88,0.0,3686
Energy_Client_SK,ProduktLaunch26_Programmatic,IO_ProduktLaunch26_Display,LI_Display_Retarget,20260831,Tablet,Košický kraj,4630,28,0.6%,10.62,,3132
Energy_Client_SK,ProduktLaunch26_Programmatic,IO_ProduktLaunch26_Display,LI_Native_Prospecting,20261005,Connected TV,Ostatné SR,4197,23,0.54%,15.49,,3154
Energy_Client_SK,ProduktLaunch26_Programmatic,IO_ProduktLaunch26_Display,LI_Display_Prospecting,20261003,Desktop,Bratislavský kraj,16270,68,0.42%,49.05,,12883
Energy_Client_SK,ProduktLaunch26_Programmatic,IO_ProduktLaunch26_Display,LI_Native_Prospecting,20260911,Mobile,Košický kraj,7725,46,0.59%,21.85,0.0,4662
Energy_Client_SK,ProduktLaunch26_Programmatic,IO_ProduktLaunch26_Display,LI_Display_Retarget,20260930,Mobile,Ostatné SR,13213,56,0.43%,43.72,0.0,7578
Energy_Client_SK,ProduktLaunch26_Programmatic,IO_ProduktLaunch26_Video,LI_Audio_Awareness,20261015,Tablet,Bratislavský kraj,4354,13,0.29%,7.13,,3253
Energy_Client_SK,ProduktLaunch26_Programmatic,IO_ProduktLaunch26_Video,LI_Video_Prospecting,20260903,Mobile,Ostatné SR,11991,59,0.5%,40.16,,7977
Energy_Client_SK,ProduktLaunch26_Programmatic,IO_ProduktLaunch26_Display,LI_Native_Prospecting,20260825,Tablet,Bratislavský kraj,6348,40,0.64%,22.92,0.0,4989
Energy_Client_SK,ProduktLaunch26_Programmatic,IO_ProduktLaunch26_Video,LI_Video_Retarget,20261014,Connected TV,Ostatné SR,7857,47,0.6%,28.21,,5704
Energy_Client_SK,ProduktLaunch26_Programmatic,IO_ProduktLaunch26_Video,LI_Video_Prospecting,20261002,Tablet,Bratislavský kraj,10315,76,0.74%,46.13,,7199
Energy_Client_SK,ProduktLaunch26_Programmatic,IO_ProduktLaunch26_Video,LI_Video_Retarget,20260821,Connected TV,Košický kraj,7153,60,0.84%,34.31,,5267
Energy_Client_SK,ProduktLaunch26_Programmatic,IO_ProduktLaunch26_Video,LI_Audio_Awareness,20261002,Desktop,Ostatné SR,6840,29,0.43%,11.95,0.0,5056
Energy_Client_SK,ProduktLaunch26_Programmatic,IO_ProduktLaunch26_Display,LI_Display_Retarget,20260927,Tablet,Ostatné SR,3554,12,0.34%,8.3,,2298
Energy_Client_SK,ProduktLaunch26_Programmatic,IO_ProduktLaunch26_Video,LI_Audio_Awareness,20261005,Mobile,Bratislavský kraj,8815,37,0.42%,19.84,,6663
Energy_Client_SK,ProduktLaunch26_Programmatic,IO_ProduktLaunch26_Video,LI_Video_Retarget,20260913,Desktop,Košický kraj,10089,106,1.05%,45.17,0.0,7324
Energy_Client_SK,ProduktLaunch26_Programmatic,IO_ProduktLaunch26_Display,LI_Display_Prospecting,20260929,Tablet,Ostatné SR,6044,20,0.33%,13.4,0.0,4787
Energy_Client_SK,ProduktLaunch26_Programmatic,IO_ProduktLaunch26_Video,LI_Video_Prospecting,20261007,Tablet,Ostatné SR,5206,25,0.49%,15.73,,3955
Energy_Client_SK,ProduktLaunch26_Programmatic,IO_ProduktLaunch26_Video,LI_Audio_Awareness,20260828,Mobile,Košický kraj,11376,55,0.48%,19.99,,6775
Energy_Client_SK,ProduktLaunch26_Programmatic,IO_ProduktLaunch26_Video,LI_Audio_Awareness,20260912,Mobile,Ostatné SR,12410,46,0.37%,31.99,0.0,9007
Energy_Client_SK,ProduktLaunch26_Programmatic,IO_ProduktLaunch26_Display,LI_Native_Prospecting,20261019,Connected TV,Košický kraj,6450,39,0.61%,23.28,,4402
Energy_Client_SK,ProduktLaunch26_Programmatic,IO_ProduktLaunch26_Display,LI_Native_Prospecting,20260827,Connected TV,Ostatné SR,3549,17,0.49%,11.52,,2725
Energy_Client_SK,ProduktLaunch26_Programmatic,IO_ProduktLaunch26_Display,LI_Display_Prospecting,20261025,Desktop,Košický kraj,9728,43,0.44%,22.87,0.0,5678
Energy_Client_SK,ProduktLaunch26_Programmatic,IO_ProduktLaunch26_Video,LI_Video_Retarget,20260827,Desktop,Košický kraj,8498,90,1.06%,32.93,,5291
Energy_Client_SK,ProduktLaunch26_Programmatic,IO_ProduktLaunch26_Display,LI_Display_Retarget,20260827,Desktop,Bratislavský kraj,14637,49,0.34%,45.28,0.0,10065
Energy_Client_SK,ProduktLaunch26_Programmatic,IO_ProduktLaunch26_Display,LI_Display_Retarget,20260817,Desktop,Bratislavský kraj,8641,29,0.33%,28.35,0.0,6263
Energy_Client_SK,ProduktLaunch26_Programmatic,IO_ProduktLaunch26_Video,LI_Audio_Awareness,20260816,Connected TV,Ostatné SR,3976,9,0.22%,6.24,,3160
Energy_Client_SK,ProduktLaunch26_Programmatic,IO_ProduktLaunch26_Video,LI_Video_Retarget,20260910,Connected TV,Košický kraj,3962,24,0.6%,19.34,0.0,2597
Energy_Client_SK,ProduktLaunch26_Programmatic,IO_ProduktLaunch26_Display,LI_Native_Prospecting,20260826,Tablet,Bratislavský kraj,6992,40,0.57%,21.52,,3906
Energy_Client_SK,ProduktLaunch26_Programmatic,IO_ProduktLaunch26_Display,LI_Native_Prospecting,20260916,Tablet,Bratislavský kraj,6344,43,0.67%,18.68,,4939
Energy_Client_SK,ProduktLaunch26_Programmatic,IO_ProduktLaunch26_Video,LI_Video_Prospecting,20260920,Tablet,Košický kraj,4039,28,0.68%,15.67,,3035
Energy_Client_SK,ProduktLaunch26_Programmatic,IO_ProduktLaunch26_Video,LI_Video_Retarget,20261013,Tablet,Košický kraj,4827,49,1.02%,24.56,0.0,2709
Energy_Client_SK,ProduktLaunch26_Programmatic,IO_ProduktLaunch26_Display,LI_Native_Prospecting,20260828,Tablet,Košický kraj,2193,16,0.71%,5.89,0.0,1544
Energy_Client_SK,ProduktLaunch26_Programmatic,IO_ProduktLaunch26_Display,LI_Display_Retarget,20260906,Connected TV,Košický kraj,6220,19,0.31%,15.67,,3979
Energy_Client_SK,ProduktLaunch26_Programmatic,IO_ProduktLaunch26_Display,LI_Display_Retarget,20260906,Desktop,Bratislavský kraj,17571,109,0.62%,38.34,,10748
Energy_Client_SK,ProduktLaunch26_Programmatic,IO_ProduktLaunch26_Video,LI_Video_Prospecting,20261026,Mobile,Košický kraj,9363,75,0.8%,38.59,,5490
Energy_Client_SK,ProduktLaunch26_Programmatic,IO_ProduktLaunch26_Video,LI_Video_Retarget,20260911,Desktop,Bratislavský kraj,17035,158,0.93%,76.62,,9666
Energy_Client_SK,ProduktLaunch26_Programmatic,IO_ProduktLaunch26_Display,LI_Display_Retarget,20260922,Tablet,Ostatné SR,3412,20,0.58%,11.32,,2503
Energy_Client_SK,ProduktLaunch26_Programmatic,IO_ProduktLaunch26_Video,LI_Video_Retarget,20260908,Mobile,Košický kraj,14461,79,0.55%,71.45,,10813
Energy_Client_SK,ProduktLaunch26_Programmatic,IO_ProduktLaunch26_Video,LI_Video_Retarget,20260815,Desktop,Bratislavský kraj,13924,132,0.95%,57.72,,9558
Energy_Client_SK,ProduktLaunch26_Programmatic,IO_ProduktLaunch26_Display,LI_Display_Retarget,20260827,Desktop,Ostatné SR,8844,59,0.67%,30.52,0.0,5143
Energy_Client_SK,ProduktLaunch26_Programmatic,IO_ProduktLaunch26_Display,LI_Native_Prospecting,20261012,Desktop,Ostatné SR,6469,50,0.78%,20.53,,4470
Energy_Client_SK,ProduktLaunch26_Programmatic,IO_ProduktLaunch26_Video,LI_Video_Retarget,20261012,Connected TV,Bratislavský kraj,8822,65,0.73%,39.6,0.0,4916
Energy_Client_SK,ProduktLaunch26_Programmatic,IO_ProduktLaunch26_Display,LI_Display_Retarget,20261021,Mobile,Košický kraj,12979,68,0.52%,29.47,,7700
Energy_Client_SK,ProduktLaunch26_Programmatic,IO_ProduktLaunch26_Video,LI_Audio_Awareness,20260914,Connected TV,Bratislavský kraj,7953,39,0.5%,17.91,0.0,6124
Energy_Client_SK,ProduktLaunch26_Programmatic,IO_ProduktLaunch26_Display,LI_Display_Prospecting,20261014,Tablet,Ostatné SR,5331,19,0.36%,16.44,0.0,3608
Energy_Client_SK,ProduktLaunch26_Programmatic,IO_ProduktLaunch26_Display,LI_Display_Retarget,20261019,Mobile,Ostatné SR,8362,28,0.33%,25.51,,5637
Energy_Client_SK,ProduktLaunch26_Programmatic,IO_ProduktLaunch26_Display,LI_Native_Prospecting,20260929,Mobile,Košický kraj,8399,64,0.76%,19.67,0.0,5467
Energy_Client_SK,ProduktLaunch26_Programmatic,IO_ProduktLaunch26_Display,LI_Display_Prospecting,20260823,Mobile,Košický kraj,7376,36,0.49%,17.32,,5586
Energy_Client_SK,ProduktLaunch26_Programmatic,IO_ProduktLaunch26_Video,LI_Video_Retarget,20261025,Mobile,Ostatné SR,19116,182,0.95%,100.67,,10840
Energy_Client_SK,ProduktLaunch26_Programmatic,IO_ProduktLaunch26_Video,LI_Video_Prospecting,20260822,Connected TV,Bratislavský kraj,16327,69,0.42%,65.05,,12245
Energy_Client_SK,ProduktLaunch26_Programmatic,IO_ProduktLaunch26_Display,LI_Display_Retarget,20260915,Tablet,Bratislavský kraj,7591,43,0.57%,18.88,,5711
Energy_Client_SK,ProduktLaunch26_Programmatic,IO_ProduktLaunch26_Video,LI_Video_Retarget,20261004,Mobile,Ostatné SR,17942,114,0.64%,62.69,,13792
Energy_Client_SK,ProduktLaunch26_Programmatic,IO_ProduktLaunch26_Display,LI_Display_Retarget,20260911,Tablet,Košický kraj,3256,16,0.5%,11.01,,2489
Energy_Client_SK,ProduktLaunch26_Programmatic,IO_ProduktLaunch26_Video,LI_Video_Prospecting,20260917,Mobile,Košický kraj,12734,114,0.89%,41.58,,9074
Energy_Client_SK,ProduktLaunch26_Programmatic,IO_ProduktLaunch26_Display,LI_Display_Prospecting,20261010,Desktop,Ostatné SR,14055,37,0.26%,30.0,0.0,10393
Energy_Client_SK,ProduktLaunch26_Programmatic,IO_ProduktLaunch26_Video,LI_Video_Prospecting,20260929,Connected TV,Košický kraj,6610,40,0.61%,32.69,0.0,4512
Energy_Client_SK,ProduktLaunch26_Programmatic,IO_ProduktLaunch26_Display,LI_Display_Retarget,20261008,Connected TV,Ostatné SR,7065,29,0.42%,17.38,,4000
Energy_Client_SK,ProduktLaunch26_Programmatic,IO_ProduktLaunch26_Video,LI_Video_Prospecting,20261022,Connected TV,Bratislavský kraj,15430,100,0.65%,72.87,0.0,11064
Energy_Client_SK,ProduktLaunch26_Programmatic,IO_ProduktLaunch26_Video,LI_Video_Prospecting,20260913,Tablet,Ostatné SR,8455,71,0.83%,35.63,0.0,5038
Energy_Client_SK,ProduktLaunch26_Programmatic,IO_ProduktLaunch26_Video,LI_Audio_Awareness,20260908,Connected TV,Bratislavský kraj,6696,18,0.27%,11.31,0.0,3892
Energy_Client_SK,ProduktLaunch26_Programmatic,IO_ProduktLaunch26_Video,LI_Audio_Awareness,20261004,Mobile,Ostatné SR,7679,29,0.38%,16.27,,6040
Energy_Client_SK,ProduktLaunch26_Programmatic,IO_ProduktLaunch26_Video,LI_Audio_Awareness,20261008,Tablet,Ostatné SR,5918,13,0.23%,10.05,,4203
Energy_Client_SK,ProduktLaunch26_Programmatic,IO_ProduktLaunch26_Display,LI_Display_Prospecting,20261024,Connected TV,Košický kraj,6029,30,0.5%,19.11,0.0,4643
Energy_Client_SK,ProduktLaunch26_Programmatic,IO_ProduktLaunch26_Display,LI_Native_Prospecting,20261001,Connected TV,Košický kraj,5002,29,0.57%,14.51,0.0,3284
Energy_Client_SK,ProduktLaunch26_Programmatic,IO_ProduktLaunch26_Video,LI_Video_Retarget,20260828,Connected TV,Bratislavský kraj,7736,41,0.52%,39.76,0.0,4827
Energy_Client_SK,ProduktLaunch26_Programmatic,IO_ProduktLaunch26_Display,LI_Native_Prospecting,20261006,Mobile,Košický kraj,8226,51,0.62%,19.89,0.0,4902
Energy_Client_SK,ProduktLaunch26_Programmatic,IO_ProduktLaunch26_Video,LI_Audio_Awareness,20261027,Mobile,Košický kraj,6633,30,0.46%,10.89,0.0,4575
Energy_Client_SK,ProduktLaunch26_Programmatic,IO_ProduktLaunch26_Display,LI_Display_Retarget,20260819,Connected TV,Košický kraj,4332,16,0.38%,13.37,,2826
Energy_Client_SK,ProduktLaunch26_Programmatic,IO_ProduktLaunch26_Display,LI_Native_Prospecting,20261014,Connected TV,Bratislavský kraj,10222,62,0.61%,28.06,,6510
Energy_Client_SK,ProduktLaunch26_Programmatic,IO_ProduktLaunch26_Video,LI_Video_Prospecting,20261028,Tablet,Bratislavský kraj,7154,44,0.61%,27.93,,4711
Energy_Client_SK,ProduktLaunch26_Programmatic,IO_ProduktLaunch26_Display,LI_Display_Prospecting,20261019,Connected TV,Ostatné SR,8028,38,0.47%,22.84,0.0,5928
Energy_Client_SK,ProduktLaunch26_Programmatic,IO_ProduktLaunch26_Video,LI_Video_Prospecting,20261002,Desktop,Bratislavský kraj,22778,134,0.59%,77.04,0.0,14899
Energy_Client_SK,ProduktLaunch26_Programmatic,IO_ProduktLaunch26_Video,LI_Video_Retarget,20260828,Tablet,Ostatné SR,7814,59,0.75%,32.41,0.0,4823
Energy_Client_SK,ProduktLaunch26_Programmatic,IO_ProduktLaunch26_Display,LI_Display_Retarget,20261006,Connected TV,Košický kraj,6304,38,0.6%,16.44,0.0,3514
Energy_Client_SK,ProduktLaunch26_Programmatic,IO_ProduktLaunch26_Video,LI_Video_Prospecting,20261016,Desktop,Ostatné SR,9841,70,0.71%,45.2,0.0,6819
Energy_Client_SK,ProduktLaunch26_Programmatic,IO_ProduktLaunch26_Video,LI_Video_Retarget,20261021,Mobile,Bratislavský kraj,16371,119,0.73%,64.15,,9663
Energy_Client_SK,ProduktLaunch26_Programmatic,IO_ProduktLaunch26_Display,LI_Native_Prospecting,20261018,Mobile,Ostatné SR,11058,88,0.8%,40.89,,7761
Energy_Client_SK,ProduktLaunch26_Programmatic,IO_ProduktLaunch26_Display,LI_Native_Prospecting,20261002,Desktop,Bratislavský kraj,16007,102,0.64%,50.45,,10827
Energy_Client_SK,ProduktLaunch26_Programmatic,IO_ProduktLaunch26_Video,LI_Audio_Awareness,20260826,Connected TV,Ostatné SR,4473,20,0.44%,7.51,0.0,2815
Energy_Client_SK,ProduktLaunch26_Programmatic,IO_ProduktLaunch26_Display,LI_Display_Retarget,20261016,Tablet,Ostatné SR,3932,21,0.55%,11.98,0.0,2831
Energy_Client_SK,ProduktLaunch26_Programmatic,IO_ProduktLaunch26_Video,LI_Video_Prospecting,20260817,Connected TV,Košický kraj,9208,54,0.58%,29.49,0.0,5908
Energy_Client_SK,ProduktLaunch26_Programmatic,IO_ProduktLaunch26_Display,LI_Native_Prospecting,20260830,Connected TV,Košický kraj,5512,25,0.46%,16.51,,3892
Energy_Client_SK,ProduktLaunch26_Programmatic,IO_ProduktLaunch26_Video,LI_Video_Retarget,20261010,Tablet,Ostatné SR,4317,22,0.52%,14.48,0.0,2997
Energy_Client_SK,ProduktLaunch26_Programmatic,IO_ProduktLaunch26_Display,LI_Display_Retarget,20260913,Connected TV,Bratislavský kraj,11864,43,0.36%,26.84,0.0,6797
Energy_Client_SK,ProduktLaunch26_Programmatic,IO_ProduktLaunch26_Video,LI_Video_Prospecting,20260824,Desktop,Ostatné SR,13074,108,0.82%,45.82,,10343
Energy_Client_SK,ProduktLaunch26_Programmatic,IO_ProduktLaunch26_Video,LI_Video_Retarget,20261024,Tablet,Ostatné SR,4059,36,0.9%,18.7,0.0,2812
Energy_Client_SK,ProduktLaunch26_Programmatic,IO_ProduktLaunch26_Video,LI_Video_Prospecting,20260911,Connected TV,Bratislavský kraj,12368,55,0.44%,56.91,,9488
Energy_Client_SK,ProduktLaunch26_Programmatic,IO_ProduktLaunch26_Display,LI_Native_Prospecting,20261012,Connected TV,Bratislavský kraj,6660,46,0.69%,22.5,,4300
Energy_Client_SK,ProduktLaunch26_Programmatic,IO_ProduktLaunch26_Display,LI_Display_Prospecting,20260825,Mobile,Bratislavský kraj,23406,104,0.44%,54.29,,16422
Energy_Client_SK,ProduktLaunch26_Programmatic,IO_ProduktLaunch26_Display,LI_Native_Prospecting,20260831,Mobile,Bratislavský kraj,16881,117,0.69%,40.49,0.0,10376
Energy_Client_SK,ProduktLaunch26_Programmatic,IO_ProduktLaunch26_Video,LI_Video_Prospecting,20260924,Tablet,Košický kraj,6703,59,0.88%,20.47,,3994
Energy_Client_SK,ProduktLaunch26_Programmatic,IO_ProduktLaunch26_Display,LI_Native_Prospecting,20260929,Desktop,Ostatné SR,5124,38,0.75%,13.76,,3999
Energy_Client_SK,ProduktLaunch26_Programmatic,IO_ProduktLaunch26_Video,LI_Audio_Awareness,20261025,Tablet,Košický kraj,5084,19,0.37%,9.48,0.0,3375
Energy_Client_SK,ProduktLaunch26_Programmatic,IO_ProduktLaunch26_Display,LI_Display_Retarget,20260920,Mobile,Košický kraj,11420,72,0.63%,32.98,,7819
Energy_Client_SK,ProduktLaunch26_Programmatic,IO_ProduktLaunch26_Video,LI_Video_Retarget,20261025,Connected TV,Ostatné SR,10164,84,0.83%,48.99,0.0,5709
Energy_Client_SK,ProduktLaunch26_Programmatic,IO_ProduktLaunch26_Video,LI_Audio_Awareness,20260926,Connected TV,Bratislavský kraj,6448,23,0.36%,11.41,,4390
Energy_Client_SK,ProduktLaunch26_Programmatic,IO_ProduktLaunch26_Display,LI_Native_Prospecting,20261018,Desktop,Bratislavský kraj,15629,81,0.52%,50.66,,10574
Energy_Client_SK,ProduktLaunch26_Programmatic,IO_ProduktLaunch26_Display,LI_Display_Prospecting,20261008,Tablet,Bratislavský kraj,10168,29,0.28%,30.48,,8130
Energy_Client_SK,ProduktLaunch26_Programmatic,IO_ProduktLaunch26_Video,LI_Video_Retarget,20261023,Tablet,Ostatné SR,3724,31,0.82%,12.51,,2832
Energy_Client_SK,ProduktLaunch26_Programmatic,IO_ProduktLaunch26_Display,LI_Display_Prospecting,20260913,Mobile,Košický kraj,9733,46,0.48%,22.24,,7030
Energy_Client_SK,ProduktLaunch26_Programmatic,IO_ProduktLaunch26_Display,LI_Display_Retarget,20261009,Tablet,Bratislavský kraj,8050,48,0.59%,23.17,0.0,4751
Energy_Client_SK,ProduktLaunch26_Programmatic,IO_ProduktLaunch26_Display,LI_Display_Retarget,20260912,Desktop,Košický kraj,6214,37,0.59%,19.1,0.0,3574
Energy_Client_SK,ProduktLaunch26_Programmatic,IO_ProduktLaunch26_Video,LI_Video_Prospecting,20260915,Desktop,Košický kraj,7764,38,0.49%,36.5,,5010
Energy_Client_SK,ProduktLaunch26_Programmatic,IO_ProduktLaunch26_Display,LI_Display_Prospecting,20260909,Tablet,Ostatné SR,5989,29,0.48%,15.54,0.0,4086
Energy_Client_SK,ProduktLaunch26_Programmatic,IO_ProduktLaunch26_Video,LI_Video_Retarget,20260826,Mobile,Košický kraj,11220,121,1.07%,45.94,,8012
Energy_Client_SK,ProduktLaunch26_Programmatic,IO_ProduktLaunch26_Video,LI_Audio_Awareness,20261007,Connected TV,Ostatné SR,4979,20,0.41%,9.98,,3957
Energy_Client_SK,ProduktLaunch26_Programmatic,IO_ProduktLaunch26_Video,LI_Video_Retarget,20260817,Tablet,Košický kraj,4038,22,0.56%,16.53,0.0,2423
Energy_Client_SK,ProduktLaunch26_Programmatic,IO_ProduktLaunch26_Display,LI_Display_Retarget,20260911,Desktop,Košický kraj,10601,61,0.58%,37.05,,8216
Energy_Client_SK,ProduktLaunch26_Programmatic,IO_ProduktLaunch26_Display,LI_Display_Retarget,20261014,Connected TV,Ostatné SR,4004,26,0.64%,10.1,,2589
Energy_Client_SK,ProduktLaunch26_Programmatic,IO_ProduktLaunch26_Display,LI_Display_Retarget,20260917,Desktop,Bratislavský kraj,13258,85,0.64%,35.0,,7867
Energy_Client_SK,ProduktLaunch26_Programmatic,IO_ProduktLaunch26_Video,LI_Audio_Awareness,20260830,Connected TV,Bratislavský kraj,6508,24,0.37%,12.87,0.0,4339
Energy_Client_SK,ProduktLaunch26_Programmatic,IO_ProduktLaunch26_Video,LI_Video_Retarget,20261007,Tablet,Košický kraj,6588,51,0.78%,24.93,0.0,4459
Energy_Client_SK,ProduktLaunch26_Programmatic,IO_ProduktLaunch26_Video,LI_Video_Retarget,20260905,Desktop,Košický kraj,13323,128,0.96%,68.37,,9504
Energy_Client_SK,ProduktLaunch26_Programmatic,IO_ProduktLaunch26_Video,LI_Audio_Awareness,20260826,Tablet,Košický kraj,2640,9,0.34%,4.95,,1548
Energy_Client_SK,ProduktLaunch26_Programmatic,IO_ProduktLaunch26_Display,LI_Native_Prospecting,20260920,Tablet,Ostatné SR,2787,20,0.73%,9.27,,1804
Energy_Client_SK,ProduktLaunch26_Programmatic,IO_ProduktLaunch26_Video,LI_Video_Prospecting,20260820,Connected TV,Košický kraj,9017,44,0.49%,32.82,0.0,5420
Energy_Client_SK,ProduktLaunch26_Programmatic,IO_ProduktLaunch26_Video,LI_Audio_Awareness,20261011,Mobile,Košický kraj,5119,17,0.33%,10.28,,2899
Energy_Client_SK,ProduktLaunch26_Programmatic,IO_ProduktLaunch26_Video,LI_Video_Prospecting,20261007,Tablet,Košický kraj,3814,22,0.57%,12.69,0.0,2124
Energy_Client_SK,ProduktLaunch26_Programmatic,IO_ProduktLaunch26_Display,LI_Native_Prospecting,20260923,Connected TV,Bratislavský kraj,8091,34,0.42%,22.03,,5421
Energy_Client_SK,ProduktLaunch26_Programmatic,IO_ProduktLaunch26_Video,LI_Audio_Awareness,20261012,Desktop,Bratislavský kraj,9629,47,0.49%,18.56,,5576
Energy_Client_SK,ProduktLaunch26_Programmatic,IO_ProduktLaunch26_Video,LI_Audio_Awareness,20260923,Connected TV,Ostatné SR,4062,11,0.28%,8.98,,3008
Energy_Client_SK,ProduktLaunch26_Programmatic,IO_ProduktLaunch26_Video,LI_Audio_Awareness,20260815,Mobile,Košický kraj,9024,22,0.25%,20.41,,6117
Energy_Client_SK,ProduktLaunch26_Programmatic,IO_ProduktLaunch26_Video,LI_Video_Prospecting,20261017,Connected TV,Bratislavský kraj,13186,73,0.55%,57.92,,9539
Energy_Client_SK,ProduktLaunch26_Programmatic,IO_ProduktLaunch26_Video,LI_Video_Prospecting,20261014,Tablet,Ostatné SR,9232,60,0.65%,41.91,,6508
Energy_Client_SK,ProduktLaunch26_Programmatic,IO_ProduktLaunch26_Display,LI_Native_Prospecting,20260923,Mobile,Košický kraj,10849,75,0.69%,36.12,,7756
Energy_Client_SK,ProduktLaunch26_Programmatic,IO_ProduktLaunch26_Video,LI_Video_Prospecting,20261024,Desktop,Košický kraj,14356,89,0.62%,48.68,,8810
Energy_Client_SK,ProduktLaunch26_Programmatic,IO_ProduktLaunch26_Video,LI_Video_Prospecting,20261003,Tablet,Ostatné SR,5899,25,0.42%,28.55,0.0,3686
Energy_Client_SK,ProduktLaunch26_Programmatic,IO_ProduktLaunch26_Display,LI_Display_Prospecting,20261013,Desktop,Bratislavský kraj,9748,55,0.56%,18.37,,6003
Energy_Client_SK,ProduktLaunch26_Programmatic,IO_ProduktLaunch26_Display,LI_Native_Prospecting,20261023,Connected TV,Bratislavský kraj,6204,30,0.49%,18.9,,4287
Energy_Client_SK,ProduktLaunch26_Programmatic,IO_ProduktLaunch26_Video,LI_Audio_Awareness,20261023,Desktop,Košický kraj,4470,21,0.47%,11.3,,3342
Energy_Client_SK,ProduktLaunch26_Programmatic,IO_ProduktLaunch26_Video,LI_Video_Retarget,20260928,Connected TV,Košický kraj,4032,42,1.05%,21.16,,2870
Energy_Client_SK,ProduktLaunch26_Programmatic,IO_ProduktLaunch26_Display,LI_Display_Retarget,20260902,Desktop,Košický kraj,10121,63,0.62%,21.82,,7327
Energy_Client_SK,ProduktLaunch26_Programmatic,IO_ProduktLaunch26_Display,LI_Display_Retarget,20260926,Tablet,Ostatné SR,4620,31,0.67%,14.58,,2780
Energy_Client_SK,ProduktLaunch26_Programmatic,IO_ProduktLaunch26_Video,LI_Video_Retarget,20261024,Desktop,Ostatné SR,7626,66,0.86%,39.72,,4707
Energy_Client_SK,ProduktLaunch26_Programmatic,IO_ProduktLaunch26_Display,LI_Display_Prospecting,20260825,Desktop,Bratislavský kraj,14167,55,0.39%,37.04,,10355
Energy_Client_SK,ProduktLaunch26_Programmatic,IO_ProduktLaunch26_Display,LI_Display_Retarget,20261019,Tablet,Ostatné SR,6910,41,0.6%,20.91,,5216
Energy_Client_SK,ProduktLaunch26_Programmatic,IO_ProduktLaunch26_Video,LI_Audio_Awareness,20261016,Connected TV,Ostatné SR,6519,32,0.49%,14.48,,4194
Energy_Client_SK,ProduktLaunch26_Programmatic,IO_ProduktLaunch26_Display,LI_Native_Prospecting,20260818,Desktop,Bratislavský kraj,8812,39,0.44%,20.79,0.0,6866
Energy_Client_SK,ProduktLaunch26_Programmatic,IO_ProduktLaunch26_Display,LI_Display_Retarget,20261011,Mobile,Košický kraj,11115,48,0.43%,32.87,0.0,7758
Energy_Client_SK,ProduktLaunch26_Programmatic,IO_ProduktLaunch26_Display,LI_Display_Retarget,20261020,Tablet,Ostatné SR,4977,27,0.55%,16.72,0.0,3744
Energy_Client_SK,ProduktLaunch26_Programmatic,IO_ProduktLaunch26_Video,LI_Video_Prospecting,20261026,Tablet,Košický kraj,5454,46,0.84%,22.39,0.0,3195
Energy_Client_SK,ProduktLaunch26_Programmatic,IO_ProduktLaunch26_Video,LI_Video_Retarget,20260830,Desktop,Ostatné SR,14055,91,0.65%,46.36,,8422
Energy_Client_SK,ProduktLaunch26_Programmatic,IO_ProduktLaunch26_Video,LI_Video_Retarget,20260820,Desktop,Bratislavský kraj,22312,238,1.07%,93.29,0.0,15160
Energy_Client_SK,ProduktLaunch26_Programmatic,IO_ProduktLaunch26_Display,LI_Native_Prospecting,20261012,Mobile,Košický kraj,8722,54,0.62%,26.56,,6629
Energy_Client_SK,ProduktLaunch26_Programmatic,IO_ProduktLaunch26_Video,LI_Video_Retarget,20260909,Desktop,Košický kraj,12306,74,0.61%,53.77,,7299
Energy_Client_SK,ProduktLaunch26_Programmatic,IO_ProduktLaunch26_Display,LI_Native_Prospecting,20260930,Mobile,Košický kraj,10798,43,0.4%,40.88,,6607
Energy_Client_SK,ProduktLaunch26_Programmatic,IO_ProduktLaunch26_Display,LI_Display_Retarget,20261001,Tablet,Košický kraj,4105,14,0.33%,8.89,0.0,2411
Energy_Client_SK,ProduktLaunch26_Programmatic,IO_ProduktLaunch26_Video,LI_Audio_Awareness,20261017,Mobile,Ostatné SR,8249,30,0.36%,18.95,,5747
Energy_Client_SK,ProduktLaunch26_Programmatic,IO_ProduktLaunch26_Display,LI_Display_Prospecting,20261016,Connected TV,Ostatné SR,9978,52,0.52%,29.73,,7273
Energy_Client_SK,ProduktLaunch26_Programmatic,IO_ProduktLaunch26_Display,LI_Native_Prospecting,20260831,Mobile,Ostatné SR,11546,55,0.48%,25.49,,8801
Energy_Client_SK,ProduktLaunch26_Programmatic,IO_ProduktLaunch26_Display,LI_Native_Prospecting,20260824,Connected TV,Košický kraj,3887,31,0.79%,14.57,,2512
Energy_Client_SK,ProduktLaunch26_Programmatic,IO_ProduktLaunch26_Video,LI_Audio_Awareness,20260928,Mobile,Ostatné SR,6826,31,0.46%,13.01,0.0,4881
Energy_Client_SK,ProduktLaunch26_Programmatic,IO_ProduktLaunch26_Display,LI_Display_Retarget,20261001,Desktop,Ostatné SR,7236,39,0.54%,25.05,,4666
Energy_Client_SK,ProduktLaunch26_Programmatic,IO_ProduktLaunch26_Display,LI_Display_Retarget,20261022,Tablet,Bratislavský kraj,6047,37,0.61%,19.83,0.0,4023
Energy_Client_SK,ProduktLaunch26_Programmatic,IO_ProduktLaunch26_Video,LI_Video_Prospecting,20260815,Tablet,Bratislavský kraj,10805,57,0.52%,53.21,0.0,7295
Energy_Client_SK,ProduktLaunch26_Programmatic,IO_ProduktLaunch26_Display,LI_Native_Prospecting,20260824,Mobile,Košický kraj,10035,48,0.48%,25.89,0.0,7324
Energy_Client_SK,ProduktLaunch26_Programmatic,IO_ProduktLaunch26_Video,LI_Video_Retarget,20260926,Tablet,Košický kraj,5209,54,1.04%,19.54,,4009
Energy_Client_SK,ProduktLaunch26_Programmatic,IO_ProduktLaunch26_Video,LI_Video_Retarget,20261024,Connected TV,Košický kraj,8847,67,0.76%,36.93,0.0,5332
Energy_Client_SK,ProduktLaunch26_Programmatic,IO_ProduktLaunch26_Video,LI_Video_Prospecting,20260816,Tablet,Bratislavský kraj,8614,54,0.63%,28.04,,5174
Energy_Client_SK,ProduktLaunch26_Programmatic,IO_ProduktLaunch26_Video,LI_Audio_Awareness,20260822,Connected TV,Košický kraj,4885,12,0.24%,12.1,,3631
Energy_Client_SK,ProduktLaunch26_Programmatic,IO_ProduktLaunch26_Display,LI_Display_Retarget,20260916,Desktop,Košický kraj,11091,61,0.55%,22.98,0.0,8478
Energy_Client_SK,ProduktLaunch26_Programmatic,IO_ProduktLaunch26_Video,LI_Video_Prospecting,20260906,Desktop,Bratislavský kraj,13168,74,0.56%,62.32,,8414
Energy_Client_SK,ProduktLaunch26_Programmatic,IO_ProduktLaunch26_Video,LI_Video_Prospecting,20260829,Mobile,Bratislavský kraj,23677,202,0.85%,117.58,0.0,15516
Energy_Client_SK,ProduktLaunch26_Programmatic,IO_ProduktLaunch26_Display,LI_Display_Prospecting,20260907,Desktop,Ostatné SR,11286,63,0.55%,22.77,0.0,7426
Energy_Client_SK,ProduktLaunch26_Programmatic,IO_ProduktLaunch26_Display,LI_Display_Prospecting,20260821,Mobile,Ostatné SR,12474,40,0.32%,32.81,,8738
Energy_Client_SK,ProduktLaunch26_Programmatic,IO_ProduktLaunch26_Video,LI_Video_Retarget,20261021,Connected TV,Košický kraj,4870,51,1.05%,24.71,0.0,3056
Energy_Client_SK,ProduktLaunch26_Programmatic,IO_ProduktLaunch26_Video,LI_Video_Prospecting,20260826,Mobile,Bratislavský kraj,18175,75,0.41%,73.71,,12467
Energy_Client_SK,ProduktLaunch26_Programmatic,IO_ProduktLaunch26_Video,LI_Audio_Awareness,20261003,Tablet,Bratislavský kraj,7754,17,0.22%,12.95,,4580
Energy_Client_SK,ProduktLaunch26_Programmatic,IO_ProduktLaunch26_Display,LI_Native_Prospecting,20261010,Mobile,Bratislavský kraj,17629,96,0.54%,60.69,0.0,10589
Energy_Client_SK,ProduktLaunch26_Programmatic,IO_ProduktLaunch26_Video,LI_Video_Retarget,20260907,Connected TV,Ostatné SR,5977,47,0.78%,21.58,,3926
Energy_Client_SK,ProduktLaunch26_Programmatic,IO_ProduktLaunch26_Display,LI_Display_Prospecting,20260916,Desktop,Bratislavský kraj,13136,51,0.39%,23.77,0.0,8427
Energy_Client_SK,ProduktLaunch26_Programmatic,IO_ProduktLaunch26_Video,LI_Audio_Awareness,20260827,Desktop,Bratislavský kraj,12068,43,0.35%,18.49,,9392
Energy_Client_SK,ProduktLaunch26_Programmatic,IO_ProduktLaunch26_Display,LI_Display_Retarget,20261010,Tablet,Košický kraj,3045,10,0.33%,8.28,,2220
Energy_Client_SK,ProduktLaunch26_Programmatic,IO_ProduktLaunch26_Display,LI_Native_Prospecting,20260927,Connected TV,Bratislavský kraj,8689,60,0.69%,30.42,,6940
Energy_Client_SK,ProduktLaunch26_Programmatic,IO_ProduktLaunch26_Video,LI_Audio_Awareness,20260923,Tablet,Bratislavský kraj,3869,13,0.35%,8.64,,2192
Energy_Client_SK,ProduktLaunch26_Programmatic,IO_ProduktLaunch26_Video,LI_Video_Retarget,20260816,Tablet,Košický kraj,5854,48,0.81%,30.82,,3620
Energy_Client_SK,ProduktLaunch26_Programmatic,IO_ProduktLaunch26_Video,LI_Video_Prospecting,20260906,Tablet,Bratislavský kraj,6894,35,0.5%,24.1,,5441
Energy_Client_SK,ProduktLaunch26_Programmatic,IO_ProduktLaunch26_Video,LI_Audio_Awareness,20261018,Tablet,Košický kraj,4705,15,0.31%,10.98,,3153
Energy_Client_SK,ProduktLaunch26_Programmatic,IO_ProduktLaunch26_Video,LI_Video_Prospecting,20261011,Connected TV,Bratislavský kraj,15501,127,0.82%,76.1,,10027
Energy_Client_SK,ProduktLaunch26_Programmatic,IO_ProduktLaunch26_Display,LI_Native_Prospecting,20260826,Desktop,Košický kraj,5610,26,0.47%,17.09,,3288
Energy_Client_SK,ProduktLaunch26_Programmatic,IO_ProduktLaunch26_Video,LI_Video_Retarget,20261006,Desktop,Košický kraj,6949,60,0.87%,22.46,,4087
Energy_Client_SK,ProduktLaunch26_Programmatic,IO_ProduktLaunch26_Display,LI_Display_Retarget,20260915,Connected TV,Ostatné SR,4723,24,0.5%,9.6,0.0,3762
Energy_Client_SK,ProduktLaunch26_Programmatic,IO_ProduktLaunch26_Display,LI_Display_Prospecting,20261027,Desktop,Bratislavský kraj,13071,63,0.48%,24.33,,9836
Energy_Client_SK,ProduktLaunch26_Programmatic,IO_ProduktLaunch26_Video,LI_Video_Prospecting,20260831,Connected TV,Bratislavský kraj,8608,60,0.7%,28.64,,5582
Energy_Client_SK,ProduktLaunch26_Programmatic,IO_ProduktLaunch26_Display,LI_Native_Prospecting,20260831,Desktop,Bratislavský kraj,12578,66,0.53%,41.09,,9702
Energy_Client_SK,ProduktLaunch26_Programmatic,IO_ProduktLaunch26_Display,LI_Display_Prospecting,20261022,Connected TV,Bratislavský kraj,12020,62,0.52%,23.38,,7103
Energy_Client_SK,ProduktLaunch26_Programmatic,IO_ProduktLaunch26_Video,LI_Audio_Awareness,20261020,Connected TV,Ostatné SR,8236,39,0.47%,14.99,,5498
Energy_Client_SK,ProduktLaunch26_Programmatic,IO_ProduktLaunch26_Video,LI_Video_Prospecting,20261015,Tablet,Bratislavský kraj,10007,51,0.51%,31.35,0.0,7804
Energy_Client_SK,ProduktLaunch26_Programmatic,IO_ProduktLaunch26_Video,LI_Video_Prospecting,20260822,Desktop,Košický kraj,7029,36,0.52%,28.99,,5266
Energy_Client_SK,ProduktLaunch26_Programmatic,IO_ProduktLaunch26_Display,LI_Display_Prospecting,20261017,Mobile,Ostatné SR,14248,41,0.29%,43.2,,10127
Energy_Client_SK,ProduktLaunch26_Programmatic,IO_ProduktLaunch26_Display,LI_Display_Prospecting,20261009,Mobile,Ostatné SR,16342,89,0.55%,42.77,0.0,9637
Energy_Client_SK,ProduktLaunch26_Programmatic,IO_ProduktLaunch26_Video,LI_Video_Retarget,20260904,Desktop,Ostatné SR,14926,164,1.1%,78.61,0.0,10497
Energy_Client_SK,ProduktLaunch26_Programmatic,IO_ProduktLaunch26_Video,LI_Video_Prospecting,20260826,Mobile,Košický kraj,9426,38,0.41%,32.16,,5868
Energy_Client_SK,ProduktLaunch26_Programmatic,IO_ProduktLaunch26_Video,LI_Audio_Awareness,20260905,Connected TV,Bratislavský kraj,10458,48,0.46%,21.13,,8265
Energy_Client_SK,ProduktLaunch26_Programmatic,IO_ProduktLaunch26_Video,LI_Video_Prospecting,20260916,Desktop,Ostatné SR,13698,110,0.81%,68.33,0.0,9290
Energy_Client_SK,ProduktLaunch26_Programmatic,IO_ProduktLaunch26_Display,LI_Native_Prospecting,20260909,Mobile,Ostatné SR,13230,67,0.51%,35.03,0.0,7919
Energy_Client_SK,ProduktLaunch26_Programmatic,IO_ProduktLaunch26_Video,LI_Video_Prospecting,20260823,Desktop,Ostatné SR,11407,66,0.58%,53.34,0.0,6719
Energy_Client_SK,ProduktLaunch26_Programmatic,IO_ProduktLaunch26_Display,LI_Display_Retarget,20260815,Connected TV,Ostatné SR,5265,32,0.61%,12.13,,3547
Energy_Client_SK,ProduktLaunch26_Programmatic,IO_ProduktLaunch26_Video,LI_Audio_Awareness,20260908,Connected TV,Košický kraj,5124,21,0.4%,8.69,0.0,2976
Energy_Client_SK,ProduktLaunch26_Programmatic,IO_ProduktLaunch26_Video,LI_Video_Prospecting,20261010,Connected TV,Ostatné SR,7125,41,0.57%,21.67,0.0,4169
Energy_Client_SK,ProduktLaunch26_Programmatic,IO_ProduktLaunch26_Display,LI_Display_Prospecting,20260916,Tablet,Košický kraj,5330,22,0.41%,12.91,0.0,3207
Energy_Client_SK,ProduktLaunch26_Programmatic,IO_ProduktLaunch26_Display,LI_Native_Prospecting,20261026,Tablet,Bratislavský kraj,3536,24,0.68%,7.88,0.0,2090
Energy_Client_SK,ProduktLaunch26_Programmatic,IO_ProduktLaunch26_Display,LI_Display_Retarget,20261012,Connected TV,Ostatné SR,6944,43,0.62%,19.49,,4260
Energy_Client_SK,ProduktLaunch26_Programmatic,IO_ProduktLaunch26_Display,LI_Display_Prospecting,20260817,Connected TV,Košický kraj,6224,36,0.57%,17.43,,4172
Energy_Client_SK,ProduktLaunch26_Programmatic,IO_ProduktLaunch26_Display,LI_Display_Prospecting,20260927,Desktop,Bratislavský kraj,17386,48,0.27%,33.96,,12258
Energy_Client_SK,ProduktLaunch26_Programmatic,IO_ProduktLaunch26_Display,LI_Native_Prospecting,20260910,Mobile,Košický kraj,10732,84,0.78%,32.61,,7728
Energy_Client_SK,ProduktLaunch26_Programmatic,IO_ProduktLaunch26_Video,LI_Video_Retarget,20260825,Tablet,Ostatné SR,6314,33,0.53%,23.55,,4008
Energy_Client_SK,ProduktLaunch26_Programmatic,IO_ProduktLaunch26_Display,LI_Native_Prospecting,20260911,Mobile,Ostatné SR,10686,61,0.57%,35.17,,7601
Energy_Client_SK,ProduktLaunch26_Programmatic,IO_ProduktLaunch26_Display,LI_Display_Prospecting,20260827,Mobile,Košický kraj,9630,29,0.3%,20.31,,6255
Energy_Client_SK,ProduktLaunch26_Programmatic,IO_ProduktLaunch26_Video,LI_Audio_Awareness,20260916,Tablet,Bratislavský kraj,5988,15,0.26%,13.8,0.0,3914
Energy_Client_SK,ProduktLaunch26_Programmatic,IO_ProduktLaunch26_Video,LI_Video_Retarget,20261020,Tablet,Ostatné SR,8194,48,0.59%,36.19,,4844
Energy_Client_SK,ProduktLaunch26_Programmatic,IO_ProduktLaunch26_Video,LI_Audio_Awareness,20261023,Desktop,Bratislavský kraj,13192,38,0.29%,33.87,0.0,9900
Energy_Client_SK,ProduktLaunch26_Programmatic,IO_ProduktLaunch26_Video,LI_Audio_Awareness,20260909,Connected TV,Košický kraj,6261,16,0.26%,15.33,,4888
Energy_Client_SK,ProduktLaunch26_Programmatic,IO_ProduktLaunch26_Display,LI_Display_Retarget,20261017,Desktop,Košický kraj,11166,74,0.66%,36.1,,6775
Energy_Client_SK,ProduktLaunch26_Programmatic,IO_ProduktLaunch26_Display,LI_Native_Prospecting,20261022,Tablet,Bratislavský kraj,7123,40,0.56%,21.69,,4451
Energy_Client_SK,ProduktLaunch26_Programmatic,IO_ProduktLaunch26_Video,LI_Video_Retarget,20260822,Mobile,Košický kraj,8052,86,1.07%,38.48,0.0,5929
Energy_Client_SK,ProduktLaunch26_Programmatic,IO_ProduktLaunch26_Video,LI_Video_Retarget,20261014,Mobile,Bratislavský kraj,18941,128,0.68%,60.88,0.0,15036
Energy_Client_SK,ProduktLaunch26_Programmatic,IO_ProduktLaunch26_Display,LI_Display_Retarget,20261011,Desktop,Bratislavský kraj,12284,62,0.5%,36.33,,7819
Energy_Client_SK,ProduktLaunch26_Programmatic,IO_ProduktLaunch26_Video,LI_Video_Retarget,20261006,Mobile,Ostatné SR,15982,80,0.5%,78.17,,11075
Energy_Client_SK,ProduktLaunch26_Programmatic,IO_ProduktLaunch26_Video,LI_Video_Retarget,20260916,Connected TV,Ostatné SR,9452,60,0.64%,39.68,0.0,5208
Energy_Client_SK,ProduktLaunch26_Programmatic,IO_ProduktLaunch26_Display,LI_Native_Prospecting,20261027,Mobile,Bratislavský kraj,9851,60,0.61%,25.9,0.0,6050
Energy_Client_SK,ProduktLaunch26_Programmatic,IO_ProduktLaunch26_Video,LI_Video_Prospecting,20260921,Desktop,Bratislavský kraj,18988,93,0.49%,70.05,,13480
Energy_Client_SK,ProduktLaunch26_Programmatic,IO_ProduktLaunch26_Video,LI_Video_Retarget,20261002,Desktop,Bratislavský kraj,21526,128,0.59%,83.81,,12056
Energy_Client_SK,ProduktLaunch26_Programmatic,IO_ProduktLaunch26_Display,LI_Native_Prospecting,20260924,Mobile,Ostatné SR,11733,83,0.71%,32.78,,7028
Energy_Client_SK,ProduktLaunch26_Programmatic,IO_ProduktLaunch26_Display,LI_Display_Retarget,20260921,Connected TV,Ostatné SR,5370,31,0.57%,11.93,,4004
Energy_Client_SK,ProduktLaunch26_Programmatic,IO_ProduktLaunch26_Video,LI_Video_Retarget,20261028,Connected TV,Bratislavský kraj,9963,78,0.78%,42.38,,5678
Energy_Client_SK,ProduktLaunch26_Programmatic,IO_ProduktLaunch26_Display,LI_Display_Prospecting,20261020,Mobile,Bratislavský kraj,12089,67,0.56%,37.09,,8378
Energy_Client_SK,ProduktLaunch26_Programmatic,IO_ProduktLaunch26_Display,LI_Native_Prospecting,20261012,Desktop,Košický kraj,8642,50,0.58%,19.02,,5664
Energy_Client_SK,ProduktLaunch26_Programmatic,IO_ProduktLaunch26_Display,LI_Display_Prospecting,20260920,Connected TV,Bratislavský kraj,13566,73,0.54%,25.83,,9167
Energy_Client_SK,ProduktLaunch26_Programmatic,IO_ProduktLaunch26_Display,LI_Display_Retarget,20261004,Mobile,Košický kraj,9229,34,0.37%,29.39,,6400
Energy_Client_SK,ProduktLaunch26_Programmatic,IO_ProduktLaunch26_Display,LI_Display_Retarget,20261005,Tablet,Ostatné SR,6097,40,0.66%,15.48,0.0,4871
Energy_Client_SK,ProduktLaunch26_Programmatic,IO_ProduktLaunch26_Display,LI_Display_Retarget,20260920,Desktop,Bratislavský kraj,16702,95,0.57%,50.32,0.0,10553
Energy_Client_SK,ProduktLaunch26_Programmatic,IO_ProduktLaunch26_Video,LI_Video_Retarget,20260910,Tablet,Bratislavský kraj,10067,52,0.52%,42.32,,5889
Energy_Client_SK,ProduktLaunch26_Programmatic,IO_ProduktLaunch26_Display,LI_Display_Retarget,20261012,Connected TV,Košický kraj,6369,31,0.49%,21.28,0.0,4186
Energy_Client_SK,ProduktLaunch26_Programmatic,IO_ProduktLaunch26_Video,LI_Video_Retarget,20261016,Desktop,Ostatné SR,9746,88,0.91%,51.16,,6055
Energy_Client_SK,ProduktLaunch26_Programmatic,IO_ProduktLaunch26_Video,LI_Video_Retarget,20261007,Mobile,Košický kraj,14987,163,1.09%,75.38,,8955
Energy_Client_SK,ProduktLaunch26_Programmatic,IO_ProduktLaunch26_Display,LI_Display_Prospecting,20260830,Tablet,Ostatné SR,7324,38,0.52%,19.38,0.0,4808
Energy_Client_SK,ProduktLaunch26_Programmatic,IO_ProduktLaunch26_Display,LI_Display_Retarget,20260820,Connected TV,Košický kraj,7239,44,0.61%,24.66,,4253
Energy_Client_SK,ProduktLaunch26_Programmatic,IO_ProduktLaunch26_Display,LI_Display_Retarget,20260913,Mobile,Ostatné SR,7937,50,0.64%,26.96,0.0,5642
Energy_Client_SK,ProduktLaunch26_Programmatic,IO_ProduktLaunch26_Video,LI_Audio_Awareness,20261022,Connected TV,Ostatné SR,4507,19,0.41%,7.71,,3213
Energy_Client_SK,ProduktLaunch26_Programmatic,IO_ProduktLaunch26_Video,LI_Audio_Awareness,20260918,Desktop,Košický kraj,7311,32,0.43%,13.92,,5311
Energy_Client_SK,ProduktLaunch26_Programmatic,IO_ProduktLaunch26_Video,LI_Video_Prospecting,20260820,Tablet,Bratislavský kraj,8964,38,0.43%,33.8,0.0,6172
Energy_Client_SK,ProduktLaunch26_Programmatic,IO_ProduktLaunch26_Display,LI_Native_Prospecting,20260917,Mobile,Košický kraj,6113,46,0.76%,20.72,,4656
Energy_Client_SK,ProduktLaunch26_Programmatic,IO_ProduktLaunch26_Video,LI_Video_Retarget,20260831,Mobile,Košický kraj,10704,106,0.99%,48.16,,7685
Energy_Client_SK,ProduktLaunch26_Programmatic,IO_ProduktLaunch26_Display,LI_Display_Prospecting,20260901,Tablet,Ostatné SR,3747,9,0.25%,9.28,0.0,2413
Energy_Client_SK,ProduktLaunch26_Programmatic,IO_ProduktLaunch26_Video,LI_Video_Retarget,20261012,Tablet,Košický kraj,4273,37,0.86%,13.95,0.0,2907
Energy_Client_SK,ProduktLaunch26_Programmatic,IO_ProduktLaunch26_Video,LI_Video_Retarget,20260928,Mobile,Košický kraj,13308,139,1.05%,51.92,0.0,8722
Energy_Client_SK,ProduktLaunch26_Programmatic,IO_ProduktLaunch26_Display,LI_Native_Prospecting,20260822,Tablet,Košický kraj,3400,16,0.48%,7.73,0.0,2000
Energy_Client_SK,ProduktLaunch26_Programmatic,IO_ProduktLaunch26_Video,LI_Video_Prospecting,20260904,Desktop,Košický kraj,10861,94,0.87%,43.2,,7032
Energy_Client_SK,ProduktLaunch26_Programmatic,IO_ProduktLaunch26_Display,LI_Display_Prospecting,20261025,Desktop,Ostatné SR,11840,35,0.3%,31.84,0.0,7036
Energy_Client_SK,ProduktLaunch26_Programmatic,IO_ProduktLaunch26_Video,LI_Video_Retarget,20261007,Connected TV,Košický kraj,4220,34,0.8%,20.32,,2377
Energy_Client_SK,ProduktLaunch26_Programmatic,IO_ProduktLaunch26_Display,LI_Native_Prospecting,20260923,Connected TV,Košický kraj,6408,38,0.59%,14.44,,3990
Energy_Client_SK,ProduktLaunch26_Programmatic,IO_ProduktLaunch26_Video,LI_Video_Prospecting,20260922,Connected TV,Košický kraj,9696,71,0.73%,42.29,0.0,6049
Energy_Client_SK,ProduktLaunch26_Programmatic,IO_ProduktLaunch26_Video,LI_Video_Retarget,20260926,Connected TV,Košický kraj,8269,75,0.9%,29.61,,4562
Energy_Client_SK,ProduktLaunch26_Programmatic,IO_ProduktLaunch26_Video,LI_Audio_Awareness,20261012,Mobile,Košický kraj,11478,37,0.33%,29.74,,8521
Energy_Client_SK,ProduktLaunch26_Programmatic,IO_ProduktLaunch26_Video,LI_Video_Retarget,20260921,Connected TV,Košický kraj,5992,55,0.92%,25.98,0.0,3766
Energy_Client_SK,ProduktLaunch26_Programmatic,IO_ProduktLaunch26_Video,LI_Audio_Awareness,20260905,Desktop,Bratislavský kraj,9208,18,0.2%,16.33,,5409
Energy_Client_SK,ProduktLaunch26_Programmatic,IO_ProduktLaunch26_Display,LI_Display_Retarget,20260904,Mobile,Bratislavský kraj,17184,85,0.5%,35.85,0.0,11382
Energy_Client_SK,ProduktLaunch26_Programmatic,IO_ProduktLaunch26_Video,LI_Audio_Awareness,20260819,Mobile,Košický kraj,9061,37,0.41%,17.17,,6342
Energy_Client_SK,ProduktLaunch26_Programmatic,IO_ProduktLaunch26_Display,LI_Display_Prospecting,20260914,Mobile,Bratislavský kraj,19244,78,0.41%,56.75,0.0,13200
Energy_Client_SK,ProduktLaunch26_Programmatic,IO_ProduktLaunch26_Display,LI_Native_Prospecting,20261028,Mobile,Bratislavský kraj,17942,136,0.76%,44.24,0.0,10018
Energy_Client_SK,ProduktLaunch26_Programmatic,IO_ProduktLaunch26_Display,LI_Display_Prospecting,20260905,Desktop,Ostatné SR,12204,32,0.26%,34.63,0.0,7442
Energy_Client_SK,ProduktLaunch26_Programmatic,IO_ProduktLaunch26_Video,LI_Audio_Awareness,20260902,Desktop,Ostatné SR,5916,26,0.43%,13.4,,3831
Energy_Client_SK,ProduktLaunch26_Programmatic,IO_ProduktLaunch26_Display,LI_Display_Retarget,20260820,Tablet,Ostatné SR,5747,19,0.33%,13.24,,3548
Energy_Client_SK,ProduktLaunch26_Programmatic,IO_ProduktLaunch26_Display,LI_Native_Prospecting,20261017,Mobile,Ostatné SR,13656,85,0.62%,49.31,,10234
Energy_Client_SK,ProduktLaunch26_Programmatic,IO_ProduktLaunch26_Display,LI_Display_Prospecting,20261013,Desktop,Ostatné SR,14267,67,0.47%,38.91,,9916
Energy_Client_SK,ProduktLaunch26_Programmatic,IO_ProduktLaunch26_Video,LI_Video_Prospecting,20260823,Desktop,Košický kraj,7864,42,0.54%,32.89,,5190
Energy_Client_SK,ProduktLaunch26_Programmatic,IO_ProduktLaunch26_Video,LI_Video_Retarget,20260829,Connected TV,Košický kraj,7922,47,0.59%,30.54,0.0,5363
Energy_Client_SK,ProduktLaunch26_Programmatic,IO_ProduktLaunch26_Display,LI_Display_Prospecting,20260819,Mobile,Ostatné SR,11100,58,0.52%,24.05,0.0,6817
Energy_Client_SK,ProduktLaunch26_Programmatic,IO_ProduktLaunch26_Video,LI_Video_Retarget,20260910,Mobile,Košický kraj,7842,48,0.61%,38.66,0.0,4635
Energy_Client_SK,ProduktLaunch26_Programmatic,IO_ProduktLaunch26_Display,LI_Native_Prospecting,20260927,Mobile,Košický kraj,11148,78,0.7%,38.11,,7990
Energy_Client_SK,ProduktLaunch26_Programmatic,IO_ProduktLaunch26_Video,LI_Video_Prospecting,20261018,Tablet,Ostatné SR,8174,52,0.63%,33.68,,5145
Energy_Client_SK,ProduktLaunch26_Programmatic,IO_ProduktLaunch26_Video,LI_Audio_Awareness,20260909,Desktop,Bratislavský kraj,8397,39,0.46%,21.35,0.0,4690
Energy_Client_SK,ProduktLaunch26_Programmatic,IO_ProduktLaunch26_Video,LI_Audio_Awareness,20261013,Desktop,Košický kraj,6744,25,0.38%,14.97,0.0,4206
Energy_Client_SK,ProduktLaunch26_Programmatic,IO_ProduktLaunch26_Video,LI_Video_Prospecting,20260906,Mobile,Ostatné SR,16439,127,0.78%,74.94,,11438
Energy_Client_SK,ProduktLaunch26_Programmatic,IO_ProduktLaunch26_Video,LI_Video_Prospecting,20260824,Connected TV,Bratislavský kraj,8769,52,0.59%,30.03,0.0,5589
Energy_Client_SK,ProduktLaunch26_Programmatic,IO_ProduktLaunch26_Display,LI_Native_Prospecting,20260828,Tablet,Ostatné SR,5860,42,0.72%,15.13,,4461
Energy_Client_SK,ProduktLaunch26_Programmatic,IO_ProduktLaunch26_Video,LI_Video_Prospecting,20260831,Tablet,Košický kraj,3877,32,0.82%,18.93,,2912
Energy_Client_SK,ProduktLaunch26_Programmatic,IO_ProduktLaunch26_Video,LI_Audio_Awareness,20261004,Connected TV,Bratislavský kraj,9926,30,0.31%,21.32,,7800
Energy_Client_SK,ProduktLaunch26_Programmatic,IO_ProduktLaunch26_Display,LI_Native_Prospecting,20260912,Mobile,Košický kraj,5900,34,0.58%,19.84,0.0,3949
Energy_Client_SK,ProduktLaunch26_Programmatic,IO_ProduktLaunch26_Display,LI_Native_Prospecting,20260818,Desktop,Košický kraj,5691,45,0.79%,18.38,,3462
Energy_Client_SK,ProduktLaunch26_Programmatic,IO_ProduktLaunch26_Video,LI_Video_Retarget,20260829,Mobile,Košický kraj,12909,104,0.81%,55.6,0.0,7709
Energy_Client_SK,ProduktLaunch26_Programmatic,IO_ProduktLaunch26_Video,LI_Video_Retarget,20261021,Connected TV,Bratislavský kraj,9138,85,0.93%,29.91,,5819
Energy_Client_SK,ProduktLaunch26_Programmatic,IO_ProduktLaunch26_Video,LI_Video_Prospecting,20261028,Tablet,Ostatné SR,4795,24,0.51%,15.25,0.0,3702
Energy_Client_SK,ProduktLaunch26_Programmatic,IO_ProduktLaunch26_Display,LI_Display_Prospecting,20260920,Desktop,Bratislavský kraj,19146,113,0.59%,51.71,0.0,12988
Energy_Client_SK,ProduktLaunch26_Programmatic,IO_ProduktLaunch26_Video,LI_Video_Retarget,20260816,Desktop,Ostatné SR,10016,107,1.06%,36.15,,5911
Energy_Client_SK,ProduktLaunch26_Programmatic,IO_ProduktLaunch26_Video,LI_Audio_Awareness,20260903,Tablet,Bratislavský kraj,5019,25,0.5%,12.72,0.0,3167
Energy_Client_SK,ProduktLaunch26_Programmatic,IO_ProduktLaunch26_Display,LI_Display_Retarget,20260831,Mobile,Bratislavský kraj,19639,123,0.63%,40.33,,14755
Energy_Client_SK,ProduktLaunch26_Programmatic,IO_ProduktLaunch26_Display,LI_Native_Prospecting,20260920,Connected TV,Ostatné SR,5184,28,0.55%,16.08,0.0,3671
Energy_Client_SK,ProduktLaunch26_Programmatic,IO_ProduktLaunch26_Video,LI_Video_Prospecting,20260819,Mobile,Bratislavský kraj,18440,164,0.89%,58.15,,14211
Energy_Client_SK,ProduktLaunch26_Programmatic,IO_ProduktLaunch26_Video,LI_Audio_Awareness,20260819,Mobile,Ostatné SR,12684,45,0.35%,20.65,,8982
Energy_Client_SK,ProduktLaunch26_Programmatic,IO_ProduktLaunch26_Display,LI_Native_Prospecting,20261016,Connected TV,Košický kraj,5571,24,0.43%,13.24,0.0,3699
Energy_Client_SK,ProduktLaunch26_Programmatic,IO_ProduktLaunch26_Video,LI_Video_Retarget,20260915,Desktop,Košický kraj,6690,52,0.78%,26.68,,4355
Energy_Client_SK,ProduktLaunch26_Programmatic,IO_ProduktLaunch26_Video,LI_Video_Prospecting,20260912,Mobile,Ostatné SR,18564,111,0.6%,87.75,,14505
Energy_Client_SK,ProduktLaunch26_Programmatic,IO_ProduktLaunch26_Display,LI_Display_Prospecting,20261009,Connected TV,Ostatné SR,8496,34,0.4%,20.64,,6173
Energy_Client_SK,ProduktLaunch26_Programmatic,IO_ProduktLaunch26_Video,LI_Audio_Awareness,20260908,Desktop,Bratislavský kraj,16425,45,0.27%,42.39,,12342
Energy_Client_SK,ProduktLaunch26_Programmatic,IO_ProduktLaunch26_Display,LI_Display_Retarget,20261006,Tablet,Bratislavský kraj,5309,37,0.69%,12.6,0.0,3711
Energy_Client_SK,ProduktLaunch26_Programmatic,IO_ProduktLaunch26_Video,LI_Video_Retarget,20260817,Mobile,Bratislavský kraj,13528,68,0.51%,43.53,,8581
Energy_Client_SK,ProduktLaunch26_Programmatic,IO_ProduktLaunch26_Video,LI_Video_Retarget,20260819,Connected TV,Bratislavský kraj,8682,50,0.57%,32.75,0.0,5735
Energy_Client_SK,ProduktLaunch26_Programmatic,IO_ProduktLaunch26_Display,LI_Display_Retarget,20261002,Desktop,Ostatné SR,8944,52,0.58%,22.37,,5138
Energy_Client_SK,ProduktLaunch26_Programmatic,IO_ProduktLaunch26_Video,LI_Audio_Awareness,20260825,Mobile,Ostatné SR,11817,44,0.38%,27.28,0.0,6627
Energy_Client_SK,ProduktLaunch26_Programmatic,IO_ProduktLaunch26_Video,LI_Video_Retarget,20261023,Mobile,Ostatné SR,17178,179,1.04%,61.83,,9804
Energy_Client_SK,ProduktLaunch26_Programmatic,IO_ProduktLaunch26_Display,LI_Display_Retarget,20260909,Desktop,Košický kraj,8304,42,0.51%,25.75,0.0,6029
Energy_Client_SK,ProduktLaunch26_Programmatic,IO_ProduktLaunch26_Video,LI_Audio_Awareness,20260821,Mobile,Ostatné SR,11066,48,0.43%,22.13,,8087
Energy_Client_SK,ProduktLaunch26_Programmatic,IO_ProduktLaunch26_Display,LI_Display_Retarget,20260908,Desktop,Ostatné SR,13663,87,0.64%,30.96,0.0,9471
Energy_Client_SK,ProduktLaunch26_Programmatic,IO_ProduktLaunch26_Video,LI_Video_Prospecting,20260908,Mobile,Košický kraj,16180,84,0.52%,74.19,,9930
Energy_Client_SK,ProduktLaunch26_Programmatic,IO_ProduktLaunch26_Video,LI_Audio_Awareness,20260909,Desktop,Košický kraj,6054,26,0.42%,15.37,,3646
Energy_Client_SK,ProduktLaunch26_Programmatic,IO_ProduktLaunch26_Video,LI_Audio_Awareness,20260815,Mobile,Bratislavský kraj,18910,69,0.37%,40.24,,11163
Energy_Client_SK,ProduktLaunch26_Programmatic,IO_ProduktLaunch26_Video,LI_Video_Prospecting,20260821,Mobile,Bratislavský kraj,15917,83,0.52%,59.86,,12528
Energy_Client_SK,ProduktLaunch26_Programmatic,IO_ProduktLaunch26_Video,LI_Video_Prospecting,20260904,Connected TV,Bratislavský kraj,11191,70,0.62%,46.19,,7191
Energy_Client_SK,ProduktLaunch26_Programmatic,IO_ProduktLaunch26_Video,LI_Video_Prospecting,20261002,Connected TV,Košický kraj,7166,45,0.62%,26.9,,5256
Energy_Client_SK,ProduktLaunch26_Programmatic,IO_ProduktLaunch26_Video,LI_Video_Retarget,20260908,Desktop,Ostatné SR,8477,75,0.88%,33.95,,5695
Energy_Client_SK,ProduktLaunch26_Programmatic,IO_ProduktLaunch26_Video,LI_Video_Retarget,20260827,Mobile,Ostatné SR,10609,77,0.73%,42.33,,6385
Energy_Client_SK,ProduktLaunch26_Programmatic,IO_ProduktLaunch26_Display,LI_Native_Prospecting,20260908,Mobile,Košický kraj,5465,39,0.71%,16.42,,3220
Energy_Client_SK,ProduktLaunch26_Programmatic,IO_ProduktLaunch26_Display,LI_Native_Prospecting,20261028,Tablet,Ostatné SR,5590,25,0.45%,14.25,,3171
Energy_Client_SK,ProduktLaunch26_Programmatic,IO_ProduktLaunch26_Display,LI_Native_Prospecting,20260913,Mobile,Košický kraj,5572,40,0.73%,15.44,0.0,3310
Energy_Client_SK,ProduktLaunch26_Programmatic,IO_ProduktLaunch26_Display,LI_Native_Prospecting,20260920,Tablet,Košický kraj,3387,25,0.75%,11.1,,2587
Energy_Client_SK,ProduktLaunch26_Programmatic,IO_ProduktLaunch26_Display,LI_Native_Prospecting,20261014,Desktop,Bratislavský kraj,8926,50,0.56%,28.07,0.0,5750
Energy_Client_SK,ProduktLaunch26_Programmatic,IO_ProduktLaunch26_Video,LI_Video_Prospecting,20260916,Connected TV,Ostatné SR,10604,71,0.67%,34.87,0.0,8287
Energy_Client_SK,ProduktLaunch26_Programmatic,IO_ProduktLaunch26_Video,LI_Video_Prospecting,20260823,Mobile,Ostatné SR,14600,84,0.57%,71.6,0.0,8731
Energy_Client_SK,ProduktLaunch26_Programmatic,IO_ProduktLaunch26_Video,LI_Video_Retarget,20261016,Desktop,Košický kraj,6676,54,0.8%,31.91,,5315
Energy_Client_SK,ProduktLaunch26_Programmatic,IO_ProduktLaunch26_Display,LI_Display_Retarget,20261026,Tablet,Košický kraj,4277,27,0.62%,12.43,0.0,3202
Energy_Client_SK,ProduktLaunch26_Programmatic,IO_ProduktLaunch26_Video,LI_Audio_Awareness,20260815,Tablet,Košický kraj,2175,8,0.36%,4.82,,1717
Energy_Client_SK,ProduktLaunch26_Programmatic,IO_ProduktLaunch26_Video,LI_Audio_Awareness,20261015,Mobile,Košický kraj,5570,26,0.46%,13.81,,3792
Energy_Client_SK,ProduktLaunch26_Programmatic,IO_ProduktLaunch26_Video,LI_Video_Prospecting,20260929,Desktop,Ostatné SR,15537,79,0.51%,64.48,0.0,11325
Energy_Client_SK,ProduktLaunch26_Programmatic,IO_ProduktLaunch26_Display,LI_Display_Prospecting,20260831,Desktop,Bratislavský kraj,14486,54,0.37%,40.92,,9562
Energy_Client_SK,ProduktLaunch26_Programmatic,IO_ProduktLaunch26_Display,LI_Native_Prospecting,20260823,Tablet,Bratislavský kraj,6808,35,0.52%,19.37,0.0,4034
Energy_Client_SK,ProduktLaunch26_Programmatic,IO_ProduktLaunch26_Video,LI_Audio_Awareness,20261024,Mobile,Košický kraj,5236,23,0.45%,10.04,,3754
Energy_Client_SK,ProduktLaunch26_Programmatic,IO_ProduktLaunch26_Display,LI_Native_Prospecting,20260930,Connected TV,Bratislavský kraj,9499,69,0.72%,30.29,0.0,6147
Energy_Client_SK,ProduktLaunch26_Programmatic,IO_ProduktLaunch26_Display,LI_Display_Retarget,20260821,Desktop,Ostatné SR,9897,60,0.6%,26.62,,7107
Energy_Client_SK,ProduktLaunch26_Programmatic,IO_ProduktLaunch26_Display,LI_Display_Retarget,20260924,Connected TV,Bratislavský kraj,9105,39,0.43%,26.01,,6822
Energy_Client_SK,ProduktLaunch26_Programmatic,IO_ProduktLaunch26_Video,LI_Audio_Awareness,20261026,Connected TV,Bratislavský kraj,8818,32,0.36%,19.58,0.0,5677
Energy_Client_SK,ProduktLaunch26_Programmatic,IO_ProduktLaunch26_Display,LI_Native_Prospecting,20261023,Mobile,Bratislavský kraj,10153,81,0.79%,25.61,0.0,7760
Energy_Client_SK,ProduktLaunch26_Programmatic,IO_ProduktLaunch26_Display,LI_Display_Retarget,20260914,Tablet,Ostatné SR,5151,35,0.68%,13.48,0.0,3209
Energy_Client_SK,ProduktLaunch26_Programmatic,IO_ProduktLaunch26_Video,LI_Video_Prospecting,20261004,Connected TV,Ostatné SR,11488,76,0.66%,44.45,,7633
Energy_Client_SK,ProduktLaunch26_Programmatic,IO_ProduktLaunch26_Video,LI_Audio_Awareness,20260820,Connected TV,Košický kraj,4124,20,0.47%,6.46,0.0,2341
Energy_Client_SK,ProduktLaunch26_Programmatic,IO_ProduktLaunch26_Video,LI_Video_Prospecting,20261006,Mobile,Bratislavský kraj,22371,93,0.42%,80.03,,16544
Energy_Client_SK,ProduktLaunch26_Programmatic,IO_ProduktLaunch26_Video,LI_Video_Prospecting,20260817,Tablet,Bratislavský kraj,9222,65,0.71%,30.98,,5159
Energy_Client_SK,ProduktLaunch26_Programmatic,IO_ProduktLaunch26_Video,LI_Audio_Awareness,20260916,Mobile,Ostatné SR,7479,23,0.3%,11.9,,4824
Energy_Client_SK,ProduktLaunch26_Programmatic,IO_ProduktLaunch26_Video,LI_Audio_Awareness,20260919,Tablet,Košický kraj,2508,12,0.47%,5.78,,1472
Energy_Client_SK,ProduktLaunch26_Programmatic,IO_ProduktLaunch26_Video,LI_Video_Retarget,20261002,Connected TV,Košický kraj,7721,62,0.8%,36.9,,5011
Energy_Client_SK,ProduktLaunch26_Programmatic,IO_ProduktLaunch26_Video,LI_Audio_Awareness,20260922,Desktop,Ostatné SR,11676,28,0.24%,18.72,,8710
Energy_Client_SK,ProduktLaunch26_Programmatic,IO_ProduktLaunch26_Video,LI_Video_Prospecting,20260818,Tablet,Ostatné SR,4400,27,0.61%,21.39,,3164
Energy_Client_SK,ProduktLaunch26_Programmatic,IO_ProduktLaunch26_Video,LI_Audio_Awareness,20261004,Desktop,Košický kraj,7636,18,0.23%,17.69,,4685
Energy_Client_SK,ProduktLaunch26_Programmatic,IO_ProduktLaunch26_Display,LI_Display_Prospecting,20260902,Connected TV,Košický kraj,0,0,0.42%,-240.1,,3390
Energy_Client_SK,ProduktLaunch26_Programmatic,IO_ProduktLaunch26_Video,LI_Video_Prospecting,20260918,Desktop,Košický kraj,11963,97,0.81%,49.6,0.0,8598
Energy_Client_SK,ProduktLaunch26_Programmatic,IO_ProduktLaunch26_Display,LI_Native_Prospecting,20261014,Connected TV,Košický kraj,4672,25,0.54%,10.37,,2895
Energy_Client_SK,ProduktLaunch26_Programmatic,IO_ProduktLaunch26_Video,LI_Video_Retarget,20260903,Connected TV,Bratislavský kraj,9288,82,0.88%,33.84,,5185
Energy_Client_SK,ProduktLaunch26_Programmatic,IO_ProduktLaunch26_Video,LI_Video_Prospecting,20261009,Connected TV,Bratislavský kraj,13056,53,0.41%,61.15,,7290
Energy_Client_SK,ProduktLaunch26_Programmatic,IO_ProduktLaunch26_Display,LI_Native_Prospecting,20261011,Connected TV,Košický kraj,2867,18,0.62%,10.73,,2096
Energy_Client_SK,ProduktLaunch26_Programmatic,IO_ProduktLaunch26_Display,LI_Display_Prospecting,20260913,Tablet,Košický kraj,2898,15,0.5%,5.74,,1960
Energy_Client_SK,ProduktLaunch26_Programmatic,IO_ProduktLaunch26_Display,LI_Display_Prospecting,20260822,Mobile,Ostatné SR,13750,65,0.47%,33.33,,8762
Energy_Client_SK,ProduktLaunch26_Programmatic,IO_ProduktLaunch26_Display,LI_Native_Prospecting,20260911,Connected TV,Ostatné SR,6506,33,0.51%,16.5,,4941
Energy_Client_SK,ProduktLaunch26_Programmatic,IO_ProduktLaunch26_Display,LI_Display_Retarget,20260902,Desktop,Bratislavský kraj,8213,28,0.34%,25.58,0.0,6101
Energy_Client_SK,ProduktLaunch26_Programmatic,IO_ProduktLaunch26_Display,LI_Native_Prospecting,20261015,Mobile,Bratislavský kraj,12669,62,0.49%,43.65,,7399
Energy_Client_SK,ProduktLaunch26_Programmatic,IO_ProduktLaunch26_Video,LI_Video_Retarget,20261006,Tablet,Košický kraj,5147,46,0.9%,18.43,0.0,2860
Energy_Client_SK,ProduktLaunch26_Programmatic,IO_ProduktLaunch26_Video,LI_Video_Prospecting,20260912,Mobile,Košický kraj,16540,132,0.8%,61.07,0.0,12478
Energy_Client_SK,ProduktLaunch26_Programmatic,IO_ProduktLaunch26_Video,LI_Video_Retarget,20261017,Mobile,Bratislavský kraj,15416,144,0.94%,64.55,0.0,10962
Energy_Client_SK,ProduktLaunch26_Programmatic,IO_ProduktLaunch26_Video,LI_Video_Prospecting,20261015,Connected TV,Ostatné SR,10093,72,0.71%,35.62,,5797
Energy_Client_SK,ProduktLaunch26_Programmatic,IO_ProduktLaunch26_Display,LI_Display_Retarget,20260826,Desktop,Ostatné SR,9740,60,0.62%,22.68,,7553
Energy_Client_SK,ProduktLaunch26_Programmatic,IO_ProduktLaunch26_Video,LI_Video_Retarget,20260921,Mobile,Košický kraj,13451,110,0.82%,69.62,,9686
Energy_Client_SK,ProduktLaunch26_Programmatic,IO_ProduktLaunch26_Video,LI_Video_Retarget,20260904,Desktop,Bratislavský kraj,20561,190,0.93%,107.57,,14443
Energy_Client_SK,ProduktLaunch26_Programmatic,IO_ProduktLaunch26_Video,LI_Video_Retarget,20261013,Mobile,Košický kraj,15472,147,0.95%,65.93,0.0,12141
Energy_Client_SK,ProduktLaunch26_Programmatic,IO_ProduktLaunch26_Display,LI_Display_Retarget,20260824,Connected TV,Bratislavský kraj,6382,36,0.57%,16.91,0.0,3635
Energy_Client_SK,ProduktLaunch26_Programmatic,IO_ProduktLaunch26_Display,LI_Display_Prospecting,20261028,Tablet,Košický kraj,5685,27,0.47%,13.75,,4190
Energy_Client_SK,ProduktLaunch26_Programmatic,IO_ProduktLaunch26_Video,LI_Audio_Awareness,20261001,Mobile,Bratislavský kraj,17719,61,0.35%,34.0,0.0,10779
Energy_Client_SK,ProduktLaunch26_Programmatic,IO_ProduktLaunch26_Video,LI_Video_Prospecting,20261014,Desktop,Bratislavský kraj,21961,92,0.42%,104.38,0.0,15364
Energy_Client_SK,ProduktLaunch26_Programmatic,IO_ProduktLaunch26_Video,LI_Video_Retarget,20260922,Mobile,Ostatné SR,10228,52,0.51%,49.52,0.0,7729
Energy_Client_SK,ProduktLaunch26_Programmatic,IO_ProduktLaunch26_Video,LI_Video_Prospecting,20261016,Connected TV,Bratislavský kraj,10032,63,0.63%,36.39,,7724
Energy_Client_SK,ProduktLaunch26_Programmatic,IO_ProduktLaunch26_Display,LI_Native_Prospecting,20260930,Tablet,Bratislavský kraj,5276,34,0.65%,18.98,0.0,3815
Energy_Client_SK,ProduktLaunch26_Programmatic,IO_ProduktLaunch26_Display,LI_Display_Retarget,20260930,Desktop,Bratislavský kraj,10688,54,0.51%,32.24,0.0,6964
Energy_Client_SK,ProduktLaunch26_Programmatic,IO_ProduktLaunch26_Display,LI_Native_Prospecting,20261027,Connected TV,Bratislavský kraj,8773,67,0.77%,32.9,,5747
Energy_Client_SK,ProduktLaunch26_Programmatic,IO_ProduktLaunch26_Video,LI_Audio_Awareness,20261023,Tablet,Ostatné SR,4277,17,0.41%,7.68,,3225
Energy_Client_SK,ProduktLaunch26_Programmatic,IO_ProduktLaunch26_Display,LI_Display_Prospecting,20260820,Connected TV,Bratislavský kraj,6664,40,0.6%,15.03,,4312
Energy_Client_SK,ProduktLaunch26_Programmatic,IO_ProduktLaunch26_Display,LI_Native_Prospecting,20261005,Desktop,Ostatné SR,11018,61,0.55%,25.43,0.0,8460
Energy_Client_SK,ProduktLaunch26_Programmatic,IO_ProduktLaunch26_Display,LI_Native_Prospecting,20261026,Mobile,Ostatné SR,13675,88,0.65%,45.83,,9567
Energy_Client_SK,ProduktLaunch26_Programmatic,IO_ProduktLaunch26_Display,LI_Display_Retarget,20260830,Mobile,Bratislavský kraj,20015,70,0.35%,43.5,,14470
Energy_Client_SK,ProduktLaunch26_Programmatic,IO_ProduktLaunch26_Display,LI_Display_Prospecting,20260926,Mobile,Bratislavský kraj,13742,54,0.39%,36.69,,8756
Energy_Client_SK,ProduktLaunch26_Programmatic,IO_ProduktLaunch26_Video,LI_Audio_Awareness,20261015,Connected TV,Ostatné SR,7061,24,0.34%,14.61,,4215
Energy_Client_SK,ProduktLaunch26_Programmatic,IO_ProduktLaunch26_Display,LI_Display_Prospecting,20260829,Mobile,Košický kraj,12267,47,0.38%,28.75,,8317
Energy_Client_SK,ProduktLaunch26_Programmatic,IO_ProduktLaunch26_Video,LI_Audio_Awareness,20260906,Desktop,Bratislavský kraj,15632,51,0.33%,34.11,0.0,9393
Energy_Client_SK,ProduktLaunch26_Programmatic,IO_ProduktLaunch26_Display,LI_Display_Prospecting,20260816,Desktop,Bratislavský kraj,11739,35,0.3%,33.26,0.0,7467
Energy_Client_SK,ProduktLaunch26_Programmatic,IO_ProduktLaunch26_Display,LI_Display_Retarget,20260926,Connected TV,Bratislavský kraj,12012,39,0.32%,39.12,0.0,8117
Energy_Client_SK,ProduktLaunch26_Programmatic,IO_ProduktLaunch26_Display,LI_Native_Prospecting,20260909,Desktop,Košický kraj,4983,29,0.58%,12.9,0.0,3682
Energy_Client_SK,ProduktLaunch26_Programmatic,IO_ProduktLaunch26_Video,LI_Audio_Awareness,20260816,Tablet,Košický kraj,3474,9,0.26%,7.16,,2323
Energy_Client_SK,ProduktLaunch26_Programmatic,IO_ProduktLaunch26_Video,LI_Video_Prospecting,20260912,Connected TV,Košický kraj,9809,78,0.79%,45.74,,6805
Energy_Client_SK,ProduktLaunch26_Programmatic,IO_ProduktLaunch26_Video,LI_Video_Retarget,20261011,Mobile,Bratislavský kraj,21835,183,0.84%,71.52,,14560
Energy_Client_SK,ProduktLaunch26_Programmatic,IO_ProduktLaunch26_Display,LI_Display_Retarget,20260902,Tablet,Bratislavský kraj,6169,25,0.4%,18.62,0.0,4704
Energy_Client_SK,ProduktLaunch26_Programmatic,IO_ProduktLaunch26_Video,LI_Video_Prospecting,20261023,Tablet,Košický kraj,7477,60,0.8%,34.07,0.0,5412
Energy_Client_SK,ProduktLaunch26_Programmatic,IO_ProduktLaunch26_Display,LI_Display_Prospecting,20261014,Desktop,Ostatné SR,13060,42,0.32%,25.83,0.0,10073
Energy_Client_SK,ProduktLaunch26_Programmatic,IO_ProduktLaunch26_Display,LI_Display_Prospecting,20261015,Tablet,Ostatné SR,4996,22,0.45%,14.08,0.0,3085
Energy_Client_SK,ProduktLaunch26_Programmatic,IO_ProduktLaunch26_Display,LI_Display_Retarget,20261011,Connected TV,Ostatné SR,6492,41,0.64%,18.87,0.0,4946
Energy_Client_SK,ProduktLaunch26_Programmatic,IO_ProduktLaunch26_Video,LI_Video_Retarget,20260904,Mobile,Košický kraj,13962,83,0.6%,52.6,,9399
Energy_Client_SK,ProduktLaunch26_Programmatic,IO_ProduktLaunch26_Display,LI_Display_Retarget,20260901,Tablet,Bratislavský kraj,4820,18,0.38%,15.93,,3257
Energy_Client_SK,ProduktLaunch26_Programmatic,IO_ProduktLaunch26_Video,LI_Audio_Awareness,20260831,Connected TV,Bratislavský kraj,9127,34,0.37%,23.43,,7146
Energy_Client_SK,ProduktLaunch26_Programmatic,IO_ProduktLaunch26_Video,LI_Audio_Awareness,20261027,Tablet,Bratislavský kraj,7718,16,0.2%,18.93,,4497
Energy_Client_SK,ProduktLaunch26_Programmatic,IO_ProduktLaunch26_Video,LI_Video_Retarget,20261010,Tablet,Košický kraj,4798,38,0.79%,24.31,0.0,2930
Energy_Client_SK,ProduktLaunch26_Programmatic,IO_ProduktLaunch26_Display,LI_Display_Prospecting,20261028,Tablet,Bratislavský kraj,5183,31,0.59%,12.18,,3888
Energy_Client_SK,ProduktLaunch26_Programmatic,IO_ProduktLaunch26_Video,LI_Video_Retarget,20261022,Mobile,Bratislavský kraj,17264,100,0.58%,80.5,0.0,12479
Energy_Client_SK,ProduktLaunch26_Programmatic,IO_ProduktLaunch26_Video,LI_Audio_Awareness,20261004,Tablet,Košický kraj,3136,8,0.25%,5.21,,1974
Energy_Client_SK,ProduktLaunch26_Programmatic,IO_ProduktLaunch26_Display,LI_Native_Prospecting,20260905,Connected TV,Košický kraj,6207,38,0.61%,13.98,0.0,4925
Energy_Client_SK,ProduktLaunch26_Programmatic,IO_ProduktLaunch26_Display,LI_Display_Prospecting,20260903,Mobile,Bratislavský kraj,19752,86,0.44%,39.74,0.0,10978
Energy_Client_SK,ProduktLaunch26_Programmatic,IO_ProduktLaunch26_Video,LI_Video_Retarget,20260930,Mobile,Košický kraj,11094,95,0.86%,35.96,0.0,7274
Energy_Client_SK,ProduktLaunch26_Programmatic,IO_ProduktLaunch26_Display,LI_Display_Retarget,20261007,Mobile,Ostatné SR,14525,68,0.47%,34.37,,8778
Energy_Client_SK,ProduktLaunch26_Programmatic,IO_ProduktLaunch26_Video,LI_Video_Prospecting,20260908,Tablet,Ostatné SR,8772,57,0.65%,41.51,,5811
Energy_Client_SK,ProduktLaunch26_Programmatic,IO_ProduktLaunch26_Display,LI_Display_Prospecting,20261024,Tablet,Košický kraj,2958,11,0.36%,5.84,,1880
Energy_Client_SK,ProduktLaunch26_Programmatic,IO_ProduktLaunch26_Display,LI_Native_Prospecting,20261018,Tablet,Košický kraj,4622,31,0.67%,14.08,,2834
Energy_Client_SK,ProduktLaunch26_Programmatic,IO_ProduktLaunch26_Display,LI_Display_Prospecting,20261017,Tablet,Bratislavský kraj,4675,19,0.41%,8.61,,3092
Energy_Client_SK,ProduktLaunch26_Programmatic,IO_ProduktLaunch26_Video,LI_Video_Prospecting,20261006,Tablet,Košický kraj,7101,55,0.77%,24.55,,5103
Energy_Client_SK,ProduktLaunch26_Programmatic,IO_ProduktLaunch26_Display,LI_Display_Prospecting,20260901,Mobile,Bratislavský kraj,23154,75,0.32%,72.49,0.0,17427
Energy_Client_SK,ProduktLaunch26_Programmatic,IO_ProduktLaunch26_Video,LI_Video_Retarget,20260915,Mobile,Ostatné SR,12315,112,0.91%,43.31,0.0,9803
Energy_Client_SK,ProduktLaunch26_Programmatic,IO_ProduktLaunch26_Video,LI_Video_Retarget,20260919,Connected TV,Košický kraj,8385,62,0.74%,37.45,0.0,6532
Energy_Client_SK,ProduktLaunch26_Programmatic,IO_ProduktLaunch26_Video,LI_Audio_Awareness,20260818,Connected TV,Ostatné SR,5240,11,0.21%,12.94,,3109
Energy_Client_SK,ProduktLaunch26_Programmatic,IO_ProduktLaunch26_Video,LI_Audio_Awareness,20260820,Mobile,Ostatné SR,11160,34,0.3%,20.31,,6634
Energy_Client_SK,ProduktLaunch26_Programmatic,IO_ProduktLaunch26_Display,LI_Native_Prospecting,20260906,Tablet,Košický kraj,3711,25,0.67%,13.92,,2257
Energy_Client_SK,ProduktLaunch26_Programmatic,IO_ProduktLaunch26_Video,LI_Audio_Awareness,20261007,Tablet,Ostatné SR,3324,15,0.46%,5.27,0.0,2003
Energy_Client_SK,ProduktLaunch26_Programmatic,IO_ProduktLaunch26_Display,LI_Display_Retarget,20261023,Mobile,Bratislavský kraj,18767,116,0.62%,63.99,0.0,11548
Energy_Client_SK,ProduktLaunch26_Programmatic,IO_ProduktLaunch26_Video,LI_Video_Retarget,20261005,Desktop,Košický kraj,6218,38,0.61%,30.94,0.0,4634
Energy_Client_SK,ProduktLaunch26_Programmatic,IO_ProduktLaunch26_Video,LI_Video_Prospecting,20261013,Tablet,Bratislavský kraj,9780,65,0.66%,35.99,0.0,5790
Energy_Client_SK,ProduktLaunch26_Programmatic,IO_ProduktLaunch26_Display,LI_Display_Retarget,20260922,Desktop,Košický kraj,8506,43,0.5%,28.89,0.0,6520
Energy_Client_SK,ProduktLaunch26_Programmatic,IO_ProduktLaunch26_Video,LI_Audio_Awareness,20260827,Mobile,Bratislavský kraj,15976,42,0.26%,37.87,,11769
Energy_Client_SK,ProduktLaunch26_Programmatic,IO_ProduktLaunch26_Display,LI_Display_Prospecting,20261025,Mobile,Košický kraj,12080,44,0.36%,26.14,0.0,6698
Energy_Client_SK,ProduktLaunch26_Programmatic,IO_ProduktLaunch26_Display,LI_Native_Prospecting,20260921,Connected TV,Bratislavský kraj,7388,45,0.61%,17.07,,5175
Energy_Client_SK,ProduktLaunch26_Programmatic,IO_ProduktLaunch26_Display,LI_Display_Prospecting,20260928,Connected TV,Bratislavský kraj,9138,46,0.51%,25.65,,5089
Energy_Client_SK,ProduktLaunch26_Programmatic,IO_ProduktLaunch26_Display,LI_Display_Prospecting,20260909,Mobile,Bratislavský kraj,11012,55,0.5%,30.04,0.0,6837
Energy_Client_SK,ProduktLaunch26_Programmatic,IO_ProduktLaunch26_Display,LI_Display_Retarget,20260923,Desktop,Ostatné SR,7010,36,0.52%,24.0,0.0,5534
Energy_Client_SK,ProduktLaunch26_Programmatic,IO_ProduktLaunch26_Display,LI_Display_Retarget,20261018,Mobile,Ostatné SR,13165,88,0.67%,33.48,,7816
Energy_Client_SK,ProduktLaunch26_Programmatic,IO_ProduktLaunch26_Display,LI_Display_Retarget,20260917,Connected TV,Košický kraj,4132,16,0.38%,8.93,,2417
Energy_Client_SK,ProduktLaunch26_Programmatic,IO_ProduktLaunch26_Display,LI_Display_Retarget,20260825,Desktop,Bratislavský kraj,10947,37,0.34%,32.7,,6542
Energy_Client_SK,ProduktLaunch26_Programmatic,IO_ProduktLaunch26_Display,LI_Native_Prospecting,20260924,Mobile,Košický kraj,10742,77,0.72%,27.18,0.0,6543
Energy_Client_SK,ProduktLaunch26_Programmatic,IO_ProduktLaunch26_Display,LI_Native_Prospecting,20260925,Tablet,Ostatné SR,3671,22,0.59%,9.93,,2310
Energy_Client_SK,ProduktLaunch26_Programmatic,IO_ProduktLaunch26_Video,LI_Video_Retarget,20261004,Connected TV,Bratislavský kraj,11983,84,0.7%,41.15,,7096
Energy_Client_SK,ProduktLaunch26_Programmatic,IO_ProduktLaunch26_Display,LI_Display_Prospecting,20260815,Connected TV,Ostatné SR,8602,27,0.31%,19.11,,6667
Energy_Client_SK,ProduktLaunch26_Programmatic,IO_ProduktLaunch26_Video,LI_Video_Prospecting,20261004,Desktop,Ostatné SR,11103,66,0.6%,50.48,0.0,8279
Energy_Client_SK,ProduktLaunch26_Programmatic,IO_ProduktLaunch26_Display,LI_Display_Prospecting,20261005,Mobile,Košický kraj,11070,28,0.26%,34.13,,8752
Energy_Client_SK,ProduktLaunch26_Programmatic,IO_ProduktLaunch26_Video,LI_Video_Retarget,20260819,Tablet,Ostatné SR,3785,29,0.77%,18.03,,2250
Energy_Client_SK,ProduktLaunch26_Programmatic,IO_ProduktLaunch26_Video,LI_Video_Retarget,20260815,Tablet,Bratislavský kraj,7813,46,0.59%,25.68,,5353
Energy_Client_SK,ProduktLaunch26_Programmatic,IO_ProduktLaunch26_Display,LI_Native_Prospecting,20260912,Connected TV,Košický kraj,4250,31,0.74%,13.37,0.0,2547
Energy_Client_SK,ProduktLaunch26_Programmatic,IO_ProduktLaunch26_Display,LI_Native_Prospecting,20261023,Mobile,Košický kraj,6152,42,0.69%,15.23,0.0,4313
Energy_Client_SK,ProduktLaunch26_Programmatic,IO_ProduktLaunch26_Display,LI_Display_Retarget,20260905,Tablet,Ostatné SR,4993,21,0.43%,14.39,0.0,3853
Energy_Client_SK,ProduktLaunch26_Programmatic,IO_ProduktLaunch26_Display,LI_Native_Prospecting,20261001,Mobile,Košický kraj,6273,31,0.49%,22.67,,4846
Energy_Client_SK,ProduktLaunch26_Programmatic,IO_ProduktLaunch26_Display,LI_Display_Retarget,20261011,Tablet,Ostatné SR,4382,27,0.62%,13.34,,2925
Energy_Client_SK,ProduktLaunch26_Programmatic,IO_ProduktLaunch26_Display,LI_Display_Prospecting,20260824,Connected TV,Košický kraj,6760,37,0.54%,15.43,,3781
Energy_Client_SK,ProduktLaunch26_Programmatic,IO_ProduktLaunch26_Video,LI_Video_Prospecting,20261008,Connected TV,Bratislavský kraj,14314,111,0.77%,49.02,,11096
Energy_Client_SK,ProduktLaunch26_Programmatic,IO_ProduktLaunch26_Video,LI_Video_Prospecting,20261019,Desktop,Košický kraj,12913,72,0.55%,41.44,0.0,8702
Energy_Client_SK,ProduktLaunch26_Programmatic,IO_ProduktLaunch26_Display,LI_Native_Prospecting,20260905,Mobile,Košický kraj,9795,77,0.78%,31.52,0.0,7215
Energy_Client_SK,ProduktLaunch26_Programmatic,IO_ProduktLaunch26_Video,LI_Audio_Awareness,20260910,Desktop,Ostatné SR,10185,45,0.44%,23.37,0.0,7240
Energy_Client_SK,ProduktLaunch26_Programmatic,IO_ProduktLaunch26_Display,LI_Display_Retarget,20260819,Connected TV,Ostatné SR,6577,28,0.43%,22.4,0.0,4209
Energy_Client_SK,ProduktLaunch26_Programmatic,IO_ProduktLaunch26_Video,LI_Video_Prospecting,20260828,Desktop,Bratislavský kraj,15746,125,0.79%,54.43,0.0,9689
Energy_Client_SK,ProduktLaunch26_Programmatic,IO_ProduktLaunch26_Display,LI_Display_Retarget,20260906,Desktop,Košický kraj,9794,50,0.51%,20.68,,7809
Energy_Client_SK,ProduktLaunch26_Programmatic,IO_ProduktLaunch26_Video,LI_Audio_Awareness,20261021,Connected TV,Košický kraj,4479,16,0.35%,11.29,0.0,3524
Energy_Client_SK,ProduktLaunch26_Programmatic,IO_ProduktLaunch26_Display,LI_Native_Prospecting,20260922,Desktop,Ostatné SR,10165,54,0.53%,33.96,,7147
Energy_Client_SK,ProduktLaunch26_Programmatic,IO_ProduktLaunch26_Display,LI_Native_Prospecting,20260816,Mobile,Ostatné SR,10043,70,0.7%,33.38,,5811
Energy_Client_SK,ProduktLaunch26_Programmatic,IO_ProduktLaunch26_Display,LI_Display_Retarget,20260831,Mobile,Ostatné SR,15940,95,0.6%,47.71,,12273
Energy_Client_SK,ProduktLaunch26_Programmatic,IO_ProduktLaunch26_Video,LI_Video_Prospecting,20260829,Connected TV,Košický kraj,6796,60,0.89%,25.87,0.0,5027
Energy_Client_SK,ProduktLaunch26_Programmatic,IO_ProduktLaunch26_Display,LI_Display_Prospecting,20260901,Connected TV,Košický kraj,7925,42,0.53%,20.38,0.0,5098
Energy_Client_SK,ProduktLaunch26_Programmatic,IO_ProduktLaunch26_Video,LI_Video_Prospecting,20260821,Desktop,Bratislavský kraj,15341,79,0.51%,74.78,,9938
Energy_Client_SK,ProduktLaunch26_Programmatic,IO_ProduktLaunch26_Display,LI_Display_Retarget,20261007,Mobile,Bratislavský kraj,21371,73,0.34%,55.6,,13241
Energy_Client_SK,ProduktLaunch26_Programmatic,IO_ProduktLaunch26_Display,LI_Display_Retarget,20260926,Mobile,Bratislavský kraj,19899,111,0.56%,65.56,,12424
Energy_Client_SK,ProduktLaunch26_Programmatic,IO_ProduktLaunch26_Video,LI_Video_Prospecting,20260823,Connected TV,Ostatné SR,6789,50,0.73%,23.25,,4940
Energy_Client_SK,ProduktLaunch26_Programmatic,IO_ProduktLaunch26_Display,LI_Display_Retarget,20261004,Connected TV,Košický kraj,4872,15,0.3%,10.25,,3669
Energy_Client_SK,ProduktLaunch26_Programmatic,IO_ProduktLaunch26_Display,LI_Display_Prospecting,20260901,Desktop,Košický kraj,5543,23,0.42%,17.64,0.0,3931
Energy_Client_SK,ProduktLaunch26_Programmatic,IO_ProduktLaunch26_Display,LI_Display_Prospecting,20261021,Desktop,Ostatné SR,8098,30,0.38%,23.71,0.0,5638
Energy_Client_SK,ProduktLaunch26_Programmatic,IO_ProduktLaunch26_Display,LI_Native_Prospecting,20260926,Tablet,Bratislavský kraj,4527,29,0.64%,11.3,,3100
Energy_Client_SK,ProduktLaunch26_Programmatic,IO_ProduktLaunch26_Video,LI_Video_Prospecting,20260827,Tablet,Ostatné SR,6000,30,0.5%,29.75,,3528
Energy_Client_SK,ProduktLaunch26_Programmatic,IO_ProduktLaunch26_Display,LI_Display_Retarget,20261023,Tablet,Bratislavský kraj,8578,58,0.68%,19.58,,5635
Energy_Client_SK,ProduktLaunch26_Programmatic,IO_ProduktLaunch26_Display,LI_Display_Prospecting,20260817,Tablet,Košický kraj,2767,13,0.47%,6.32,0.0,2125
Energy_Client_SK,ProduktLaunch26_Programmatic,IO_ProduktLaunch26_Video,LI_Video_Retarget,20260914,Desktop,Košický kraj,7720,56,0.72%,36.31,0.0,4717
Energy_Client_SK,ProduktLaunch26_Programmatic,IO_ProduktLaunch26_Video,LI_Audio_Awareness,20260913,Desktop,Košický kraj,7714,28,0.37%,15.47,,6026
Energy_Client_SK,ProduktLaunch26_Programmatic,IO_ProduktLaunch26_Video,LI_Audio_Awareness,20261010,Desktop,Ostatné SR,11101,29,0.26%,28.74,,6124
Energy_Client_SK,ProduktLaunch26_Programmatic,IO_ProduktLaunch26_Video,LI_Audio_Awareness,20260908,Tablet,Košický kraj,2798,6,0.23%,5.52,0.0,2131
Energy_Client_SK,ProduktLaunch26_Programmatic,IO_ProduktLaunch26_Display,LI_Display_Prospecting,20260817,Tablet,Ostatné SR,4099,15,0.36%,11.6,0.0,3218
Energy_Client_SK,ProduktLaunch26_Programmatic,IO_ProduktLaunch26_Display,LI_Display_Prospecting,20261028,Desktop,Bratislavský kraj,11123,59,0.53%,24.32,0.0,6367
Energy_Client_SK,ProduktLaunch26_Programmatic,IO_ProduktLaunch26_Display,LI_Native_Prospecting,20260930,Tablet,Košický kraj,2808,12,0.43%,7.85,,2120
Energy_Client_SK,ProduktLaunch26_Programmatic,IO_ProduktLaunch26_Display,LI_Display_Prospecting,20260826,Tablet,Ostatné SR,7273,24,0.33%,13.94,0.0,5057
Energy_Client_SK,ProduktLaunch26_Programmatic,IO_ProduktLaunch26_Display,LI_Native_Prospecting,20260928,Tablet,Ostatné SR,2855,19,0.67%,7.01,,2260
Energy_Client_SK,ProduktLaunch26_Programmatic,IO_ProduktLaunch26_Video,LI_Video_Retarget,20261018,Mobile,Bratislavský kraj,17648,94,0.53%,91.95,,12541
Energy_Client_SK,ProduktLaunch26_Programmatic,IO_ProduktLaunch26_Display,LI_Native_Prospecting,20260902,Mobile,Bratislavský kraj,16892,129,0.76%,40.54,,10689
Energy_Client_SK,ProduktLaunch26_Programmatic,IO_ProduktLaunch26_Display,LI_Native_Prospecting,20260925,Mobile,Bratislavský kraj,13311,105,0.79%,32.0,,7636
Energy_Client_SK,ProduktLaunch26_Programmatic,IO_ProduktLaunch26_Video,LI_Video_Prospecting,20260920,Connected TV,Bratislavský kraj,13736,57,0.41%,53.57,,10706
Energy_Client_SK,ProduktLaunch26_Programmatic,IO_ProduktLaunch26_Video,LI_Video_Retarget,20261021,Mobile,Košický kraj,9800,61,0.62%,36.6,,6786
Energy_Client_SK,ProduktLaunch26_Programmatic,IO_ProduktLaunch26_Video,LI_Audio_Awareness,20261024,Desktop,Ostatné SR,9496,21,0.22%,23.07,,6542
Energy_Client_SK,ProduktLaunch26_Programmatic,IO_ProduktLaunch26_Video,LI_Audio_Awareness,20260917,Mobile,Košický kraj,10939,24,0.22%,22.7,,6995
Energy_Client_SK,ProduktLaunch26_Programmatic,IO_ProduktLaunch26_Display,LI_Display_Retarget,20260922,Mobile,Ostatné SR,15350,49,0.32%,37.72,0.0,12027
Energy_Client_SK,ProduktLaunch26_Programmatic,IO_ProduktLaunch26_Video,LI_Video_Retarget,20261006,Connected TV,Bratislavský kraj,13836,84,0.61%,66.44,0.0,8333
Energy_Client_SK,ProduktLaunch26_Programmatic,IO_ProduktLaunch26_Video,LI_Video_Prospecting,20261012,Mobile,Ostatné SR,12380,54,0.43%,47.56,,8962
Energy_Client_SK,ProduktLaunch26_Programmatic,IO_ProduktLaunch26_Display,LI_Display_Retarget,20260922,Tablet,Bratislavský kraj,9084,50,0.55%,23.15,,5207
Energy_Client_SK,ProduktLaunch26_Programmatic,IO_ProduktLaunch26_Display,LI_Display_Prospecting,20260828,Connected TV,Ostatné SR,8789,40,0.46%,27.9,,5209
Energy_Client_SK,ProduktLaunch26_Programmatic,IO_ProduktLaunch26_Display,LI_Native_Prospecting,20260917,Tablet,Bratislavský kraj,7664,50,0.66%,28.35,0.0,5188
Energy_Client_SK,ProduktLaunch26_Programmatic,IO_ProduktLaunch26_Video,LI_Video_Retarget,20260827,Mobile,Bratislavský kraj,12022,75,0.63%,45.96,0.0,7126
Energy_Client_SK,ProduktLaunch26_Programmatic,IO_ProduktLaunch26_Display,LI_Display_Prospecting,20261012,Connected TV,Bratislavský kraj,11353,66,0.58%,27.15,,6605
Energy_Client_SK,ProduktLaunch26_Programmatic,IO_ProduktLaunch26_Display,LI_Native_Prospecting,20260930,Desktop,Košický kraj,5647,35,0.61%,19.26,0.0,4330
Energy_Client_SK,ProduktLaunch26_Programmatic,IO_ProduktLaunch26_Display,LI_Display_Retarget,20260910,Tablet,Košický kraj,4336,29,0.67%,14.0,,2702
Energy_Client_SK,ProduktLaunch26_Programmatic,IO_ProduktLaunch26_Video,LI_Video_Retarget,20260925,Tablet,Ostatné SR,7833,54,0.68%,40.44,,5977
Energy_Client_SK,ProduktLaunch26_Programmatic,IO_ProduktLaunch26_Video,LI_Audio_Awareness,20260923,Tablet,Ostatné SR,3176,13,0.41%,5.42,,2165
Energy_Client_SK,ProduktLaunch26_Programmatic,IO_ProduktLaunch26_Display,LI_Native_Prospecting,20260820,Desktop,Košický kraj,5526,24,0.43%,18.45,,3337
Energy_Client_SK,ProduktLaunch26_Programmatic,IO_ProduktLaunch26_Display,LI_Display_Prospecting,20260906,Connected TV,Košický kraj,3692,14,0.38%,9.33,,2092
Energy_Client_SK,ProduktLaunch26_Programmatic,IO_ProduktLaunch26_Display,LI_Display_Prospecting,20261009,Desktop,Ostatné SR,8960,35,0.39%,19.06,,6856
Energy_Client_SK,ProduktLaunch26_Programmatic,IO_ProduktLaunch26_Display,LI_Display_Retarget,20260916,Tablet,Bratislavský kraj,8390,33,0.39%,24.63,,5815
Energy_Client_SK,ProduktLaunch26_Programmatic,IO_ProduktLaunch26_Video,LI_Video_Retarget,20261012,Mobile,Košický kraj,14387,87,0.61%,75.09,0.0,11073
Energy_Client_SK,ProduktLaunch26_Programmatic,IO_ProduktLaunch26_Display,LI_Display_Prospecting,20260828,Tablet,Bratislavský kraj,7887,28,0.35%,22.61,,5656
Energy_Client_SK,ProduktLaunch26_Programmatic,IO_ProduktLaunch26_Display,LI_Native_Prospecting,20261008,Mobile,Ostatné SR,9146,57,0.63%,27.94,0.0,5071
Energy_Client_SK,ProduktLaunch26_Programmatic,IO_ProduktLaunch26_Video,LI_Audio_Awareness,20261001,Mobile,Ostatné SR,13448,53,0.4%,30.14,0.0,7590
Energy_Client_SK,ProduktLaunch26_Programmatic,IO_ProduktLaunch26_Video,LI_Audio_Awareness,20260826,Mobile,Košický kraj,8120,27,0.33%,20.21,,5153
Energy_Client_SK,ProduktLaunch26_Programmatic,IO_ProduktLaunch26_Video,LI_Video_Retarget,20261024,Mobile,Ostatné SR,14131,143,1.01%,55.1,,9173
Energy_Client_SK,ProduktLaunch26_Programmatic,IO_ProduktLaunch26_Video,LI_Video_Prospecting,20261020,Mobile,Bratislavský kraj,14914,133,0.89%,63.6,,10484
Energy_Client_SK,ProduktLaunch26_Programmatic,IO_ProduktLaunch26_Display,LI_Display_Prospecting,20261006,Mobile,Ostatné SR,14174,67,0.47%,39.71,,10924
Energy_Client_SK,ProduktLaunch26_Programmatic,IO_ProduktLaunch26_Display,LI_Display_Prospecting,20261018,Desktop,Bratislavský kraj,10958,58,0.53%,33.67,0.0,6483
Energy_Client_SK,ProduktLaunch26_Programmatic,IO_ProduktLaunch26_Display,LI_Native_Prospecting,20260920,Mobile,Ostatné SR,12092,94,0.77%,35.83,,7695
Energy_Client_SK,ProduktLaunch26_Programmatic,IO_ProduktLaunch26_Video,LI_Video_Prospecting,20260816,Mobile,Košický kraj,8407,67,0.8%,38.56,0.0,4668
Energy_Client_SK,ProduktLaunch26_Programmatic,IO_ProduktLaunch26_Video,LI_Audio_Awareness,20261025,Connected TV,Košický kraj,6165,26,0.42%,15.17,,3663
Energy_Client_SK,ProduktLaunch26_Programmatic,IO_ProduktLaunch26_Display,LI_Display_Prospecting,20261002,Connected TV,Košický kraj,7872,31,0.4%,15.26,0.0,5588
Energy_Client_SK,ProduktLaunch26_Programmatic,IO_ProduktLaunch26_Display,LI_Display_Prospecting,20260915,Mobile,Bratislavský kraj,21690,125,0.58%,48.14,0.0,15617
Energy_Client_SK,ProduktLaunch26_Programmatic,IO_ProduktLaunch26_Display,LI_Native_Prospecting,20261009,Desktop,Ostatné SR,5438,37,0.68%,19.26,,3578
Energy_Client_SK,ProduktLaunch26_Programmatic,IO_ProduktLaunch26_Video,LI_Video_Retarget,20260909,Mobile,Košický kraj,12044,125,1.04%,50.01,0.0,9078
Energy_Client_SK,ProduktLaunch26_Programmatic,IO_ProduktLaunch26_Display,LI_Display_Retarget,20260815,Connected TV,Bratislavský kraj,7060,35,0.5%,18.45,,4409
Energy_Client_SK,ProduktLaunch26_Programmatic,IO_ProduktLaunch26_Display,LI_Display_Prospecting,20260909,Desktop,Bratislavský kraj,18831,60,0.32%,47.13,0.0,14653
Energy_Client_SK,ProduktLaunch26_Programmatic,IO_ProduktLaunch26_Display,LI_Display_Retarget,20260908,Mobile,Ostatné SR,14985,97,0.65%,31.26,0.0,9457
Energy_Client_SK,ProduktLaunch26_Programmatic,IO_ProduktLaunch26_Display,LI_Native_Prospecting,20260815,Mobile,Košický kraj,6031,38,0.63%,17.45,0.0,3851
Energy_Client_SK,ProduktLaunch26_Programmatic,IO_ProduktLaunch26_Display,LI_Native_Prospecting,20261018,Connected TV,Košický kraj,4037,18,0.44%,14.12,,2563
Energy_Client_SK,ProduktLaunch26_Programmatic,IO_ProduktLaunch26_Video,LI_Audio_Awareness,20260928,Desktop,Ostatné SR,12372,31,0.25%,21.44,,9306
Energy_Client_SK,ProduktLaunch26_Programmatic,IO_ProduktLaunch26_Video,LI_Video_Retarget,20260825,Connected TV,Košický kraj,8208,83,1.01%,35.33,0.0,4652
Energy_Client_SK,ProduktLaunch26_Programmatic,IO_ProduktLaunch26_Display,LI_Display_Prospecting,20260906,Desktop,Košický kraj,6160,17,0.28%,16.54,,4279
Energy_Client_SK,ProduktLaunch26_Programmatic,IO_ProduktLaunch26_Video,LI_Audio_Awareness,20261028,Mobile,Košický kraj,7978,19,0.24%,16.62,,4518
Energy_Client_SK,ProduktLaunch26_Programmatic,IO_ProduktLaunch26_Display,LI_Display_Retarget,20260923,Mobile,Košický kraj,8062,42,0.52%,23.43,0.0,4944
Energy_Client_SK,ProduktLaunch26_Programmatic,IO_ProduktLaunch26_Video,LI_Audio_Awareness,20260901,Tablet,Ostatné SR,5542,17,0.3%,12.52,,4304
Energy_Client_SK,ProduktLaunch26_Programmatic,IO_ProduktLaunch26_Video,LI_Video_Prospecting,20261017,Mobile,Ostatné SR,12507,85,0.68%,60.86,,9605
Energy_Client_SK,ProduktLaunch26_Programmatic,IO_ProduktLaunch26_Video,LI_Audio_Awareness,20261026,Connected TV,Ostatné SR,7732,37,0.48%,19.54,0.0,4974
Energy_Client_SK,ProduktLaunch26_Programmatic,IO_ProduktLaunch26_Display,LI_Native_Prospecting,20260929,Desktop,Košický kraj,4453,22,0.51%,16.3,0.0,2871
Energy_Client_SK,ProduktLaunch26_Programmatic,IO_ProduktLaunch26_Video,LI_Video_Prospecting,20260923,Mobile,Ostatné SR,18544,89,0.48%,65.46,,14358
Energy_Client_SK,ProduktLaunch26_Programmatic,IO_ProduktLaunch26_Display,LI_Display_Retarget,20261001,Connected TV,Ostatné SR,8694,33,0.38%,29.02,,5755
Energy_Client_SK,ProduktLaunch26_Programmatic,IO_ProduktLaunch26_Video,LI_Audio_Awareness,20261024,Desktop,Košický kraj,4547,16,0.35%,11.53,0.0,3347
Energy_Client_SK,ProduktLaunch26_Programmatic,IO_ProduktLaunch26_Display,LI_Display_Retarget,20260824,Tablet,Ostatné SR,6325,43,0.68%,20.47,,4804
Energy_Client_SK,ProduktLaunch26_Programmatic,IO_ProduktLaunch26_Video,LI_Video_Retarget,20260904,Mobile,Bratislavský kraj,13112,109,0.83%,50.71,,8737
Energy_Client_SK,ProduktLaunch26_Programmatic,IO_ProduktLaunch26_Video,LI_Video_Retarget,20260818,Connected TV,Ostatné SR,7642,82,1.08%,35.34,,4540
Energy_Client_SK,ProduktLaunch26_Programmatic,IO_ProduktLaunch26_Video,LI_Video_Retarget,20260825,Tablet,Bratislavský kraj,7805,71,0.91%,28.37,0.0,4636
Energy_Client_SK,ProduktLaunch26_Programmatic,IO_ProduktLaunch26_Display,LI_Display_Retarget,20260818,Connected TV,Bratislavský kraj,8378,47,0.56%,16.89,0.0,4937
Energy_Client_SK,ProduktLaunch26_Programmatic,IO_ProduktLaunch26_Video,LI_Video_Retarget,20260818,Tablet,Bratislavský kraj,9784,85,0.87%,49.84,,7448
Energy_Client_SK,ProduktLaunch26_Programmatic,IO_ProduktLaunch26_Video,LI_Audio_Awareness,20260907,Desktop,Ostatné SR,10379,49,0.47%,20.67,0.0,6186
Energy_Client_SK,ProduktLaunch26_Programmatic,IO_ProduktLaunch26_Video,LI_Video_Prospecting,20261003,Tablet,Košický kraj,4362,23,0.54%,15.21,0.0,3046
Energy_Client_SK,ProduktLaunch26_Programmatic,IO_ProduktLaunch26_Video,LI_Video_Retarget,20260902,Mobile,Ostatné SR,12940,85,0.66%,68.07,,8376
Energy_Client_SK,ProduktLaunch26_Programmatic,IO_ProduktLaunch26_Display,LI_Display_Prospecting,20260911,Mobile,Ostatné SR,17147,46,0.27%,50.72,,11765
Energy_Client_SK,ProduktLaunch26_Programmatic,IO_ProduktLaunch26_Video,LI_Video_Retarget,20260823,Desktop,Košický kraj,11869,73,0.61%,39.85,0.0,8551
Energy_Client_SK,ProduktLaunch26_Programmatic,IO_ProduktLaunch26_Display,LI_Native_Prospecting,20260817,Connected TV,Bratislavský kraj,6349,35,0.56%,20.61,,3760
Energy_Client_SK,ProduktLaunch26_Programmatic,IO_ProduktLaunch26_Video,LI_Video_Retarget,20260929,Desktop,Bratislavský kraj,20933,228,1.09%,84.07,0.0,11748
Energy_Client_SK,ProduktLaunch26_Programmatic,IO_ProduktLaunch26_Video,LI_Video_Prospecting,20261018,Desktop,Ostatné SR,10813,43,0.4%,41.72,,6019
Energy_Client_SK,ProduktLaunch26_Programmatic,IO_ProduktLaunch26_Video,LI_Video_Prospecting,20260828,Mobile,Košický kraj,16261,79,0.49%,69.73,,11144
Energy_Client_SK,ProduktLaunch26_Programmatic,IO_ProduktLaunch26_Display,LI_Native_Prospecting,20260816,Mobile,Košický kraj,6312,43,0.69%,19.46,,3724
Energy_Client_SK,ProduktLaunch26_Programmatic,IO_ProduktLaunch26_Video,LI_Audio_Awareness,20261010,Mobile,Košický kraj,6234,21,0.33%,11.81,,3547
Energy_Client_SK,ProduktLaunch26_Programmatic,IO_ProduktLaunch26_Display,LI_Native_Prospecting,20261006,Desktop,Košický kraj,9566,42,0.44%,31.33,,6158
Energy_Client_SK,ProduktLaunch26_Programmatic,IO_ProduktLaunch26_Video,LI_Video_Prospecting,20261028,Connected TV,Bratislavský kraj,12300,93,0.76%,55.69,,7616
Energy_Client_SK,ProduktLaunch26_Programmatic,IO_ProduktLaunch26_Display,LI_Display_Prospecting,20260819,Desktop,Bratislavský kraj,13989,62,0.44%,43.65,0.0,9185
Energy_Client_SK,ProduktLaunch26_Programmatic,IO_ProduktLaunch26_Video,LI_Video_Prospecting,20260820,Connected TV,Ostatné SR,11749,99,0.84%,56.74,0.0,9380
Energy_Client_SK,ProduktLaunch26_Programmatic,IO_ProduktLaunch26_Video,LI_Video_Prospecting,20260922,Desktop,Bratislavský kraj,24944,114,0.46%,85.21,0.0,16301
Energy_Client_SK,ProduktLaunch26_Programmatic,IO_ProduktLaunch26_Video,LI_Video_Prospecting,20260902,Desktop,Ostatné SR,14419,73,0.51%,45.96,0.0,9619
Energy_Client_SK,ProduktLaunch26_Programmatic,IO_ProduktLaunch26_Video,LI_Video_Prospecting,20260903,Connected TV,Ostatné SR,6299,46,0.72%,26.56,,4675
Energy_Client_SK,ProduktLaunch26_Programmatic,IO_ProduktLaunch26_Display,LI_Display_Prospecting,20260901,Desktop,Bratislavský kraj,14646,87,0.6%,35.38,,9075
Energy_Client_SK,ProduktLaunch26_Programmatic,IO_ProduktLaunch26_Display,LI_Display_Prospecting,20260825,Mobile,Košický kraj,11123,50,0.45%,27.19,,7029
Energy_Client_SK,ProduktLaunch26_Programmatic,IO_ProduktLaunch26_Video,LI_Audio_Awareness,20260922,Tablet,Bratislavský kraj,8453,23,0.28%,17.62,0.0,6523
Energy_Client_SK,ProduktLaunch26_Programmatic,IO_ProduktLaunch26_Video,LI_Video_Prospecting,20260827,Tablet,Košický kraj,6578,59,0.89%,29.83,0.0,4869
Energy_Client_SK,ProduktLaunch26_Programmatic,IO_ProduktLaunch26_Display,LI_Display_Prospecting,20260902,Tablet,Bratislavský kraj,8603,51,0.59%,15.51,0.0,5624
Energy_Client_SK,ProduktLaunch26_Programmatic,IO_ProduktLaunch26_Display,LI_Display_Prospecting,20260905,Connected TV,Bratislavský kraj,8895,29,0.33%,20.39,,6911
Energy_Client_SK,ProduktLaunch26_Programmatic,IO_ProduktLaunch26_Display,LI_Native_Prospecting,20260926,Connected TV,Ostatné SR,5318,24,0.44%,11.79,0.0,3622
Energy_Client_SK,ProduktLaunch26_Programmatic,IO_ProduktLaunch26_Display,LI_Native_Prospecting,20261009,Tablet,Košický kraj,4678,29,0.62%,14.54,,3529
Energy_Client_SK,ProduktLaunch26_Programmatic,IO_ProduktLaunch26_Video,LI_Audio_Awareness,20260828,Mobile,Bratislavský kraj,13448,38,0.28%,26.41,,8640
Energy_Client_SK,ProduktLaunch26_Programmatic,IO_ProduktLaunch26_Video,LI_Video_Retarget,20260906,Connected TV,Ostatné SR,9354,67,0.72%,44.01,0.0,5390
Energy_Client_SK,ProduktLaunch26_Programmatic,IO_ProduktLaunch26_Video,LI_Audio_Awareness,20260921,Connected TV,Bratislavský kraj,8301,34,0.41%,18.91,,4746
Energy_Client_SK,ProduktLaunch26_Programmatic,IO_ProduktLaunch26_Display,LI_Native_Prospecting,20261004,Desktop,Bratislavský kraj,6848,28,0.41%,25.13,0.0,4258
Energy_Client_SK,ProduktLaunch26_Programmatic,IO_ProduktLaunch26_Display,LI_Display_Retarget,20260925,Tablet,Ostatné SR,4707,22,0.46%,10.38,0.0,3409
Energy_Client_SK,ProduktLaunch26_Programmatic,IO_ProduktLaunch26_Video,LI_Video_Retarget,20260923,Mobile,Bratislavský kraj,12270,123,1.0%,48.83,,7588
Energy_Client_SK,ProduktLaunch26_Programmatic,IO_ProduktLaunch26_Video,LI_Audio_Awareness,20260910,Connected TV,Ostatné SR,5110,16,0.31%,10.19,0.0,4073
Energy_Client_SK,ProduktLaunch26_Programmatic,IO_ProduktLaunch26_Display,LI_Display_Retarget,20260918,Desktop,Bratislavský kraj,9755,37,0.37%,23.43,,6040
Energy_Client_SK,ProduktLaunch26_Programmatic,IO_ProduktLaunch26_Display,LI_Display_Prospecting,20260919,Tablet,Bratislavský kraj,6435,21,0.33%,17.85,0.0,4792
Energy_Client_SK,ProduktLaunch26_Programmatic,IO_ProduktLaunch26_Display,LI_Display_Retarget,20260918,Mobile,Košický kraj,9054,61,0.67%,30.37,,6764
Energy_Client_SK,ProduktLaunch26_Programmatic,IO_ProduktLaunch26_Video,LI_Video_Prospecting,20260830,Mobile,Bratislavský kraj,26550,129,0.48%,130.86,,17829
Energy_Client_SK,ProduktLaunch26_Programmatic,IO_ProduktLaunch26_Display,LI_Display_Prospecting,20261014,Connected TV,Košický kraj,6275,35,0.55%,11.74,0.0,3970
Energy_Client_SK,ProduktLaunch26_Programmatic,IO_ProduktLaunch26_Display,LI_Native_Prospecting,20261011,Tablet,Ostatné SR,4649,25,0.54%,16.35,,3509
Energy_Client_SK,ProduktLaunch26_Programmatic,IO_ProduktLaunch26_Video,LI_Audio_Awareness,20260820,Desktop,Ostatné SR,10711,32,0.3%,24.75,0.0,6247
Energy_Client_SK,ProduktLaunch26_Programmatic,IO_ProduktLaunch26_Display,LI_Native_Prospecting,20261009,Mobile,Ostatné SR,12016,50,0.42%,40.9,,7244
Energy_Client_SK,ProduktLaunch26_Programmatic,IO_ProduktLaunch26_Display,LI_Display_Retarget,20261017,Tablet,Košický kraj,3824,20,0.52%,10.81,,2911
Energy_Client_SK,ProduktLaunch26_Programmatic,IO_ProduktLaunch26_Display,LI_Display_Prospecting,20261022,Mobile,Košický kraj,8683,47,0.54%,21.41,,5844
Energy_Client_SK,ProduktLaunch26_Programmatic,IO_ProduktLaunch26_Video,LI_Video_Retarget,20260916,Connected TV,Bratislavský kraj,7584,39,0.51%,28.8,0.0,5862
Energy_Client_SK,ProduktLaunch26_Programmatic,IO_ProduktLaunch26_Display,LI_Display_Prospecting,20260825,Connected TV,Ostatné SR,5664,21,0.37%,12.95,,3772
Energy_Client_SK,ProduktLaunch26_Programmatic,IO_ProduktLaunch26_Display,LI_Native_Prospecting,20260928,Connected TV,Ostatné SR,7552,35,0.46%,17.03,,5293
Energy_Client_SK,ProduktLaunch26_Programmatic,IO_ProduktLaunch26_Video,LI_Video_Prospecting,20260902,Mobile,Košický kraj,10291,85,0.83%,49.17,0.0,7435
Energy_Client_SK,ProduktLaunch26_Programmatic,IO_ProduktLaunch26_Display,LI_Native_Prospecting,20261019,Tablet,Košický kraj,2517,16,0.65%,7.11,0.0,1411
Energy_Client_SK,ProduktLaunch26_Programmatic,IO_ProduktLaunch26_Video,LI_Video_Prospecting,20261024,Tablet,Košický kraj,5959,43,0.72%,18.33,0.0,3601
Energy_Client_SK,ProduktLaunch26_Programmatic,IO_ProduktLaunch26_Video,LI_Audio_Awareness,20261025,Connected TV,Bratislavský kraj,10842,41,0.38%,26.49,0.0,6896
Energy_Client_SK,ProduktLaunch26_Programmatic,IO_ProduktLaunch26_Video,LI_Video_Prospecting,20261001,Desktop,Ostatné SR,9523,49,0.52%,45.99,,7547
Energy_Client_SK,ProduktLaunch26_Programmatic,IO_ProduktLaunch26_Video,LI_Video_Prospecting,20261004,Tablet,Košický kraj,5299,34,0.64%,20.34,0.0,3680
Energy_Client_SK,ProduktLaunch26_Programmatic,IO_ProduktLaunch26_Video,LI_Audio_Awareness,20260904,Desktop,Bratislavský kraj,7367,31,0.42%,17.8,,4512
Energy_Client_SK,ProduktLaunch26_Programmatic,IO_ProduktLaunch26_Display,LI_Native_Prospecting,20260824,Desktop,Bratislavský kraj,11302,90,0.79%,40.76,0.0,6302
Energy_Client_SK,ProduktLaunch26_Programmatic,IO_ProduktLaunch26_Video,LI_Video_Retarget,20260824,Desktop,Ostatné SR,15153,107,0.71%,54.69,,9626
Energy_Client_SK,ProduktLaunch26_Programmatic,IO_ProduktLaunch26_Video,LI_Audio_Awareness,20261011,Connected TV,Bratislavský kraj,7774,19,0.24%,13.92,,5327
Energy_Client_SK,ProduktLaunch26_Programmatic,IO_ProduktLaunch26_Video,LI_Video_Prospecting,20261027,Desktop,Bratislavský kraj,24499,176,0.72%,84.09,0.0,18153
Energy_Client_SK,ProduktLaunch26_Programmatic,IO_ProduktLaunch26_Display,LI_Native_Prospecting,20260916,Tablet,Ostatné SR,3606,24,0.67%,7.99,,2563
Energy_Client_SK,ProduktLaunch26_Programmatic,IO_ProduktLaunch26_Video,LI_Video_Retarget,20260828,Mobile,Košický kraj,9657,60,0.62%,37.52,0.0,5386
Energy_Client_SK,ProduktLaunch26_Programmatic,IO_ProduktLaunch26_Video,LI_Video_Retarget,20260816,Connected TV,Ostatné SR,8609,67,0.78%,39.27,0.0,6595
Energy_Client_SK,ProduktLaunch26_Programmatic,IO_ProduktLaunch26_Display,LI_Native_Prospecting,20260823,Desktop,Bratislavský kraj,9784,69,0.7%,28.83,,5776
Energy_Client_SK,ProduktLaunch26_Programmatic,IO_ProduktLaunch26_Display,LI_Display_Retarget,20260909,Connected TV,Ostatné SR,8072,29,0.36%,20.01,0.0,5676
Energy_Client_SK,ProduktLaunch26_Programmatic,IO_ProduktLaunch26_Display,LI_Display_Retarget,20260915,Connected TV,Bratislavský kraj,9632,55,0.57%,28.44,0.0,5554
Energy_Client_SK,ProduktLaunch26_Programmatic,IO_ProduktLaunch26_Video,LI_Video_Retarget,20260930,Connected TV,Bratislavský kraj,7303,55,0.75%,24.97,0.0,4133
Energy_Client_SK,ProduktLaunch26_Programmatic,IO_ProduktLaunch26_Video,LI_Video_Prospecting,20260919,Mobile,Košický kraj,13366,109,0.82%,56.6,0.0,8493
Energy_Client_SK,ProduktLaunch26_Programmatic,IO_ProduktLaunch26_Display,LI_Display_Prospecting,20261003,Connected TV,Košický kraj,4556,19,0.42%,12.69,0.0,2956
Energy_Client_SK,ProduktLaunch26_Programmatic,IO_ProduktLaunch26_Video,LI_Video_Retarget,20260916,Mobile,Bratislavský kraj,24078,239,0.99%,98.45,,15322
Energy_Client_SK,ProduktLaunch26_Programmatic,IO_ProduktLaunch26_Display,LI_Display_Prospecting,20260910,Mobile,Košický kraj,6914,36,0.52%,15.82,0.0,3986
Energy_Client_SK,ProduktLaunch26_Programmatic,IO_ProduktLaunch26_Video,LI_Video_Prospecting,20260821,Connected TV,Košický kraj,8626,44,0.51%,32.4,,5005
Energy_Client_SK,ProduktLaunch26_Programmatic,IO_ProduktLaunch26_Video,LI_Audio_Awareness,20261001,Tablet,Košický kraj,2174,6,0.29%,3.89,0.0,1616
Energy_Client_SK,ProduktLaunch26_Programmatic,IO_ProduktLaunch26_Display,LI_Display_Retarget,20260821,Tablet,Košický kraj,4100,24,0.6%,9.22,,2808
Energy_Client_SK,ProduktLaunch26_Programmatic,IO_ProduktLaunch26_Display,LI_Native_Prospecting,20261022,Connected TV,Bratislavský kraj,10008,45,0.45%,25.23,,6490
Energy_Client_SK,ProduktLaunch26_Programmatic,IO_ProduktLaunch26_Video,LI_Audio_Awareness,20260818,Desktop,Bratislavský kraj,11150,54,0.48%,24.54,0.0,7804
Energy_Client_SK,ProduktLaunch26_Programmatic,IO_ProduktLaunch26_Video,LI_Audio_Awareness,20260907,Tablet,Bratislavský kraj,6041,26,0.43%,15.07,,4719
Energy_Client_SK,ProduktLaunch26_Programmatic,IO_ProduktLaunch26_Video,LI_Video_Retarget,20261015,Connected TV,Ostatné SR,9493,96,1.01%,48.91,0.0,6159
Energy_Client_SK,ProduktLaunch26_Programmatic,IO_ProduktLaunch26_Video,LI_Audio_Awareness,20260830,Mobile,Ostatné SR,10932,53,0.48%,17.22,0.0,8043
Energy_Client_SK,ProduktLaunch26_Programmatic,IO_ProduktLaunch26_Display,LI_Display_Retarget,20260821,Mobile,Bratislavský kraj,17026,69,0.41%,51.54,,12358
Energy_Client_SK,ProduktLaunch26_Programmatic,IO_ProduktLaunch26_Video,LI_Audio_Awareness,20260828,Desktop,Bratislavský kraj,7711,37,0.48%,11.91,,4440
Energy_Client_SK,ProduktLaunch26_Programmatic,IO_ProduktLaunch26_Video,LI_Video_Prospecting,20261027,Connected TV,Bratislavský kraj,10054,43,0.43%,46.88,0.0,7546
Energy_Client_SK,ProduktLaunch26_Programmatic,IO_ProduktLaunch26_Video,LI_Video_Retarget,20261017,Tablet,Ostatné SR,8116,77,0.95%,32.4,0.0,6128
Energy_Client_SK,ProduktLaunch26_Programmatic,IO_ProduktLaunch26_Display,LI_Native_Prospecting,20260919,Desktop,Ostatné SR,11494,52,0.45%,35.07,,7515
Energy_Client_SK,ProduktLaunch26_Programmatic,IO_ProduktLaunch26_Display,LI_Display_Retarget,20260815,Tablet,Bratislavský kraj,5950,32,0.54%,12.98,,4722
Energy_Client_SK,ProduktLaunch26_Programmatic,IO_ProduktLaunch26_Video,LI_Video_Prospecting,20260911,Mobile,Bratislavský kraj,16361,123,0.75%,55.46,0.0,11523
Energy_Client_SK,ProduktLaunch26_Programmatic,IO_ProduktLaunch26_Display,LI_Native_Prospecting,20260821,Tablet,Ostatné SR,3671,26,0.7%,11.4,,2742
Energy_Client_SK,ProduktLaunch26_Programmatic,IO_ProduktLaunch26_Display,LI_Display_Retarget,20261024,Connected TV,Košický kraj,5619,21,0.37%,15.46,0.0,3166
Energy_Client_SK,ProduktLaunch26_Programmatic,IO_ProduktLaunch26_Display,LI_Display_Retarget,20261020,Desktop,Ostatné SR,8487,57,0.67%,28.53,,6310
Energy_Client_SK,ProduktLaunch26_Programmatic,IO_ProduktLaunch26_Display,LI_Display_Prospecting,20260817,Mobile,Ostatné SR,7823,36,0.46%,23.35,,5709
Energy_Client_SK,ProduktLaunch26_Programmatic,IO_ProduktLaunch26_Display,LI_Native_Prospecting,20260919,Desktop,Bratislavský kraj,12236,88,0.72%,33.72,0.0,9164
Energy_Client_SK,ProduktLaunch26_Programmatic,IO_ProduktLaunch26_Video,LI_Video_Retarget,20261008,Connected TV,Bratislavský kraj,11734,101,0.86%,57.32,,7882
Energy_Client_SK,ProduktLaunch26_Programmatic,IO_ProduktLaunch26_Display,LI_Display_Retarget,20260927,Desktop,Bratislavský kraj,17305,91,0.52%,48.05,,10404
Energy_Client_SK,ProduktLaunch26_Programmatic,IO_ProduktLaunch26_Display,LI_Display_Retarget,20260902,Tablet,Košický kraj,3885,19,0.49%,8.18,,2727
Energy_Client_SK,ProduktLaunch26_Programmatic,IO_ProduktLaunch26_Display,LI_Display_Retarget,20260828,Tablet,Ostatné SR,4563,14,0.3%,13.72,0.0,3481
Energy_Client_SK,ProduktLaunch26_Programmatic,IO_ProduktLaunch26_Display,LI_Display_Retarget,20260910,Desktop,Bratislavský kraj,9246,33,0.36%,20.15,0.0,6700
Energy_Client_SK,ProduktLaunch26_Programmatic,IO_ProduktLaunch26_Display,LI_Display_Retarget,20261007,Tablet,Košický kraj,4797,29,0.6%,10.92,,3770
Energy_Client_SK,ProduktLaunch26_Programmatic,IO_ProduktLaunch26_Video,LI_Video_Prospecting,20260823,Tablet,Ostatné SR,4808,35,0.73%,17.92,0.0,2669
Energy_Client_SK,ProduktLaunch26_Programmatic,IO_ProduktLaunch26_Video,LI_Video_Prospecting,20261012,Desktop,Ostatné SR,14109,122,0.86%,49.53,0.0,8816
Energy_Client_SK,ProduktLaunch26_Programmatic,IO_ProduktLaunch26_Video,LI_Video_Prospecting,20260819,Tablet,Ostatné SR,4308,22,0.52%,15.27,0.0,2454
Energy_Client_SK,ProduktLaunch26_Programmatic,IO_ProduktLaunch26_Video,LI_Video_Retarget,20260822,Connected TV,Košický kraj,7246,44,0.61%,28.17,,4247
Energy_Client_SK,ProduktLaunch26_Programmatic,IO_ProduktLaunch26_Video,LI_Video_Retarget,20261020,Desktop,Bratislavský kraj,21272,215,1.01%,97.59,,15533
Energy_Client_SK,ProduktLaunch26_Programmatic,IO_ProduktLaunch26_Display,LI_Native_Prospecting,20261005,Connected TV,Košický kraj,6153,35,0.57%,17.1,0.0,3465
Energy_Client_SK,ProduktLaunch26_Programmatic,IO_ProduktLaunch26_Video,LI_Video_Prospecting,20260930,Mobile,Ostatné SR,18935,131,0.69%,73.71,0.0,15053
Energy_Client_SK,ProduktLaunch26_Programmatic,IO_ProduktLaunch26_Video,LI_Video_Retarget,20260917,Desktop,Košický kraj,7884,43,0.55%,31.68,,4810
Energy_Client_SK,ProduktLaunch26_Programmatic,IO_ProduktLaunch26_Video,LI_Audio_Awareness,20260824,Connected TV,Bratislavský kraj,6552,32,0.49%,11.21,0.0,5077
Energy_Client_SK,ProduktLaunch26_Programmatic,IO_ProduktLaunch26_Display,LI_Display_Prospecting,20261028,Mobile,Ostatné SR,7967,43,0.55%,21.36,,6099
Energy_Client_SK,ProduktLaunch26_Programmatic,IO_ProduktLaunch26_Video,LI_Video_Retarget,20260908,Tablet,Bratislavský kraj,7620,43,0.56%,31.08,,5459
Energy_Client_SK,ProduktLaunch26_Programmatic,IO_ProduktLaunch26_Display,LI_Native_Prospecting,20261009,Desktop,Bratislavský kraj,10171,74,0.73%,23.89,,6027
Energy_Client_SK,ProduktLaunch26_Programmatic,IO_ProduktLaunch26_Video,LI_Video_Retarget,20261013,Connected TV,Bratislavský kraj,12160,112,0.92%,61.84,0.0,6876
Energy_Client_SK,ProduktLaunch26_Programmatic,IO_ProduktLaunch26_Video,LI_Audio_Awareness,20260923,Desktop,Bratislavský kraj,9833,44,0.45%,17.32,0.0,7854
Energy_Client_SK,ProduktLaunch26_Programmatic,IO_ProduktLaunch26_Video,LI_Video_Prospecting,20260913,Desktop,Košický kraj,11632,63,0.54%,45.93,,7163
Energy_Client_SK,ProduktLaunch26_Programmatic,IO_ProduktLaunch26_Video,LI_Audio_Awareness,20261007,Desktop,Ostatné SR,6285,22,0.35%,15.27,0.0,4461
Energy_Client_SK,ProduktLaunch26_Programmatic,IO_ProduktLaunch26_Display,LI_Display_Prospecting,20260926,Mobile,Košický kraj,11627,67,0.58%,31.53,,7670
Energy_Client_SK,ProduktLaunch26_Programmatic,IO_ProduktLaunch26_Video,LI_Audio_Awareness,20261021,Desktop,Košický kraj,10024,45,0.45%,21.13,0.0,6997
Energy_Client_SK,ProduktLaunch26_Programmatic,IO_ProduktLaunch26_Display,LI_Native_Prospecting,20260930,Desktop,Bratislavský kraj,10502,72,0.69%,39.67,,8367
Energy_Client_SK,ProduktLaunch26_Programmatic,IO_ProduktLaunch26_Video,LI_Audio_Awareness,20261026,Mobile,Bratislavský kraj,8437,17,0.2%,17.57,0.0,5227
Energy_Client_SK,ProduktLaunch26_Programmatic,IO_ProduktLaunch26_Video,LI_Video_Prospecting,20260921,Tablet,Bratislavský kraj,11648,68,0.59%,48.53,0.0,8650
Energy_Client_SK,ProduktLaunch26_Programmatic,IO_ProduktLaunch26_Video,LI_Video_Prospecting,20261013,Mobile,Bratislavský kraj,27232,222,0.81%,127.08,0.0,15699
Energy_Client_SK,ProduktLaunch26_Programmatic,IO_ProduktLaunch26_Video,LI_Video_Prospecting,20260912,Tablet,Ostatné SR,5943,42,0.71%,25.7,,3615
Energy_Client_SK,ProduktLaunch26_Programmatic,IO_ProduktLaunch26_Display,LI_Display_Retarget,20260817,Tablet,Košický kraj,5603,23,0.42%,14.13,,4268
Energy_Client_SK,ProduktLaunch26_Programmatic,IO_ProduktLaunch26_Video,LI_Audio_Awareness,20260916,Desktop,Košický kraj,5910,13,0.22%,14.74,,3614
Energy_Client_SK,ProduktLaunch26_Programmatic,IO_ProduktLaunch26_Display,LI_Display_Prospecting,20260907,Connected TV,Ostatné SR,9973,29,0.29%,19.79,,7670
Energy_Client_SK,ProduktLaunch26_Programmatic,IO_ProduktLaunch26_Display,LI_Native_Prospecting,20260822,Mobile,Bratislavský kraj,17247,134,0.78%,65.41,,9993
Energy_Client_SK,ProduktLaunch26_Programmatic,IO_ProduktLaunch26_Display,LI_Native_Prospecting,20261021,Desktop,Košický kraj,8602,57,0.66%,32.36,0.0,5388
Energy_Client_SK,ProduktLaunch26_Programmatic,IO_ProduktLaunch26_Display,LI_Display_Prospecting,20260826,Mobile,Bratislavský kraj,22703,111,0.49%,61.88,,15528
Energy_Client_SK,ProduktLaunch26_Programmatic,IO_ProduktLaunch26_Video,LI_Video_Retarget,20260831,Connected TV,Bratislavský kraj,7845,82,1.05%,35.09,,6031
Energy_Client_SK,ProduktLaunch26_Programmatic,IO_ProduktLaunch26_Display,LI_Display_Prospecting,20261023,Mobile,Ostatné SR,17605,48,0.27%,47.68,,11286
Energy_Client_SK,ProduktLaunch26_Programmatic,IO_ProduktLaunch26_Video,LI_Audio_Awareness,20260822,Desktop,Bratislavský kraj,11194,38,0.34%,16.96,,7806
Energy_Client_SK,ProduktLaunch26_Programmatic,IO_ProduktLaunch26_Display,LI_Native_Prospecting,20261010,Tablet,Košický kraj,4485,25,0.57%,16.26,,3430
Energy_Client_SK,ProduktLaunch26_Programmatic,IO_ProduktLaunch26_Video,LI_Audio_Awareness,20260819,Tablet,Košický kraj,4215,16,0.38%,6.39,,3175
Energy_Client_SK,ProduktLaunch26_Programmatic,IO_ProduktLaunch26_Video,LI_Video_Prospecting,20261019,Mobile,Bratislavský kraj,22127,98,0.44%,77.93,,12657
Energy_Client_SK,ProduktLaunch26_Programmatic,IO_ProduktLaunch26_Video,LI_Video_Retarget,20261015,Mobile,Bratislavský kraj,24889,249,1.0%,90.95,0.0,18325
Energy_Client_SK,ProduktLaunch26_Programmatic,IO_ProduktLaunch26_Video,LI_Video_Prospecting,20260923,Mobile,Bratislavský kraj,15025,113,0.75%,68.5,,10301
Energy_Client_SK,ProduktLaunch26_Programmatic,IO_ProduktLaunch26_Display,LI_Display_Retarget,20260815,Connected TV,Košický kraj,3548,24,0.67%,11.95,,1982
Energy_Client_SK,ProduktLaunch26_Programmatic,IO_ProduktLaunch26_Display,LI_Native_Prospecting,20260818,Tablet,Košický kraj,3898,30,0.76%,11.19,0.0,3116
Energy_Client_SK,ProduktLaunch26_Programmatic,IO_ProduktLaunch26_Display,LI_Display_Retarget,20260904,Desktop,Košický kraj,10891,59,0.54%,29.13,,6066
Energy_Client_SK,ProduktLaunch26_Programmatic,IO_ProduktLaunch26_Video,LI_Video_Prospecting,20260920,Mobile,Košický kraj,14183,115,0.81%,59.26,,8149
Energy_Client_SK,ProduktLaunch26_Programmatic,IO_ProduktLaunch26_Video,LI_Audio_Awareness,20260906,Tablet,Bratislavský kraj,3733,9,0.24%,9.15,,2704
Energy_Client_SK,ProduktLaunch26_Programmatic,IO_ProduktLaunch26_Display,LI_Display_Prospecting,20260927,Tablet,Ostatné SR,6950,37,0.53%,13.36,,4492
Energy_Client_SK,ProduktLaunch26_Programmatic,IO_ProduktLaunch26_Display,LI_Display_Prospecting,20260915,Connected TV,Bratislavský kraj,13377,48,0.36%,29.03,0.0,8967
Energy_Client_SK,ProduktLaunch26_Programmatic,IO_ProduktLaunch26_Video,LI_Video_Prospecting,20261015,Mobile,Košický kraj,9189,48,0.52%,43.73,,5629
Energy_Client_SK,ProduktLaunch26_Programmatic,IO_ProduktLaunch26_Video,LI_Audio_Awareness,20260830,Connected TV,Košický kraj,4946,19,0.39%,8.2,0.0,3217
Energy_Client_SK,ProduktLaunch26_Programmatic,IO_ProduktLaunch26_Video,LI_Audio_Awareness,20261016,Connected TV,Košický kraj,6127,24,0.39%,13.08,,4626
Energy_Client_SK,ProduktLaunch26_Programmatic,IO_ProduktLaunch26_Video,LI_Video_Retarget,20260829,Mobile,Bratislavský kraj,13937,86,0.61%,52.82,,9928
Energy_Client_SK,ProduktLaunch26_Programmatic,IO_ProduktLaunch26_Video,LI_Video_Retarget,20260922,Mobile,Bratislavský kraj,13673,132,0.96%,61.49,,8073
Energy_Client_SK,ProduktLaunch26_Programmatic,IO_ProduktLaunch26_Display,LI_Display_Prospecting,20260824,Tablet,Ostatné SR,6974,37,0.53%,20.79,,4125
Energy_Client_SK,ProduktLaunch26_Programmatic,IO_ProduktLaunch26_Video,LI_Video_Prospecting,20260820,Desktop,Košický kraj,12767,101,0.79%,47.88,0.0,7523
Energy_Client_SK,ProduktLaunch26_Programmatic,IO_ProduktLaunch26_Display,LI_Display_Retarget,20260928,Connected TV,Ostatné SR,4033,17,0.42%,10.89,,2597
Energy_Client_SK,ProduktLaunch26_Programmatic,IO_ProduktLaunch26_Video,LI_Video_Prospecting,20261026,Tablet,Ostatné SR,4311,19,0.45%,16.26,,3167
Energy_Client_SK,ProduktLaunch26_Programmatic,IO_ProduktLaunch26_Display,LI_Native_Prospecting,20261004,Connected TV,Bratislavský kraj,5913,34,0.57%,19.62,,3550
Energy_Client_SK,ProduktLaunch26_Programmatic,IO_ProduktLaunch26_Display,LI_Native_Prospecting,20260922,Mobile,Bratislavský kraj,10247,42,0.41%,35.38,,6214
Energy_Client_SK,ProduktLaunch26_Programmatic,IO_ProduktLaunch26_Display,LI_Display_Prospecting,20260913,Connected TV,Ostatné SR,5894,27,0.47%,14.41,,3729
Energy_Client_SK,ProduktLaunch26_Programmatic,IO_ProduktLaunch26_Display,LI_Display_Retarget,20260901,Desktop,Košický kraj,8519,28,0.33%,25.77,,6648
Energy_Client_SK,ProduktLaunch26_Programmatic,IO_ProduktLaunch26_Display,LI_Native_Prospecting,20261012,Tablet,Košický kraj,3337,26,0.79%,9.79,0.0,1861
Energy_Client_SK,ProduktLaunch26_Programmatic,IO_ProduktLaunch26_Video,LI_Audio_Awareness,20260820,Tablet,Bratislavský kraj,7892,37,0.47%,13.35,,4531
Energy_Client_SK,ProduktLaunch26_Programmatic,IO_ProduktLaunch26_Display,LI_Display_Retarget,20260920,Connected TV,Bratislavský kraj,11414,42,0.37%,23.92,0.0,7204
Energy_Client_SK,ProduktLaunch26_Programmatic,IO_ProduktLaunch26_Display,LI_Native_Prospecting,20261010,Desktop,Košický kraj,6866,36,0.53%,23.08,,5261
Energy_Client_SK,ProduktLaunch26_Programmatic,IO_ProduktLaunch26_Display,LI_Display_Retarget,20261025,Mobile,Ostatné SR,15122,65,0.43%,42.95,,9941
Energy_Client_SK,ProduktLaunch26_Programmatic,IO_ProduktLaunch26_Display,LI_Native_Prospecting,20260824,Mobile,Bratislavský kraj,11801,56,0.47%,31.02,,6769
Energy_Client_SK,ProduktLaunch26_Programmatic,IO_ProduktLaunch26_Display,LI_Display_Retarget,20260919,Desktop,Bratislavský kraj,8780,41,0.46%,30.59,,5533
Energy_Client_SK,ProduktLaunch26_Programmatic,IO_ProduktLaunch26_Display,LI_Display_Prospecting,20261003,Mobile,Košický kraj,13791,48,0.35%,25.29,0.0,9264
Energy_Client_SK,ProduktLaunch26_Programmatic,IO_ProduktLaunch26_Display,LI_Native_Prospecting,20260927,Desktop,Bratislavský kraj,11028,64,0.58%,34.96,,8488
Energy_Client_SK,ProduktLaunch26_Programmatic,IO_ProduktLaunch26_Display,LI_Display_Retarget,20260927,Desktop,Ostatné SR,7869,33,0.42%,16.04,0.0,5800
Energy_Client_SK,ProduktLaunch26_Programmatic,IO_ProduktLaunch26_Video,LI_Audio_Awareness,20261007,Desktop,Bratislavský kraj,9842,21,0.21%,15.13,0.0,5482
Energy_Client_SK,ProduktLaunch26_Programmatic,IO_ProduktLaunch26_Display,LI_Native_Prospecting,20260922,Desktop,Bratislavský kraj,8593,60,0.7%,25.3,,5820
Energy_Client_SK,ProduktLaunch26_Programmatic,IO_ProduktLaunch26_Display,LI_Display_Retarget,20260903,Desktop,Ostatné SR,8267,49,0.59%,26.72,0.0,5183
Energy_Client_SK,ProduktLaunch26_Programmatic,IO_ProduktLaunch26_Display,LI_Display_Retarget,20260831,Connected TV,Ostatné SR,6918,31,0.45%,22.85,0.0,5237
Energy_Client_SK,ProduktLaunch26_Programmatic,IO_ProduktLaunch26_Display,LI_Display_Prospecting,20261007,Desktop,Bratislavský kraj,19349,51,0.27%,37.66,0.0,13883
Energy_Client_SK,ProduktLaunch26_Programmatic,IO_ProduktLaunch26_Display,LI_Display_Retarget,20260906,Tablet,Ostatné SR,6769,39,0.58%,15.67,,3979
Energy_Client_SK,ProduktLaunch26_Programmatic,IO_ProduktLaunch26_Video,LI_Video_Retarget,20260917,Tablet,Bratislavský kraj,7832,82,1.05%,39.55,,4547
Energy_Client_SK,ProduktLaunch26_Programmatic,IO_ProduktLaunch26_Display,LI_Display_Prospecting,20261014,Desktop,Košický kraj,8657,38,0.44%,25.54,0.0,5034
Energy_Client_SK,ProduktLaunch26_Programmatic,IO_ProduktLaunch26_Video,LI_Video_Prospecting,20260928,Tablet,Košický kraj,5458,32,0.58%,24.76,,3255
Energy_Client_SK,ProduktLaunch26_Programmatic,IO_ProduktLaunch26_Display,LI_Display_Prospecting,20260908,Tablet,Ostatné SR,7018,40,0.57%,14.33,,4728
Energy_Client_SK,ProduktLaunch26_Programmatic,IO_ProduktLaunch26_Display,LI_Native_Prospecting,20260825,Desktop,Bratislavský kraj,8020,45,0.56%,23.62,,6022
Energy_Client_SK,ProduktLaunch26_Programmatic,IO_ProduktLaunch26_Display,LI_Display_Prospecting,20260912,Desktop,Bratislavský kraj,14597,39,0.27%,40.65,0.0,9748
Energy_Client_SK,ProduktLaunch26_Programmatic,IO_ProduktLaunch26_Video,LI_Audio_Awareness,20260816,Connected TV,Bratislavský kraj,10761,29,0.27%,25.03,,8414
Energy_Client_SK,ProduktLaunch26_Programmatic,IO_ProduktLaunch26_Video,LI_Video_Retarget,20260828,Tablet,Košický kraj,4002,26,0.66%,16.58,0.0,2277
Energy_Client_SK,ProduktLaunch26_Programmatic,IO_ProduktLaunch26_Video,LI_Video_Prospecting,20260904,Connected TV,Košický kraj,7724,42,0.54%,26.49,0.0,4279
Energy_Client_SK,ProduktLaunch26_Programmatic,IO_ProduktLaunch26_Video,LI_Video_Retarget,20260912,Mobile,Bratislavský kraj,17492,176,1.01%,92.17,0.0,13024
Energy_Client_SK,ProduktLaunch26_Programmatic,IO_ProduktLaunch26_Display,LI_Display_Prospecting,20261007,Tablet,Bratislavský kraj,5781,34,0.59%,11.88,0.0,4494
Energy_Client_SK,ProduktLaunch26_Programmatic,IO_ProduktLaunch26_Display,LI_Native_Prospecting,20261005,Tablet,Bratislavský kraj,7699,58,0.75%,21.05,,4882
Energy_Client_SK,ProduktLaunch26_Programmatic,IO_ProduktLaunch26_Display,LI_Native_Prospecting,20260911,Tablet,Bratislavský kraj,6250,42,0.67%,22.35,,3715
Energy_Client_SK,ProduktLaunch26_Programmatic,IO_ProduktLaunch26_Display,LI_Display_Prospecting,20261015,Mobile,Ostatné SR,8947,33,0.37%,19.14,0.0,5537
Energy_Client_SK,ProduktLaunch26_Programmatic,IO_ProduktLaunch26_Display,LI_Display_Prospecting,20261004,Tablet,Ostatné SR,5076,26,0.52%,11.61,0.0,3380
Energy_Client_SK,ProduktLaunch26_Programmatic,IO_ProduktLaunch26_Video,LI_Video_Prospecting,20261004,Connected TV,Košický kraj,7207,62,0.86%,30.43,,4367
Energy_Client_SK,ProduktLaunch26_Programmatic,IO_ProduktLaunch26_Display,LI_Native_Prospecting,20260824,Tablet,Košický kraj,3549,27,0.77%,10.53,0.0,2030
Energy_Client_SK,ProduktLaunch26_Programmatic,IO_ProduktLaunch26_Display,LI_Display_Prospecting,20261020,Tablet,Košický kraj,3749,17,0.45%,8.98,0.0,2233
Energy_Client_SK,ProduktLaunch26_Programmatic,IO_ProduktLaunch26_Video,LI_Audio_Awareness,20260927,Mobile,Košický kraj,7514,31,0.41%,13.77,0.0,4259
Energy_Client_SK,ProduktLaunch26_Programmatic,IO_ProduktLaunch26_Display,LI_Display_Prospecting,20260910,Tablet,Košický kraj,6026,32,0.53%,16.06,0.0,4679
Energy_Client_SK,ProduktLaunch26_Programmatic,IO_ProduktLaunch26_Display,LI_Native_Prospecting,20260911,Tablet,Košický kraj,4622,23,0.49%,10.56,0.0,3013
Energy_Client_SK,ProduktLaunch26_Programmatic,IO_ProduktLaunch26_Display,LI_Display_Prospecting,20260821,Connected TV,Ostatné SR,4812,25,0.53%,12.36,,3839
Energy_Client_SK,ProduktLaunch26_Programmatic,IO_ProduktLaunch26_Video,LI_Audio_Awareness,20261014,Connected TV,Košický kraj,5069,25,0.5%,7.71,,3239
Energy_Client_SK,ProduktLaunch26_Programmatic,IO_ProduktLaunch26_Display,LI_Display_Prospecting,20261012,Connected TV,Ostatné SR,5854,28,0.48%,11.6,,4101
Energy_Client_SK,ProduktLaunch26_Programmatic,IO_ProduktLaunch26_Video,LI_Video_Prospecting,20260826,Desktop,Bratislavský kraj,12736,64,0.5%,43.68,0.0,9807
Energy_Client_SK,ProduktLaunch26_Programmatic,IO_ProduktLaunch26_Video,LI_Audio_Awareness,20261027,Desktop,Ostatné SR,9106,27,0.29%,18.87,,6780
Energy_Client_SK,ProduktLaunch26_Programmatic,IO_ProduktLaunch26_Display,LI_Display_Retarget,20260907,Tablet,Košický kraj,3285,12,0.36%,9.72,,2595
Energy_Client_SK,ProduktLaunch26_Programmatic,IO_ProduktLaunch26_Video,LI_Audio_Awareness,20260911,Desktop,Ostatné SR,7950,38,0.48%,18.01,0.0,6232
Energy_Client_SK,ProduktLaunch26_Programmatic,IO_ProduktLaunch26_Video,LI_Video_Retarget,20261022,Tablet,Košický kraj,3899,37,0.96%,12.89,,2322
Energy_Client_SK,ProduktLaunch26_Programmatic,IO_ProduktLaunch26_Video,LI_Video_Retarget,20260827,Desktop,Bratislavský kraj,17578,112,0.64%,87.23,,13935
Energy_Client_SK,ProduktLaunch26_Programmatic,IO_ProduktLaunch26_Video,LI_Video_Retarget,20260911,Connected TV,Košický kraj,6023,59,0.98%,25.56,,4470
Energy_Client_SK,ProduktLaunch26_Programmatic,IO_ProduktLaunch26_Video,LI_Video_Retarget,20260912,Desktop,Košický kraj,13099,76,0.58%,62.12,0.0,7600
Energy_Client_SK,ProduktLaunch26_Programmatic,IO_ProduktLaunch26_Video,LI_Audio_Awareness,20261016,Tablet,Ostatné SR,3542,9,0.24%,7.25,0.0,2211
Energy_Client_SK,ProduktLaunch26_Programmatic,IO_ProduktLaunch26_Video,LI_Audio_Awareness,20260828,Desktop,Košický kraj,10207,40,0.4%,25.05,,7410
Energy_Client_SK,ProduktLaunch26_Programmatic,IO_ProduktLaunch26_Video,LI_Audio_Awareness,20260829,Connected TV,Ostatné SR,4706,23,0.49%,8.09,0.0,2927
Energy_Client_SK,ProduktLaunch26_Programmatic,IO_ProduktLaunch26_Video,LI_Video_Prospecting,20261015,Connected TV,Košický kraj,5558,45,0.81%,20.7,,3110
Energy_Client_SK,ProduktLaunch26_Programmatic,IO_ProduktLaunch26_Display,LI_Display_Prospecting,20260831,Connected TV,Košický kraj,4921,17,0.36%,10.36,,3384
Energy_Client_SK,ProduktLaunch26_Programmatic,IO_ProduktLaunch26_Display,LI_Native_Prospecting,20261020,Connected TV,Košický kraj,6194,36,0.58%,21.99,,4651
Energy_Client_SK,ProduktLaunch26_Programmatic,IO_ProduktLaunch26_Display,LI_Display_Prospecting,20261002,Tablet,Ostatné SR,4571,24,0.53%,13.24,0.0,2988
Energy_Client_SK,ProduktLaunch26_Programmatic,IO_ProduktLaunch26_Display,LI_Display_Prospecting,20261006,Connected TV,Ostatné SR,7956,39,0.5%,14.47,0.0,5866
Energy_Client_SK,ProduktLaunch26_Programmatic,IO_ProduktLaunch26_Display,LI_Native_Prospecting,20260829,Desktop,Ostatné SR,7558,43,0.56%,24.56,,4657
Energy_Client_SK,ProduktLaunch26_Programmatic,IO_ProduktLaunch26_Video,LI_Video_Retarget,20260902,Desktop,Košický kraj,9473,89,0.94%,34.97,,5982
Energy_Client_SK,ProduktLaunch26_Programmatic,IO_ProduktLaunch26_Display,LI_Display_Prospecting,20261008,Tablet,Košický kraj,2884,9,0.32%,7.71,0.0,1764
Energy_Client_SK,ProduktLaunch26_Programmatic,IO_ProduktLaunch26_Display,LI_Display_Retarget,20260819,Mobile,Košický kraj,10885,67,0.62%,22.28,0.0,6840
Energy_Client_SK,ProduktLaunch26_Programmatic,IO_ProduktLaunch26_Video,LI_Audio_Awareness,20261026,Mobile,Košický kraj,7049,26,0.37%,14.29,,4435
Energy_Client_SK,ProduktLaunch26_Programmatic,IO_ProduktLaunch26_Video,LI_Audio_Awareness,20260820,Mobile,Košický kraj,10783,27,0.25%,27.44,0.0,6947
Energy_Client_SK,ProduktLaunch26_Programmatic,IO_ProduktLaunch26_Video,LI_Video_Retarget,20261009,Connected TV,Ostatné SR,10310,64,0.62%,41.73,,5988
Energy_Client_SK,ProduktLaunch26_Programmatic,IO_ProduktLaunch26_Display,LI_Display_Prospecting,20261012,Mobile,Bratislavský kraj,18362,89,0.48%,46.04,0.0,10759
Energy_Client_SK,ProduktLaunch26_Programmatic,IO_ProduktLaunch26_Display,LI_Display_Prospecting,20261015,Desktop,Košický kraj,6651,24,0.37%,18.51,0.0,5255
Energy_Client_SK,ProduktLaunch26_Programmatic,IO_ProduktLaunch26_Video,LI_Video_Retarget,20261025,Desktop,Bratislavský kraj,20195,103,0.51%,98.27,,12713
Energy_Client_SK,ProduktLaunch26_Programmatic,IO_ProduktLaunch26_Video,LI_Audio_Awareness,20260927,Mobile,Bratislavský kraj,13299,32,0.24%,25.36,,9535
Energy_Client_SK,ProduktLaunch26_Programmatic,IO_ProduktLaunch26_Display,LI_Native_Prospecting,20261014,Tablet,Bratislavský kraj,4238,28,0.67%,15.07,,3164
Energy_Client_SK,ProduktLaunch26_Programmatic,IO_ProduktLaunch26_Video,LI_Video_Prospecting,20261020,Tablet,Košický kraj,5004,35,0.7%,18.92,,3275
Energy_Client_SK,ProduktLaunch26_Programmatic,IO_ProduktLaunch26_Video,LI_Video_Prospecting,20260820,Desktop,Bratislavský kraj,14524,70,0.48%,48.25,0.0,10370
Energy_Client_SK,ProduktLaunch26_Programmatic,IO_ProduktLaunch26_Video,LI_Video_Retarget,20260902,Mobile,Bratislavský kraj,20078,161,0.8%,68.1,,15813
Energy_Client_SK,ProduktLaunch26_Programmatic,IO_ProduktLaunch26_Display,LI_Native_Prospecting,20260826,Tablet,Košický kraj,2933,14,0.49%,9.06,0.0,2042
Energy_Client_SK,ProduktLaunch26_Programmatic,IO_ProduktLaunch26_Display,LI_Native_Prospecting,20260817,Mobile,Bratislavský kraj,17501,111,0.63%,52.36,0.0,13296
Energy_Client_SK,ProduktLaunch26_Programmatic,IO_ProduktLaunch26_Video,LI_Video_Retarget,20261028,Desktop,Bratislavský kraj,12821,122,0.95%,64.5,,9336
Energy_Client_SK,ProduktLaunch26_Programmatic,IO_ProduktLaunch26_Video,LI_Video_Prospecting,20260831,Desktop,Ostatné SR,9162,46,0.5%,37.66,0.0,6756
Energy_Client_SK,ProduktLaunch26_Programmatic,IO_ProduktLaunch26_Display,LI_Display_Retarget,20260815,Desktop,Košický kraj,5857,38,0.64%,17.95,0.0,4199
Energy_Client_SK,ProduktLaunch26_Programmatic,IO_ProduktLaunch26_Display,LI_Native_Prospecting,20260913,Connected TV,Bratislavský kraj,4935,20,0.41%,13.92,,3454
Energy_Client_SK,ProduktLaunch26_Programmatic,IO_ProduktLaunch26_Display,LI_Native_Prospecting,20260930,Connected TV,Ostatné SR,3520,23,0.64%,7.88,0.0,2106
Energy_Client_SK,ProduktLaunch26_Programmatic,IO_ProduktLaunch26_Display,LI_Display_Prospecting,20260928,Tablet,Košický kraj,2793,9,0.3%,5.44,,1546
Energy_Client_SK,ProduktLaunch26_Programmatic,IO_ProduktLaunch26_Video,LI_Video_Retarget,20260925,Connected TV,Košický kraj,7745,40,0.51%,34.27,0.0,6038
Energy_Client_SK,ProduktLaunch26_Programmatic,IO_ProduktLaunch26_Video,LI_Audio_Awareness,20260925,Mobile,Košický kraj,8929,34,0.38%,13.75,,5005
Energy_Client_SK,ProduktLaunch26_Programmatic,IO_ProduktLaunch26_Video,LI_Video_Prospecting,20261010,Connected TV,Košický kraj,8326,49,0.59%,31.39,0.0,5517
Energy_Client_SK,ProduktLaunch26_Programmatic,IO_ProduktLaunch26_Video,LI_Video_Prospecting,20260818,Tablet,Košický kraj,7202,41,0.57%,29.2,0.0,5385
Energy_Client_SK,ProduktLaunch26_Programmatic,IO_ProduktLaunch26_Video,LI_Audio_Awareness,20260829,Mobile,Ostatné SR,12706,46,0.36%,28.17,,8477
Energy_Client_SK,ProduktLaunch26_Programmatic,IO_ProduktLaunch26_Display,LI_Native_Prospecting,20260831,Connected TV,Košický kraj,3075,14,0.47%,7.94,0.0,1858
Energy_Client_SK,ProduktLaunch26_Programmatic,IO_ProduktLaunch26_Display,LI_Native_Prospecting,20261017,Connected TV,Bratislavský kraj,5355,35,0.66%,16.12,,3142
Energy_Client_SK,ProduktLaunch26_Programmatic,IO_ProduktLaunch26_Display,LI_Display_Prospecting,20260913,Tablet,Bratislavský kraj,9228,37,0.4%,21.92,,6992
Energy_Client_SK,ProduktLaunch26_Programmatic,IO_ProduktLaunch26_Display,LI_Display_Retarget,20261028,Mobile,Košický kraj,11952,41,0.35%,26.34,,8895
Energy_Client_SK,ProduktLaunch26_Programmatic,IO_ProduktLaunch26_Display,LI_Display_Prospecting,20260904,Connected TV,Bratislavský kraj,7254,29,0.39%,13.28,,4011
Energy_Client_SK,ProduktLaunch26_Programmatic,IO_ProduktLaunch26_Video,LI_Video_Retarget,20260905,Connected TV,Košický kraj,8968,75,0.83%,35.17,,6920
Energy_Client_SK,ProduktLaunch26_Programmatic,IO_ProduktLaunch26_Display,LI_Display_Prospecting,20260930,Connected TV,Košický kraj,8220,46,0.56%,21.05,,5863
Energy_Client_SK,ProduktLaunch26_Programmatic,IO_ProduktLaunch26_Display,LI_Display_Retarget,20260903,Connected TV,Košický kraj,4796,25,0.53%,15.02,,3585
Energy_Client_SK,ProduktLaunch26_Programmatic,IO_ProduktLaunch26_Video,LI_Audio_Awareness,20260919,Mobile,Ostatné SR,6711,33,0.5%,10.78,,4484
Energy_Client_SK,ProduktLaunch26_Programmatic,IO_ProduktLaunch26_Video,LI_Video_Prospecting,20260930,Desktop,Bratislavský kraj,13267,68,0.51%,45.48,,7340
Energy_Client_SK,ProduktLaunch26_Programmatic,IO_ProduktLaunch26_Display,LI_Display_Prospecting,20261007,Mobile,Bratislavský kraj,21800,76,0.35%,49.45,,12948
Energy_Client_SK,ProduktLaunch26_Programmatic,IO_ProduktLaunch26_Display,LI_Native_Prospecting,20260916,Desktop,Bratislavský kraj,13453,72,0.54%,45.39,,10166
Energy_Client_SK,ProduktLaunch26_Programmatic,IO_ProduktLaunch26_Display,LI_Display_Retarget,20260820,Connected TV,Bratislavský kraj,10988,58,0.53%,26.97,,6168
Energy_Client_SK,ProduktLaunch26_Programmatic,IO_ProduktLaunch26_Video,LI_Audio_Awareness,20260923,Mobile,Ostatné SR,11280,24,0.21%,22.31,,8626
Energy_Client_SK,ProduktLaunch26_Programmatic,IO_ProduktLaunch26_Video,LI_Video_Retarget,20260817,Connected TV,Ostatné SR,9790,99,1.01%,39.0,,6009
Energy_Client_SK,ProduktLaunch26_Programmatic,IO_ProduktLaunch26_Display,LI_Display_Prospecting,20261020,Mobile,Ostatné SR,10895,52,0.48%,27.3,0.0,7995
Energy_Client_SK,ProduktLaunch26_Programmatic,IO_ProduktLaunch26_Video,LI_Audio_Awareness,20260815,Tablet,Ostatné SR,5586,23,0.42%,10.64,0.0,3094
Energy_Client_SK,ProduktLaunch26_Programmatic,IO_ProduktLaunch26_Video,LI_Video_Retarget,20260906,Mobile,Košický kraj,13740,131,0.95%,49.71,,9196
Energy_Client_SK,ProduktLaunch26_Programmatic,IO_ProduktLaunch26_Display,LI_Display_Retarget,20261022,Tablet,Ostatné SR,4367,26,0.6%,11.6,0.0,3207
Energy_Client_SK,ProduktLaunch26_Programmatic,IO_ProduktLaunch26_Video,LI_Video_Prospecting,20261017,Connected TV,Košický kraj,5019,40,0.81%,21.48,,3240
Energy_Client_SK,ProduktLaunch26_Programmatic,IO_ProduktLaunch26_Display,LI_Display_Prospecting,20260819,Tablet,Bratislavský kraj,5728,27,0.47%,10.74,0.0,4019
Energy_Client_SK,ProduktLaunch26_Programmatic,IO_ProduktLaunch26_Display,LI_Native_Prospecting,20260823,Desktop,Košický kraj,4891,22,0.44%,10.79,,2770
Energy_Client_SK,ProduktLaunch26_Programmatic,IO_ProduktLaunch26_Display,LI_Display_Prospecting,20261026,Desktop,Bratislavský kraj,17472,79,0.45%,33.53,0.0,12788
Energy_Client_SK,ProduktLaunch26_Programmatic,IO_ProduktLaunch26_Video,LI_Audio_Awareness,20260830,Tablet,Bratislavský kraj,6506,14,0.22%,10.82,0.0,3877
Energy_Client_SK,ProduktLaunch26_Programmatic,IO_ProduktLaunch26_Video,LI_Audio_Awareness,20261024,Mobile,Bratislavský kraj,8418,25,0.3%,20.5,,5528
Energy_Client_SK,ProduktLaunch26_Programmatic,IO_ProduktLaunch26_Display,LI_Display_Retarget,20261022,Connected TV,Ostatné SR,8693,39,0.45%,25.61,,5487
Energy_Client_SK,ProduktLaunch26_Programmatic,IO_ProduktLaunch26_Video,LI_Video_Prospecting,20260924,Connected TV,Košický kraj,8089,44,0.55%,28.2,,5378
Energy_Client_SK,ProduktLaunch26_Programmatic,IO_ProduktLaunch26_Display,LI_Display_Retarget,20260902,Connected TV,Košický kraj,5175,26,0.51%,15.6,,3644
Energy_Client_SK,ProduktLaunch26_Programmatic,IO_ProduktLaunch26_Display,LI_Native_Prospecting,20260831,Desktop,Ostatné SR,7376,32,0.44%,26.13,0.0,4402
Energy_Client_SK,ProduktLaunch26_Programmatic,IO_ProduktLaunch26_Display,LI_Native_Prospecting,20260912,Mobile,Ostatné SR,9752,49,0.5%,22.46,,6737
Energy_Client_SK,ProduktLaunch26_Programmatic,IO_ProduktLaunch26_Display,LI_Display_Retarget,20260923,Desktop,Košický kraj,6649,24,0.36%,15.4,,4442
Energy_Client_SK,ProduktLaunch26_Programmatic,IO_ProduktLaunch26_Video,LI_Video_Prospecting,20260921,Connected TV,Bratislavský kraj,15244,126,0.83%,65.09,,9567
Energy_Client_SK,ProduktLaunch26_Programmatic,IO_ProduktLaunch26_Display,LI_Native_Prospecting,20260918,Mobile,Košický kraj,7984,37,0.46%,21.46,,4768
Energy_Client_SK,ProduktLaunch26_Programmatic,IO_ProduktLaunch26_Video,LI_Video_Retarget,20260829,Desktop,Košický kraj,6441,36,0.56%,32.45,0.0,4603
Energy_Client_SK,ProduktLaunch26_Programmatic,IO_ProduktLaunch26_Display,LI_Native_Prospecting,20260911,Connected TV,Bratislavský kraj,9058,45,0.49%,22.64,0.0,5010
Energy_Client_SK,ProduktLaunch26_Programmatic,IO_ProduktLaunch26_Video,LI_Video_Prospecting,20260915,Connected TV,Bratislavský kraj,15396,98,0.64%,72.13,,9773
Energy_Client_SK,ProduktLaunch26_Programmatic,IO_ProduktLaunch26_Video,LI_Video_Prospecting,20260816,Desktop,Ostatné SR,14093,73,0.52%,47.42,,8219
Energy_Client_SK,ProduktLaunch26_Programmatic,IO_ProduktLaunch26_Display,LI_Display_Prospecting,20260907,Connected TV,Bratislavský kraj,11748,44,0.37%,36.32,,6621
Energy_Client_SK,ProduktLaunch26_Programmatic,IO_ProduktLaunch26_Video,LI_Audio_Awareness,20260823,Desktop,Bratislavský kraj,8735,24,0.27%,16.27,0.0,5206
Energy_Client_SK,ProduktLaunch26_Programmatic,IO_ProduktLaunch26_Display,LI_Display_Prospecting,20261011,Tablet,Košický kraj,3312,9,0.26%,7.25,0.0,2258
Energy_Client_SK,ProduktLaunch26_Programmatic,IO_ProduktLaunch26_Display,LI_Display_Prospecting,20261018,Tablet,Košický kraj,5526,18,0.32%,10.66,,3413
Energy_Client_SK,ProduktLaunch26_Programmatic,IO_ProduktLaunch26_Video,LI_Audio_Awareness,20261015,Desktop,Ostatné SR,5381,12,0.23%,13.0,,3833
Energy_Client_SK,ProduktLaunch26_Programmatic,IO_ProduktLaunch26_Video,LI_Video_Prospecting,20261015,Mobile,Bratislavský kraj,24727,115,0.47%,112.73,,17911
Energy_Client_SK,ProduktLaunch26_Programmatic,IO_ProduktLaunch26_Display,LI_Native_Prospecting,20260930,Mobile,Ostatné SR,13801,110,0.79%,49.47,0.0,7615
Energy_Client_SK,ProduktLaunch26_Programmatic,IO_ProduktLaunch26_Display,LI_Native_Prospecting,20260928,Mobile,Ostatné SR,9457,68,0.72%,23.3,0.0,6085
Energy_Client_SK,ProduktLaunch26_Programmatic,IO_ProduktLaunch26_Video,LI_Video_Prospecting,20261011,Tablet,Bratislavský kraj,9299,57,0.62%,33.58,,5579
Energy_Client_SK,ProduktLaunch26_Programmatic,IO_ProduktLaunch26_Display,LI_Display_Prospecting,20260831,Desktop,Košický kraj,12147,59,0.48%,26.46,0.0,8066
Energy_Client_SK,ProduktLaunch26_Programmatic,IO_ProduktLaunch26_Video,LI_Video_Prospecting,20261008,Tablet,Ostatné SR,7738,55,0.71%,33.21,0.0,4954
Energy_Client_SK,ProduktLaunch26_Programmatic,IO_ProduktLaunch26_Display,LI_Display_Prospecting,20260922,Connected TV,Košický kraj,4791,15,0.32%,12.53,0.0,3382
Energy_Client_SK,ProduktLaunch26_Programmatic,IO_ProduktLaunch26_Video,LI_Video_Prospecting,20260823,Connected TV,Bratislavský kraj,13821,116,0.84%,48.11,0.0,10091
Energy_Client_SK,ProduktLaunch26_Programmatic,IO_ProduktLaunch26_Display,LI_Display_Retarget,20261001,Mobile,Košický kraj,8550,46,0.54%,18.95,,5780
Energy_Client_SK,ProduktLaunch26_Programmatic,IO_ProduktLaunch26_Display,LI_Display_Retarget,20260819,Desktop,Ostatné SR,9724,44,0.45%,29.46,,6144
Energy_Client_SK,ProduktLaunch26_Programmatic,IO_ProduktLaunch26_Video,LI_Audio_Awareness,20261013,Connected TV,Bratislavský kraj,8425,23,0.27%,20.58,0.0,6666
Energy_Client_SK,ProduktLaunch26_Programmatic,IO_ProduktLaunch26_Video,LI_Audio_Awareness,20260919,Desktop,Košický kraj,9271,42,0.46%,23.8,,7287
Energy_Client_SK,ProduktLaunch26_Programmatic,IO_ProduktLaunch26_Display,LI_Display_Prospecting,20261001,Desktop,Ostatné SR,13671,73,0.54%,42.34,,8120
Energy_Client_SK,ProduktLaunch26_Programmatic,IO_ProduktLaunch26_Video,LI_Audio_Awareness,20260906,Desktop,Košický kraj,6597,25,0.38%,12.83,,3748
Energy_Client_SK,ProduktLaunch26_Programmatic,IO_ProduktLaunch26_Video,LI_Audio_Awareness,20260830,Tablet,Košický kraj,4476,14,0.31%,9.55,0.0,2720
Energy_Client_SK,ProduktLaunch26_Programmatic,IO_ProduktLaunch26_Display,LI_Display_Retarget,20261004,Tablet,Ostatné SR,3090,11,0.36%,9.17,,2126
Energy_Client_SK,ProduktLaunch26_Programmatic,IO_ProduktLaunch26_Video,LI_Audio_Awareness,20261013,Tablet,Košický kraj,3502,15,0.43%,5.78,,2067
Energy_Client_SK,ProduktLaunch26_Programmatic,IO_ProduktLaunch26_Video,LI_Video_Retarget,20260909,Connected TV,Košický kraj,6713,47,0.7%,24.0,,4633
Energy_Client_SK,ProduktLaunch26_Programmatic,IO_ProduktLaunch26_Display,LI_Display_Retarget,20260815,Desktop,Bratislavský kraj,15589,63,0.4%,50.07,,10405
Energy_Client_SK,ProduktLaunch26_Programmatic,IO_ProduktLaunch26_Video,LI_Video_Retarget,20260914,Mobile,Bratislavský kraj,12245,134,1.09%,44.54,0.0,7404
Energy_Client_SK,ProduktLaunch26_Programmatic,IO_ProduktLaunch26_Display,LI_Display_Prospecting,20260909,Tablet,Bratislavský kraj,5040,18,0.36%,13.64,0.0,3663
Energy_Client_SK,ProduktLaunch26_Programmatic,IO_ProduktLaunch26_Video,LI_Audio_Awareness,20260915,Desktop,Bratislavský kraj,13386,55,0.41%,22.29,,9348
Energy_Client_SK,ProduktLaunch26_Programmatic,IO_ProduktLaunch26_Video,LI_Video_Prospecting,20260915,Mobile,Košický kraj,17148,109,0.64%,85.05,,10352
Energy_Client_SK,ProduktLaunch26_Programmatic,IO_ProduktLaunch26_Video,LI_Video_Retarget,20260830,Connected TV,Košický kraj,8186,55,0.67%,40.35,,6403
Energy_Client_SK,ProduktLaunch26_Programmatic,IO_ProduktLaunch26_Video,LI_Video_Retarget,20261021,Mobile,Ostatné SR,18738,100,0.53%,85.37,0.0,13705
Energy_Client_SK,ProduktLaunch26_Programmatic,IO_ProduktLaunch26_Display,LI_Display_Prospecting,20260917,Mobile,Košický kraj,7820,23,0.29%,16.44,,6104
Energy_Client_SK,ProduktLaunch26_Programmatic,IO_ProduktLaunch26_Video,LI_Video_Prospecting,20261014,Desktop,Košický kraj,12501,86,0.69%,37.64,,9242
Energy_Client_SK,ProduktLaunch26_Programmatic,IO_ProduktLaunch26_Video,LI_Video_Prospecting,20261028,Connected TV,Ostatné SR,11545,97,0.84%,48.23,0.0,7964
Energy_Client_SK,ProduktLaunch26_Programmatic,IO_ProduktLaunch26_Video,LI_Video_Retarget,20260904,Connected TV,Ostatné SR,8000,49,0.61%,26.02,,6013
Energy_Client_SK,ProduktLaunch26_Programmatic,IO_ProduktLaunch26_Display,LI_Native_Prospecting,20260914,Tablet,Ostatné SR,5090,30,0.6%,15.73,0.0,3289
Energy_Client_SK,ProduktLaunch26_Programmatic,IO_ProduktLaunch26_Video,LI_Audio_Awareness,20260913,Connected TV,Košický kraj,4153,19,0.45%,9.36,0.0,3013
Energy_Client_SK,ProduktLaunch26_Programmatic,IO_ProduktLaunch26_Display,LI_Display_Retarget,20261017,Connected TV,Košický kraj,3641,13,0.35%,8.1,0.0,2281
Energy_Client_SK,ProduktLaunch26_Programmatic,IO_ProduktLaunch26_Display,LI_Display_Retarget,20260918,Mobile,Ostatné SR,10341,42,0.4%,24.05,,5735
Energy_Client_SK,ProduktLaunch26_Programmatic,IO_ProduktLaunch26_Display,LI_Native_Prospecting,20260908,Connected TV,Ostatné SR,3423,25,0.73%,10.62,,2315
Energy_Client_SK,ProduktLaunch26_Programmatic,IO_ProduktLaunch26_Video,LI_Audio_Awareness,20260910,Mobile,Ostatné SR,9894,39,0.4%,22.45,,5920
Energy_Client_SK,ProduktLaunch26_Programmatic,IO_ProduktLaunch26_Display,LI_Native_Prospecting,20260907,Connected TV,Bratislavský kraj,8626,60,0.69%,25.91,0.0,5826
Energy_Client_SK,ProduktLaunch26_Programmatic,IO_ProduktLaunch26_Display,LI_Display_Retarget,20261001,Mobile,Ostatné SR,13658,45,0.33%,28.26,,10729
Energy_Client_SK,ProduktLaunch26_Programmatic,IO_ProduktLaunch26_Video,LI_Video_Prospecting,20261013,Desktop,Bratislavský kraj,14225,125,0.88%,59.05,,9074
Energy_Client_SK,ProduktLaunch26_Programmatic,IO_ProduktLaunch26_Display,LI_Display_Prospecting,20260830,Mobile,Košický kraj,6810,31,0.45%,14.67,,3791
Energy_Client_SK,ProduktLaunch26_Programmatic,IO_ProduktLaunch26_Video,LI_Video_Retarget,20260928,Desktop,Košický kraj,5986,32,0.53%,23.27,,4302
Energy_Client_SK,ProduktLaunch26_Programmatic,IO_ProduktLaunch26_Display,LI_Display_Prospecting,20260818,Desktop,Ostatné SR,9313,40,0.43%,26.21,,6450
Energy_Client_SK,ProduktLaunch26_Programmatic,IO_ProduktLaunch26_Video,LI_Video_Retarget,20261005,Mobile,Košický kraj,9864,67,0.68%,50.42,0.0,7094
Energy_Client_SK,ProduktLaunch26_Programmatic,IO_ProduktLaunch26_Display,LI_Display_Retarget,20260903,Connected TV,Ostatné SR,6665,37,0.55%,16.41,0.0,4579
Energy_Client_SK,ProduktLaunch26_Programmatic,IO_ProduktLaunch26_Display,LI_Native_Prospecting,20261013,Connected TV,Ostatné SR,6081,32,0.53%,16.89,0.0,3388
Energy_Client_SK,ProduktLaunch26_Programmatic,IO_ProduktLaunch26_Video,LI_Audio_Awareness,20261020,Desktop,Košický kraj,9149,34,0.37%,14.34,,5287
Energy_Client_SK,ProduktLaunch26_Programmatic,IO_ProduktLaunch26_Video,LI_Audio_Awareness,20260928,Tablet,Bratislavský kraj,6588,28,0.43%,16.6,,4941
Energy_Client_SK,ProduktLaunch26_Programmatic,IO_ProduktLaunch26_Video,LI_Audio_Awareness,20261021,Desktop,Bratislavský kraj,15157,59,0.39%,34.79,,8899
Energy_Client_SK,ProduktLaunch26_Programmatic,IO_ProduktLaunch26_Display,LI_Display_Prospecting,20261001,Tablet,Košický kraj,3838,15,0.4%,7.24,,2265
Energy_Client_SK,ProduktLaunch26_Programmatic,IO_ProduktLaunch26_Video,LI_Video_Retarget,20261026,Tablet,Košický kraj,3909,39,1.01%,15.99,,2635
Energy_Client_SK,ProduktLaunch26_Programmatic,IO_ProduktLaunch26_Display,LI_Native_Prospecting,20260823,Connected TV,Bratislavský kraj,9381,66,0.7%,21.57,,6468
Energy_Client_SK,ProduktLaunch26_Programmatic,IO_ProduktLaunch26_Display,LI_Display_Prospecting,20260923,Connected TV,Bratislavský kraj,12196,38,0.31%,32.25,,7577
Energy_Client_SK,ProduktLaunch26_Programmatic,IO_ProduktLaunch26_Display,LI_Display_Prospecting,20261013,Connected TV,Bratislavský kraj,9093,43,0.48%,25.3,0.0,5337
Energy_Client_SK,ProduktLaunch26_Programmatic,IO_ProduktLaunch26_Display,LI_Display_Prospecting,20260822,Connected TV,Ostatné SR,8257,40,0.48%,17.16,0.0,5187
Energy_Client_SK,ProduktLaunch26_Programmatic,IO_ProduktLaunch26_Display,LI_Display_Retarget,20260904,Connected TV,Ostatné SR,4834,25,0.52%,10.44,0.0,3642
Energy_Client_SK,ProduktLaunch26_Programmatic,IO_ProduktLaunch26_Display,LI_Display_Retarget,20260823,Desktop,Ostatné SR,12896,72,0.56%,40.72,,10161
Energy_Client_SK,ProduktLaunch26_Programmatic,IO_ProduktLaunch26_Video,LI_Audio_Awareness,20260827,Connected TV,Košický kraj,6593,32,0.48%,14.25,,4502
Energy_Client_SK,ProduktLaunch26_Programmatic,IO_ProduktLaunch26_Video,LI_Audio_Awareness,20260904,Mobile,Košický kraj,9913,24,0.24%,21.02,,6843
Energy_Client_SK,ProduktLaunch26_Programmatic,IO_ProduktLaunch26_Video,LI_Audio_Awareness,20260830,Connected TV,Ostatné SR,5403,19,0.36%,13.52,,3713
Energy_Client_SK,ProduktLaunch26_Programmatic,IO_ProduktLaunch26_Video,LI_Audio_Awareness,20261010,Tablet,Bratislavský kraj,4792,12,0.25%,11.39,0.0,3179
Energy_Client_SK,ProduktLaunch26_Programmatic,IO_ProduktLaunch26_Display,LI_Native_Prospecting,20260906,Desktop,Ostatné SR,6193,27,0.44%,17.41,,3495
Energy_Client_SK,ProduktLaunch26_Programmatic,IO_ProduktLaunch26_Video,LI_Video_Prospecting,20260824,Tablet,Bratislavský kraj,10824,93,0.86%,52.35,0.0,8645
Energy_Client_SK,ProduktLaunch26_Programmatic,IO_ProduktLaunch26_Video,LI_Audio_Awareness,20260914,Mobile,Bratislavský kraj,11575,57,0.49%,27.7,0.0,6876
Energy_Client_SK,ProduktLaunch26_Programmatic,IO_ProduktLaunch26_Display,LI_Display_Retarget,20260905,Desktop,Košický kraj,9282,31,0.33%,19.9,,5906
Energy_Client_SK,ProduktLaunch26_Programmatic,IO_ProduktLaunch26_Display,LI_Display_Prospecting,20261003,Desktop,Košický kraj,8341,46,0.55%,23.86,,5249
Energy_Client_SK,ProduktLaunch26_Programmatic,IO_ProduktLaunch26_Display,LI_Display_Prospecting,20260820,Mobile,Bratislavský kraj,19124,64,0.34%,56.98,0.0,10745
Energy_Client_SK,ProduktLaunch26_Programmatic,IO_ProduktLaunch26_Display,LI_Native_Prospecting,20260903,Connected TV,Košický kraj,4731,21,0.45%,17.53,0.0,3130
Energy_Client_SK,ProduktLaunch26_Programmatic,IO_ProduktLaunch26_Video,LI_Video_Prospecting,20260819,Connected TV,Košický kraj,6748,32,0.48%,26.29,,4767
Energy_Client_SK,ProduktLaunch26_Programmatic,IO_ProduktLaunch26_Video,LI_Video_Retarget,20260925,Connected TV,Ostatné SR,7577,61,0.81%,38.07,,5665
Energy_Client_SK,ProduktLaunch26_Programmatic,IO_ProduktLaunch26_Display,LI_Display_Prospecting,20261023,Tablet,Ostatné SR,3622,20,0.55%,7.22,,2853
Energy_Client_SK,ProduktLaunch26_Programmatic,IO_ProduktLaunch26_Video,LI_Audio_Awareness,20260831,Mobile,Bratislavský kraj,9924,45,0.45%,21.47,,7465
Energy_Client_SK,ProduktLaunch26_Programmatic,IO_ProduktLaunch26_Video,LI_Video_Retarget,20260930,Desktop,Ostatné SR,9245,86,0.93%,34.52,,5393
Energy_Client_SK,ProduktLaunch26_Programmatic,IO_ProduktLaunch26_Video,LI_Video_Prospecting,20261018,Desktop,Košický kraj,7815,54,0.68%,28.5,,5307
Energy_Client_SK,ProduktLaunch26_Programmatic,IO_ProduktLaunch26_Display,LI_Native_Prospecting,20260815,Tablet,Ostatné SR,4679,24,0.52%,15.82,,2688
Energy_Client_SK,ProduktLaunch26_Programmatic,IO_ProduktLaunch26_Display,LI_Native_Prospecting,20261015,Mobile,Košický kraj,11197,56,0.5%,36.01,,7089
Energy_Client_SK,ProduktLaunch26_Programmatic,IO_ProduktLaunch26_Video,LI_Video_Prospecting,20260902,Connected TV,Košický kraj,9354,46,0.49%,42.73,,6830
Energy_Client_SK,ProduktLaunch26_Programmatic,IO_ProduktLaunch26_Display,LI_Display_Prospecting,20260926,Tablet,Bratislavský kraj,6914,24,0.35%,15.12,,3863
Energy_Client_SK,ProduktLaunch26_Programmatic,IO_ProduktLaunch26_Display,LI_Display_Retarget,20260911,Desktop,Bratislavský kraj,10052,53,0.52%,33.89,0.0,7927
Energy_Client_SK,ProduktLaunch26_Programmatic,IO_ProduktLaunch26_Display,LI_Native_Prospecting,20261015,Tablet,Bratislavský kraj,4199,28,0.67%,9.42,,2353
Energy_Client_SK,ProduktLaunch26_Programmatic,IO_ProduktLaunch26_Display,LI_Native_Prospecting,20260819,Desktop,Bratislavský kraj,14088,92,0.65%,43.99,,9616
Energy_Client_SK,ProduktLaunch26_Programmatic,IO_ProduktLaunch26_Display,LI_Display_Retarget,20261020,Mobile,Ostatné SR,15994,107,0.67%,33.95,,12757
Energy_Client_SK,ProduktLaunch26_Programmatic,IO_ProduktLaunch26_Display,LI_Display_Retarget,20260919,Mobile,Košický kraj,11430,42,0.37%,36.52,,8187
Energy_Client_SK,ProduktLaunch26_Programmatic,IO_ProduktLaunch26_Video,LI_Audio_Awareness,20260916,Tablet,Košický kraj,4406,10,0.22%,8.27,,3181
Energy_Client_SK,ProduktLaunch26_Programmatic,IO_ProduktLaunch26_Video,LI_Video_Prospecting,20260824,Mobile,Ostatné SR,10264,83,0.8%,36.74,,7224
Energy_Client_SK,ProduktLaunch26_Programmatic,IO_ProduktLaunch26_Video,LI_Audio_Awareness,20260906,Desktop,Ostatné SR,10553,26,0.25%,19.01,,7771
Energy_Client_SK,ProduktLaunch26_Programmatic,IO_ProduktLaunch26_Video,LI_Video_Prospecting,20261017,Mobile,Košický kraj,10836,45,0.41%,37.17,,7992
Energy_Client_SK,ProduktLaunch26_Programmatic,IO_ProduktLaunch26_Video,LI_Video_Retarget,20261008,Desktop,Bratislavský kraj,15245,149,0.98%,56.16,0.0,12093
Energy_Client_SK,ProduktLaunch26_Programmatic,IO_ProduktLaunch26_Display,LI_Display_Retarget,20261006,Desktop,Ostatné SR,10140,45,0.44%,30.66,,7046
Energy_Client_SK,ProduktLaunch26_Programmatic,IO_ProduktLaunch26_Display,LI_Native_Prospecting,20261016,Tablet,Košický kraj,4770,22,0.47%,12.99,,2691
Energy_Client_SK,ProduktLaunch26_Programmatic,IO_ProduktLaunch26_Display,LI_Display_Prospecting,20260912,Desktop,Košický kraj,7004,28,0.4%,18.11,,4796
Energy_Client_SK,ProduktLaunch26_Programmatic,IO_ProduktLaunch26_Video,LI_Audio_Awareness,20260922,Tablet,Košický kraj,4820,24,0.49%,10.41,0.0,3498
Energy_Client_SK,ProduktLaunch26_Programmatic,IO_ProduktLaunch26_Display,LI_Native_Prospecting,20260901,Connected TV,Košický kraj,5814,29,0.51%,20.77,,4279
Energy_Client_SK,ProduktLaunch26_Programmatic,IO_ProduktLaunch26_Video,LI_Audio_Awareness,20261019,Connected TV,Košický kraj,4538,20,0.43%,7.83,,2593
Energy_Client_SK,ProduktLaunch26_Programmatic,IO_ProduktLaunch26_Display,LI_Display_Prospecting,20261026,Mobile,Ostatné SR,12905,76,0.59%,34.63,,9319
Energy_Client_SK,ProduktLaunch26_Programmatic,IO_ProduktLaunch26_Video,LI_Audio_Awareness,20261008,Mobile,Košický kraj,11072,41,0.37%,17.56,,8363
Energy_Client_SK,ProduktLaunch26_Programmatic,IO_ProduktLaunch26_Video,LI_Video_Prospecting,20260916,Mobile,Košický kraj,16957,101,0.59%,71.66,0.0,12206
Energy_Client_SK,ProduktLaunch26_Programmatic,IO_ProduktLaunch26_Video,LI_Video_Retarget,20261014,Tablet,Bratislavský kraj,5338,47,0.88%,27.47,0.0,3762
Energy_Client_SK,ProduktLaunch26_Programmatic,IO_ProduktLaunch26_Video,LI_Video_Prospecting,20261019,Tablet,Ostatné SR,7921,45,0.56%,26.22,0.0,6096
Energy_Client_SK,ProduktLaunch26_Programmatic,IO_ProduktLaunch26_Video,LI_Video_Prospecting,20261026,Desktop,Ostatné SR,8882,66,0.74%,30.66,,5982
Energy_Client_SK,ProduktLaunch26_Programmatic,IO_ProduktLaunch26_Display,LI_Display_Prospecting,20261024,Connected TV,Bratislavský kraj,10366,41,0.4%,29.04,0.0,8222
Energy_Client_SK,ProduktLaunch26_Programmatic,IO_ProduktLaunch26_Video,LI_Audio_Awareness,20260927,Connected TV,Bratislavský kraj,7167,19,0.27%,15.7,0.0,4023
Energy_Client_SK,ProduktLaunch26_Programmatic,IO_ProduktLaunch26_Video,LI_Video_Retarget,20260929,Mobile,Košický kraj,15539,114,0.73%,69.87,0.0,11581
Energy_Client_SK,ProduktLaunch26_Programmatic,IO_ProduktLaunch26_Video,LI_Video_Prospecting,20260924,Mobile,Košický kraj,17491,97,0.55%,84.34,,12429
Energy_Client_SK,ProduktLaunch26_Programmatic,IO_ProduktLaunch26_Display,LI_Display_Prospecting,20260923,Desktop,Bratislavský kraj,15269,56,0.37%,30.27,,9400
Energy_Client_SK,ProduktLaunch26_Programmatic,IO_ProduktLaunch26_Display,LI_Native_Prospecting,20260925,Mobile,Ostatné SR,13264,99,0.75%,44.76,,9169
Energy_Client_SK,ProduktLaunch26_Programmatic,IO_ProduktLaunch26_Display,LI_Native_Prospecting,20261009,Tablet,Ostatné SR,4080,33,0.8%,10.77,0.0,2428
Energy_Client_SK,ProduktLaunch26_Programmatic,IO_ProduktLaunch26_Video,LI_Video_Prospecting,20260929,Connected TV,Bratislavský kraj,11906,94,0.79%,43.53,,8469
Energy_Client_SK,ProduktLaunch26_Programmatic,IO_ProduktLaunch26_Display,LI_Display_Retarget,20260919,Mobile,Ostatné SR,14240,55,0.39%,36.56,,10201
Energy_Client_SK,ProduktLaunch26_Programmatic,IO_ProduktLaunch26_Display,LI_Native_Prospecting,20260828,Mobile,Košický kraj,10804,85,0.79%,24.51,0.0,7154
Energy_Client_SK,ProduktLaunch26_Programmatic,IO_ProduktLaunch26_Display,LI_Native_Prospecting,20260819,Connected TV,Ostatné SR,4846,32,0.65%,15.4,0.0,3392
Energy_Client_SK,ProduktLaunch26_Programmatic,IO_ProduktLaunch26_Display,LI_Display_Prospecting,20261017,Desktop,Ostatné SR,13790,64,0.47%,26.1,0.0,8676
Energy_Client_SK,ProduktLaunch26_Programmatic,IO_ProduktLaunch26_Display,LI_Native_Prospecting,20260817,Tablet,Bratislavský kraj,3941,31,0.79%,14.23,,2961
Energy_Client_SK,ProduktLaunch26_Programmatic,IO_ProduktLaunch26_Video,LI_Video_Retarget,20261003,Desktop,Ostatné SR,8366,75,0.89%,26.98,,6640
Energy_Client_SK,ProduktLaunch26_Programmatic,IO_ProduktLaunch26_Display,LI_Native_Prospecting,20260815,Tablet,Bratislavský kraj,7778,37,0.48%,17.55,0.0,4420
Energy_Client_SK,ProduktLaunch26_Programmatic,IO_ProduktLaunch26_Display,LI_Display_Prospecting,20260818,Tablet,Bratislavský kraj,6480,34,0.52%,12.42,,4127
Energy_Client_SK,ProduktLaunch26_Programmatic,IO_ProduktLaunch26_Display,LI_Display_Retarget,20261007,Tablet,Ostatné SR,5008,17,0.33%,12.83,0.0,3547
Energy_Client_SK,ProduktLaunch26_Programmatic,IO_ProduktLaunch26_Video,LI_Video_Prospecting,20260918,Tablet,Ostatné SR,5016,39,0.78%,19.06,0.0,3109
Energy_Client_SK,ProduktLaunch26_Programmatic,IO_ProduktLaunch26_Display,LI_Display_Prospecting,20261006,Connected TV,Bratislavský kraj,10972,49,0.45%,24.62,0.0,6915
Energy_Client_SK,ProduktLaunch26_Programmatic,IO_ProduktLaunch26_Video,LI_Video_Prospecting,20260928,Mobile,Ostatné SR,17622,158,0.9%,87.53,,12938
Energy_Client_SK,ProduktLaunch26_Programmatic,IO_ProduktLaunch26_Video,LI_Video_Retarget,20261010,Connected TV,Bratislavský kraj,9519,58,0.61%,35.24,0.0,5285
Energy_Client_SK,ProduktLaunch26_Programmatic,IO_ProduktLaunch26_Video,LI_Video_Retarget,20260907,Tablet,Košický kraj,4919,43,0.88%,17.69,0.0,3375
Energy_Client_SK,ProduktLaunch26_Programmatic,IO_ProduktLaunch26_Display,LI_Native_Prospecting,20261028,Desktop,Ostatné SR,8899,58,0.65%,29.22,,5549
Energy_Client_SK,ProduktLaunch26_Programmatic,IO_ProduktLaunch26_Display,LI_Display_Prospecting,20260816,Connected TV,Ostatné SR,9687,52,0.54%,30.62,0.0,6134
Energy_Client_SK,ProduktLaunch26_Programmatic,IO_ProduktLaunch26_Display,LI_Display_Prospecting,20260906,Connected TV,Bratislavský kraj,11665,52,0.45%,35.28,0.0,8179
Energy_Client_SK,ProduktLaunch26_Programmatic,IO_ProduktLaunch26_Display,LI_Native_Prospecting,20260821,Desktop,Košický kraj,6548,49,0.75%,22.59,,4926
Energy_Client_SK,ProduktLaunch26_Programmatic,IO_ProduktLaunch26_Video,LI_Audio_Awareness,20261003,Desktop,Ostatné SR,12078,46,0.38%,26.44,,7258
Energy_Client_SK,ProduktLaunch26_Programmatic,IO_ProduktLaunch26_Display,LI_Native_Prospecting,20261017,Tablet,Bratislavský kraj,7745,33,0.43%,25.38,0.0,4558
Energy_Client_SK,ProduktLaunch26_Programmatic,IO_ProduktLaunch26_Video,LI_Audio_Awareness,20260910,Tablet,Bratislavský kraj,3957,10,0.26%,7.09,,2328
Energy_Client_SK,ProduktLaunch26_Programmatic,IO_ProduktLaunch26_Video,LI_Video_Prospecting,20260910,Desktop,Košický kraj,15118,125,0.83%,46.89,0.0,9294
Energy_Client_SK,ProduktLaunch26_Programmatic,IO_ProduktLaunch26_Video,LI_Audio_Awareness,20261006,Desktop,Košický kraj,7572,21,0.28%,12.16,,4254
Energy_Client_SK,ProduktLaunch26_Programmatic,IO_ProduktLaunch26_Video,LI_Video_Prospecting,20260901,Desktop,Ostatné SR,12689,83,0.65%,40.51,0.0,10134
Energy_Client_SK,ProduktLaunch26_Programmatic,IO_ProduktLaunch26_Display,LI_Native_Prospecting,20261028,Connected TV,Ostatné SR,7886,40,0.51%,18.25,0.0,5034
Energy_Client_SK,ProduktLaunch26_Programmatic,IO_ProduktLaunch26_Video,LI_Video_Retarget,20261006,Mobile,Košický kraj,10117,72,0.71%,51.81,,7597
Energy_Client_SK,ProduktLaunch26_Programmatic,IO_ProduktLaunch26_Video,LI_Video_Retarget,20260831,Desktop,Košický kraj,7213,42,0.58%,27.54,0.0,4164
Energy_Client_SK,ProduktLaunch26_Programmatic,IO_ProduktLaunch26_Video,LI_Video_Prospecting,20261025,Connected TV,Košický kraj,8653,77,0.89%,27.94,,6611
Energy_Client_SK,ProduktLaunch26_Programmatic,IO_ProduktLaunch26_Video,LI_Video_Retarget,20261027,Connected TV,Bratislavský kraj,8270,82,0.99%,39.59,0.0,5140
Energy_Client_SK,ProduktLaunch26_Programmatic,IO_ProduktLaunch26_Video,LI_Video_Prospecting,20260816,Connected TV,Ostatné SR,6179,36,0.59%,30.14,,3419
Energy_Client_SK,ProduktLaunch26_Programmatic,IO_ProduktLaunch26_Display,LI_Display_Prospecting,20261011,Mobile,Košický kraj,13197,48,0.36%,38.34,0.0,9177
Energy_Client_SK,ProduktLaunch26_Programmatic,IO_ProduktLaunch26_Video,LI_Video_Retarget,20260815,Tablet,Ostatné SR,7707,59,0.77%,28.25,,6109
Energy_Client_SK,ProduktLaunch26_Programmatic,IO_ProduktLaunch26_Video,LI_Audio_Awareness,20260903,Tablet,Ostatné SR,4485,14,0.31%,7.82,,2687
Energy_Client_SK,ProduktLaunch26_Programmatic,IO_ProduktLaunch26_Display,LI_Display_Retarget,20260914,Tablet,Košický kraj,3669,22,0.61%,8.09,0.0,2449
Energy_Client_SK,ProduktLaunch26_Programmatic,IO_ProduktLaunch26_Display,LI_Native_Prospecting,20261003,Connected TV,Ostatné SR,4260,27,0.62%,11.95,,2577
Energy_Client_SK,ProduktLaunch26_Programmatic,IO_ProduktLaunch26_Display,LI_Display_Prospecting,20260902,Connected TV,Ostatné SR,6484,17,0.26%,13.62,,3963
Energy_Client_SK,ProduktLaunch26_Programmatic,IO_ProduktLaunch26_Video,LI_Video_Retarget,20260906,Connected TV,Košický kraj,7872,81,1.04%,39.37,,5323
Energy_Client_SK,ProduktLaunch26_Programmatic,IO_ProduktLaunch26_Video,LI_Video_Prospecting,20260926,Mobile,Košický kraj,10463,70,0.67%,32.62,,6877
Energy_Client_SK,ProduktLaunch26_Programmatic,IO_ProduktLaunch26_Video,LI_Video_Prospecting,20260925,Mobile,Ostatné SR,15851,71,0.45%,63.15,0.0,8742
Energy_Client_SK,ProduktLaunch26_Programmatic,IO_ProduktLaunch26_Video,LI_Video_Retarget,20261007,Connected TV,Ostatné SR,9711,55,0.57%,38.64,,7689
Energy_Client_SK,ProduktLaunch26_Programmatic,IO_ProduktLaunch26_Display,LI_Display_Prospecting,20260908,Mobile,Ostatné SR,16913,85,0.5%,41.87,,9968
Energy_Client_SK,ProduktLaunch26_Programmatic,IO_ProduktLaunch26_Display,LI_Display_Prospecting,20260905,Tablet,Bratislavský kraj,6356,17,0.26%,14.29,0.0,4801
Energy_Client_SK,ProduktLaunch26_Programmatic,IO_ProduktLaunch26_Display,LI_Display_Retarget,20260908,Tablet,Košický kraj,5366,35,0.65%,17.26,0.0,3853
Energy_Client_SK,ProduktLaunch26_Programmatic,IO_ProduktLaunch26_Display,LI_Display_Prospecting,20261004,Mobile,Bratislavský kraj,20208,67,0.33%,58.83,,13098
Energy_Client_SK,ProduktLaunch26_Programmatic,IO_ProduktLaunch26_Display,LI_Display_Prospecting,20261027,Tablet,Bratislavský kraj,5730,31,0.54%,12.15,0.0,3271
Energy_Client_SK,ProduktLaunch26_Programmatic,IO_ProduktLaunch26_Video,LI_Video_Retarget,20260904,Connected TV,Košický kraj,8838,96,1.09%,32.29,,6326
Energy_Client_SK,ProduktLaunch26_Programmatic,IO_ProduktLaunch26_Video,LI_Audio_Awareness,20260906,Connected TV,Ostatné SR,6614,29,0.43%,13.96,0.0,3733
Energy_Client_SK,ProduktLaunch26_Programmatic,IO_ProduktLaunch26_Video,LI_Video_Prospecting,20260903,Mobile,Bratislavský kraj,22144,118,0.53%,101.23,,17543
Energy_Client_SK,ProduktLaunch26_Programmatic,IO_ProduktLaunch26_Display,LI_Display_Prospecting,20261014,Mobile,Ostatné SR,15554,84,0.54%,48.42,,11464
Energy_Client_SK,ProduktLaunch26_Programmatic,IO_ProduktLaunch26_Video,LI_Video_Retarget,20260824,Tablet,Ostatné SR,6009,64,1.06%,23.48,0.0,4704
Energy_Client_SK,ProduktLaunch26_Programmatic,IO_ProduktLaunch26_Display,LI_Native_Prospecting,20260919,Desktop,Košický kraj,4588,28,0.62%,16.93,0.0,3567
Energy_Client_SK,ProduktLaunch26_Programmatic,IO_ProduktLaunch26_Display,LI_Display_Prospecting,20261017,Connected TV,Košický kraj,5506,32,0.58%,13.5,,3035
Energy_Client_SK,ProduktLaunch26_Programmatic,IO_ProduktLaunch26_Display,LI_Display_Retarget,20260917,Connected TV,Ostatné SR,5999,40,0.67%,16.41,,3744
Energy_Client_SK,ProduktLaunch26_Programmatic,IO_ProduktLaunch26_Display,LI_Native_Prospecting,20260929,Connected TV,Košický kraj,3744,15,0.41%,13.4,0.0,2962
Energy_Client_SK,ProduktLaunch26_Programmatic,IO_ProduktLaunch26_Video,LI_Video_Prospecting,20260818,Connected TV,Košický kraj,9832,43,0.43%,45.3,,7167
Energy_Client_SK,ProduktLaunch26_Programmatic,IO_ProduktLaunch26_Video,LI_Video_Retarget,20260924,Connected TV,Košický kraj,5859,42,0.71%,23.89,,4445
Energy_Client_SK,ProduktLaunch26_Programmatic,IO_ProduktLaunch26_Display,LI_Display_Retarget,20261021,Tablet,Bratislavský kraj,5398,23,0.42%,17.39,0.0,4230
Energy_Client_SK,ProduktLaunch26_Programmatic,IO_ProduktLaunch26_Video,LI_Video_Prospecting,20260903,Tablet,Ostatné SR,5383,25,0.46%,17.05,0.0,3593
Energy_Client_SK,ProduktLaunch26_Programmatic,IO_ProduktLaunch26_Display,LI_Display_Prospecting,20261027,Connected TV,Ostatné SR,6658,37,0.55%,18.69,0.0,4148
Energy_Client_SK,ProduktLaunch26_Programmatic,IO_ProduktLaunch26_Display,LI_Native_Prospecting,20261006,Desktop,Bratislavský kraj,7927,62,0.79%,26.19,,4890
Energy_Client_SK,ProduktLaunch26_Programmatic,IO_ProduktLaunch26_Video,LI_Audio_Awareness,20261023,Connected TV,Bratislavský kraj,5769,13,0.22%,12.84,,4133
Energy_Client_SK,ProduktLaunch26_Programmatic,IO_ProduktLaunch26_Video,LI_Video_Prospecting,20260923,Connected TV,Bratislavský kraj,14706,92,0.63%,48.28,,10188
Energy_Client_SK,ProduktLaunch26_Programmatic,IO_ProduktLaunch26_Display,LI_Display_Prospecting,20260919,Desktop,Košický kraj,9720,42,0.43%,25.98,,6360
Energy_Client_SK,ProduktLaunch26_Programmatic,IO_ProduktLaunch26_Video,LI_Video_Retarget,20261019,Desktop,Ostatné SR,11424,109,0.95%,53.49,,8833
Energy_Client_SK,ProduktLaunch26_Programmatic,IO_ProduktLaunch26_Video,LI_Video_Prospecting,20260829,Desktop,Ostatné SR,18295,135,0.74%,75.68,0.0,10941
Energy_Client_SK,ProduktLaunch26_Programmatic,IO_ProduktLaunch26_Display,LI_Display_Retarget,20260925,Mobile,Bratislavský kraj,14441,59,0.41%,45.85,0.0,11029
Energy_Client_SK,ProduktLaunch26_Programmatic,IO_ProduktLaunch26_Video,LI_Video_Retarget,20260831,Mobile,Bratislavský kraj,19928,212,1.06%,75.76,,13880
Energy_Client_SK,ProduktLaunch26_Programmatic,IO_ProduktLaunch26_Video,LI_Audio_Awareness,20261011,Tablet,Ostatné SR,5367,23,0.43%,10.2,0.0,2988
Energy_Client_SK,ProduktLaunch26_Programmatic,IO_ProduktLaunch26_Display,LI_Display_Retarget,20261006,Tablet,Ostatné SR,5670,25,0.44%,18.73,,4535
Energy_Client_SK,ProduktLaunch26_Programmatic,IO_ProduktLaunch26_Display,LI_Native_Prospecting,20260914,Tablet,Bratislavský kraj,7305,55,0.76%,24.66,0.0,5089
Energy_Client_SK,ProduktLaunch26_Programmatic,IO_ProduktLaunch26_Video,LI_Video_Retarget,20260927,Connected TV,Bratislavský kraj,14708,100,0.68%,50.48,0.0,9021
Energy_Client_SK,ProduktLaunch26_Programmatic,IO_ProduktLaunch26_Display,LI_Native_Prospecting,20260913,Tablet,Bratislavský kraj,5346,25,0.47%,14.95,0.0,4089
Energy_Client_SK,ProduktLaunch26_Programmatic,IO_ProduktLaunch26_Video,LI_Video_Retarget,20260823,Mobile,Bratislavský kraj,19439,213,1.09%,80.75,,12116
Energy_Client_SK,ProduktLaunch26_Programmatic,IO_ProduktLaunch26_Display,LI_Display_Prospecting,20261002,Connected TV,Ostatné SR,6978,18,0.26%,12.69,,5346
Energy_Client_SK,ProduktLaunch26_Programmatic,IO_ProduktLaunch26_Video,LI_Video_Prospecting,20260930,Mobile,Bratislavský kraj,17560,72,0.41%,56.77,0.0,11710
Energy_Client_SK,ProduktLaunch26_Programmatic,IO_ProduktLaunch26_Display,LI_Display_Prospecting,20261006,Mobile,Košický kraj,10895,52,0.48%,32.04,,7257
Energy_Client_SK,ProduktLaunch26_Programmatic,IO_ProduktLaunch26_Video,LI_Video_Retarget,20260903,Tablet,Košický kraj,4350,34,0.78%,20.9,0.0,2981
Energy_Client_SK,ProduktLaunch26_Programmatic,IO_ProduktLaunch26_Display,LI_Display_Prospecting,20260907,Connected TV,Košický kraj,7849,30,0.39%,21.78,0.0,5900
Energy_Client_SK,ProduktLaunch26_Programmatic,IO_ProduktLaunch26_Display,LI_Native_Prospecting,20261014,Mobile,Ostatné SR,13388,107,0.8%,35.96,,9260
Energy_Client_SK,ProduktLaunch26_Programmatic,IO_ProduktLaunch26_Video,LI_Video_Retarget,20260921,Desktop,Bratislavský kraj,14095,124,0.88%,54.31,,9120
Energy_Client_SK,ProduktLaunch26_Programmatic,IO_ProduktLaunch26_Display,LI_Display_Retarget,20260818,Tablet,Bratislavský kraj,8298,50,0.61%,20.41,0.0,5364
Energy_Client_SK,ProduktLaunch26_Programmatic,IO_ProduktLaunch26_Display,LI_Display_Prospecting,20260905,Mobile,Ostatné SR,11335,36,0.32%,25.87,,6362
Energy_Client_SK,ProduktLaunch26_Programmatic,IO_ProduktLaunch26_Video,LI_Video_Retarget,20260818,Mobile,Bratislavský kraj,22837,158,0.69%,103.05,0.0,14542
Energy_Client_SK,ProduktLaunch26_Programmatic,IO_ProduktLaunch26_Video,LI_Video_Retarget,20260901,Connected TV,Ostatné SR,6854,67,0.98%,28.73,,4374
Energy_Client_SK,ProduktLaunch26_Programmatic,IO_ProduktLaunch26_Video,LI_Video_Prospecting,20260829,Tablet,Bratislavský kraj,0,0,0.65%,-180.0,0.0,6400
Energy_Client_SK,ProduktLaunch26_Programmatic,IO_ProduktLaunch26_Video,LI_Video_Retarget,20261024,Connected TV,Ostatné SR,9244,94,1.02%,42.09,0.0,7233
Energy_Client_SK,ProduktLaunch26_Programmatic,IO_ProduktLaunch26_Display,LI_Display_Prospecting,20260926,Mobile,Ostatné SR,14850,43,0.29%,39.93,0.0,10132
Energy_Client_SK,ProduktLaunch26_Programmatic,IO_ProduktLaunch26_Video,LI_Video_Retarget,20260914,Mobile,Ostatné SR,17602,126,0.71%,69.28,0.0,11600
Energy_Client_SK,ProduktLaunch26_Programmatic,IO_ProduktLaunch26_Display,LI_Native_Prospecting,20260902,Desktop,Bratislavský kraj,11161,80,0.72%,25.28,0.0,8814
Energy_Client_SK,ProduktLaunch26_Programmatic,IO_ProduktLaunch26_Display,LI_Display_Retarget,20260926,Connected TV,Košický kraj,7094,33,0.46%,20.51,,4262
Energy_Client_SK,ProduktLaunch26_Programmatic,IO_ProduktLaunch26_Video,LI_Video_Prospecting,20260912,Desktop,Bratislavský kraj,22964,186,0.81%,88.08,,15621
Energy_Client_SK,ProduktLaunch26_Programmatic,IO_ProduktLaunch26_Video,LI_Video_Prospecting,20260925,Mobile,Bratislavský kraj,27224,170,0.62%,82.52,0.0,18046
Energy_Client_SK,ProduktLaunch26_Programmatic,IO_ProduktLaunch26_Video,LI_Video_Retarget,20261001,Connected TV,Ostatné SR,8510,62,0.72%,43.3,,6338
Energy_Client_SK,ProduktLaunch26_Programmatic,IO_ProduktLaunch26_Display,LI_Native_Prospecting,20261012,Connected TV,Košický kraj,4940,29,0.58%,17.9,0.0,3485
Energy_Client_SK,ProduktLaunch26_Programmatic,IO_ProduktLaunch26_Video,LI_Video_Retarget,20261022,Connected TV,Košický kraj,8205,76,0.93%,42.86,,6003
Energy_Client_SK,ProduktLaunch26_Programmatic,IO_ProduktLaunch26_Video,LI_Video_Prospecting,20261007,Tablet,Bratislavský kraj,6348,46,0.72%,30.21,0.0,4129
Energy_Client_SK,ProduktLaunch26_Programmatic,IO_ProduktLaunch26_Video,LI_Video_Prospecting,20260830,Desktop,Bratislavský kraj,24998,120,0.48%,109.41,,17429
Energy_Client_SK,ProduktLaunch26_Programmatic,IO_ProduktLaunch26_Video,LI_Video_Retarget,20261019,Mobile,Ostatné SR,8841,61,0.69%,31.61,,6183
Energy_Client_SK,ProduktLaunch26_Programmatic,IO_ProduktLaunch26_Video,LI_Video_Prospecting,20260925,Tablet,Ostatné SR,4825,22,0.45%,14.93,,3370
Energy_Client_SK,ProduktLaunch26_Programmatic,IO_ProduktLaunch26_Video,LI_Audio_Awareness,20260925,Desktop,Košický kraj,5559,24,0.43%,13.17,,3884
Energy_Client_SK,ProduktLaunch26_Programmatic,IO_ProduktLaunch26_Video,LI_Video_Retarget,20260910,Desktop,Košický kraj,11862,69,0.58%,53.13,0.0,8544
Energy_Client_SK,ProduktLaunch26_Programmatic,IO_ProduktLaunch26_Display,LI_Display_Prospecting,20260925,Tablet,Košický kraj,4192,24,0.58%,8.01,,2386
Energy_Client_SK,ProduktLaunch26_Programmatic,IO_ProduktLaunch26_Display,LI_Display_Retarget,20260918,Tablet,Bratislavský kraj,8774,61,0.69%,28.82,,6998
Energy_Client_SK,ProduktLaunch26_Programmatic,IO_ProduktLaunch26_Video,LI_Video_Retarget,20260829,Desktop,Ostatné SR,8230,49,0.6%,27.69,,6268
Energy_Client_SK,ProduktLaunch26_Programmatic,IO_ProduktLaunch26_Display,LI_Display_Prospecting,20261011,Desktop,Bratislavský kraj,14032,36,0.26%,27.18,0.0,8689
Energy_Client_SK,ProduktLaunch26_Programmatic,IO_ProduktLaunch26_Display,LI_Native_Prospecting,20260917,Connected TV,Bratislavský kraj,10215,52,0.51%,23.99,,7016
Energy_Client_SK,ProduktLaunch26_Programmatic,IO_ProduktLaunch26_Display,LI_Display_Prospecting,20261010,Mobile,Košický kraj,7999,39,0.48%,20.59,,4542
Energy_Client_SK,ProduktLaunch26_Programmatic,IO_ProduktLaunch26_Video,LI_Audio_Awareness,20260928,Mobile,Košický kraj,11265,52,0.46%,29.19,0.0,8398
Energy_Client_SK,ProduktLaunch26_Programmatic,IO_ProduktLaunch26_Display,LI_Display_Retarget,20260821,Connected TV,Košický kraj,5544,23,0.42%,14.74,,4373
Energy_Client_SK,ProduktLaunch26_Programmatic,IO_ProduktLaunch26_Display,LI_Display_Retarget,20260816,Mobile,Košický kraj,10159,49,0.48%,26.96,,7828
Energy_Client_SK,ProduktLaunch26_Programmatic,IO_ProduktLaunch26_Video,LI_Audio_Awareness,20260917,Connected TV,Ostatné SR,8154,24,0.29%,20.14,,6299
Energy_Client_SK,ProduktLaunch26_Programmatic,IO_ProduktLaunch26_Display,LI_Display_Prospecting,20261008,Desktop,Košický kraj,7047,27,0.38%,17.73,,5055
Energy_Client_SK,ProduktLaunch26_Programmatic,IO_ProduktLaunch26_Video,LI_Video_Prospecting,20260821,Desktop,Košický kraj,12832,111,0.86%,40.86,,7980
Energy_Client_SK,ProduktLaunch26_Programmatic,IO_ProduktLaunch26_Display,LI_Display_Retarget,20261003,Connected TV,Ostatné SR,6402,21,0.32%,14.57,,4492
Energy_Client_SK,ProduktLaunch26_Programmatic,IO_ProduktLaunch26_Display,LI_Display_Prospecting,20261013,Connected TV,Ostatné SR,7788,41,0.52%,22.88,,5729
Energy_Client_SK,ProduktLaunch26_Programmatic,IO_ProduktLaunch26_Video,LI_Video_Prospecting,20260927,Mobile,Košický kraj,11353,71,0.63%,46.99,,7810
Energy_Client_SK,ProduktLaunch26_Programmatic,IO_ProduktLaunch26_Video,LI_Video_Retarget,20261003,Desktop,Bratislavský kraj,11473,85,0.74%,44.09,,7469
Energy_Client_SK,ProduktLaunch26_Programmatic,IO_ProduktLaunch26_Display,LI_Display_Retarget,20261016,Desktop,Bratislavský kraj,15272,78,0.51%,52.78,0.0,10452
Energy_Client_SK,ProduktLaunch26_Programmatic,IO_ProduktLaunch26_Display,LI_Display_Retarget,20260901,Tablet,Ostatné SR,4289,16,0.37%,13.15,,2608
Energy_Client_SK,ProduktLaunch26_Programmatic,IO_ProduktLaunch26_Display,LI_Display_Retarget,20260827,Connected TV,Bratislavský kraj,8918,42,0.47%,22.98,0.0,7007
Energy_Client_SK,ProduktLaunch26_Programmatic,IO_ProduktLaunch26_Display,LI_Native_Prospecting,20261024,Connected TV,Ostatné SR,3478,25,0.71%,11.9,0.0,2675
Energy_Client_SK,ProduktLaunch26_Programmatic,IO_ProduktLaunch26_Display,LI_Native_Prospecting,20260825,Connected TV,Košický kraj,5167,33,0.63%,15.14,,3767
Energy_Client_SK,ProduktLaunch26_Programmatic,IO_ProduktLaunch26_Display,LI_Native_Prospecting,20261007,Desktop,Ostatné SR,9874,63,0.64%,27.56,0.0,6897
Energy_Client_SK,ProduktLaunch26_Programmatic,IO_ProduktLaunch26_Video,LI_Video_Prospecting,20260824,Desktop,Košický kraj,10280,42,0.41%,45.51,0.0,7337
Energy_Client_SK,ProduktLaunch26_Programmatic,IO_ProduktLaunch26_Video,LI_Audio_Awareness,20260823,Mobile,Ostatné SR,8212,22,0.27%,14.94,,4900
Energy_Client_SK,ProduktLaunch26_Programmatic,IO_ProduktLaunch26_Display,LI_Display_Prospecting,20260920,Mobile,Košický kraj,6428,24,0.38%,14.52,,5024
Energy_Client_SK,ProduktLaunch26_Programmatic,IO_ProduktLaunch26_Display,LI_Display_Prospecting,20261013,Mobile,Bratislavský kraj,14886,60,0.4%,46.5,0.0,10173
Energy_Client_SK,ProduktLaunch26_Programmatic,IO_ProduktLaunch26_Display,LI_Native_Prospecting,20260818,Tablet,Ostatné SR,5727,26,0.45%,21.59,,3973
Energy_Client_SK,ProduktLaunch26_Programmatic,IO_ProduktLaunch26_Display,LI_Display_Prospecting,20260922,Desktop,Ostatné SR,12950,73,0.56%,28.69,,8560
Energy_Client_SK,ProduktLaunch26_Programmatic,IO_ProduktLaunch26_Display,LI_Display_Retarget,20260818,Connected TV,Ostatné SR,5160,33,0.64%,16.86,0.0,3743
Energy_Client_SK,ProduktLaunch26_Programmatic,IO_ProduktLaunch26_Display,LI_Native_Prospecting,20260916,Connected TV,Bratislavský kraj,7639,45,0.59%,20.28,0.0,5438
Energy_Client_SK,ProduktLaunch26_Programmatic,IO_ProduktLaunch26_Display,LI_Native_Prospecting,20260929,Mobile,Bratislavský kraj,11715,69,0.59%,36.51,0.0,6980
Energy_Client_SK,ProduktLaunch26_Programmatic,IO_ProduktLaunch26_Video,LI_Audio_Awareness,20261001,Connected TV,Bratislavský kraj,9212,32,0.34%,14.29,0.0,6169
Energy_Client_SK,ProduktLaunch26_Programmatic,IO_ProduktLaunch26_Video,LI_Video_Retarget,20260915,Tablet,Ostatné SR,6290,59,0.93%,27.44,,3771
Energy_Client_SK,ProduktLaunch26_Programmatic,IO_ProduktLaunch26_Display,LI_Display_Retarget,20261002,Tablet,Bratislavský kraj,6547,27,0.42%,15.86,0.0,4582
Energy_Client_SK,ProduktLaunch26_Programmatic,IO_ProduktLaunch26_Video,LI_Audio_Awareness,20260915,Desktop,Košický kraj,9973,39,0.39%,15.68,,6144
Energy_Client_SK,ProduktLaunch26_Programmatic,IO_ProduktLaunch26_Display,LI_Native_Prospecting,20260918,Tablet,Košický kraj,3799,17,0.44%,8.5,,2104
Energy_Client_SK,ProduktLaunch26_Programmatic,IO_ProduktLaunch26_Display,LI_Display_Retarget,20260919,Tablet,Ostatné SR,6430,21,0.33%,17.81,,4386
Energy_Client_SK,ProduktLaunch26_Programmatic,IO_ProduktLaunch26_Display,LI_Native_Prospecting,20261002,Tablet,Bratislavský kraj,8049,59,0.73%,21.11,0.0,5178
Energy_Client_SK,ProduktLaunch26_Programmatic,IO_ProduktLaunch26_Video,LI_Video_Retarget,20260830,Mobile,Košický kraj,15645,107,0.68%,73.94,,8914
Energy_Client_SK,ProduktLaunch26_Programmatic,IO_ProduktLaunch26_Video,LI_Audio_Awareness,20260829,Desktop,Bratislavský kraj,8829,34,0.39%,20.2,,5662
Energy_Client_SK,ProduktLaunch26_Programmatic,IO_ProduktLaunch26_Display,LI_Display_Prospecting,20260815,Mobile,Košický kraj,12172,68,0.56%,23.43,,7502
Energy_Client_SK,ProduktLaunch26_Programmatic,IO_ProduktLaunch26_Video,LI_Video_Retarget,20261015,Tablet,Ostatné SR,5115,35,0.69%,17.73,0.0,3544
Energy_Client_SK,ProduktLaunch26_Programmatic,IO_ProduktLaunch26_Video,LI_Audio_Awareness,20261009,Tablet,Ostatné SR,5756,14,0.25%,8.77,,3869
Energy_Client_SK,ProduktLaunch26_Programmatic,IO_ProduktLaunch26_Video,LI_Audio_Awareness,20260910,Connected TV,Bratislavský kraj,9622,39,0.41%,22.56,0.0,6457
Energy_Client_SK,ProduktLaunch26_Programmatic,IO_ProduktLaunch26_Display,LI_Display_Retarget,20261022,Tablet,Košický kraj,2974,14,0.47%,9.84,,2191
Energy_Client_SK,ProduktLaunch26_Programmatic,IO_ProduktLaunch26_Display,LI_Native_Prospecting,20260905,Desktop,Ostatné SR,5600,31,0.56%,12.57,,3548
Energy_Client_SK,ProduktLaunch26_Programmatic,IO_ProduktLaunch26_Video,LI_Audio_Awareness,20260920,Desktop,Košický kraj,7005,24,0.35%,17.18,0.0,4468
Energy_Client_SK,ProduktLaunch26_Programmatic,IO_ProduktLaunch26_Video,LI_Video_Prospecting,20260929,Tablet,Košický kraj,7125,45,0.63%,23.16,,3962
Energy_Client_SK,ProduktLaunch26_Programmatic,IO_ProduktLaunch26_Video,LI_Audio_Awareness,20260820,Tablet,Košický kraj,4632,18,0.39%,11.34,0.0,3022
Energy_Client_SK,ProduktLaunch26_Programmatic,IO_ProduktLaunch26_Display,LI_Native_Prospecting,20260919,Connected TV,Bratislavský kraj,4603,35,0.75%,11.36,,3440
Energy_Client_SK,ProduktLaunch26_Programmatic,IO_ProduktLaunch26_Display,LI_Display_Retarget,20260926,Tablet,Bratislavský kraj,8087,37,0.46%,22.99,,6171
Energy_Client_SK,ProduktLaunch26_Programmatic,IO_ProduktLaunch26_Video,LI_Video_Retarget,20261002,Connected TV,Bratislavský kraj,11258,103,0.92%,59.12,0.0,8498
Energy_Client_SK,ProduktLaunch26_Programmatic,IO_ProduktLaunch26_Video,LI_Audio_Awareness,20261011,Tablet,Bratislavský kraj,7719,33,0.43%,18.83,0.0,5788
Energy_Client_SK,ProduktLaunch26_Programmatic,IO_ProduktLaunch26_Video,LI_Audio_Awareness,20260911,Connected TV,Bratislavský kraj,9901,24,0.24%,21.37,,6575
Energy_Client_SK,ProduktLaunch26_Programmatic,IO_ProduktLaunch26_Display,LI_Native_Prospecting,20260908,Desktop,Bratislavský kraj,7424,43,0.58%,20.05,0.0,4931
Energy_Client_SK,ProduktLaunch26_Programmatic,IO_ProduktLaunch26_Display,LI_Display_Retarget,20261015,Tablet,Ostatné SR,5338,20,0.37%,11.03,,3201
Energy_Client_SK,ProduktLaunch26_Programmatic,IO_ProduktLaunch26_Display,LI_Native_Prospecting,20260916,Mobile,Bratislavský kraj,18788,109,0.58%,61.1,0.0,13949
Energy_Client_SK,ProduktLaunch26_Programmatic,IO_ProduktLaunch26_Display,LI_Native_Prospecting,20260822,Connected TV,Ostatné SR,4692,30,0.65%,14.02,,3113
Energy_Client_SK,ProduktLaunch26_Programmatic,IO_ProduktLaunch26_Video,LI_Video_Retarget,20260822,Tablet,Bratislavský kraj,9505,51,0.54%,31.75,0.0,7549
Energy_Client_SK,ProduktLaunch26_Programmatic,IO_ProduktLaunch26_Display,LI_Display_Prospecting,20260928,Tablet,Ostatné SR,4270,11,0.25%,12.76,0.0,3293
Energy_Client_SK,ProduktLaunch26_Programmatic,IO_ProduktLaunch26_Display,LI_Display_Prospecting,20260916,Connected TV,Košický kraj,7207,32,0.45%,17.36,0.0,4315
Energy_Client_SK,ProduktLaunch26_Programmatic,IO_ProduktLaunch26_Display,LI_Display_Retarget,20260920,Connected TV,Košický kraj,3494,17,0.49%,10.37,,2618
Energy_Client_SK,ProduktLaunch26_Programmatic,IO_ProduktLaunch26_Video,LI_Audio_Awareness,20260904,Tablet,Bratislavský kraj,8362,31,0.37%,13.88,,5496
Energy_Client_SK,ProduktLaunch26_Programmatic,IO_ProduktLaunch26_Video,LI_Audio_Awareness,20260920,Mobile,Ostatné SR,6221,17,0.27%,9.33,0.0,3976
Energy_Client_SK,ProduktLaunch26_Programmatic,IO_ProduktLaunch26_Display,LI_Native_Prospecting,20261008,Desktop,Košický kraj,5641,36,0.64%,19.17,0.0,4297
Energy_Client_SK,ProduktLaunch26_Programmatic,IO_ProduktLaunch26_Display,LI_Display_Prospecting,20260905,Tablet,Košický kraj,3693,15,0.4%,9.49,,2847
Energy_Client_SK,ProduktLaunch26_Programmatic,IO_ProduktLaunch26_Display,LI_Display_Prospecting,20260826,Connected TV,Košický kraj,7121,29,0.41%,15.09,0.0,4156
Energy_Client_SK,ProduktLaunch26_Programmatic,IO_ProduktLaunch26_Display,LI_Native_Prospecting,20260916,Tablet,Košický kraj,4269,20,0.46%,9.54,,2834
Energy_Client_SK,ProduktLaunch26_Programmatic,IO_ProduktLaunch26_Video,LI_Video_Retarget,20260908,Connected TV,Ostatné SR,6844,50,0.73%,34.65,0.0,4669
Energy_Client_SK,ProduktLaunch26_Programmatic,IO_ProduktLaunch26_Video,LI_Video_Retarget,20260914,Desktop,Ostatné SR,9676,62,0.64%,33.57,,5765
Energy_Client_SK,ProduktLaunch26_Programmatic,IO_ProduktLaunch26_Video,LI_Video_Prospecting,20261004,Desktop,Košický kraj,9324,64,0.69%,30.14,0.0,7391
Energy_Client_SK,ProduktLaunch26_Programmatic,IO_ProduktLaunch26_Display,LI_Native_Prospecting,20261025,Tablet,Ostatné SR,2960,16,0.54%,8.43,,1917
Energy_Client_SK,ProduktLaunch26_Programmatic,IO_ProduktLaunch26_Display,LI_Display_Prospecting,20261023,Mobile,Košický kraj,13096,77,0.59%,30.34,,10336
Energy_Client_SK,ProduktLaunch26_Programmatic,IO_ProduktLaunch26_Display,LI_Native_Prospecting,20261020,Tablet,Bratislavský kraj,4452,35,0.79%,10.11,0.0,3421
Energy_Client_SK,ProduktLaunch26_Programmatic,IO_ProduktLaunch26_Video,LI_Video_Retarget,20261002,Mobile,Košický kraj,12411,112,0.9%,50.52,,7484
Energy_Client_SK,ProduktLaunch26_Programmatic,IO_ProduktLaunch26_Display,LI_Display_Prospecting,20260816,Desktop,Košický kraj,11994,66,0.55%,24.28,0.0,7812
Energy_Client_SK,ProduktLaunch26_Programmatic,IO_ProduktLaunch26_Video,LI_Audio_Awareness,20261006,Mobile,Košický kraj,9305,27,0.29%,16.0,0.0,6928
Energy_Client_SK,ProduktLaunch26_Programmatic,IO_ProduktLaunch26_Display,LI_Native_Prospecting,20261016,Mobile,Ostatné SR,13105,80,0.61%,31.67,,7341
Energy_Client_SK,ProduktLaunch26_Programmatic,IO_ProduktLaunch26_Video,LI_Video_Retarget,20260929,Desktop,Košický kraj,7352,73,1.0%,33.78,0.0,5302
Energy_Client_SK,ProduktLaunch26_Programmatic,IO_ProduktLaunch26_Video,LI_Video_Prospecting,20261014,Mobile,Ostatné SR,18894,161,0.85%,77.55,,13589
Energy_Client_SK,ProduktLaunch26_Programmatic,IO_ProduktLaunch26_Video,LI_Video_Prospecting,20260824,Tablet,Košický kraj,4062,23,0.55%,13.14,,2965
Energy_Client_SK,ProduktLaunch26_Programmatic,IO_ProduktLaunch26_Display,LI_Display_Retarget,20260818,Mobile,Ostatné SR,15718,101,0.64%,33.2,0.0,12376
Energy_Client_SK,ProduktLaunch26_Programmatic,IO_ProduktLaunch26_Display,LI_Display_Prospecting,20260824,Tablet,Košický kraj,4625,18,0.38%,14.71,0.0,3083
Energy_Client_SK,ProduktLaunch26_Programmatic,IO_ProduktLaunch26_Video,LI_Video_Retarget,20261005,Mobile,Bratislavský kraj,26029,200,0.77%,119.05,,18760
Energy_Client_SK,ProduktLaunch26_Programmatic,IO_ProduktLaunch26_Display,LI_Native_Prospecting,20260831,Tablet,Bratislavský kraj,4915,36,0.73%,12.58,,2793
Energy_Client_SK,ProduktLaunch26_Programmatic,IO_ProduktLaunch26_Video,LI_Audio_Awareness,20260926,Mobile,Ostatné SR,10710,50,0.46%,16.28,,8331
Energy_Client_SK,ProduktLaunch26_Programmatic,IO_ProduktLaunch26_Display,LI_Native_Prospecting,20260819,Mobile,Bratislavský kraj,11587,88,0.76%,27.09,0.0,7915
Energy_Client_SK,ProduktLaunch26_Programmatic,IO_ProduktLaunch26_Display,LI_Display_Prospecting,20261001,Connected TV,Bratislavský kraj,7870,43,0.55%,20.51,0.0,4539
Energy_Client_SK,ProduktLaunch26_Programmatic,IO_ProduktLaunch26_Video,LI_Video_Retarget,20260903,Tablet,Bratislavský kraj,8881,48,0.54%,41.37,0.0,5624
Energy_Client_SK,ProduktLaunch26_Programmatic,IO_ProduktLaunch26_Display,LI_Native_Prospecting,20260816,Tablet,Bratislavský kraj,7042,35,0.49%,24.71,0.0,4406
Energy_Client_SK,ProduktLaunch26_Programmatic,IO_ProduktLaunch26_Video,LI_Video_Retarget,20261013,Mobile,Bratislavský kraj,24836,159,0.64%,95.96,,17748
Energy_Client_SK,ProduktLaunch26_Programmatic,IO_ProduktLaunch26_Video,LI_Video_Prospecting,20260902,Mobile,Bratislavský kraj,26951,147,0.55%,123.7,0.0,20234
Energy_Client_SK,ProduktLaunch26_Programmatic,IO_ProduktLaunch26_Video,LI_Video_Retarget,20261013,Connected TV,Košický kraj,7359,75,1.01%,24.53,0.0,4413
Energy_Client_SK,ProduktLaunch26_Programmatic,IO_ProduktLaunch26_Display,LI_Display_Retarget,20260820,Mobile,Košický kraj,6226,29,0.46%,19.84,0.0,3870
Energy_Client_SK,ProduktLaunch26_Programmatic,IO_ProduktLaunch26_Video,LI_Video_Prospecting,20260922,Mobile,Košický kraj,13765,97,0.7%,46.76,,8355
Energy_Client_SK,ProduktLaunch26_Programmatic,IO_ProduktLaunch26_Display,LI_Display_Prospecting,20260815,Desktop,Bratislavský kraj,14086,57,0.41%,26.24,,10634
Energy_Client_SK,ProduktLaunch26_Programmatic,IO_ProduktLaunch26_Display,LI_Display_Prospecting,20261024,Tablet,Ostatné SR,6252,35,0.56%,17.22,,4040
Energy_Client_SK,ProduktLaunch26_Programmatic,IO_ProduktLaunch26_Display,LI_Display_Retarget,20261028,Tablet,Ostatné SR,5202,31,0.6%,18.1,0.0,3409
Energy_Client_SK,ProduktLaunch26_Programmatic,IO_ProduktLaunch26_Display,LI_Display_Retarget,20260905,Connected TV,Bratislavský kraj,12411,71,0.57%,28.93,,7593
Energy_Client_SK,ProduktLaunch26_Programmatic,IO_ProduktLaunch26_Video,LI_Video_Prospecting,20260911,Connected TV,Košický kraj,7906,67,0.84%,37.32,,4647
Energy_Client_SK,ProduktLaunch26_Programmatic,IO_ProduktLaunch26_Display,LI_Native_Prospecting,20261007,Desktop,Košický kraj,9111,40,0.43%,20.73,,6532
Energy_Client_SK,ProduktLaunch26_Programmatic,IO_ProduktLaunch26_Display,LI_Display_Prospecting,20260914,Connected TV,Ostatné SR,5304,17,0.33%,9.62,0.0,4027
Energy_Client_SK,ProduktLaunch26_Programmatic,IO_ProduktLaunch26_Display,LI_Display_Retarget,20261002,Connected TV,Bratislavský kraj,6237,29,0.47%,15.94,,3912
Energy_Client_SK,ProduktLaunch26_Programmatic,IO_ProduktLaunch26_Display,LI_Display_Retarget,20260819,Desktop,Košický kraj,8773,52,0.59%,28.89,0.0,5677
Energy_Client_SK,ProduktLaunch26_Programmatic,IO_ProduktLaunch26_Video,LI_Audio_Awareness,20261002,Desktop,Bratislavský kraj,10972,26,0.23%,16.51,,6908
Energy_Client_SK,ProduktLaunch26_Programmatic,IO_ProduktLaunch26_Display,LI_Display_Retarget,20260928,Desktop,Ostatné SR,10946,33,0.3%,38.3,,7018
Energy_Client_SK,ProduktLaunch26_Programmatic,IO_ProduktLaunch26_Video,LI_Video_Prospecting,20260905,Desktop,Košický kraj,8702,38,0.44%,27.46,0.0,5654
Energy_Client_SK,ProduktLaunch26_Programmatic,IO_ProduktLaunch26_Video,LI_Video_Retarget,20261022,Mobile,Ostatné SR,11372,123,1.08%,38.53,0.0,9001
Energy_Client_SK,ProduktLaunch26_Programmatic,IO_ProduktLaunch26_Display,LI_Native_Prospecting,20261023,Connected TV,Košický kraj,2965,12,0.4%,9.31,0.0,2149
Energy_Client_SK,ProduktLaunch26_Programmatic,IO_ProduktLaunch26_Video,LI_Video_Prospecting,20260911,Desktop,Košický kraj,13214,92,0.7%,44.46,,8868
Energy_Client_SK,ProduktLaunch26_Programmatic,IO_ProduktLaunch26_Video,LI_Video_Retarget,20260922,Desktop,Košický kraj,12886,71,0.55%,43.97,0.0,7481
Energy_Client_SK,ProduktLaunch26_Programmatic,IO_ProduktLaunch26_Display,LI_Display_Prospecting,20260905,Tablet,Ostatné SR,7028,21,0.31%,20.95,,5238
Energy_Client_SK,ProduktLaunch26_Programmatic,IO_ProduktLaunch26_Video,LI_Video_Retarget,20261014,Desktop,Ostatné SR,10868,115,1.05%,35.32,,7725
Energy_Client_SK,ProduktLaunch26_Programmatic,IO_ProduktLaunch26_Video,LI_Audio_Awareness,20260901,Connected TV,Ostatné SR,5609,23,0.41%,9.19,,4071
Energy_Client_SK,ProduktLaunch26_Programmatic,IO_ProduktLaunch26_Display,LI_Native_Prospecting,20260819,Desktop,Košický kraj,7310,40,0.55%,27.46,0.0,5706
Energy_Client_SK,ProduktLaunch26_Programmatic,IO_ProduktLaunch26_Display,LI_Native_Prospecting,20260927,Tablet,Košický kraj,2223,11,0.48%,6.47,,1400
Energy_Client_SK,ProduktLaunch26_Programmatic,IO_ProduktLaunch26_Display,LI_Display_Retarget,20260910,Mobile,Košický kraj,9289,57,0.61%,29.6,,6688
Energy_Client_SK,ProduktLaunch26_Programmatic,IO_ProduktLaunch26_Display,LI_Native_Prospecting,20261016,Desktop,Bratislavský kraj,13044,93,0.71%,39.36,0.0,9752
Energy_Client_SK,ProduktLaunch26_Programmatic,IO_ProduktLaunch26_Display,LI_Display_Retarget,20260914,Desktop,Bratislavský kraj,12992,65,0.5%,42.88,,7386
Energy_Client_SK,ProduktLaunch26_Programmatic,IO_ProduktLaunch26_Display,LI_Native_Prospecting,20260923,Connected TV,Ostatné SR,6878,46,0.67%,21.45,,3890
Energy_Client_SK,ProduktLaunch26_Programmatic,IO_ProduktLaunch26_Display,LI_Native_Prospecting,20260819,Tablet,Ostatné SR,3225,15,0.45%,7.91,,2382
Energy_Client_SK,ProduktLaunch26_Programmatic,IO_ProduktLaunch26_Video,LI_Video_Prospecting,20260902,Connected TV,Ostatné SR,7656,36,0.47%,23.21,,4780
Energy_Client_SK,ProduktLaunch26_Programmatic,IO_ProduktLaunch26_Video,LI_Video_Prospecting,20261007,Mobile,Bratislavský kraj,16766,138,0.82%,80.24,,12777
Energy_Client_SK,ProduktLaunch26_Programmatic,IO_ProduktLaunch26_Display,LI_Native_Prospecting,20260914,Mobile,Ostatné SR,9712,42,0.44%,27.46,,7570
Energy_Client_SK,ProduktLaunch26_Programmatic,IO_ProduktLaunch26_Display,LI_Native_Prospecting,20260913,Desktop,Bratislavský kraj,12259,72,0.59%,34.96,,6865
Energy_Client_SK,ProduktLaunch26_Programmatic,IO_ProduktLaunch26_Video,LI_Video_Retarget,20260815,Connected TV,Košický kraj,7001,60,0.86%,28.1,0.0,5542
Energy_Client_SK,ProduktLaunch26_Programmatic,IO_ProduktLaunch26_Video,LI_Video_Retarget,20260901,Tablet,Košický kraj,5369,38,0.71%,23.5,,4278
Energy_Client_SK,ProduktLaunch26_Programmatic,IO_ProduktLaunch26_Video,LI_Video_Retarget,20260817,Mobile,Košický kraj,8822,90,1.02%,39.28,0.0,6072
Energy_Client_SK,ProduktLaunch26_Programmatic,IO_ProduktLaunch26_Display,LI_Native_Prospecting,20261023,Desktop,Košický kraj,4320,34,0.78%,10.53,,2813
Energy_Client_SK,ProduktLaunch26_Programmatic,IO_ProduktLaunch26_Display,LI_Display_Retarget,20261012,Desktop,Košický kraj,9371,54,0.58%,25.75,0.0,6029
Energy_Client_SK,ProduktLaunch26_Programmatic,IO_ProduktLaunch26_Video,LI_Video_Retarget,20260914,Tablet,Košický kraj,6015,54,0.89%,30.92,,3529
Energy_Client_SK,ProduktLaunch26_Programmatic,IO_ProduktLaunch26_Video,LI_Video_Retarget,20261009,Desktop,Bratislavský kraj,21756,145,0.67%,86.08,0.0,15548
Energy_Client_SK,ProduktLaunch26_Programmatic,IO_ProduktLaunch26_Video,LI_Audio_Awareness,20260817,Mobile,Ostatné SR,13441,66,0.49%,27.82,,8952
Energy_Client_SK,ProduktLaunch26_Programmatic,IO_ProduktLaunch26_Video,LI_Audio_Awareness,20261027,Desktop,Bratislavský kraj,11417,34,0.3%,22.27,0.0,7681
Energy_Client_SK,ProduktLaunch26_Programmatic,IO_ProduktLaunch26_Display,LI_Native_Prospecting,20260904,Tablet,Košický kraj,2337,12,0.5%,5.25,0.0,1546
Energy_Client_SK,ProduktLaunch26_Programmatic,IO_ProduktLaunch26_Display,LI_Native_Prospecting,20260920,Desktop,Košický kraj,4334,17,0.4%,14.33,,3061
Energy_Client_SK,ProduktLaunch26_Programmatic,IO_ProduktLaunch26_Video,LI_Video_Prospecting,20261005,Desktop,Košický kraj,11368,54,0.47%,45.14,,6433
Energy_Client_SK,ProduktLaunch26_Programmatic,IO_ProduktLaunch26_Video,LI_Video_Retarget,20260923,Tablet,Bratislavský kraj,8830,65,0.74%,35.79,0.0,6589
Energy_Client_SK,ProduktLaunch26_Programmatic,IO_ProduktLaunch26_Display,LI_Display_Retarget,20261025,Desktop,Ostatné SR,11827,69,0.58%,35.63,,9298
Energy_Client_SK,ProduktLaunch26_Programmatic,IO_ProduktLaunch26_Display,LI_Display_Prospecting,20261010,Desktop,Košický kraj,10915,53,0.49%,27.61,,8714
Energy_Client_SK,ProduktLaunch26_Programmatic,IO_ProduktLaunch26_Video,LI_Video_Prospecting,20261022,Tablet,Ostatné SR,8123,36,0.45%,30.11,,4489
Energy_Client_SK,ProduktLaunch26_Programmatic,IO_ProduktLaunch26_Video,LI_Video_Retarget,20261015,Mobile,Košický kraj,14658,161,1.1%,72.23,,10679
Energy_Client_SK,ProduktLaunch26_Programmatic,IO_ProduktLaunch26_Video,LI_Video_Retarget,20260815,Connected TV,Ostatné SR,6900,62,0.9%,27.08,0.0,4359
Energy_Client_SK,ProduktLaunch26_Programmatic,IO_ProduktLaunch26_Display,LI_Display_Retarget,20261018,Connected TV,Košický kraj,4763,31,0.65%,13.54,0.0,2911
Energy_Client_SK,ProduktLaunch26_Programmatic,IO_ProduktLaunch26_Video,LI_Video_Retarget,20260916,Desktop,Ostatné SR,14890,94,0.63%,70.46,,8381
Energy_Client_SK,ProduktLaunch26_Programmatic,IO_ProduktLaunch26_Video,LI_Audio_Awareness,20260919,Mobile,Bratislavský kraj,11967,43,0.36%,25.02,,6897
Energy_Client_SK,ProduktLaunch26_Programmatic,IO_ProduktLaunch26_Display,LI_Display_Retarget,20260922,Mobile,Košický kraj,9572,43,0.45%,29.96,0.0,5795
Energy_Client_SK,ProduktLaunch26_Programmatic,IO_ProduktLaunch26_Video,LI_Video_Prospecting,20260830,Connected TV,Košický kraj,7759,43,0.55%,25.04,,5966
Energy_Client_SK,ProduktLaunch26_Programmatic,IO_ProduktLaunch26_Display,LI_Display_Prospecting,20261017,Tablet,Ostatné SR,6797,30,0.44%,14.88,0.0,5087
Energy_Client_SK,ProduktLaunch26_Programmatic,IO_ProduktLaunch26_Display,LI_Display_Retarget,20261026,Desktop,Košický kraj,10595,67,0.64%,30.98,,8455
Energy_Client_SK,ProduktLaunch26_Programmatic,IO_ProduktLaunch26_Video,LI_Audio_Awareness,20260831,Desktop,Ostatné SR,9306,23,0.25%,14.8,,6752
Energy_Client_SK,ProduktLaunch26_Programmatic,IO_ProduktLaunch26_Video,LI_Video_Prospecting,20260826,Connected TV,Košický kraj,7098,46,0.64%,21.64,,4415
Energy_Client_SK,ProduktLaunch26_Programmatic,IO_ProduktLaunch26_Video,LI_Video_Prospecting,20260906,Connected TV,Bratislavský kraj,8139,47,0.58%,36.51,,6208
Energy_Client_SK,ProduktLaunch26_Programmatic,IO_ProduktLaunch26_Video,LI_Video_Prospecting,20260925,Desktop,Bratislavský kraj,21562,127,0.59%,72.1,0.0,12822
Energy_Client_SK,ProduktLaunch26_Programmatic,IO_ProduktLaunch26_Display,LI_Display_Prospecting,20261013,Mobile,Ostatné SR,13698,52,0.38%,43.55,0.0,9288
Energy_Client_SK,ProduktLaunch26_Programmatic,IO_ProduktLaunch26_Display,LI_Display_Retarget,20261024,Mobile,Košický kraj,6478,30,0.46%,13.28,,4070
Energy_Client_SK,ProduktLaunch26_Programmatic,IO_ProduktLaunch26_Display,LI_Native_Prospecting,20260905,Tablet,Ostatné SR,5260,24,0.45%,17.54,,3267
Energy_Client_SK,ProduktLaunch26_Programmatic,IO_ProduktLaunch26_Video,LI_Video_Retarget,20260923,Connected TV,Ostatné SR,7355,41,0.56%,38.74,,5881
Energy_Client_SK,ProduktLaunch26_Programmatic,IO_ProduktLaunch26_Video,LI_Audio_Awareness,20260818,Tablet,Ostatné SR,4386,16,0.37%,10.25,0.0,3092
Energy_Client_SK,ProduktLaunch26_Programmatic,IO_ProduktLaunch26_Video,LI_Video_Prospecting,20261012,Mobile,Košický kraj,12394,54,0.44%,61.82,0.0,7236
Energy_Client_SK,ProduktLaunch26_Programmatic,IO_ProduktLaunch26_Display,LI_Native_Prospecting,20260915,Mobile,Košický kraj,8991,49,0.55%,30.39,,5415
Energy_Client_SK,ProduktLaunch26_Programmatic,IO_ProduktLaunch26_Video,LI_Audio_Awareness,20260824,Tablet,Bratislavský kraj,4356,9,0.21%,8.03,,3224
Energy_Client_SK,ProduktLaunch26_Programmatic,IO_ProduktLaunch26_Video,LI_Video_Retarget,20260929,Tablet,Košický kraj,4451,27,0.6%,23.11,,2673
Energy_Client_SK,ProduktLaunch26_Programmatic,IO_ProduktLaunch26_Display,LI_Native_Prospecting,20260816,Mobile,Bratislavský kraj,11883,87,0.73%,35.05,,9370
Energy_Client_SK,ProduktLaunch26_Programmatic,IO_ProduktLaunch26_Video,LI_Video_Retarget,20260913,Mobile,Bratislavský kraj,14040,151,1.07%,60.11,,9228
Energy_Client_SK,ProduktLaunch26_Programmatic,IO_ProduktLaunch26_Display,LI_Display_Prospecting,20261018,Mobile,Ostatné SR,12270,62,0.51%,32.73,0.0,8535
Energy_Client_SK,ProduktLaunch26_Programmatic,IO_ProduktLaunch26_Video,LI_Audio_Awareness,20260908,Desktop,Ostatné SR,10421,50,0.48%,23.44,,7113
Energy_Client_SK,ProduktLaunch26_Programmatic,IO_ProduktLaunch26_Display,LI_Display_Prospecting,20261025,Tablet,Bratislavský kraj,8173,23,0.28%,16.4,0.0,5621
Energy_Client_SK,ProduktLaunch26_Programmatic,IO_ProduktLaunch26_Video,LI_Video_Prospecting,20260920,Connected TV,Ostatné SR,9362,74,0.79%,28.4,,6880
Energy_Client_SK,ProduktLaunch26_Programmatic,IO_ProduktLaunch26_Display,LI_Display_Retarget,20260825,Desktop,Ostatné SR,7187,41,0.57%,14.53,,5435
Energy_Client_SK,ProduktLaunch26_Programmatic,IO_ProduktLaunch26_Video,LI_Video_Prospecting,20260909,Desktop,Ostatné SR,17206,114,0.66%,55.35,,12551
Energy_Client_SK,ProduktLaunch26_Programmatic,IO_ProduktLaunch26_Video,LI_Video_Prospecting,20261024,Mobile,Ostatné SR,15383,135,0.88%,60.48,,9029
Energy_Client_SK,ProduktLaunch26_Programmatic,IO_ProduktLaunch26_Display,LI_Native_Prospecting,20260820,Mobile,Bratislavský kraj,16205,73,0.45%,43.33,0.0,11282
Energy_Client_SK,ProduktLaunch26_Programmatic,IO_ProduktLaunch26_Video,LI_Video_Retarget,20261026,Mobile,Košický kraj,14652,99,0.68%,67.3,0.0,9504
Energy_Client_SK,ProduktLaunch26_Programmatic,IO_ProduktLaunch26_Display,LI_Display_Prospecting,20260906,Connected TV,Ostatné SR,7605,22,0.29%,20.39,,4214
Energy_Client_SK,ProduktLaunch26_Programmatic,IO_ProduktLaunch26_Video,LI_Audio_Awareness,20260914,Tablet,Bratislavský kraj,6029,29,0.48%,12.8,0.0,3925
Energy_Client_SK,ProduktLaunch26_Programmatic,IO_ProduktLaunch26_Video,LI_Audio_Awareness,20260914,Tablet,Košický kraj,4767,14,0.29%,10.69,,3129
Energy_Client_SK,ProduktLaunch26_Programmatic,IO_ProduktLaunch26_Display,LI_Native_Prospecting,20260922,Tablet,Bratislavský kraj,5286,38,0.71%,13.24,,3005
Energy_Client_SK,ProduktLaunch26_Programmatic,IO_ProduktLaunch26_Display,LI_Display_Retarget,20261009,Connected TV,Košický kraj,4065,16,0.39%,9.56,,2474
Energy_Client_SK,ProduktLaunch26_Programmatic,IO_ProduktLaunch26_Video,LI_Audio_Awareness,20261016,Tablet,Košický kraj,4980,24,0.48%,7.49,,2863
Energy_Client_SK,ProduktLaunch26_Programmatic,IO_ProduktLaunch26_Display,LI_Native_Prospecting,20260821,Tablet,Bratislavský kraj,5929,46,0.78%,14.63,,3278
Energy_Client_SK,ProduktLaunch26_Programmatic,IO_ProduktLaunch26_Video,LI_Video_Prospecting,20260920,Tablet,Ostatné SR,5477,25,0.46%,26.02,0.0,3179
Energy_Client_SK,ProduktLaunch26_Programmatic,IO_ProduktLaunch26_Display,LI_Display_Retarget,20261026,Connected TV,Bratislavský kraj,5542,21,0.38%,13.82,0.0,3464
Energy_Client_SK,ProduktLaunch26_Programmatic,IO_ProduktLaunch26_Video,LI_Audio_Awareness,20261005,Desktop,Bratislavský kraj,16920,40,0.24%,34.73,0.0,11187
Energy_Client_SK,ProduktLaunch26_Programmatic,IO_ProduktLaunch26_Display,LI_Display_Retarget,20260906,Tablet,Košický kraj,4441,20,0.45%,9.1,,2769
Energy_Client_SK,ProduktLaunch26_Programmatic,IO_ProduktLaunch26_Display,LI_Display_Retarget,20261018,Connected TV,Bratislavský kraj,8703,36,0.42%,22.19,,5605
Energy_Client_SK,ProduktLaunch26_Programmatic,IO_ProduktLaunch26_Video,LI_Audio_Awareness,20260922,Mobile,Košický kraj,8561,41,0.48%,16.98,0.0,5426
Energy_Client_SK,ProduktLaunch26_Programmatic,IO_ProduktLaunch26_Video,LI_Video_Retarget,20260828,Mobile,Bratislavský kraj,22495,230,1.02%,94.75,0.0,12570
Energy_Client_SK,ProduktLaunch26_Programmatic,IO_ProduktLaunch26_Video,LI_Audio_Awareness,20261017,Mobile,Bratislavský kraj,14529,60,0.41%,26.36,,9093
Energy_Client_SK,ProduktLaunch26_Programmatic,IO_ProduktLaunch26_Video,LI_Audio_Awareness,20260824,Mobile,Ostatné SR,11819,29,0.24%,27.23,,6874
Energy_Client_SK,ProduktLaunch26_Programmatic,IO_ProduktLaunch26_Display,LI_Display_Prospecting,20260913,Mobile,Bratislavský kraj,23790,70,0.29%,65.13,0.0,16907
Energy_Client_SK,ProduktLaunch26_Programmatic,IO_ProduktLaunch26_Display,LI_Display_Prospecting,20261024,Mobile,Košický kraj,7830,43,0.55%,18.04,0.0,5448
Energy_Client_SK,ProduktLaunch26_Programmatic,IO_ProduktLaunch26_Display,LI_Native_Prospecting,20260902,Tablet,Ostatné SR,5601,25,0.44%,14.36,,4439
Energy_Client_SK,ProduktLaunch26_Programmatic,IO_ProduktLaunch26_Video,LI_Video_Prospecting,20261005,Tablet,Bratislavský kraj,6016,29,0.49%,25.17,,4266
Energy_Client_SK,ProduktLaunch26_Programmatic,IO_ProduktLaunch26_Video,LI_Audio_Awareness,20260823,Connected TV,Ostatné SR,7032,32,0.46%,14.41,,4089
Energy_Client_SK,ProduktLaunch26_Programmatic,IO_ProduktLaunch26_Display,LI_Display_Prospecting,20260925,Mobile,Ostatné SR,13391,79,0.59%,33.78,0.0,10571
Energy_Client_SK,ProduktLaunch26_Programmatic,IO_ProduktLaunch26_Video,LI_Audio_Awareness,20261015,Tablet,Košický kraj,3986,13,0.32%,8.93,,2266
Energy_Client_SK,ProduktLaunch26_Programmatic,IO_ProduktLaunch26_Video,LI_Audio_Awareness,20260818,Connected TV,Košický kraj,6450,26,0.4%,11.51,0.0,4732
Energy_Client_SK,ProduktLaunch26_Programmatic,IO_ProduktLaunch26_Video,LI_Audio_Awareness,20260924,Tablet,Ostatné SR,5843,27,0.47%,10.8,,4438
Energy_Client_SK,ProduktLaunch26_Programmatic,IO_ProduktLaunch26_Display,LI_Display_Retarget,20261024,Tablet,Bratislavský kraj,8742,29,0.33%,21.7,0.0,5955
Energy_Client_SK,ProduktLaunch26_Programmatic,IO_ProduktLaunch26_Video,LI_Video_Prospecting,20260919,Mobile,Bratislavský kraj,15304,68,0.44%,49.97,0.0,10906
Energy_Client_SK,ProduktLaunch26_Programmatic,IO_ProduktLaunch26_Display,LI_Display_Retarget,20260927,Connected TV,Bratislavský kraj,8348,49,0.59%,17.59,,5088
Energy_Client_SK,ProduktLaunch26_Programmatic,IO_ProduktLaunch26_Video,LI_Audio_Awareness,20260916,Desktop,Bratislavský kraj,9869,44,0.45%,19.87,,6557
Energy_Client_SK,ProduktLaunch26_Programmatic,IO_ProduktLaunch26_Video,LI_Video_Prospecting,20261021,Tablet,Ostatné SR,5918,24,0.41%,22.22,0.0,3683
Energy_Client_SK,ProduktLaunch26_Programmatic,IO_ProduktLaunch26_Display,LI_Display_Retarget,20260927,Connected TV,Košický kraj,5577,34,0.61%,16.78,0.0,3700
Energy_Client_SK,ProduktLaunch26_Programmatic,IO_ProduktLaunch26_Display,LI_Display_Prospecting,20260927,Connected TV,Bratislavský kraj,10314,45,0.44%,20.09,,7216
Energy_Client_SK,ProduktLaunch26_Programmatic,IO_ProduktLaunch26_Display,LI_Display_Prospecting,20260827,Connected TV,Košický kraj,5386,31,0.57%,11.1,,3681
Energy_Client_SK,ProduktLaunch26_Programmatic,IO_ProduktLaunch26_Video,LI_Video_Retarget,20260818,Tablet,Košický kraj,3057,30,0.99%,14.54,0.0,1765
Energy_Client_SK,ProduktLaunch26_Programmatic,IO_ProduktLaunch26_Display,LI_Display_Prospecting,20260816,Mobile,Košický kraj,11095,46,0.42%,29.62,0.0,7284
Energy_Client_SK,ProduktLaunch26_Programmatic,IO_ProduktLaunch26_Display,LI_Display_Prospecting,20261027,Mobile,Košický kraj,11211,55,0.49%,28.37,,8057
Energy_Client_SK,ProduktLaunch26_Programmatic,IO_ProduktLaunch26_Video,LI_Audio_Awareness,20261009,Connected TV,Košický kraj,4227,19,0.46%,10.98,,2860
Energy_Client_SK,ProduktLaunch26_Programmatic,IO_ProduktLaunch26_Display,LI_Native_Prospecting,20260904,Desktop,Bratislavský kraj,14785,78,0.53%,54.75,0.0,8386
Energy_Client_SK,ProduktLaunch26_Programmatic,IO_ProduktLaunch26_Display,LI_Display_Retarget,20260926,Desktop,Ostatné SR,9077,40,0.44%,24.06,,6512
Energy_Client_SK,ProduktLaunch26_Programmatic,IO_ProduktLaunch26_Display,LI_Display_Prospecting,20261018,Mobile,Košický kraj,9927,38,0.38%,25.48,,7610
Energy_Client_SK,ProduktLaunch26_Programmatic,IO_ProduktLaunch26_Display,LI_Display_Prospecting,20260924,Connected TV,Košický kraj,8040,40,0.5%,20.06,0.0,5985
Energy_Client_SK,ProduktLaunch26_Programmatic,IO_ProduktLaunch26_Video,LI_Video_Prospecting,20261023,Tablet,Bratislavský kraj,8698,50,0.58%,26.9,,6455
Energy_Client_SK,ProduktLaunch26_Programmatic,IO_ProduktLaunch26_Display,LI_Display_Retarget,20261025,Desktop,Košický kraj,7965,40,0.5%,23.09,,5652
Energy_Client_SK,ProduktLaunch26_Programmatic,IO_ProduktLaunch26_Video,LI_Audio_Awareness,20261011,Connected TV,Košický kraj,5882,22,0.37%,11.74,,3448
Energy_Client_SK,ProduktLaunch26_Programmatic,IO_ProduktLaunch26_Display,LI_Native_Prospecting,20260827,Tablet,Ostatné SR,3319,22,0.65%,9.9,,1914
Energy_Client_SK,ProduktLaunch26_Programmatic,IO_ProduktLaunch26_Display,LI_Display_Prospecting,20260817,Desktop,Košický kraj,9219,43,0.47%,28.33,,5095
Energy_Client_SK,ProduktLaunch26_Programmatic,IO_ProduktLaunch26_Display,LI_Native_Prospecting,20261020,Connected TV,Ostatné SR,5564,30,0.53%,13.42,0.0,3511
Energy_Client_SK,ProduktLaunch26_Programmatic,IO_ProduktLaunch26_Display,LI_Display_Prospecting,20260904,Tablet,Ostatné SR,5431,14,0.27%,13.03,,3576
Energy_Client_SK,ProduktLaunch26_Programmatic,IO_ProduktLaunch26_Video,LI_Video_Prospecting,20260926,Connected TV,Bratislavský kraj,12238,74,0.61%,60.49,0.0,9702
Energy_Client_SK,ProduktLaunch26_Programmatic,IO_ProduktLaunch26_Video,LI_Audio_Awareness,20260904,Mobile,Bratislavský kraj,15428,55,0.36%,31.16,,9980
Energy_Client_SK,ProduktLaunch26_Programmatic,IO_ProduktLaunch26_Display,LI_Display_Prospecting,20261027,Mobile,Ostatné SR,8456,39,0.47%,20.43,,5428
Energy_Client_SK,ProduktLaunch26_Programmatic,IO_ProduktLaunch26_Video,LI_Audio_Awareness,20260916,Tablet,Ostatné SR,3327,14,0.42%,5.32,,1923
Energy_Client_SK,ProduktLaunch26_Programmatic,IO_ProduktLaunch26_Display,LI_Native_Prospecting,20260827,Mobile,Bratislavský kraj,10634,56,0.53%,26.55,0.0,8447
Energy_Client_SK,ProduktLaunch26_Programmatic,IO_ProduktLaunch26_Display,LI_Display_Prospecting,20261007,Desktop,Košický kraj,8481,44,0.52%,18.0,,4856
Energy_Client_SK,ProduktLaunch26_Programmatic,IO_ProduktLaunch26_Display,LI_Native_Prospecting,20260827,Connected TV,Bratislavský kraj,10130,55,0.54%,32.49,0.0,6086
Energy_Client_SK,ProduktLaunch26_Programmatic,IO_ProduktLaunch26_Display,LI_Display_Prospecting,20261025,Mobile,Ostatné SR,16384,96,0.59%,44.32,0.0,12874
Energy_Client_SK,ProduktLaunch26_Programmatic,IO_ProduktLaunch26_Display,LI_Display_Retarget,20261012,Mobile,Bratislavský kraj,16848,77,0.46%,52.99,0.0,9966
Energy_Client_SK,ProduktLaunch26_Programmatic,IO_ProduktLaunch26_Video,LI_Audio_Awareness,20260816,Mobile,Košický kraj,6861,21,0.3%,15.52,0.0,5083
Energy_Client_SK,ProduktLaunch26_Programmatic,IO_ProduktLaunch26_Video,LI_Video_Retarget,20260918,Tablet,Košický kraj,5652,48,0.85%,28.32,0.0,4239
Energy_Client_SK,ProduktLaunch26_Programmatic,IO_ProduktLaunch26_Display,LI_Display_Prospecting,20261018,Desktop,Ostatné SR,9638,39,0.41%,22.01,,5443
Energy_Client_SK,ProduktLaunch26_Programmatic,IO_ProduktLaunch26_Display,LI_Native_Prospecting,20260916,Desktop,Košický kraj,8095,40,0.49%,23.54,0.0,4570
Energy_Client_SK,ProduktLaunch26_Programmatic,IO_ProduktLaunch26_Display,LI_Display_Retarget,20261003,Connected TV,Bratislavský kraj,11125,52,0.46%,38.73,,7024
Energy_Client_SK,ProduktLaunch26_Programmatic,IO_ProduktLaunch26_Display,LI_Display_Prospecting,20260823,Connected TV,Košický kraj,6914,22,0.32%,15.94,,4044
Energy_Client_SK,ProduktLaunch26_Programmatic,IO_ProduktLaunch26_Display,LI_Native_Prospecting,20260912,Desktop,Košický kraj,7380,51,0.69%,18.18,,4906
Energy_Client_SK,ProduktLaunch26_Programmatic,IO_ProduktLaunch26_Video,LI_Video_Prospecting,20260826,Desktop,Ostatné SR,13796,81,0.59%,66.12,0.0,9475
Energy_Client_SK,ProduktLaunch26_Programmatic,IO_ProduktLaunch26_Video,LI_Video_Prospecting,20260928,Desktop,Košický kraj,14939,95,0.63%,56.06,0.0,9397
Energy_Client_SK,ProduktLaunch26_Programmatic,IO_ProduktLaunch26_Video,LI_Audio_Awareness,20260827,Tablet,Košický kraj,2920,13,0.45%,4.52,,1999
Energy_Client_SK,ProduktLaunch26_Programmatic,IO_ProduktLaunch26_Display,LI_Native_Prospecting,20261021,Desktop,Bratislavský kraj,12486,58,0.46%,45.72,,7567
Energy_Client_SK,ProduktLaunch26_Programmatic,IO_ProduktLaunch26_Display,LI_Native_Prospecting,20260921,Desktop,Bratislavský kraj,10049,71,0.71%,30.33,,7686
Energy_Client_SK,ProduktLaunch26_Programmatic,IO_ProduktLaunch26_Video,LI_Video_Prospecting,20261022,Desktop,Ostatné SR,12330,102,0.83%,60.96,0.0,7289
Energy_Client_SK,ProduktLaunch26_Programmatic,IO_ProduktLaunch26_Video,LI_Video_Prospecting,20261013,Connected TV,Bratislavský kraj,11404,86,0.75%,56.54,,6280
Energy_Client_SK,ProduktLaunch26_Programmatic,IO_ProduktLaunch26_Video,LI_Video_Retarget,20260816,Tablet,Ostatné SR,5982,63,1.06%,25.32,,4080
Energy_Client_SK,ProduktLaunch26_Programmatic,IO_ProduktLaunch26_Video,LI_Video_Retarget,20261016,Mobile,Bratislavský kraj,21419,223,1.04%,83.86,0.0,14497
Energy_Client_SK,ProduktLaunch26_Programmatic,IO_ProduktLaunch26_Display,LI_Display_Prospecting,20260910,Tablet,Ostatné SR,5672,19,0.34%,17.23,,4294
Energy_Client_SK,ProduktLaunch26_Programmatic,IO_ProduktLaunch26_Video,LI_Audio_Awareness,20261008,Desktop,Bratislavský kraj,13906,38,0.27%,31.67,0.0,10538
Energy_Client_SK,ProduktLaunch26_Programmatic,IO_ProduktLaunch26_Video,LI_Video_Prospecting,20260924,Desktop,Košický kraj,8505,72,0.84%,29.66,0.0,6582
Energy_Client_SK,ProduktLaunch26_Programmatic,IO_ProduktLaunch26_Video,LI_Video_Prospecting,20261023,Desktop,Bratislavský kraj,23387,99,0.42%,86.51,0.0,17342
Energy_Client_SK,ProduktLaunch26_Programmatic,IO_ProduktLaunch26_Display,LI_Native_Prospecting,20260904,Connected TV,Bratislavský kraj,8329,66,0.8%,30.32,0.0,6080
Energy_Client_SK,ProduktLaunch26_Programmatic,IO_ProduktLaunch26_Video,LI_Video_Retarget,20261019,Tablet,Bratislavský kraj,10104,100,0.99%,50.55,0.0,8056
Energy_Client_SK,ProduktLaunch26_Programmatic,IO_ProduktLaunch26_Display,LI_Display_Retarget,20261013,Desktop,Ostatné SR,12835,67,0.52%,30.68,0.0,8764
Energy_Client_SK,ProduktLaunch26_Programmatic,IO_ProduktLaunch26_Display,LI_Native_Prospecting,20260909,Desktop,Ostatné SR,8886,54,0.61%,32.93,,5812
Energy_Client_SK,ProduktLaunch26_Programmatic,IO_ProduktLaunch26_Video,LI_Audio_Awareness,20260831,Connected TV,Košický kraj,3535,15,0.44%,6.07,,2009
Energy_Client_SK,ProduktLaunch26_Programmatic,IO_ProduktLaunch26_Video,LI_Video_Retarget,20261019,Desktop,Bratislavský kraj,10569,68,0.65%,43.75,,7081
Energy_Client_SK,ProduktLaunch26_Programmatic,IO_ProduktLaunch26_Video,LI_Audio_Awareness,20260908,Mobile,Ostatné SR,8162,27,0.34%,17.85,,6496
Energy_Client_SK,ProduktLaunch26_Programmatic,IO_ProduktLaunch26_Video,LI_Video_Prospecting,20260816,Tablet,Ostatné SR,4863,41,0.83%,20.3,,3848
Energy_Client_SK,ProduktLaunch26_Programmatic,IO_ProduktLaunch26_Video,LI_Video_Prospecting,20260829,Tablet,Košický kraj,6118,25,0.4%,19.57,,4034
Energy_Client_SK,ProduktLaunch26_Programmatic,IO_ProduktLaunch26_Display,LI_Native_Prospecting,20261023,Desktop,Ostatné SR,8112,65,0.8%,26.5,0.0,4855
Energy_Client_SK,ProduktLaunch26_Programmatic,IO_ProduktLaunch26_Display,LI_Native_Prospecting,20261002,Tablet,Košický kraj,2218,13,0.57%,5.9,0.0,1508
Energy_Client_SK,ProduktLaunch26_Programmatic,IO_ProduktLaunch26_Display,LI_Native_Prospecting,20261002,Connected TV,Košický kraj,3510,23,0.65%,9.91,,2610
Energy_Client_SK,ProduktLaunch26_Programmatic,IO_ProduktLaunch26_Video,LI_Video_Retarget,20260919,Mobile,Bratislavský kraj,25836,217,0.84%,85.48,0.0,18337
Energy_Client_SK,ProduktLaunch26_Programmatic,IO_ProduktLaunch26_Video,LI_Video_Prospecting,20260818,Mobile,Košický kraj,16290,124,0.76%,80.11,,12978
Energy_Client_SK,ProduktLaunch26_Programmatic,IO_ProduktLaunch26_Display,LI_Native_Prospecting,20261016,Connected TV,Bratislavský kraj,7596,38,0.5%,23.29,,4687
Energy_Client_SK,ProduktLaunch26_Programmatic,IO_ProduktLaunch26_Video,LI_Video_Retarget,20260922,Mobile,Košický kraj,12350,95,0.77%,45.16,0.0,9430
Energy_Client_SK,ProduktLaunch26_Programmatic,IO_ProduktLaunch26_Video,LI_Video_Prospecting,20261018,Tablet,Košický kraj,6984,49,0.7%,23.33,,4233
Energy_Client_SK,ProduktLaunch26_Programmatic,IO_ProduktLaunch26_Display,LI_Display_Prospecting,20260910,Mobile,Ostatné SR,10926,58,0.53%,19.96,0.0,8291
Energy_Client_SK,ProduktLaunch26_Programmatic,IO_ProduktLaunch26_Video,LI_Video_Retarget,20261016,Tablet,Bratislavský kraj,7708,70,0.9%,30.77,,4841
Energy_Client_SK,ProduktLaunch26_Programmatic,IO_ProduktLaunch26_Video,LI_Audio_Awareness,20260922,Mobile,Ostatné SR,6677,25,0.37%,14.04,,4809
Energy_Client_SK,ProduktLaunch26_Programmatic,IO_ProduktLaunch26_Video,LI_Video_Prospecting,20261017,Desktop,Košický kraj,10968,53,0.48%,52.97,,6306
Energy_Client_SK,ProduktLaunch26_Programmatic,IO_ProduktLaunch26_Display,LI_Display_Retarget,20261024,Mobile,Bratislavský kraj,16020,57,0.36%,55.3,,10445
Energy_Client_SK,ProduktLaunch26_Programmatic,IO_ProduktLaunch26_Video,LI_Audio_Awareness,20260901,Connected TV,Košický kraj,6626,15,0.23%,11.21,,4589
Energy_Client_SK,ProduktLaunch26_Programmatic,IO_ProduktLaunch26_Video,LI_Video_Prospecting,20260908,Tablet,Košický kraj,5715,34,0.59%,28.15,,3583
Energy_Client_SK,ProduktLaunch26_Programmatic,IO_ProduktLaunch26_Video,LI_Audio_Awareness,20261002,Tablet,Košický kraj,5099,25,0.49%,8.26,,3238
Energy_Client_SK,ProduktLaunch26_Programmatic,IO_ProduktLaunch26_Display,LI_Display_Prospecting,20261011,Connected TV,Košický kraj,5406,30,0.56%,16.19,0.0,3061
Energy_Client_SK,ProduktLaunch26_Programmatic,IO_ProduktLaunch26_Video,LI_Audio_Awareness,20260922,Connected TV,Ostatné SR,6010,29,0.48%,9.91,0.0,3953
Energy_Client_SK,ProduktLaunch26_Programmatic,IO_ProduktLaunch26_Video,LI_Audio_Awareness,20261021,Mobile,Ostatné SR,9081,27,0.3%,22.05,,6252
Energy_Client_SK,ProduktLaunch26_Programmatic,IO_ProduktLaunch26_Video,LI_Video_Retarget,20261013,Desktop,Ostatné SR,12673,111,0.87%,50.35,0.0,8963
Energy_Client_SK,ProduktLaunch26_Programmatic,IO_ProduktLaunch26_Display,LI_Display_Retarget,20261017,Desktop,Bratislavský kraj,16925,98,0.58%,49.68,,13524
Energy_Client_SK,ProduktLaunch26_Programmatic,IO_ProduktLaunch26_Video,LI_Audio_Awareness,20261004,Desktop,Ostatné SR,11289,27,0.24%,21.25,0.0,8907
Energy_Client_SK,ProduktLaunch26_Programmatic,IO_ProduktLaunch26_Display,LI_Native_Prospecting,20260822,Desktop,Košický kraj,6694,30,0.45%,19.56,0.0,3719
Energy_Client_SK,ProduktLaunch26_Programmatic,IO_ProduktLaunch26_Display,LI_Display_Prospecting,20261015,Mobile,Košický kraj,10163,30,0.3%,23.3,,6279
Energy_Client_SK,ProduktLaunch26_Programmatic,IO_ProduktLaunch26_Display,LI_Native_Prospecting,20261013,Connected TV,Bratislavský kraj,6817,42,0.62%,19.93,0.0,4958
Energy_Client_SK,ProduktLaunch26_Programmatic,IO_ProduktLaunch26_Video,LI_Video_Retarget,20261014,Mobile,Košický kraj,10836,57,0.53%,48.57,,6209
Energy_Client_SK,ProduktLaunch26_Programmatic,IO_ProduktLaunch26_Video,LI_Audio_Awareness,20261018,Mobile,Ostatné SR,13876,49,0.35%,27.36,,9206
Energy_Client_SK,ProduktLaunch26_Programmatic,IO_ProduktLaunch26_Video,LI_Video_Prospecting,20261007,Connected TV,Košický kraj,8286,36,0.44%,40.51,0.0,5808
Energy_Client_SK,ProduktLaunch26_Programmatic,IO_ProduktLaunch26_Video,LI_Video_Retarget,20260817,Connected TV,Bratislavský kraj,7080,66,0.93%,34.91,,4618
Energy_Client_SK,ProduktLaunch26_Programmatic,IO_ProduktLaunch26_Display,LI_Display_Retarget,20261018,Desktop,Ostatné SR,6915,26,0.38%,14.12,,4100
Energy_Client_SK,ProduktLaunch26_Programmatic,IO_ProduktLaunch26_Display,LI_Display_Retarget,20260922,Mobile,Bratislavský kraj,10861,53,0.49%,22.63,,6013
Energy_Client_SK,ProduktLaunch26_Programmatic,IO_ProduktLaunch26_Display,LI_Display_Prospecting,20261009,Mobile,Bratislavský kraj,19143,77,0.4%,36.32,,13022
Energy_Client_SK,ProduktLaunch26_Programmatic,IO_ProduktLaunch26_Video,LI_Video_Retarget,20260918,Mobile,Košický kraj,14386,148,1.03%,66.74,0.0,10204
Energy_Client_SK,ProduktLaunch26_Programmatic,IO_ProduktLaunch26_Display,LI_Native_Prospecting,20261020,Tablet,Ostatné SR,5320,29,0.55%,18.27,,3384
Energy_Client_SK,ProduktLaunch26_Programmatic,IO_ProduktLaunch26_Video,LI_Video_Prospecting,20260908,Desktop,Ostatné SR,13559,87,0.64%,52.52,0.0,7963
Energy_Client_SK,ProduktLaunch26_Programmatic,IO_ProduktLaunch26_Display,LI_Display_Prospecting,20260820,Connected TV,Ostatné SR,9554,48,0.51%,17.51,,7015
Energy_Client_SK,ProduktLaunch26_Programmatic,IO_ProduktLaunch26_Video,LI_Video_Retarget,20260816,Tablet,Bratislavský kraj,10238,94,0.92%,36.06,,6609
Energy_Client_SK,ProduktLaunch26_Programmatic,IO_ProduktLaunch26_Video,LI_Video_Retarget,20260919,Connected TV,Bratislavský kraj,9771,61,0.63%,39.36,,5824
Energy_Client_SK,ProduktLaunch26_Programmatic,IO_ProduktLaunch26_Video,LI_Audio_Awareness,20261028,Mobile,Bratislavský kraj,19941,86,0.43%,30.13,,13833
Energy_Client_SK,ProduktLaunch26_Programmatic,IO_ProduktLaunch26_Video,LI_Audio_Awareness,20260831,Desktop,Košický kraj,7569,18,0.23%,13.41,,5382
Energy_Client_SK,ProduktLaunch26_Programmatic,IO_ProduktLaunch26_Video,LI_Video_Retarget,20260907,Connected TV,Košický kraj,4484,27,0.6%,20.03,,3517
Energy_Client_SK,ProduktLaunch26_Programmatic,IO_ProduktLaunch26_Display,LI_Display_Retarget,20261006,Mobile,Bratislavský kraj,14964,52,0.35%,34.42,,10215
Energy_Client_SK,ProduktLaunch26_Programmatic,IO_ProduktLaunch26_Video,LI_Video_Retarget,20260910,Tablet,Ostatné SR,6321,40,0.63%,32.48,,4946
Energy_Client_SK,ProduktLaunch26_Programmatic,IO_ProduktLaunch26_Display,LI_Display_Retarget,20261012,Mobile,Ostatné SR,12868,77,0.6%,31.31,0.0,8152
Energy_Client_SK,ProduktLaunch26_Programmatic,IO_ProduktLaunch26_Display,LI_Display_Retarget,20260905,Desktop,Bratislavský kraj,14002,77,0.55%,45.4,,10864
Energy_Client_SK,ProduktLaunch26_Programmatic,IO_ProduktLaunch26_Video,LI_Video_Prospecting,20260922,Desktop,Ostatné SR,12108,86,0.71%,38.04,,7805
Energy_Client_SK,ProduktLaunch26_Programmatic,IO_ProduktLaunch26_Video,LI_Video_Prospecting,20260823,Desktop,Bratislavský kraj,13784,104,0.75%,64.4,,11005
Energy_Client_SK,ProduktLaunch26_Programmatic,IO_ProduktLaunch26_Video,LI_Audio_Awareness,20261024,Mobile,Ostatné SR,8730,28,0.32%,18.83,,6047
Energy_Client_SK,ProduktLaunch26_Programmatic,IO_ProduktLaunch26_Video,LI_Video_Retarget,20260923,Mobile,Ostatné SR,14674,153,1.04%,72.82,,8880
Energy_Client_SK,ProduktLaunch26_Programmatic,IO_ProduktLaunch26_Video,LI_Video_Prospecting,20260818,Connected TV,Bratislavský kraj,10914,85,0.78%,35.89,0.0,7867
Energy_Client_SK,ProduktLaunch26_Programmatic,IO_ProduktLaunch26_Display,LI_Display_Retarget,20260828,Mobile,Bratislavský kraj,20107,92,0.46%,66.09,,13361
Energy_Client_SK,ProduktLaunch26_Programmatic,IO_ProduktLaunch26_Display,LI_Display_Prospecting,20260902,Desktop,Ostatné SR,10806,48,0.45%,34.33,,8563
Energy_Client_SK,ProduktLaunch26_Programmatic,IO_ProduktLaunch26_Display,LI_Native_Prospecting,20260923,Desktop,Bratislavský kraj,14585,100,0.69%,37.25,,11336
Energy_Client_SK,ProduktLaunch26_Programmatic,IO_ProduktLaunch26_Video,LI_Video_Prospecting,20260930,Connected TV,Košický kraj,8381,58,0.7%,25.86,,5881
Energy_Client_SK,ProduktLaunch26_Programmatic,IO_ProduktLaunch26_Video,LI_Video_Retarget,20260915,Connected TV,Košický kraj,4260,33,0.77%,16.56,0.0,3260
Energy_Client_SK,ProduktLaunch26_Programmatic,IO_ProduktLaunch26_Display,LI_Native_Prospecting,20261016,Tablet,Ostatné SR,4263,23,0.53%,15.67,0.0,3247
Energy_Client_SK,ProduktLaunch26_Programmatic,IO_ProduktLaunch26_Video,LI_Audio_Awareness,20261003,Tablet,Košický kraj,4189,12,0.29%,10.49,0.0,2533
Energy_Client_SK,ProduktLaunch26_Programmatic,IO_ProduktLaunch26_Display,LI_Display_Prospecting,20260921,Connected TV,Bratislavský kraj,12512,49,0.39%,37.3,,6965
Energy_Client_SK,ProduktLaunch26_Programmatic,IO_ProduktLaunch26_Video,LI_Video_Prospecting,20260911,Mobile,Košický kraj,17183,130,0.75%,78.8,,11758
Energy_Client_SK,ProduktLaunch26_Programmatic,IO_ProduktLaunch26_Video,LI_Video_Retarget,20260818,Desktop,Bratislavský kraj,13498,144,1.06%,50.0,,7775
Energy_Client_SK,ProduktLaunch26_Programmatic,IO_ProduktLaunch26_Display,LI_Display_Prospecting,20260903,Desktop,Ostatné SR,11606,36,0.31%,32.04,,8932
Energy_Client_SK,ProduktLaunch26_Programmatic,IO_ProduktLaunch26_Video,LI_Video_Prospecting,20260816,Mobile,Ostatné SR,14562,124,0.85%,45.85,,8539
Energy_Client_SK,ProduktLaunch26_Programmatic,IO_ProduktLaunch26_Display,LI_Display_Prospecting,20261025,Desktop,Bratislavský kraj,17458,92,0.53%,34.68,,10063
Energy_Client_SK,ProduktLaunch26_Programmatic,IO_ProduktLaunch26_Video,LI_Video_Prospecting,20261001,Connected TV,Košický kraj,7637,49,0.64%,23.93,,5455
Energy_Client_SK,ProduktLaunch26_Programmatic,IO_ProduktLaunch26_Video,LI_Video_Prospecting,20261023,Tablet,Ostatné SR,4651,38,0.82%,22.03,,3329
Energy_Client_SK,ProduktLaunch26_Programmatic,IO_ProduktLaunch26_Video,LI_Audio_Awareness,20260908,Desktop,Košický kraj,6336,17,0.26%,10.73,,4209
Energy_Client_SK,ProduktLaunch26_Programmatic,IO_ProduktLaunch26_Display,LI_Native_Prospecting,20260829,Desktop,Bratislavský kraj,13967,67,0.48%,36.3,0.0,8401
Energy_Client_SK,ProduktLaunch26_Programmatic,IO_ProduktLaunch26_Display,LI_Display_Retarget,20261003,Desktop,Ostatné SR,7126,24,0.33%,16.36,0.0,4826
Energy_Client_SK,ProduktLaunch26_Programmatic,IO_ProduktLaunch26_Video,LI_Audio_Awareness,20261027,Connected TV,Bratislavský kraj,10682,41,0.38%,27.04,,8256
Energy_Client_SK,ProduktLaunch26_Programmatic,IO_ProduktLaunch26_Display,LI_Native_Prospecting,20261007,Mobile,Ostatné SR,8120,37,0.46%,24.15,,5603
Energy_Client_SK,ProduktLaunch26_Programmatic,IO_ProduktLaunch26_Display,LI_Display_Retarget,20261011,Connected TV,Bratislavský kraj,8400,49,0.58%,27.94,,4986
Energy_Client_SK,ProduktLaunch26_Programmatic,IO_ProduktLaunch26_Display,LI_Display_Prospecting,20260902,Mobile,Ostatné SR,9480,42,0.44%,28.28,0.0,5405
Energy_Client_SK,ProduktLaunch26_Programmatic,IO_ProduktLaunch26_Display,LI_Display_Retarget,20260819,Tablet,Košický kraj,4638,26,0.56%,12.51,0.0,2756
Energy_Client_SK,ProduktLaunch26_Programmatic,IO_ProduktLaunch26_Display,LI_Native_Prospecting,20260816,Desktop,Košický kraj,6978,42,0.6%,22.51,0.0,5454
Energy_Client_SK,ProduktLaunch26_Programmatic,IO_ProduktLaunch26_Video,LI_Video_Retarget,20260815,Desktop,Ostatné SR,12687,110,0.86%,45.35,,9122
Energy_Client_SK,ProduktLaunch26_Programmatic,IO_ProduktLaunch26_Video,LI_Video_Retarget,20261015,Connected TV,Košický kraj,7391,77,1.04%,33.39,,4678
Energy_Client_SK,ProduktLaunch26_Programmatic,IO_ProduktLaunch26_Video,LI_Video_Retarget,20261017,Desktop,Ostatné SR,11477,106,0.92%,45.31,,6701
Energy_Client_SK,ProduktLaunch26_Programmatic,IO_ProduktLaunch26_Video,LI_Video_Retarget,20260819,Desktop,Bratislavský kraj,12689,90,0.71%,62.33,0.0,7189
Energy_Client_SK,ProduktLaunch26_Programmatic,IO_ProduktLaunch26_Video,LI_Video_Retarget,20260821,Mobile,Košický kraj,14322,72,0.5%,54.0,0.0,11189
Energy_Client_SK,ProduktLaunch26_Programmatic,IO_ProduktLaunch26_Video,LI_Audio_Awareness,20260924,Connected TV,Ostatné SR,6803,27,0.4%,11.6,,4299
Energy_Client_SK,ProduktLaunch26_Programmatic,IO_ProduktLaunch26_Display,LI_Native_Prospecting,20260818,Mobile,Košický kraj,7037,35,0.49%,20.33,,4195
Energy_Client_SK,ProduktLaunch26_Programmatic,IO_ProduktLaunch26_Video,LI_Audio_Awareness,20261002,Connected TV,Košický kraj,5710,26,0.45%,14.71,,3158
Energy_Client_SK,ProduktLaunch26_Programmatic,IO_ProduktLaunch26_Video,LI_Audio_Awareness,20260909,Desktop,Ostatné SR,8895,36,0.41%,21.58,,6020
Energy_Client_SK,ProduktLaunch26_Programmatic,IO_ProduktLaunch26_Display,LI_Display_Retarget,20261016,Mobile,Bratislavský kraj,19790,67,0.34%,47.47,,13023
Energy_Client_SK,ProduktLaunch26_Programmatic,IO_ProduktLaunch26_Video,LI_Video_Retarget,20260927,Mobile,Bratislavský kraj,18267,159,0.87%,62.19,0.0,11231
Energy_Client_SK,ProduktLaunch26_Programmatic,IO_ProduktLaunch26_Video,LI_Video_Retarget,20261027,Connected TV,Košický kraj,7481,50,0.67%,27.93,,4777
Energy_Client_SK,ProduktLaunch26_Programmatic,IO_ProduktLaunch26_Display,LI_Display_Retarget,20261026,Mobile,Košický kraj,7842,33,0.42%,26.73,0.0,5908
Energy_Client_SK,ProduktLaunch26_Programmatic,IO_ProduktLaunch26_Display,LI_Display_Prospecting,20261019,Tablet,Bratislavský kraj,9973,28,0.28%,28.78,0.0,5769
Energy_Client_SK,ProduktLaunch26_Programmatic,IO_ProduktLaunch26_Display,LI_Display_Prospecting,20261018,Mobile,Bratislavský kraj,23461,80,0.34%,45.83,,17692
Energy_Client_SK,ProduktLaunch26_Programmatic,IO_ProduktLaunch26_Display,LI_Display_Prospecting,20260918,Desktop,Ostatné SR,6939,31,0.45%,18.14,,4068
Energy_Client_SK,ProduktLaunch26_Programmatic,IO_ProduktLaunch26_Video,LI_Video_Retarget,20260930,Tablet,Ostatné SR,7250,43,0.6%,35.75,,5303
Energy_Client_SK,ProduktLaunch26_Programmatic,IO_ProduktLaunch26_Display,LI_Native_Prospecting,20260819,Mobile,Ostatné SR,8576,66,0.77%,26.66,0.0,4784
Energy_Client_SK,ProduktLaunch26_Programmatic,IO_ProduktLaunch26_Video,LI_Video_Prospecting,20260917,Tablet,Bratislavský kraj,10656,53,0.49%,36.41,0.0,7625
Energy_Client_SK,ProduktLaunch26_Programmatic,IO_ProduktLaunch26_Display,LI_Display_Retarget,20260903,Desktop,Bratislavský kraj,17987,63,0.35%,58.93,,10141
Energy_Client_SK,ProduktLaunch26_Programmatic,IO_ProduktLaunch26_Video,LI_Video_Prospecting,20261020,Connected TV,Košický kraj,9691,48,0.5%,41.4,0.0,5507
Energy_Client_SK,ProduktLaunch26_Programmatic,IO_ProduktLaunch26_Display,LI_Display_Prospecting,20261001,Connected TV,Košický kraj,7611,25,0.32%,21.58,,5424
Energy_Client_SK,ProduktLaunch26_Programmatic,IO_ProduktLaunch26_Display,LI_Display_Prospecting,20260913,Desktop,Ostatné SR,9518,47,0.5%,28.92,,7149
Energy_Client_SK,ProduktLaunch26_Programmatic,IO_ProduktLaunch26_Video,LI_Video_Prospecting,20260908,Connected TV,Bratislavský kraj,12852,72,0.56%,47.39,,9329
Energy_Client_SK,ProduktLaunch26_Programmatic,IO_ProduktLaunch26_Video,LI_Audio_Awareness,20261025,Mobile,Bratislavský kraj,19076,50,0.26%,44.28,0.0,15021
Energy_Client_SK,ProduktLaunch26_Programmatic,IO_ProduktLaunch26_Display,LI_Native_Prospecting,20261006,Connected TV,Košický kraj,5034,33,0.66%,17.28,0.0,3237
Energy_Client_SK,ProduktLaunch26_Programmatic,IO_ProduktLaunch26_Display,LI_Display_Prospecting,20260917,Desktop,Ostatné SR,13675,50,0.37%,28.07,,8401
Energy_Client_SK,ProduktLaunch26_Programmatic,IO_ProduktLaunch26_Video,LI_Video_Retarget,20260822,Tablet,Ostatné SR,7768,65,0.84%,29.63,,4376
Energy_Client_SK,ProduktLaunch26_Programmatic,IO_ProduktLaunch26_Video,LI_Video_Prospecting,20261022,Desktop,Bratislavský kraj,23471,165,0.7%,89.08,,18763
Energy_Client_SK,ProduktLaunch26_Programmatic,IO_ProduktLaunch26_Video,LI_Video_Retarget,20260907,Desktop,Ostatné SR,15781,99,0.63%,82.28,,10992
Energy_Client_SK,ProduktLaunch26_Programmatic,IO_ProduktLaunch26_Video,LI_Audio_Awareness,20260827,Tablet,Ostatné SR,3027,15,0.49%,5.41,0.0,2231
Energy_Client_SK,ProduktLaunch26_Programmatic,IO_ProduktLaunch26_Display,LI_Display_Prospecting,20260818,Desktop,Bratislavský kraj,16893,67,0.4%,54.01,,13302
Energy_Client_SK,ProduktLaunch26_Programmatic,IO_ProduktLaunch26_Video,LI_Audio_Awareness,20260917,Connected TV,Bratislavský kraj,7525,33,0.44%,12.33,0.0,4895
Energy_Client_SK,ProduktLaunch26_Programmatic,IO_ProduktLaunch26_Display,LI_Display_Prospecting,20260817,Connected TV,Bratislavský kraj,10285,39,0.38%,23.13,0.0,5761
Energy_Client_SK,ProduktLaunch26_Programmatic,IO_ProduktLaunch26_Video,LI_Audio_Awareness,20261017,Mobile,Košický kraj,6635,23,0.34%,14.62,0.0,3815
Energy_Client_SK,ProduktLaunch26_Programmatic,IO_ProduktLaunch26_Video,LI_Video_Prospecting,20261027,Connected TV,Košický kraj,6526,57,0.87%,27.95,,3648
Energy_Client_SK,ProduktLaunch26_Programmatic,IO_ProduktLaunch26_Display,LI_Display_Prospecting,20261016,Desktop,Ostatné SR,10311,55,0.53%,31.8,,8021
Energy_Client_SK,ProduktLaunch26_Programmatic,IO_ProduktLaunch26_Display,LI_Native_Prospecting,20260917,Desktop,Bratislavský kraj,8258,46,0.55%,30.94,,6091
Energy_Client_SK,ProduktLaunch26_Programmatic,IO_ProduktLaunch26_Video,LI_Audio_Awareness,20261017,Connected TV,Bratislavský kraj,10417,49,0.47%,24.04,0.0,7817
Energy_Client_SK,ProduktLaunch26_Programmatic,IO_ProduktLaunch26_Video,LI_Video_Prospecting,20260823,Connected TV,Košický kraj,6356,36,0.57%,30.29,,4728
Energy_Client_SK,ProduktLaunch26_Programmatic,IO_ProduktLaunch26_Display,LI_Display_Prospecting,20260906,Mobile,Bratislavský kraj,16253,89,0.55%,39.09,,9217
Energy_Client_SK,ProduktLaunch26_Programmatic,IO_ProduktLaunch26_Video,LI_Video_Prospecting,20260826,Mobile,Ostatné SR,21519,97,0.45%,71.8,,14355
Energy_Client_SK,ProduktLaunch26_Programmatic,IO_ProduktLaunch26_Display,LI_Native_Prospecting,20261003,Mobile,Ostatné SR,11513,64,0.55%,36.86,0.0,6811
Energy_Client_SK,ProduktLaunch26_Programmatic,IO_ProduktLaunch26_Video,LI_Audio_Awareness,20260907,Mobile,Bratislavský kraj,17102,80,0.47%,29.54,,12397
Energy_Client_SK,ProduktLaunch26_Programmatic,IO_ProduktLaunch26_Display,LI_Display_Retarget,20260822,Desktop,Košický kraj,10298,61,0.6%,21.28,0.0,5795
Energy_Client_SK,ProduktLaunch26_Programmatic,IO_ProduktLaunch26_Video,LI_Audio_Awareness,20260816,Mobile,Bratislavský kraj,15390,39,0.26%,28.08,,11407
Energy_Client_SK,ProduktLaunch26_Programmatic,IO_ProduktLaunch26_Display,LI_Display_Prospecting,20261025,Connected TV,Ostatné SR,9653,29,0.3%,24.11,0.0,5403
Energy_Client_SK,ProduktLaunch26_Programmatic,IO_ProduktLaunch26_Video,LI_Video_Retarget,20260906,Desktop,Ostatné SR,9303,52,0.56%,41.34,,6206
Energy_Client_SK,ProduktLaunch26_Programmatic,IO_ProduktLaunch26_Display,LI_Display_Prospecting,20260919,Connected TV,Ostatné SR,10051,26,0.26%,20.64,0.0,7152
Energy_Client_SK,ProduktLaunch26_Programmatic,IO_ProduktLaunch26_Video,LI_Audio_Awareness,20260819,Mobile,Bratislavský kraj,13832,36,0.26%,25.21,,10101
Energy_Client_SK,ProduktLaunch26_Programmatic,IO_ProduktLaunch26_Display,LI_Display_Retarget,20261010,Connected TV,Ostatné SR,8844,37,0.42%,22.76,0.0,6646
Energy_Client_SK,ProduktLaunch26_Programmatic,IO_ProduktLaunch26_Display,LI_Native_Prospecting,20260820,Connected TV,Košický kraj,4148,22,0.53%,11.29,,2589
Energy_Client_SK,ProduktLaunch26_Programmatic,IO_ProduktLaunch26_Display,LI_Display_Retarget,20260920,Tablet,Bratislavský kraj,6578,46,0.69%,22.83,,4047
Energy_Client_SK,ProduktLaunch26_Programmatic,IO_ProduktLaunch26_Video,LI_Video_Retarget,20260827,Tablet,Ostatné SR,4774,35,0.72%,22.94,,3262
Energy_Client_SK,ProduktLaunch26_Programmatic,IO_ProduktLaunch26_Video,LI_Audio_Awareness,20261005,Tablet,Bratislavský kraj,3660,11,0.29%,8.9,,2817
Energy_Client_SK,ProduktLaunch26_Programmatic,IO_ProduktLaunch26_Video,LI_Video_Retarget,20261027,Desktop,Bratislavský kraj,16983,147,0.86%,86.25,,12342
Energy_Client_SK,ProduktLaunch26_Programmatic,IO_ProduktLaunch26_Video,LI_Video_Prospecting,20260929,Desktop,Košický kraj,14370,120,0.84%,65.53,,8310
Energy_Client_SK,ProduktLaunch26_Programmatic,IO_ProduktLaunch26_Video,LI_Video_Prospecting,20260825,Mobile,Ostatné SR,10281,72,0.7%,31.37,,6244
Energy_Client_SK,ProduktLaunch26_Programmatic,IO_ProduktLaunch26_Display,LI_Display_Prospecting,20261022,Tablet,Košický kraj,4472,19,0.42%,10.16,0.0,2875
Energy_Client_SK,ProduktLaunch26_Programmatic,IO_ProduktLaunch26_Display,LI_Display_Prospecting,20261018,Connected TV,Bratislavský kraj,13545,67,0.5%,34.2,,8345
Energy_Client_SK,ProduktLaunch26_Programmatic,IO_ProduktLaunch26_Video,LI_Video_Retarget,20261028,Mobile,Košický kraj,13905,78,0.56%,66.9,,8189
Energy_Client_SK,ProduktLaunch26_Programmatic,IO_ProduktLaunch26_Display,LI_Display_Prospecting,20260831,Tablet,Košický kraj,5592,20,0.36%,13.49,0.0,3988
Energy_Client_SK,ProduktLaunch26_Programmatic,IO_ProduktLaunch26_Video,LI_Video_Prospecting,20261028,Mobile,Ostatné SR,18760,114,0.61%,66.67,0.0,12301
Energy_Client_SK,ProduktLaunch26_Programmatic,IO_ProduktLaunch26_Video,LI_Video_Prospecting,20260925,Mobile,Košický kraj,16049,104,0.65%,51.79,,12024
Energy_Client_SK,ProduktLaunch26_Programmatic,IO_ProduktLaunch26_Video,LI_Audio_Awareness,20260916,Connected TV,Bratislavský kraj,7656,25,0.33%,15.68,,5303
Energy_Client_SK,ProduktLaunch26_Programmatic,IO_ProduktLaunch26_Video,LI_Video_Retarget,20260915,Desktop,Bratislavský kraj,14738,87,0.59%,68.9,0.0,11029
Energy_Client_SK,ProduktLaunch26_Programmatic,IO_ProduktLaunch26_Display,LI_Display_Retarget,20260924,Tablet,Bratislavský kraj,6023,34,0.56%,18.63,,4476
Energy_Client_SK,ProduktLaunch26_Programmatic,IO_ProduktLaunch26_Display,LI_Display_Retarget,20261023,Tablet,Ostatné SR,3645,17,0.47%,8.35,,2117
Energy_Client_SK,ProduktLaunch26_Programmatic,IO_ProduktLaunch26_Display,LI_Display_Retarget,20260924,Mobile,Bratislavský kraj,14000,88,0.63%,48.51,0.0,8734
Energy_Client_SK,ProduktLaunch26_Programmatic,IO_ProduktLaunch26_Display,LI_Native_Prospecting,20260914,Tablet,Košický kraj,3265,25,0.77%,8.19,,2311
Energy_Client_SK,ProduktLaunch26_Programmatic,IO_ProduktLaunch26_Video,LI_Audio_Awareness,20261015,Tablet,Ostatné SR,6078,27,0.44%,10.98,0.0,4636
Energy_Client_SK,ProduktLaunch26_Programmatic,IO_ProduktLaunch26_Display,LI_Display_Retarget,20261019,Mobile,Bratislavský kraj,16602,102,0.61%,44.82,,9869
Energy_Client_SK,ProduktLaunch26_Programmatic,IO_ProduktLaunch26_Display,LI_Display_Prospecting,20260904,Mobile,Košický kraj,12193,62,0.51%,32.62,,8073
Energy_Client_SK,ProduktLaunch26_Programmatic,IO_ProduktLaunch26_Display,LI_Native_Prospecting,20260911,Mobile,Bratislavský kraj,10283,56,0.54%,33.89,0.0,6895
Energy_Client_SK,ProduktLaunch26_Programmatic,IO_ProduktLaunch26_Video,LI_Audio_Awareness,20260903,Connected TV,Košický kraj,3239,9,0.29%,5.52,,2052
Energy_Client_SK,ProduktLaunch26_Programmatic,IO_ProduktLaunch26_Video,LI_Audio_Awareness,20261008,Connected TV,Ostatné SR,3900,15,0.4%,6.06,,2757
Energy_Client_SK,ProduktLaunch26_Programmatic,IO_ProduktLaunch26_Display,LI_Display_Retarget,20261027,Tablet,Bratislavský kraj,8319,55,0.66%,18.51,,4850
Energy_Client_SK,ProduktLaunch26_Programmatic,IO_ProduktLaunch26_Video,LI_Video_Prospecting,20260917,Desktop,Ostatné SR,11484,87,0.76%,55.52,0.0,8228
Energy_Client_SK,ProduktLaunch26_Programmatic,IO_ProduktLaunch26_Video,LI_Video_Prospecting,20260830,Connected TV,Ostatné SR,7900,61,0.77%,30.57,,5189
Energy_Client_SK,ProduktLaunch26_Programmatic,IO_ProduktLaunch26_Display,LI_Display_Prospecting,20260926,Connected TV,Ostatné SR,8943,29,0.33%,20.46,0.0,6126
Energy_Client_SK,ProduktLaunch26_Programmatic,IO_ProduktLaunch26_Video,LI_Video_Prospecting,20260911,Mobile,Ostatné SR,11982,89,0.74%,43.83,,6663
Energy_Client_SK,ProduktLaunch26_Programmatic,IO_ProduktLaunch26_Display,LI_Display_Retarget,20260821,Connected TV,Bratislavský kraj,6975,28,0.4%,15.33,,4068
Energy_Client_SK,ProduktLaunch26_Programmatic,IO_ProduktLaunch26_Video,LI_Audio_Awareness,20260926,Connected TV,Košický kraj,2918,12,0.41%,7.28,0.0,2296
Energy_Client_SK,ProduktLaunch26_Programmatic,IO_ProduktLaunch26_Video,LI_Audio_Awareness,20260911,Mobile,Košický kraj,11091,45,0.41%,17.23,,6358
Energy_Client_SK,ProduktLaunch26_Programmatic,IO_ProduktLaunch26_Video,LI_Video_Prospecting,20260913,Mobile,Bratislavský kraj,15472,119,0.77%,63.28,0.0,9073
Energy_Client_SK,ProduktLaunch26_Programmatic,IO_ProduktLaunch26_Display,LI_Display_Prospecting,20260930,Desktop,Bratislavský kraj,10384,53,0.51%,29.88,0.0,6735
Energy_Client_SK,ProduktLaunch26_Programmatic,IO_ProduktLaunch26_Video,LI_Video_Retarget,20260825,Mobile,Bratislavský kraj,20059,174,0.87%,86.64,0.0,13778
Energy_Client_SK,ProduktLaunch26_Programmatic,IO_ProduktLaunch26_Video,LI_Video_Prospecting,20260901,Mobile,Bratislavský kraj,14027,70,0.5%,64.78,0.0,8536
Energy_Client_SK,ProduktLaunch26_Programmatic,IO_ProduktLaunch26_Video,LI_Video_Prospecting,20260906,Connected TV,Košický kraj,6883,30,0.44%,22.07,0.0,4673
Energy_Client_SK,ProduktLaunch26_Programmatic,IO_ProduktLaunch26_Display,LI_Display_Prospecting,20261017,Mobile,Košický kraj,6930,32,0.46%,18.47,,5451
Energy_Client_SK,ProduktLaunch26_Programmatic,IO_ProduktLaunch26_Video,LI_Video_Retarget,20260910,Mobile,Ostatné SR,13448,77,0.57%,67.97,,8821
Energy_Client_SK,ProduktLaunch26_Programmatic,IO_ProduktLaunch26_Display,LI_Display_Retarget,20260816,Connected TV,Bratislavský kraj,11774,63,0.54%,27.9,,7199
Energy_Client_SK,ProduktLaunch26_Programmatic,IO_ProduktLaunch26_Display,LI_Display_Prospecting,20260905,Desktop,Bratislavský kraj,20552,76,0.37%,40.82,,11908
Energy_Client_SK,ProduktLaunch26_Programmatic,IO_ProduktLaunch26_Video,LI_Video_Retarget,20260919,Tablet,Ostatné SR,4858,45,0.92%,24.31,,3038
Energy_Client_SK,ProduktLaunch26_Programmatic,IO_ProduktLaunch26_Video,LI_Video_Retarget,20261003,Tablet,Košický kraj,6487,50,0.77%,28.43,,4500
Energy_Client_SK,ProduktLaunch26_Programmatic,IO_ProduktLaunch26_Display,LI_Native_Prospecting,20260918,Desktop,Bratislavský kraj,12643,67,0.53%,31.62,,7031
Energy_Client_SK,ProduktLaunch26_Programmatic,IO_ProduktLaunch26_Video,LI_Video_Retarget,20261020,Connected TV,Bratislavský kraj,7272,65,0.9%,31.69,0.0,4297
Energy_Client_SK,ProduktLaunch26_Programmatic,IO_ProduktLaunch26_Video,LI_Video_Prospecting,20260908,Connected TV,Ostatné SR,5746,49,0.85%,21.12,,3907
Energy_Client_SK,ProduktLaunch26_Programmatic,IO_ProduktLaunch26_Video,LI_Audio_Awareness,20260905,Mobile,Košický kraj,11859,58,0.49%,20.96,0.0,6783
Energy_Client_SK,ProduktLaunch26_Programmatic,IO_ProduktLaunch26_Display,LI_Display_Prospecting,20260905,Connected TV,Košický kraj,7212,20,0.27%,16.42,0.0,5156
Energy_Client_SK,ProduktLaunch26_Programmatic,IO_ProduktLaunch26_Display,LI_Display_Prospecting,20261020,Mobile,Košický kraj,8508,47,0.56%,24.36,,4945
Energy_Client_SK,ProduktLaunch26_Programmatic,IO_ProduktLaunch26_Display,LI_Display_Prospecting,20260920,Tablet,Ostatné SR,5247,31,0.59%,14.24,,3445
Energy_Client_SK,ProduktLaunch26_Programmatic,IO_ProduktLaunch26_Video,LI_Video_Retarget,20260826,Desktop,Košický kraj,6794,43,0.64%,24.0,,5079
Energy_Client_SK,ProduktLaunch26_Programmatic,IO_ProduktLaunch26_Video,LI_Audio_Awareness,20260824,Tablet,Košický kraj,4303,19,0.44%,8.92,,2623
Energy_Client_SK,ProduktLaunch26_Programmatic,IO_ProduktLaunch26_Video,LI_Video_Prospecting,20260926,Mobile,Ostatné SR,11359,57,0.5%,43.88,0.0,6346
Energy_Client_SK,ProduktLaunch26_Programmatic,IO_ProduktLaunch26_Video,LI_Video_Retarget,20260908,Tablet,Ostatné SR,6887,56,0.81%,28.76,,4790
Energy_Client_SK,ProduktLaunch26_Programmatic,IO_ProduktLaunch26_Display,LI_Display_Prospecting,20261015,Desktop,Ostatné SR,12198,55,0.45%,38.04,0.0,8411
Energy_Client_SK,ProduktLaunch26_Programmatic,IO_ProduktLaunch26_Display,LI_Display_Retarget,20260914,Mobile,Bratislavský kraj,11860,47,0.39%,30.97,0.0,7503
Energy_Client_SK,ProduktLaunch26_Programmatic,IO_ProduktLaunch26_Video,LI_Video_Prospecting,20260905,Desktop,Ostatné SR,17585,153,0.87%,75.96,,12707
Energy_Client_SK,ProduktLaunch26_Programmatic,IO_ProduktLaunch26_Video,LI_Video_Retarget,20261009,Desktop,Ostatné SR,13809,105,0.76%,60.26,0.0,9946
Energy_Client_SK,ProduktLaunch26_Programmatic,IO_ProduktLaunch26_Video,LI_Video_Retarget,20261017,Mobile,Ostatné SR,12725,127,1.0%,61.2,0.0,8567
Energy_Client_SK,ProduktLaunch26_Programmatic,IO_ProduktLaunch26_Display,LI_Display_Prospecting,20260927,Mobile,Ostatné SR,14351,39,0.27%,45.01,0.0,9167
Energy_Client_SK,ProduktLaunch26_Programmatic,IO_ProduktLaunch26_Display,LI_Display_Retarget,20261023,Desktop,Košický kraj,9569,48,0.5%,28.83,0.0,6942
Energy_Client_SK,ProduktLaunch26_Programmatic,IO_ProduktLaunch26_Display,LI_Display_Retarget,20260903,Tablet,Bratislavský kraj,7794,46,0.59%,16.19,0.0,4679
Energy_Client_SK,ProduktLaunch26_Programmatic,IO_ProduktLaunch26_Display,LI_Display_Retarget,20261017,Connected TV,Ostatné SR,4429,28,0.62%,11.75,,2708
Energy_Client_SK,ProduktLaunch26_Programmatic,IO_ProduktLaunch26_Video,LI_Audio_Awareness,20261012,Tablet,Ostatné SR,3675,8,0.21%,8.14,0.0,2631
Energy_Client_SK,ProduktLaunch26_Programmatic,IO_ProduktLaunch26_Display,LI_Native_Prospecting,20261028,Tablet,Bratislavský kraj,5756,34,0.6%,16.51,,3177
Energy_Client_SK,ProduktLaunch26_Programmatic,IO_ProduktLaunch26_Video,LI_Video_Prospecting,20261003,Connected TV,Ostatné SR,10544,82,0.78%,51.44,0.0,5995
Energy_Client_SK,ProduktLaunch26_Programmatic,IO_ProduktLaunch26_Display,LI_Display_Retarget,20260817,Desktop,Košický kraj,6349,21,0.33%,18.46,,4220
Energy_Client_SK,ProduktLaunch26_Programmatic,IO_ProduktLaunch26_Display,LI_Display_Prospecting,20261016,Tablet,Košický kraj,3041,17,0.56%,8.28,,2222
Energy_Client_SK,ProduktLaunch26_Programmatic,IO_ProduktLaunch26_Video,LI_Audio_Awareness,20260925,Desktop,Bratislavský kraj,8883,42,0.47%,20.86,0.0,6169
Energy_Client_SK,ProduktLaunch26_Programmatic,IO_ProduktLaunch26_Display,LI_Display_Prospecting,20260919,Tablet,Košický kraj,3406,16,0.47%,9.02,,2689
Energy_Client_SK,ProduktLaunch26_Programmatic,IO_ProduktLaunch26_Video,LI_Video_Prospecting,20260819,Connected TV,Bratislavský kraj,8239,62,0.76%,24.75,0.0,6481
Energy_Client_SK,ProduktLaunch26_Programmatic,IO_ProduktLaunch26_Display,LI_Display_Retarget,20261007,Desktop,Ostatné SR,7399,43,0.58%,17.21,,5000
Energy_Client_SK,ProduktLaunch26_Programmatic,IO_ProduktLaunch26_Display,LI_Display_Retarget,20260924,Mobile,Ostatné SR,10473,36,0.34%,29.97,,7116
Energy_Client_SK,ProduktLaunch26_Programmatic,IO_ProduktLaunch26_Video,LI_Video_Prospecting,20260925,Tablet,Bratislavský kraj,10572,52,0.49%,32.9,0.0,8328
Energy_Client_SK,ProduktLaunch26_Programmatic,IO_ProduktLaunch26_Display,LI_Native_Prospecting,20261008,Tablet,Košický kraj,4764,27,0.56%,12.32,,2725
Energy_Client_SK,ProduktLaunch26_Programmatic,IO_ProduktLaunch26_Video,LI_Audio_Awareness,20261007,Tablet,Košický kraj,3394,13,0.37%,8.3,,2326
Energy_Client_SK,ProduktLaunch26_Programmatic,IO_ProduktLaunch26_Video,LI_Video_Retarget,20260906,Mobile,Ostatné SR,15423,125,0.81%,61.83,,9010
Energy_Client_SK,ProduktLaunch26_Programmatic,IO_ProduktLaunch26_Display,LI_Display_Retarget,20261008,Desktop,Ostatné SR,13712,63,0.46%,36.3,,9753
Energy_Client_SK,ProduktLaunch26_Programmatic,IO_ProduktLaunch26_Video,LI_Video_Prospecting,20260921,Connected TV,Ostatné SR,10992,46,0.41%,50.33,0.0,7609
Energy_Client_SK,ProduktLaunch26_Programmatic,IO_ProduktLaunch26_Display,LI_Native_Prospecting,20261014,Tablet,Košický kraj,2585,12,0.48%,7.28,0.0,1504
Energy_Client_SK,ProduktLaunch26_Programmatic,IO_ProduktLaunch26_Display,LI_Display_Retarget,20260815,Mobile,Košický kraj,10103,41,0.41%,26.15,0.0,5988
Energy_Client_SK,ProduktLaunch26_Programmatic,IO_ProduktLaunch26_Video,LI_Video_Prospecting,20261019,Tablet,Košický kraj,4789,30,0.63%,21.8,,3401
Energy_Client_SK,ProduktLaunch26_Programmatic,IO_ProduktLaunch26_Video,LI_Audio_Awareness,20260921,Connected TV,Ostatné SR,4750,15,0.32%,11.31,0.0,3316
Energy_Client_SK,ProduktLaunch26_Programmatic,IO_ProduktLaunch26_Video,LI_Video_Retarget,20260920,Tablet,Bratislavský kraj,5889,36,0.61%,27.87,0.0,3725
Energy_Client_SK,ProduktLaunch26_Programmatic,IO_ProduktLaunch26_Video,LI_Audio_Awareness,20261011,Tablet,Košický kraj,2507,7,0.27%,5.0,,1654
Energy_Client_SK,ProduktLaunch26_Programmatic,IO_ProduktLaunch26_Display,LI_Display_Prospecting,20260901,Desktop,Ostatné SR,7601,45,0.6%,19.93,,5847
Energy_Client_SK,ProduktLaunch26_Programmatic,IO_ProduktLaunch26_Video,LI_Video_Prospecting,20260828,Tablet,Košický kraj,3810,17,0.44%,11.47,0.0,2490
Energy_Client_SK,ProduktLaunch26_Programmatic,IO_ProduktLaunch26_Display,LI_Native_Prospecting,20261012,Tablet,Bratislavský kraj,5102,39,0.77%,16.38,,3028
Energy_Client_SK,ProduktLaunch26_Programmatic,IO_ProduktLaunch26_Video,LI_Video_Retarget,20260905,Connected TV,Bratislavský kraj,13644,80,0.59%,48.08,0.0,7994
Energy_Client_SK,ProduktLaunch26_Programmatic,IO_ProduktLaunch26_Video,LI_Video_Prospecting,20261001,Desktop,Bratislavský kraj,24602,139,0.57%,115.76,0.0,14492
Energy_Client_SK,ProduktLaunch26_Programmatic,IO_ProduktLaunch26_Display,LI_Display_Prospecting,20261023,Connected TV,Ostatné SR,4495,27,0.59%,14.37,0.0,2986
Energy_Client_SK,ProduktLaunch26_Programmatic,IO_ProduktLaunch26_Display,LI_Native_Prospecting,20261011,Connected TV,Bratislavský kraj,5952,47,0.79%,15.0,0.0,3913
Energy_Client_SK,ProduktLaunch26_Programmatic,IO_ProduktLaunch26_Display,LI_Display_Prospecting,20261015,Mobile,Bratislavský kraj,12234,55,0.45%,27.08,,9281
Energy_Client_SK,ProduktLaunch26_Programmatic,IO_ProduktLaunch26_Display,LI_Native_Prospecting,20260826,Desktop,Ostatné SR,9411,75,0.79%,27.87,0.0,5800
Energy_Client_SK,ProduktLaunch26_Programmatic,IO_ProduktLaunch26_Video,LI_Video_Prospecting,20260816,Desktop,Bratislavský kraj,13879,105,0.75%,58.93,,7945
Energy_Client_SK,ProduktLaunch26_Programmatic,IO_ProduktLaunch26_Display,LI_Display_Retarget,20261020,Mobile,Košický kraj,11935,73,0.61%,41.3,,8165
Energy_Client_SK,ProduktLaunch26_Programmatic,IO_ProduktLaunch26_Video,LI_Video_Retarget,20260927,Desktop,Bratislavský kraj,18104,101,0.56%,86.44,0.0,12682
Energy_Client_SK,ProduktLaunch26_Programmatic,IO_ProduktLaunch26_Display,LI_Display_Prospecting,20260913,Tablet,Ostatné SR,5336,20,0.38%,14.81,0.0,3442
Energy_Client_SK,ProduktLaunch26_Programmatic,IO_ProduktLaunch26_Display,LI_Display_Prospecting,20260831,Mobile,Bratislavský kraj,10531,30,0.28%,24.42,0.0,7124
Energy_Client_SK,ProduktLaunch26_Programmatic,IO_ProduktLaunch26_Video,LI_Audio_Awareness,20261013,Mobile,Ostatné SR,9805,25,0.25%,19.34,0.0,6623
Energy_Client_SK,ProduktLaunch26_Programmatic,IO_ProduktLaunch26_Video,LI_Video_Prospecting,20260915,Connected TV,Košický kraj,9871,40,0.4%,47.23,,7302
Energy_Client_SK,ProduktLaunch26_Programmatic,IO_ProduktLaunch26_Display,LI_Display_Retarget,20260913,Tablet,Košický kraj,4975,23,0.47%,16.33,,2736
Energy_Client_SK,ProduktLaunch26_Programmatic,IO_ProduktLaunch26_Video,LI_Video_Prospecting,20261005,Connected TV,Bratislavský kraj,11029,55,0.5%,40.53,0.0,8539
Energy_Client_SK,ProduktLaunch26_Programmatic,IO_ProduktLaunch26_Video,LI_Video_Prospecting,20261005,Tablet,Košický kraj,4536,23,0.51%,13.98,,3031
Energy_Client_SK,ProduktLaunch26_Programmatic,IO_ProduktLaunch26_Display,LI_Display_Retarget,20260914,Connected TV,Bratislavský kraj,7072,43,0.6%,17.87,0.0,4123
Energy_Client_SK,ProduktLaunch26_Programmatic,IO_ProduktLaunch26_Display,LI_Display_Prospecting,20260824,Mobile,Bratislavský kraj,10932,62,0.57%,33.48,0.0,7960
Energy_Client_SK,ProduktLaunch26_Programmatic,IO_ProduktLaunch26_Display,LI_Display_Retarget,20260930,Desktop,Ostatné SR,7893,44,0.56%,27.43,0.0,6091
Energy_Client_SK,ProduktLaunch26_Programmatic,IO_ProduktLaunch26_Display,LI_Display_Retarget,20260828,Desktop,Košický kraj,8775,29,0.33%,22.8,,6551
Energy_Client_SK,ProduktLaunch26_Programmatic,IO_ProduktLaunch26_Video,LI_Video_Retarget,20260920,Tablet,Ostatné SR,4321,22,0.51%,15.47,,3184
Energy_Client_SK,ProduktLaunch26_Programmatic,IO_ProduktLaunch26_Video,LI_Video_Retarget,20260912,Tablet,Košický kraj,6318,63,1.0%,24.7,0.0,4736
Energy_Client_SK,ProduktLaunch26_Programmatic,IO_ProduktLaunch26_Display,LI_Display_Retarget,20261007,Desktop,Bratislavský kraj,12432,69,0.56%,28.88,0.0,8974
Energy_Client_SK,ProduktLaunch26_Programmatic,IO_ProduktLaunch26_Display,LI_Display_Prospecting,20260826,Tablet,Košický kraj,5112,16,0.32%,12.75,0.0,3555
Energy_Client_SK,ProduktLaunch26_Programmatic,IO_ProduktLaunch26_Display,LI_Display_Prospecting,20261028,Desktop,Ostatné SR,10009,28,0.28%,19.39,,6925
Energy_Client_SK,ProduktLaunch26_Programmatic,IO_ProduktLaunch26_Display,LI_Display_Retarget,20260819,Mobile,Ostatné SR,8688,45,0.51%,27.88,0.0,5775
Energy_Client_SK,ProduktLaunch26_Programmatic,IO_ProduktLaunch26_Display,LI_Native_Prospecting,20260916,Connected TV,Košický kraj,3481,19,0.54%,10.35,0.0,2378
Energy_Client_SK,ProduktLaunch26_Programmatic,IO_ProduktLaunch26_Video,LI_Video_Prospecting,20261006,Tablet,Ostatné SR,4771,32,0.66%,23.27,,3749
Energy_Client_SK,ProduktLaunch26_Programmatic,IO_ProduktLaunch26_Video,LI_Video_Retarget,20261016,Connected TV,Bratislavský kraj,12303,73,0.59%,43.42,0.0,6881
Energy_Client_SK,ProduktLaunch26_Programmatic,IO_ProduktLaunch26_Display,LI_Display_Prospecting,20260914,Tablet,Bratislavský kraj,6586,30,0.45%,17.37,,4690
Energy_Client_SK,ProduktLaunch26_Programmatic,IO_ProduktLaunch26_Video,LI_Audio_Awareness,20261023,Tablet,Košický kraj,2599,8,0.31%,5.94,,1857
Energy_Client_SK,ProduktLaunch26_Programmatic,IO_ProduktLaunch26_Video,LI_Video_Retarget,20260824,Desktop,Košický kraj,8189,75,0.91%,37.2,0.0,5833
Energy_Client_SK,ProduktLaunch26_Programmatic,IO_ProduktLaunch26_Display,LI_Native_Prospecting,20260921,Desktop,Košický kraj,8211,35,0.43%,24.46,,5865
Energy_Client_SK,ProduktLaunch26_Programmatic,IO_ProduktLaunch26_Display,LI_Display_Retarget,20261025,Connected TV,Košický kraj,5463,38,0.69%,11.05,,3072
Energy_Client_SK,ProduktLaunch26_Programmatic,IO_ProduktLaunch26_Display,LI_Display_Retarget,20260914,Connected TV,Košický kraj,6424,26,0.41%,18.55,,3860
Energy_Client_SK,ProduktLaunch26_Programmatic,IO_ProduktLaunch26_Display,LI_Native_Prospecting,20261008,Mobile,Bratislavský kraj,14855,93,0.63%,34.02,,9961
Energy_Client_SK,ProduktLaunch26_Programmatic,IO_ProduktLaunch26_Video,LI_Video_Prospecting,20260831,Mobile,Košický kraj,16949,84,0.49%,52.94,0.0,10025
Energy_Client_SK,ProduktLaunch26_Programmatic,IO_ProduktLaunch26_Video,LI_Audio_Awareness,20261002,Tablet,Ostatné SR,3409,16,0.46%,7.86,0.0,2504
Energy_Client_SK,ProduktLaunch26_Programmatic,IO_ProduktLaunch26_Display,LI_Display_Retarget,20260816,Connected TV,Ostatné SR,4856,22,0.46%,14.79,,3674
Energy_Client_SK,ProduktLaunch26_Programmatic,IO_ProduktLaunch26_Video,LI_Video_Prospecting,20260828,Connected TV,Ostatné SR,10394,79,0.76%,35.24,,6264
Energy_Client_SK,ProduktLaunch26_Programmatic,IO_ProduktLaunch26_Video,LI_Video_Retarget,20260909,Tablet,Bratislavský kraj,10139,108,1.07%,41.88,,7223
Energy_Client_SK,ProduktLaunch26_Programmatic,IO_ProduktLaunch26_Video,LI_Video_Retarget,20261024,Mobile,Košický kraj,14583,95,0.65%,59.37,0.0,8484
Energy_Client_SK,ProduktLaunch26_Programmatic,IO_ProduktLaunch26_Display,LI_Native_Prospecting,20261027,Desktop,Košický kraj,8512,41,0.49%,25.87,0.0,6127
Energy_Client_SK,ProduktLaunch26_Programmatic,IO_ProduktLaunch26_Video,LI_Video_Retarget,20260821,Tablet,Ostatné SR,3919,34,0.87%,12.78,0.0,2874
Energy_Client_SK,ProduktLaunch26_Programmatic,IO_ProduktLaunch26_Display,LI_Display_Prospecting,20260827,Desktop,Ostatné SR,7963,42,0.53%,17.18,0.0,5393
Energy_Client_SK,ProduktLaunch26_Programmatic,IO_ProduktLaunch26_Display,LI_Display_Prospecting,20260917,Mobile,Bratislavský kraj,16621,49,0.29%,40.41,0.0,12216
Energy_Client_SK,ProduktLaunch26_Programmatic,IO_ProduktLaunch26_Display,LI_Display_Retarget,20261004,Tablet,Košický kraj,2619,18,0.68%,7.42,0.0,1773
Energy_Client_SK,ProduktLaunch26_Programmatic,IO_ProduktLaunch26_Display,LI_Display_Retarget,20261018,Tablet,Bratislavský kraj,8290,30,0.36%,25.08,0.0,4979
Energy_Client_SK,ProduktLaunch26_Programmatic,IO_ProduktLaunch26_Display,LI_Display_Prospecting,20260830,Connected TV,Bratislavský kraj,13376,56,0.42%,28.06,0.0,7375
Energy_Client_SK,ProduktLaunch26_Programmatic,IO_ProduktLaunch26_Display,LI_Native_Prospecting,20260815,Desktop,Bratislavský kraj,14408,71,0.49%,52.8,,11392
Energy_Client_SK,ProduktLaunch26_Programmatic,IO_ProduktLaunch26_Display,LI_Display_Prospecting,20260815,Desktop,Košický kraj,9603,37,0.38%,23.3,,7207
Energy_Client_SK,ProduktLaunch26_Programmatic,IO_ProduktLaunch26_Display,LI_Native_Prospecting,20261025,Connected TV,Ostatné SR,6724,37,0.56%,24.53,0.0,5057
Energy_Client_SK,ProduktLaunch26_Programmatic,IO_ProduktLaunch26_Video,LI_Video_Retarget,20261002,Connected TV,Ostatné SR,7432,56,0.76%,35.25,,4157
Energy_Client_SK,ProduktLaunch26_Programmatic,IO_ProduktLaunch26_Video,LI_Video_Retarget,20260817,Tablet,Ostatné SR,8162,72,0.88%,36.4,,6483
Energy_Client_SK,ProduktLaunch26_Programmatic,IO_ProduktLaunch26_Video,LI_Video_Retarget,20260829,Connected TV,Ostatné SR,6452,47,0.73%,30.89,,4065
Energy_Client_SK,ProduktLaunch26_Programmatic,IO_ProduktLaunch26_Video,LI_Video_Retarget,20261003,Tablet,Ostatné SR,8102,86,1.06%,38.96,0.0,4888
Energy_Client_SK,ProduktLaunch26_Programmatic,IO_ProduktLaunch26_Display,LI_Native_Prospecting,20260921,Mobile,Košický kraj,6669,51,0.77%,20.54,0.0,3774
Energy_Client_SK,ProduktLaunch26_Programmatic,IO_ProduktLaunch26_Display,LI_Display_Prospecting,20261022,Desktop,Košický kraj,8241,36,0.43%,19.36,0.0,6534
Energy_Client_SK,ProduktLaunch26_Programmatic,IO_ProduktLaunch26_Display,LI_Native_Prospecting,20261026,Connected TV,Košický kraj,5007,34,0.68%,14.2,,3012
Energy_Client_SK,ProduktLaunch26_Programmatic,IO_ProduktLaunch26_Display,LI_Native_Prospecting,20260818,Connected TV,Košický kraj,6187,31,0.5%,17.72,,4739
Energy_Client_SK,ProduktLaunch26_Programmatic,IO_ProduktLaunch26_Display,LI_Native_Prospecting,20260916,Connected TV,Ostatné SR,6445,27,0.42%,16.31,0.0,4918
Energy_Client_SK,ProduktLaunch26_Programmatic,IO_ProduktLaunch26_Display,LI_Display_Prospecting,20261026,Tablet,Ostatné SR,6209,32,0.52%,11.38,0.0,4627
Energy_Client_SK,ProduktLaunch26_Programmatic,IO_ProduktLaunch26_Display,LI_Display_Retarget,20261024,Desktop,Bratislavský kraj,12655,40,0.31%,41.99,0.0,9654
Energy_Client_SK,ProduktLaunch26_Programmatic,IO_ProduktLaunch26_Video,LI_Video_Retarget,20261011,Desktop,Ostatné SR,10437,82,0.79%,40.73,0.0,5892
Energy_Client_SK,ProduktLaunch26_Programmatic,IO_ProduktLaunch26_Display,LI_Native_Prospecting,20260912,Desktop,Ostatné SR,10542,81,0.77%,30.59,,7397
Energy_Client_SK,ProduktLaunch26_Programmatic,IO_ProduktLaunch26_Display,LI_Display_Retarget,20261007,Connected TV,Košický kraj,4596,26,0.57%,13.16,,2834
Energy_Client_SK,ProduktLaunch26_Programmatic,IO_ProduktLaunch26_Video,LI_Video_Prospecting,20260927,Mobile,Ostatné SR,18278,109,0.6%,85.5,,11311
Energy_Client_SK,ProduktLaunch26_Programmatic,IO_ProduktLaunch26_Video,LI_Video_Retarget,20260823,Mobile,Košický kraj,9243,67,0.72%,39.2,,6259
Energy_Client_SK,ProduktLaunch26_Programmatic,IO_ProduktLaunch26_Display,LI_Native_Prospecting,20260820,Tablet,Bratislavský kraj,4175,18,0.44%,15.39,0.0,2915
Energy_Client_SK,ProduktLaunch26_Programmatic,IO_ProduktLaunch26_Display,LI_Display_Retarget,20260925,Desktop,Bratislavský kraj,10092,36,0.35%,27.52,0.0,5680
Energy_Client_SK,ProduktLaunch26_Programmatic,IO_ProduktLaunch26_Video,LI_Audio_Awareness,20260913,Mobile,Ostatné SR,9738,45,0.47%,23.58,0.0,6584
Energy_Client_SK,ProduktLaunch26_Programmatic,IO_ProduktLaunch26_Video,LI_Audio_Awareness,20260823,Connected TV,Bratislavský kraj,9433,24,0.26%,22.23,,7160
Energy_Client_SK,ProduktLaunch26_Programmatic,IO_ProduktLaunch26_Video,LI_Audio_Awareness,20260927,Connected TV,Košický kraj,5105,12,0.24%,12.52,,3609
Energy_Client_SK,ProduktLaunch26_Programmatic,IO_ProduktLaunch26_Video,LI_Video_Prospecting,20260903,Desktop,Ostatné SR,17182,128,0.74%,53.17,,11440
Energy_Client_SK,ProduktLaunch26_Programmatic,IO_ProduktLaunch26_Display,LI_Display_Retarget,20260928,Mobile,Košický kraj,11313,58,0.52%,39.22,,6565
Energy_Client_SK,ProduktLaunch26_Programmatic,IO_ProduktLaunch26_Display,LI_Display_Prospecting,20260816,Mobile,Bratislavský kraj,23423,116,0.49%,43.15,0.0,14357
Energy_Client_SK,ProduktLaunch26_Programmatic,IO_ProduktLaunch26_Display,LI_Native_Prospecting,20260924,Tablet,Bratislavský kraj,4606,32,0.7%,16.74,,2543
Energy_Client_SK,ProduktLaunch26_Programmatic,IO_ProduktLaunch26_Display,LI_Display_Retarget,20261013,Tablet,Košický kraj,3733,20,0.52%,10.47,0.0,2968
Energy_Client_SK,ProduktLaunch26_Programmatic,IO_ProduktLaunch26_Display,LI_Display_Prospecting,20260816,Tablet,Ostatné SR,5760,24,0.42%,18.43,0.0,4598
Energy_Client_SK,ProduktLaunch26_Programmatic,IO_ProduktLaunch26_Display,LI_Display_Prospecting,20260911,Connected TV,Bratislavský kraj,9002,32,0.35%,25.77,,6495
Energy_Client_SK,ProduktLaunch26_Programmatic,IO_ProduktLaunch26_Video,LI_Video_Prospecting,20261010,Desktop,Ostatné SR,17845,123,0.69%,82.07,,11838
Energy_Client_SK,ProduktLaunch26_Programmatic,IO_ProduktLaunch26_Video,LI_Video_Retarget,20261026,Desktop,Bratislavský kraj,15929,124,0.78%,58.07,,11395
Energy_Client_SK,ProduktLaunch26_Programmatic,IO_ProduktLaunch26_Display,LI_Display_Prospecting,20260916,Desktop,Ostatné SR,9823,43,0.44%,24.19,,6504
Energy_Client_SK,ProduktLaunch26_Programmatic,IO_ProduktLaunch26_Display,LI_Display_Prospecting,20260927,Mobile,Košický kraj,8692,32,0.36%,20.22,0.0,5150
Energy_Client_SK,ProduktLaunch26_Programmatic,IO_ProduktLaunch26_Display,LI_Display_Prospecting,20260919,Desktop,Bratislavský kraj,16752,55,0.33%,33.12,,11552
Energy_Client_SK,ProduktLaunch26_Programmatic,IO_ProduktLaunch26_Video,LI_Video_Prospecting,20260915,Tablet,Košický kraj,4219,20,0.47%,14.4,0.0,3326
Energy_Client_SK,ProduktLaunch26_Programmatic,IO_ProduktLaunch26_Video,LI_Video_Retarget,20261023,Connected TV,Bratislavský kraj,8695,96,1.1%,29.74,,5177
Energy_Client_SK,ProduktLaunch26_Programmatic,IO_ProduktLaunch26_Display,LI_Native_Prospecting,20260822,Desktop,Bratislavský kraj,8013,35,0.44%,20.74,0.0,4975
Energy_Client_SK,ProduktLaunch26_Programmatic,IO_ProduktLaunch26_Display,LI_Display_Retarget,20261015,Desktop,Bratislavský kraj,15454,99,0.64%,51.04,,10418
Energy_Client_SK,ProduktLaunch26_Programmatic,IO_ProduktLaunch26_Display,LI_Display_Retarget,20260830,Tablet,Bratislavský kraj,5225,28,0.53%,17.43,,4087
Energy_Client_SK,ProduktLaunch26_Programmatic,IO_ProduktLaunch26_Video,LI_Video_Prospecting,20260817,Desktop,Ostatné SR,11465,85,0.74%,40.43,0.0,8458
Energy_Client_SK,ProduktLaunch26_Programmatic,IO_ProduktLaunch26_Video,LI_Video_Prospecting,20260827,Desktop,Košický kraj,8338,67,0.8%,35.67,,5952
Energy_Client_SK,ProduktLaunch26_Programmatic,IO_ProduktLaunch26_Display,LI_Display_Prospecting,20261020,Desktop,Bratislavský kraj,9086,50,0.55%,25.7,,5825
Energy_Client_SK,ProduktLaunch26_Programmatic,IO_ProduktLaunch26_Video,LI_Audio_Awareness,20260901,Mobile,Košický kraj,10910,31,0.28%,28.08,0.0,6971
Energy_Client_SK,ProduktLaunch26_Programmatic,IO_ProduktLaunch26_Display,LI_Display_Retarget,20261015,Connected TV,Bratislavský kraj,6424,40,0.63%,19.44,0.0,4077
Energy_Client_SK,ProduktLaunch26_Programmatic,IO_ProduktLaunch26_Display,LI_Display_Retarget,20261001,Desktop,Košický kraj,10159,43,0.42%,26.45,,5830
Energy_Client_SK,ProduktLaunch26_Programmatic,IO_ProduktLaunch26_Display,LI_Display_Retarget,20260826,Desktop,Košický kraj,10373,67,0.65%,21.38,,6320
Energy_Client_SK,ProduktLaunch26_Programmatic,IO_ProduktLaunch26_Display,LI_Display_Retarget,20261002,Mobile,Bratislavský kraj,13738,63,0.46%,30.58,0.0,7959
Energy_Client_SK,ProduktLaunch26_Programmatic,IO_ProduktLaunch26_Display,LI_Display_Retarget,20261013,Mobile,Košický kraj,7168,45,0.63%,15.95,,4123
Energy_Client_SK,ProduktLaunch26_Programmatic,IO_ProduktLaunch26_Video,LI_Video_Prospecting,20260903,Connected TV,Košický kraj,6287,39,0.62%,30.1,,4651
Energy_Client_SK,ProduktLaunch26_Programmatic,IO_ProduktLaunch26_Video,LI_Video_Retarget,20261001,Desktop,Ostatné SR,10068,77,0.77%,37.86,,6682
Energy_Client_SK,ProduktLaunch26_Programmatic,IO_ProduktLaunch26_Display,LI_Display_Retarget,20261016,Desktop,Košický kraj,8432,26,0.31%,22.06,0.0,4993
Energy_Client_SK,ProduktLaunch26_Programmatic,IO_ProduktLaunch26_Display,LI_Native_Prospecting,20260816,Connected TV,Košický kraj,4577,36,0.78%,15.06,0.0,2552
Energy_Client_SK,ProduktLaunch26_Programmatic,IO_ProduktLaunch26_Display,LI_Display_Retarget,20260826,Desktop,Bratislavský kraj,15733,52,0.33%,44.94,,9515
Energy_Client_SK,ProduktLaunch26_Programmatic,IO_ProduktLaunch26_Display,LI_Display_Retarget,20261019,Connected TV,Bratislavský kraj,11451,67,0.58%,34.06,0.0,8655
Energy_Client_SK,ProduktLaunch26_Programmatic,IO_ProduktLaunch26_Video,LI_Video_Prospecting,20260922,Tablet,Košický kraj,6393,52,0.82%,28.18,,3718
Energy_Client_SK,ProduktLaunch26_Programmatic,IO_ProduktLaunch26_Display,LI_Display_Retarget,20260818,Tablet,Košický kraj,2475,14,0.56%,6.98,0.0,1568
Energy_Client_SK,ProduktLaunch26_Programmatic,IO_ProduktLaunch26_Display,LI_Display_Retarget,20261026,Tablet,Ostatné SR,3850,22,0.57%,8.44,,2199
Energy_Client_SK,ProduktLaunch26_Programmatic,IO_ProduktLaunch26_Video,LI_Audio_Awareness,20260820,Mobile,Bratislavský kraj,19002,57,0.3%,31.54,,13981
Energy_Client_SK,ProduktLaunch26_Programmatic,IO_ProduktLaunch26_Video,LI_Audio_Awareness,20260919,Desktop,Ostatné SR,8854,44,0.5%,20.63,0.0,5126
Energy_Client_SK,ProduktLaunch26_Programmatic,IO_ProduktLaunch26_Display,LI_Display_Prospecting,20261014,Mobile,Košický kraj,9955,28,0.28%,20.18,0.0,6432
Energy_Client_SK,ProduktLaunch26_Programmatic,IO_ProduktLaunch26_Display,LI_Display_Retarget,20260917,Mobile,Bratislavský kraj,21073,95,0.45%,72.53,0.0,14205
Energy_Client_SK,ProduktLaunch26_Programmatic,IO_ProduktLaunch26_Video,LI_Video_Prospecting,20261009,Mobile,Ostatné SR,14551,79,0.54%,61.94,0.0,10190
Energy_Client_SK,ProduktLaunch26_Programmatic,IO_ProduktLaunch26_Display,LI_Display_Prospecting,20260928,Tablet,Bratislavský kraj,10284,47,0.46%,30.95,,7545
Energy_Client_SK,ProduktLaunch26_Programmatic,IO_ProduktLaunch26_Display,LI_Display_Prospecting,20261008,Mobile,Košický kraj,11777,69,0.59%,26.58,,7613
Energy_Client_SK,ProduktLaunch26_Programmatic,IO_ProduktLaunch26_Display,LI_Display_Prospecting,20261002,Desktop,Košický kraj,9486,24,0.26%,23.08,,5788
Energy_Client_SK,ProduktLaunch26_Programmatic,IO_ProduktLaunch26_Video,LI_Video_Prospecting,20260829,Mobile,Ostatné SR,18975,112,0.59%,83.9,,11043
Energy_Client_SK,ProduktLaunch26_Programmatic,IO_ProduktLaunch26_Display,LI_Display_Retarget,20260923,Connected TV,Bratislavský kraj,7364,41,0.56%,24.63,0.0,5425
Energy_Client_SK,ProduktLaunch26_Programmatic,IO_ProduktLaunch26_Video,LI_Audio_Awareness,20261001,Connected TV,Ostatné SR,5908,24,0.41%,12.79,0.0,4459
Energy_Client_SK,ProduktLaunch26_Programmatic,IO_ProduktLaunch26_Video,LI_Video_Prospecting,20260901,Connected TV,Bratislavský kraj,9525,59,0.62%,32.0,,7460
Energy_Client_SK,ProduktLaunch26_Programmatic,IO_ProduktLaunch26_Video,LI_Video_Retarget,20260815,Mobile,Košický kraj,13553,120,0.88%,65.24,,8657
Energy_Client_SK,ProduktLaunch26_Programmatic,IO_ProduktLaunch26_Video,LI_Audio_Awareness,20261014,Desktop,Ostatné SR,8541,31,0.36%,19.88,0.0,5844
Energy_Client_SK,ProduktLaunch26_Programmatic,IO_ProduktLaunch26_Video,LI_Video_Prospecting,20260919,Mobile,Ostatné SR,13630,80,0.59%,61.28,0.0,9966
Energy_Client_SK,ProduktLaunch26_Programmatic,IO_ProduktLaunch26_Video,LI_Audio_Awareness,20260902,Desktop,Bratislavský kraj,7397,32,0.43%,16.93,0.0,4309
Energy_Client_SK,ProduktLaunch26_Programmatic,IO_ProduktLaunch26_Video,LI_Audio_Awareness,20260821,Mobile,Bratislavský kraj,16986,52,0.31%,26.58,,12284
Energy_Client_SK,ProduktLaunch26_Programmatic,IO_ProduktLaunch26_Video,LI_Video_Retarget,20260828,Desktop,Košický kraj,8880,82,0.92%,41.4,,5356
Energy_Client_SK,ProduktLaunch26_Programmatic,IO_ProduktLaunch26_Video,LI_Audio_Awareness,20260929,Tablet,Bratislavský kraj,4797,14,0.3%,8.08,0.0,3440
Energy_Client_SK,ProduktLaunch26_Programmatic,IO_ProduktLaunch26_Display,LI_Native_Prospecting,20260925,Connected TV,Košický kraj,4679,28,0.61%,14.77,0.0,3016
Energy_Client_SK,ProduktLaunch26_Programmatic,IO_ProduktLaunch26_Display,LI_Native_Prospecting,20260904,Desktop,Ostatné SR,9286,47,0.5%,33.85,0.0,5436
Energy_Client_SK,ProduktLaunch26_Programmatic,IO_ProduktLaunch26_Display,LI_Display_Retarget,20260906,Desktop,Ostatné SR,8408,40,0.47%,17.95,0.0,5586
Energy_Client_SK,ProduktLaunch26_Programmatic,IO_ProduktLaunch26_Display,LI_Native_Prospecting,20260907,Tablet,Ostatné SR,3413,15,0.44%,11.54,,1917
Energy_Client_SK,ProduktLaunch26_Programmatic,IO_ProduktLaunch26_Display,LI_Native_Prospecting,20260913,Desktop,Ostatné SR,8673,68,0.79%,29.85,,6393
Energy_Client_SK,ProduktLaunch26_Programmatic,IO_ProduktLaunch26_Video,LI_Video_Retarget,20260826,Tablet,Bratislavský kraj,8224,45,0.55%,33.01,,6275
Energy_Client_SK,ProduktLaunch26_Programmatic,IO_ProduktLaunch26_Display,LI_Native_Prospecting,20261027,Mobile,Košický kraj,10022,80,0.8%,30.87,0.0,6094
Energy_Client_SK,ProduktLaunch26_Programmatic,IO_ProduktLaunch26_Video,LI_Video_Prospecting,20261012,Tablet,Ostatné SR,6031,29,0.48%,25.53,,4427
Energy_Client_SK,ProduktLaunch26_Programmatic,IO_ProduktLaunch26_Video,LI_Video_Retarget,20261014,Connected TV,Košický kraj,7637,63,0.83%,26.88,,5209
Energy_Client_SK,ProduktLaunch26_Programmatic,IO_ProduktLaunch26_Video,LI_Video_Prospecting,20260827,Mobile,Košický kraj,16266,88,0.54%,66.89,,9996
Energy_Client_SK,ProduktLaunch26_Programmatic,IO_ProduktLaunch26_Video,LI_Video_Retarget,20260911,Desktop,Košický kraj,11000,62,0.56%,41.5,0.0,8589
Energy_Client_SK,ProduktLaunch26_Programmatic,IO_ProduktLaunch26_Video,LI_Audio_Awareness,20261022,Connected TV,Košický kraj,6146,16,0.26%,15.16,,3883
Energy_Client_SK,ProduktLaunch26_Programmatic,IO_ProduktLaunch26_Video,LI_Video_Prospecting,20261021,Mobile,Ostatné SR,14750,70,0.47%,48.6,,9840
Energy_Client_SK,ProduktLaunch26_Programmatic,IO_ProduktLaunch26_Video,LI_Video_Retarget,20260901,Tablet,Bratislavský kraj,7170,76,1.06%,28.79,,5389
Energy_Client_SK,ProduktLaunch26_Programmatic,IO_ProduktLaunch26_Video,LI_Video_Retarget,20261024,Mobile,Bratislavský kraj,15260,149,0.98%,77.85,,8829
Energy_Client_SK,ProduktLaunch26_Programmatic,IO_ProduktLaunch26_Display,LI_Display_Retarget,20260901,Desktop,Ostatné SR,12986,75,0.58%,35.73,,8113
Energy_Client_SK,ProduktLaunch26_Programmatic,IO_ProduktLaunch26_Display,LI_Native_Prospecting,20260821,Mobile,Košický kraj,6157,27,0.44%,20.8,0.0,4712
Energy_Client_SK,ProduktLaunch26_Programmatic,IO_ProduktLaunch26_Video,LI_Video_Retarget,20261017,Desktop,Košický kraj,12243,79,0.64%,43.66,,7616
Energy_Client_SK,ProduktLaunch26_Programmatic,IO_ProduktLaunch26_Display,LI_Display_Retarget,20260930,Connected TV,Ostatné SR,5554,38,0.69%,16.97,0.0,4214
Energy_Client_SK,ProduktLaunch26_Programmatic,IO_ProduktLaunch26_Display,LI_Native_Prospecting,20261027,Mobile,Ostatné SR,11020,80,0.73%,26.36,,6145
Energy_Client_SK,ProduktLaunch26_Programmatic,IO_ProduktLaunch26_Video,LI_Audio_Awareness,20261006,Mobile,Bratislavský kraj,18551,46,0.25%,47.25,0.0,13924
Energy_Client_SK,ProduktLaunch26_Programmatic,IO_ProduktLaunch26_Display,LI_Display_Retarget,20260913,Tablet,Bratislavský kraj,7532,31,0.41%,19.08,0.0,4293
Energy_Client_SK,ProduktLaunch26_Programmatic,IO_ProduktLaunch26_Video,LI_Audio_Awareness,20261027,Mobile,Bratislavský kraj,16820,48,0.29%,39.63,0.0,10889
Energy_Client_SK,ProduktLaunch26_Programmatic,IO_ProduktLaunch26_Display,LI_Display_Prospecting,20260928,Desktop,Košický kraj,11449,34,0.3%,31.37,,8753
Energy_Client_SK,ProduktLaunch26_Programmatic,IO_ProduktLaunch26_Display,LI_Display_Prospecting,20261002,Connected TV,Bratislavský kraj,8938,53,0.59%,25.8,,6737
Energy_Client_SK,ProduktLaunch26_Programmatic,IO_ProduktLaunch26_Video,LI_Video_Retarget,20261014,Connected TV,Bratislavský kraj,12285,116,0.94%,60.75,0.0,8010
Energy_Client_SK,ProduktLaunch26_Programmatic,IO_ProduktLaunch26_Video,LI_Video_Prospecting,20261019,Connected TV,Bratislavský kraj,14100,115,0.82%,55.22,0.0,8558
Energy_Client_SK,ProduktLaunch26_Programmatic,IO_ProduktLaunch26_Video,LI_Audio_Awareness,20261007,Connected TV,Košický kraj,4917,21,0.42%,8.17,,3592
Energy_Client_SK,ProduktLaunch26_Programmatic,IO_ProduktLaunch26_Video,LI_Video_Retarget,20260908,Connected TV,Bratislavský kraj,10971,63,0.58%,47.36,,6092
Energy_Client_SK,ProduktLaunch26_Programmatic,IO_ProduktLaunch26_Video,LI_Video_Retarget,20260913,Connected TV,Bratislavský kraj,12276,110,0.89%,41.57,,7285
Energy_Client_SK,ProduktLaunch26_Programmatic,IO_ProduktLaunch26_Display,LI_Display_Retarget,20260827,Mobile,Košický kraj,7708,29,0.38%,24.24,,4433
Energy_Client_SK,ProduktLaunch26_Programmatic,IO_ProduktLaunch26_Display,LI_Display_Retarget,20260902,Connected TV,Bratislavský kraj,12246,72,0.58%,34.33,0.0,8348
Energy_Client_SK,ProduktLaunch26_Programmatic,IO_ProduktLaunch26_Display,LI_Native_Prospecting,20260911,Desktop,Bratislavský kraj,15083,70,0.46%,48.99,0.0,10253
Energy_Client_SK,ProduktLaunch26_Programmatic,IO_ProduktLaunch26_Display,LI_Native_Prospecting,20260905,Tablet,Bratislavský kraj,4397,34,0.78%,10.59,0.0,2430
Energy_Client_SK,ProduktLaunch26_Programmatic,IO_ProduktLaunch26_Display,LI_Display_Prospecting,20260930,Connected TV,Ostatné SR,6390,24,0.38%,20.09,,4736
Energy_Client_SK,ProduktLaunch26_Programmatic,IO_ProduktLaunch26_Display,LI_Display_Retarget,20261005,Connected TV,Bratislavský kraj,8870,36,0.41%,22.49,,5540
Energy_Client_SK,ProduktLaunch26_Programmatic,IO_ProduktLaunch26_Display,LI_Native_Prospecting,20261011,Tablet,Košický kraj,3059,23,0.77%,10.85,,2173
Energy_Client_SK,ProduktLaunch26_Programmatic,IO_ProduktLaunch26_Video,LI_Video_Retarget,20260830,Desktop,Košický kraj,8752,96,1.09%,44.88,0.0,6716
Energy_Client_SK,ProduktLaunch26_Programmatic,IO_ProduktLaunch26_Display,LI_Display_Prospecting,20261018,Desktop,Košický kraj,8532,42,0.49%,16.24,0.0,5541
Energy_Client_SK,ProduktLaunch26_Programmatic,IO_ProduktLaunch26_Video,LI_Audio_Awareness,20260909,Mobile,Košický kraj,9739,38,0.39%,20.96,0.0,7689
Energy_Client_SK,ProduktLaunch26_Programmatic,IO_ProduktLaunch26_Video,LI_Video_Retarget,20260914,Mobile,Košický kraj,8367,44,0.52%,28.44,,5074
Energy_Client_SK,ProduktLaunch26_Programmatic,IO_ProduktLaunch26_Display,LI_Native_Prospecting,20260909,Desktop,Bratislavský kraj,14608,84,0.58%,45.68,0.0,9726
Energy_Client_SK,ProduktLaunch26_Programmatic,IO_ProduktLaunch26_Video,LI_Audio_Awareness,20260822,Tablet,Košický kraj,2714,10,0.35%,5.89,,1963
Energy_Client_SK,ProduktLaunch26_Programmatic,IO_ProduktLaunch26_Video,LI_Video_Prospecting,20260912,Tablet,Košický kraj,7028,62,0.88%,23.69,,5608
Energy_Client_SK,ProduktLaunch26_Programmatic,IO_ProduktLaunch26_Display,LI_Display_Retarget,20260917,Desktop,Košický kraj,7464,36,0.49%,23.6,0.0,4791
Energy_Client_SK,ProduktLaunch26_Programmatic,IO_ProduktLaunch26_Display,LI_Display_Prospecting,20260918,Tablet,Ostatné SR,5403,18,0.33%,12.73,,3959
Energy_Client_SK,ProduktLaunch26_Programmatic,IO_ProduktLaunch26_Display,LI_Display_Retarget,20261007,Desktop,Košický kraj,9527,32,0.33%,25.22,,6427
Energy_Client_SK,ProduktLaunch26_Programmatic,IO_ProduktLaunch26_Video,LI_Audio_Awareness,20261003,Mobile,Bratislavský kraj,9861,43,0.44%,23.78,,7758
Energy_Client_SK,ProduktLaunch26_Programmatic,IO_ProduktLaunch26_Display,LI_Display_Retarget,20261017,Mobile,Košický kraj,8539,45,0.53%,20.34,0.0,5129
Energy_Client_SK,ProduktLaunch26_Programmatic,IO_ProduktLaunch26_Video,LI_Video_Prospecting,20260830,Desktop,Košický kraj,10964,93,0.85%,33.56,,6750
Energy_Client_SK,ProduktLaunch26_Programmatic,IO_ProduktLaunch26_Display,LI_Display_Retarget,20261013,Desktop,Bratislavský kraj,18315,61,0.33%,48.73,,13067
Energy_Client_SK,ProduktLaunch26_Programmatic,IO_ProduktLaunch26_Display,LI_Native_Prospecting,20260929,Connected TV,Ostatné SR,4229,31,0.73%,12.09,0.0,2520
Energy_Client_SK,ProduktLaunch26_Programmatic,IO_ProduktLaunch26_Video,LI_Audio_Awareness,20261015,Connected TV,Košický kraj,3252,15,0.47%,6.25,,2099
Energy_Client_SK,ProduktLaunch26_Programmatic,IO_ProduktLaunch26_Video,LI_Video_Prospecting,20260830,Mobile,Košický kraj,10834,60,0.55%,52.56,,7465
Energy_Client_SK,ProduktLaunch26_Programmatic,IO_ProduktLaunch26_Display,LI_Display_Prospecting,20261028,Desktop,Košický kraj,11559,57,0.5%,23.59,,6866
Energy_Client_SK,ProduktLaunch26_Programmatic,IO_ProduktLaunch26_Display,LI_Native_Prospecting,20261001,Tablet,Bratislavský kraj,5320,42,0.79%,17.79,0.0,3899
Energy_Client_SK,ProduktLaunch26_Programmatic,IO_ProduktLaunch26_Video,LI_Video_Prospecting,20260916,Tablet,Ostatné SR,4311,37,0.86%,19.62,,3178
Energy_Client_SK,ProduktLaunch26_Programmatic,IO_ProduktLaunch26_Display,LI_Native_Prospecting,20261015,Mobile,Ostatné SR,13073,65,0.5%,45.38,0.0,8741
Energy_Client_SK,ProduktLaunch26_Programmatic,IO_ProduktLaunch26_Display,LI_Display_Prospecting,20260819,Connected TV,Košický kraj,4024,18,0.44%,11.62,,2884
Energy_Client_SK,ProduktLaunch26_Programmatic,IO_ProduktLaunch26_Video,LI_Video_Prospecting,20260901,Connected TV,Ostatné SR,9649,45,0.47%,46.36,,5426
Energy_Client_SK,ProduktLaunch26_Programmatic,IO_ProduktLaunch26_Video,LI_Audio_Awareness,20261025,Mobile,Košický kraj,7665,36,0.48%,16.0,,4507
Energy_Client_SK,ProduktLaunch26_Programmatic,IO_ProduktLaunch26_Display,LI_Display_Prospecting,20261023,Tablet,Bratislavský kraj,5130,29,0.56%,15.22,,3296
Energy_Client_SK,ProduktLaunch26_Programmatic,IO_ProduktLaunch26_Video,LI_Video_Prospecting,20261011,Desktop,Košický kraj,8955,77,0.86%,29.62,,5996
Energy_Client_SK,ProduktLaunch26_Programmatic,IO_ProduktLaunch26_Display,LI_Native_Prospecting,20260925,Tablet,Košický kraj,3293,22,0.67%,10.35,0.0,1928
Energy_Client_SK,ProduktLaunch26_Programmatic,IO_ProduktLaunch26_Video,LI_Video_Retarget,20260825,Tablet,Košický kraj,3582,18,0.51%,12.03,0.0,2208
Energy_Client_SK,ProduktLaunch26_Programmatic,IO_ProduktLaunch26_Video,LI_Video_Prospecting,20260930,Connected TV,Bratislavský kraj,7807,70,0.9%,34.74,0.0,5269
Energy_Client_SK,ProduktLaunch26_Programmatic,IO_ProduktLaunch26_Display,LI_Display_Retarget,20260823,Connected TV,Ostatné SR,8774,59,0.68%,27.94,,6259
Energy_Client_SK,ProduktLaunch26_Programmatic,IO_ProduktLaunch26_Display,LI_Display_Prospecting,20260919,Mobile,Košický kraj,6994,27,0.38%,15.2,,4861
Energy_Client_SK,ProduktLaunch26_Programmatic,IO_ProduktLaunch26_Display,LI_Display_Retarget,20261026,Mobile,Ostatné SR,14542,70,0.48%,31.73,,9832
Energy_Client_SK,ProduktLaunch26_Programmatic,IO_ProduktLaunch26_Video,LI_Video_Retarget,20260914,Tablet,Bratislavský kraj,10693,83,0.77%,51.7,0.0,6048
Energy_Client_SK,ProduktLaunch26_Programmatic,IO_ProduktLaunch26_Display,LI_Display_Retarget,20260912,Tablet,Ostatné SR,5918,37,0.63%,15.59,,4544
Energy_Client_SK,ProduktLaunch26_Programmatic,IO_ProduktLaunch26_Display,LI_Native_Prospecting,20260923,Tablet,Ostatné SR,5163,38,0.74%,16.73,0.0,4022
Energy_Client_SK,ProduktLaunch26_Programmatic,IO_ProduktLaunch26_Display,LI_Display_Retarget,20260911,Connected TV,Bratislavský kraj,5761,18,0.31%,18.92,0.0,3487
Energy_Client_SK,ProduktLaunch26_Programmatic,IO_ProduktLaunch26_Video,LI_Video_Prospecting,20261014,Mobile,Košický kraj,16645,88,0.53%,78.53,,12579
Energy_Client_SK,ProduktLaunch26_Programmatic,IO_ProduktLaunch26_Display,LI_Native_Prospecting,20260919,Mobile,Ostatné SR,7505,56,0.74%,18.58,0.0,4789
Energy_Client_SK,ProduktLaunch26_Programmatic,IO_ProduktLaunch26_Display,LI_Native_Prospecting,20260907,Tablet,Košický kraj,2797,14,0.51%,8.4,,1908
Energy_Client_SK,ProduktLaunch26_Programmatic,IO_ProduktLaunch26_Display,LI_Native_Prospecting,20260906,Connected TV,Košický kraj,4904,39,0.8%,11.66,0.0,3232
Energy_Client_SK,ProduktLaunch26_Programmatic,IO_ProduktLaunch26_Video,LI_Video_Prospecting,20260925,Desktop,Ostatné SR,16740,126,0.75%,64.99,0.0,12863
Energy_Client_SK,ProduktLaunch26_Programmatic,IO_ProduktLaunch26_Video,LI_Video_Prospecting,20260928,Connected TV,Bratislavský kraj,11310,83,0.74%,38.6,,8087
Energy_Client_SK,ProduktLaunch26_Programmatic,IO_ProduktLaunch26_Video,LI_Audio_Awareness,20260916,Desktop,Ostatné SR,5687,12,0.2%,11.83,0.0,4371
Energy_Client_SK,ProduktLaunch26_Programmatic,IO_ProduktLaunch26_Video,LI_Audio_Awareness,20261022,Tablet,Košický kraj,2659,7,0.26%,6.59,,1908
Energy_Client_SK,ProduktLaunch26_Programmatic,IO_ProduktLaunch26_Display,LI_Display_Prospecting,20260820,Desktop,Ostatné SR,8701,42,0.49%,22.96,0.0,6491
Energy_Client_SK,ProduktLaunch26_Programmatic,IO_ProduktLaunch26_Video,LI_Audio_Awareness,20260906,Mobile,Košický kraj,10048,40,0.4%,22.73,0.0,5749
Energy_Client_SK,ProduktLaunch26_Programmatic,IO_ProduktLaunch26_Video,LI_Audio_Awareness,20260914,Connected TV,Ostatné SR,8260,27,0.33%,14.89,0.0,6338
Energy_Client_SK,ProduktLaunch26_Programmatic,IO_ProduktLaunch26_Display,LI_Display_Retarget,20260909,Mobile,Bratislavský kraj,19872,85,0.43%,49.99,0.0,13921
Energy_Client_SK,ProduktLaunch26_Programmatic,IO_ProduktLaunch26_Video,LI_Video_Retarget,20261006,Tablet,Bratislavský kraj,5462,55,1.01%,21.66,,3046
Energy_Client_SK,ProduktLaunch26_Programmatic,IO_ProduktLaunch26_Video,LI_Video_Prospecting,20260927,Desktop,Bratislavský kraj,22735,155,0.68%,103.77,,16906
Energy_Client_SK,ProduktLaunch26_Programmatic,IO_ProduktLaunch26_Video,LI_Audio_Awareness,20261019,Mobile,Košický kraj,6563,23,0.35%,16.65,,4034
Energy_Client_SK,ProduktLaunch26_Programmatic,IO_ProduktLaunch26_Video,LI_Video_Prospecting,20261001,Mobile,Bratislavský kraj,14101,99,0.71%,53.94,0.0,9619
Energy_Client_SK,ProduktLaunch26_Programmatic,IO_ProduktLaunch26_Display,LI_Display_Prospecting,20261019,Desktop,Ostatné SR,10290,29,0.28%,30.85,,6416
Energy_Client_SK,ProduktLaunch26_Programmatic,IO_ProduktLaunch26_Video,LI_Video_Prospecting,20261012,Tablet,Košický kraj,6530,52,0.79%,26.59,0.0,5217
Energy_Client_SK,ProduktLaunch26_Programmatic,IO_ProduktLaunch26_Video,LI_Video_Prospecting,20260902,Desktop,Košický kraj,14830,62,0.42%,50.81,,10927
Energy_Client_SK,ProduktLaunch26_Programmatic,IO_ProduktLaunch26_Display,LI_Display_Retarget,20261024,Mobile,Ostatné SR,10455,34,0.33%,22.68,,6326
Energy_Client_SK,ProduktLaunch26_Programmatic,IO_ProduktLaunch26_Video,LI_Video_Retarget,20260829,Tablet,Košický kraj,5607,42,0.75%,27.04,0.0,4008
Energy_Client_SK,ProduktLaunch26_Programmatic,IO_ProduktLaunch26_Video,LI_Video_Retarget,20261012,Connected TV,Košický kraj,7416,40,0.54%,23.94,0.0,4092
Energy_Client_SK,ProduktLaunch26_Programmatic,IO_ProduktLaunch26_Display,LI_Display_Prospecting,20261003,Desktop,Ostatné SR,14802,64,0.43%,35.12,0.0,9407
Energy_Client_SK,ProduktLaunch26_Programmatic,IO_ProduktLaunch26_Video,LI_Audio_Awareness,20260924,Desktop,Košický kraj,6356,30,0.47%,15.97,0.0,4034
Energy_Client_SK,ProduktLaunch26_Programmatic,IO_ProduktLaunch26_Video,LI_Video_Prospecting,20260817,Connected TV,Bratislavský kraj,16120,115,0.71%,64.71,0.0,10893
Energy_Client_SK,ProduktLaunch26_Programmatic,IO_ProduktLaunch26_Video,LI_Video_Prospecting,20260923,Desktop,Ostatné SR,17457,71,0.41%,67.1,,11346
Energy_Client_SK,ProduktLaunch26_Programmatic,IO_ProduktLaunch26_Video,LI_Audio_Awareness,20260827,Mobile,Ostatné SR,12999,54,0.42%,30.3,0.0,9668
Energy_Client_SK,ProduktLaunch26_Programmatic,IO_ProduktLaunch26_Display,LI_Native_Prospecting,20260923,Desktop,Ostatné SR,8186,44,0.54%,25.76,,4868
Energy_Client_SK,ProduktLaunch26_Programmatic,IO_ProduktLaunch26_Video,LI_Audio_Awareness,20261007,Mobile,Ostatné SR,9018,27,0.3%,21.61,0.0,6511
Energy_Client_SK,ProduktLaunch26_Programmatic,IO_ProduktLaunch26_Video,LI_Video_Retarget,20261001,Desktop,Bratislavský kraj,22120,127,0.57%,116.86,,16948
Energy_Client_SK,ProduktLaunch26_Programmatic,IO_ProduktLaunch26_Video,LI_Audio_Awareness,20261014,Desktop,Bratislavský kraj,13699,68,0.49%,34.75,0.0,10417
Energy_Client_SK,ProduktLaunch26_Programmatic,IO_ProduktLaunch26_Video,LI_Video_Prospecting,20261016,Mobile,Bratislavský kraj,18631,128,0.69%,74.07,,11298
Energy_Client_SK,ProduktLaunch26_Programmatic,IO_ProduktLaunch26_Video,LI_Video_Prospecting,20260919,Desktop,Ostatné SR,11745,84,0.72%,48.85,,9185
Energy_Client_SK,ProduktLaunch26_Programmatic,IO_ProduktLaunch26_Display,LI_Native_Prospecting,20260821,Connected TV,Ostatné SR,5928,40,0.67%,15.31,,3464
Energy_Client_SK,ProduktLaunch26_Programmatic,IO_ProduktLaunch26_Display,LI_Native_Prospecting,20260821,Tablet,Košický kraj,3694,25,0.68%,12.48,0.0,2468
Energy_Client_SK,ProduktLaunch26_Programmatic,IO_ProduktLaunch26_Display,LI_Display_Retarget,20260817,Mobile,Košický kraj,7643,38,0.49%,18.41,,5781
Energy_Client_SK,ProduktLaunch26_Programmatic,IO_ProduktLaunch26_Display,LI_Display_Prospecting,20260921,Connected TV,Košický kraj,5618,27,0.48%,13.46,0.0,3661
Energy_Client_SK,ProduktLaunch26_Programmatic,IO_ProduktLaunch26_Display,LI_Native_Prospecting,20260822,Connected TV,Bratislavský kraj,4900,29,0.59%,15.66,,3565
Energy_Client_SK,ProduktLaunch26_Programmatic,IO_ProduktLaunch26_Video,LI_Video_Prospecting,20260818,Desktop,Košický kraj,9911,62,0.63%,47.51,,5982
Energy_Client_SK,ProduktLaunch26_Programmatic,IO_ProduktLaunch26_Video,LI_Video_Retarget,20260821,Desktop,Bratislavský kraj,19940,152,0.76%,92.09,0.0,14624
Energy_Client_SK,ProduktLaunch26_Programmatic,IO_ProduktLaunch26_Video,LI_Audio_Awareness,20261010,Desktop,Bratislavský kraj,8809,39,0.44%,14.77,0.0,6952
Energy_Client_SK,ProduktLaunch26_Programmatic,IO_ProduktLaunch26_Display,LI_Display_Retarget,20260827,Mobile,Ostatné SR,12566,63,0.5%,32.5,,7545
Energy_Client_SK,ProduktLaunch26_Programmatic,IO_ProduktLaunch26_Video,LI_Video_Prospecting,20261006,Connected TV,Košický kraj,10063,59,0.59%,34.58,0.0,7828
Energy_Client_SK,ProduktLaunch26_Programmatic,IO_ProduktLaunch26_Video,LI_Audio_Awareness,20260927,Tablet,Bratislavský kraj,7299,36,0.5%,14.4,0.0,4501
Energy_Client_SK,ProduktLaunch26_Programmatic,IO_ProduktLaunch26_Video,LI_Video_Prospecting,20260926,Mobile,Bratislavský kraj,17875,85,0.47%,78.33,,11224
Energy_Client_SK,ProduktLaunch26_Programmatic,IO_ProduktLaunch26_Display,LI_Display_Prospecting,20260902,Tablet,Košický kraj,3040,18,0.58%,8.51,,1859
Energy_Client_SK,ProduktLaunch26_Programmatic,IO_ProduktLaunch26_Video,LI_Video_Prospecting,20261022,Tablet,Bratislavský kraj,7509,52,0.69%,28.41,,5693
Energy_Client_SK,ProduktLaunch26_Programmatic,IO_ProduktLaunch26_Video,LI_Video_Retarget,20261020,Mobile,Bratislavský kraj,16722,172,1.03%,70.16,0.0,12655
Energy_Client_SK,ProduktLaunch26_Programmatic,IO_ProduktLaunch26_Video,LI_Video_Prospecting,20260815,Tablet,Košický kraj,6233,50,0.8%,28.05,,3567
Energy_Client_SK,ProduktLaunch26_Programmatic,IO_ProduktLaunch26_Display,LI_Display_Prospecting,20260923,Tablet,Košický kraj,3378,20,0.59%,10.73,,2249
Energy_Client_SK,ProduktLaunch26_Programmatic,IO_ProduktLaunch26_Display,LI_Display_Retarget,20260904,Mobile,Ostatné SR,8776,41,0.46%,21.67,,6364
Energy_Client_SK,ProduktLaunch26_Programmatic,IO_ProduktLaunch26_Video,LI_Video_Prospecting,20260926,Desktop,Ostatné SR,12987,104,0.8%,47.75,,8927
Energy_Client_SK,ProduktLaunch26_Programmatic,IO_ProduktLaunch26_Video,LI_Video_Retarget,20261026,Connected TV,Bratislavský kraj,13822,112,0.81%,68.1,,9373
Energy_Client_SK,ProduktLaunch26_Programmatic,IO_ProduktLaunch26_Display,LI_Display_Retarget,20261011,Mobile,Ostatné SR,8927,33,0.37%,22.34,0.0,5078
Energy_Client_SK,ProduktLaunch26_Programmatic,IO_ProduktLaunch26_Display,LI_Native_Prospecting,20260822,Tablet,Bratislavský kraj,7500,33,0.44%,25.97,,4397
Energy_Client_SK,ProduktLaunch26_Programmatic,IO_ProduktLaunch26_Display,LI_Display_Retarget,20260825,Mobile,Ostatné SR,8217,27,0.33%,26.53,0.0,5504
Energy_Client_SK,ProduktLaunch26_Programmatic,IO_ProduktLaunch26_Video,LI_Audio_Awareness,20260919,Tablet,Ostatné SR,5255,21,0.4%,9.28,,3167
Energy_Client_SK,ProduktLaunch26_Programmatic,IO_ProduktLaunch26_Display,LI_Display_Retarget,20260909,Tablet,Košický kraj,5249,36,0.69%,14.84,,3691
Energy_Client_SK,ProduktLaunch26_Programmatic,IO_ProduktLaunch26_Video,LI_Video_Prospecting,20260909,Connected TV,Bratislavský kraj,11989,52,0.44%,51.91,,6984
Energy_Client_SK,ProduktLaunch26_Programmatic,IO_ProduktLaunch26_Display,LI_Display_Retarget,20260826,Mobile,Ostatné SR,8471,59,0.69%,26.07,0.0,6263
Energy_Client_SK,ProduktLaunch26_Programmatic,IO_ProduktLaunch26_Display,LI_Display_Retarget,20260913,Desktop,Bratislavský kraj,14459,64,0.44%,31.48,0.0,10671
Energy_Client_SK,ProduktLaunch26_Programmatic,IO_ProduktLaunch26_Video,LI_Video_Prospecting,20261004,Desktop,Bratislavský kraj,20573,130,0.63%,78.25,,12467
Energy_Client_SK,ProduktLaunch26_Programmatic,IO_ProduktLaunch26_Video,LI_Audio_Awareness,20260818,Desktop,Ostatné SR,10034,30,0.3%,25.84,,6018
Energy_Client_SK,ProduktLaunch26_Programmatic,IO_ProduktLaunch26_Video,LI_Video_Prospecting,20260924,Tablet,Ostatné SR,8895,36,0.4%,37.65,,5989
Energy_Client_SK,ProduktLaunch26_Programmatic,IO_ProduktLaunch26_Video,LI_Video_Prospecting,20260925,Connected TV,Ostatné SR,11395,48,0.42%,34.95,,7463
Energy_Client_SK,ProduktLaunch26_Programmatic,IO_ProduktLaunch26_Display,LI_Display_Prospecting,20260818,Connected TV,Ostatné SR,4506,18,0.41%,10.92,0.0,3460
Energy_Client_SK,ProduktLaunch26_Programmatic,IO_ProduktLaunch26_Display,LI_Display_Retarget,20260925,Connected TV,Ostatné SR,5251,25,0.48%,13.69,,4123
Energy_Client_SK,ProduktLaunch26_Programmatic,IO_ProduktLaunch26_Display,LI_Display_Retarget,20260826,Mobile,Bratislavský kraj,10777,33,0.31%,28.61,,7600
Energy_Client_SK,ProduktLaunch26_Programmatic,IO_ProduktLaunch26_Video,LI_Video_Prospecting,20260918,Tablet,Košický kraj,7513,64,0.85%,29.64,0.0,5010
Energy_Client_SK,ProduktLaunch26_Programmatic,IO_ProduktLaunch26_Video,LI_Video_Prospecting,20260928,Mobile,Košický kraj,10761,77,0.72%,46.6,,6275
Energy_Client_SK,ProduktLaunch26_Programmatic,IO_ProduktLaunch26_Display,LI_Display_Retarget,20260909,Desktop,Ostatné SR,13582,42,0.31%,30.4,0.0,7667
Energy_Client_SK,ProduktLaunch26_Programmatic,IO_ProduktLaunch26_Video,LI_Video_Prospecting,20261026,Tablet,Bratislavský kraj,7550,60,0.79%,35.62,0.0,5902
Energy_Client_SK,ProduktLaunch26_Programmatic,IO_ProduktLaunch26_Display,LI_Display_Retarget,20260817,Connected TV,Ostatné SR,4765,17,0.37%,10.81,,2915
Energy_Client_SK,ProduktLaunch26_Programmatic,IO_ProduktLaunch26_Video,LI_Video_Retarget,20261026,Tablet,Bratislavský kraj,10645,77,0.72%,37.82,,7762
Energy_Client_SK,ProduktLaunch26_Programmatic,IO_ProduktLaunch26_Video,LI_Video_Retarget,20260904,Mobile,Ostatné SR,15497,131,0.85%,69.33,0.0,12080
Energy_Client_SK,ProduktLaunch26_Programmatic,IO_ProduktLaunch26_Video,LI_Video_Retarget,20260828,Mobile,Ostatné SR,16091,146,0.91%,56.22,,8953
Energy_Client_SK,ProduktLaunch26_Programmatic,IO_ProduktLaunch26_Display,LI_Display_Prospecting,20260920,Connected TV,Košický kraj,5453,21,0.38%,11.93,,4196
Energy_Client_SK,ProduktLaunch26_Programmatic,IO_ProduktLaunch26_Display,LI_Display_Retarget,20260823,Tablet,Ostatné SR,5058,18,0.35%,11.2,,3002
Energy_Client_SK,ProduktLaunch26_Programmatic,IO_ProduktLaunch26_Video,LI_Video_Retarget,20261017,Tablet,Bratislavský kraj,6352,55,0.86%,20.91,,3988
Energy_Client_SK,ProduktLaunch26_Programmatic,IO_ProduktLaunch26_Video,LI_Video_Retarget,20260817,Desktop,Ostatné SR,10413,75,0.72%,40.08,0.0,6724
Energy_Client_SK,ProduktLaunch26_Programmatic,IO_ProduktLaunch26_Video,LI_Video_Retarget,20260831,Mobile,Ostatné SR,17535,160,0.91%,66.06,0.0,13001
Energy_Client_SK,ProduktLaunch26_Programmatic,IO_ProduktLaunch26_Display,LI_Native_Prospecting,20260923,Tablet,Košický kraj,4028,23,0.58%,11.29,0.0,3085
Energy_Client_SK,ProduktLaunch26_Programmatic,IO_ProduktLaunch26_Display,LI_Display_Prospecting,20261008,Tablet,Ostatné SR,5729,16,0.28%,11.04,,3672
Energy_Client_SK,ProduktLaunch26_Programmatic,IO_ProduktLaunch26_Video,LI_Video_Retarget,20260917,Mobile,Ostatné SR,10544,98,0.93%,51.85,0.0,6694
Energy_Client_SK,ProduktLaunch26_Programmatic,IO_ProduktLaunch26_Display,LI_Display_Prospecting,20260917,Tablet,Košický kraj,5037,27,0.54%,15.11,,3499
Energy_Client_SK,ProduktLaunch26_Programmatic,IO_ProduktLaunch26_Display,LI_Display_Prospecting,20261012,Tablet,Ostatné SR,6013,23,0.39%,17.82,,4654
Energy_Client_SK,ProduktLaunch26_Programmatic,IO_ProduktLaunch26_Display,LI_Display_Retarget,20260927,Mobile,Bratislavský kraj,21627,118,0.55%,73.91,,15852
Energy_Client_SK,ProduktLaunch26_Programmatic,IO_ProduktLaunch26_Video,LI_Video_Retarget,20260902,Desktop,Bratislavský kraj,11388,68,0.6%,39.24,,8409
Energy_Client_SK,ProduktLaunch26_Programmatic,IO_ProduktLaunch26_Display,LI_Display_Retarget,20260924,Mobile,Košický kraj,8946,49,0.54%,31.02,,6715
Energy_Client_SK,ProduktLaunch26_Programmatic,IO_ProduktLaunch26_Video,LI_Video_Retarget,20260927,Mobile,Košický kraj,8566,91,1.06%,39.17,,5151
Energy_Client_SK,ProduktLaunch26_Programmatic,IO_ProduktLaunch26_Display,LI_Display_Prospecting,20260818,Mobile,Bratislavský kraj,23925,114,0.48%,60.07,,16022
Energy_Client_SK,ProduktLaunch26_Programmatic,IO_ProduktLaunch26_Display,LI_Display_Retarget,20260911,Connected TV,Ostatné SR,4255,14,0.33%,9.01,,2562
Energy_Client_SK,ProduktLaunch26_Programmatic,IO_ProduktLaunch26_Video,LI_Video_Retarget,20260923,Desktop,Bratislavský kraj,18613,176,0.95%,74.33,,12328
Energy_Client_SK,ProduktLaunch26_Programmatic,IO_ProduktLaunch26_Video,LI_Audio_Awareness,20260917,Tablet,Košický kraj,2766,13,0.47%,5.28,,2034
Energy_Client_SK,ProduktLaunch26_Programmatic,IO_ProduktLaunch26_Display,LI_Display_Retarget,20260901,Mobile,Ostatné SR,14338,95,0.66%,50.08,,10504
Energy_Client_SK,ProduktLaunch26_Programmatic,IO_ProduktLaunch26_Display,LI_Display_Prospecting,20260824,Desktop,Bratislavský kraj,14003,44,0.31%,27.17,,9283
Energy_Client_SK,ProduktLaunch26_Programmatic,IO_ProduktLaunch26_Display,LI_Native_Prospecting,20260815,Desktop,Ostatné SR,8246,43,0.52%,27.64,,5742
Energy_Client_SK,ProduktLaunch26_Programmatic,IO_ProduktLaunch26_Display,LI_Display_Retarget,20261022,Mobile,Košický kraj,9355,40,0.42%,28.06,,6064
Energy_Client_SK,ProduktLaunch26_Programmatic,IO_ProduktLaunch26_Video,LI_Video_Retarget,20260816,Mobile,Košický kraj,12325,89,0.72%,40.18,,6844
Energy_Client_SK,ProduktLaunch26_Programmatic,IO_ProduktLaunch26_Video,LI_Audio_Awareness,20261026,Desktop,Košický kraj,7722,19,0.24%,18.84,0.0,5156
Energy_Client_SK,ProduktLaunch26_Programmatic,IO_ProduktLaunch26_Video,LI_Video_Prospecting,20260906,Mobile,Bratislavský kraj,22908,140,0.61%,86.39,,15960
Energy_Client_SK,ProduktLaunch26_Programmatic,IO_ProduktLaunch26_Video,LI_Audio_Awareness,20260823,Connected TV,Košický kraj,4173,9,0.22%,8.93,,3058
Energy_Client_SK,ProduktLaunch26_Programmatic,IO_ProduktLaunch26_Display,LI_Display_Prospecting,20261020,Connected TV,Ostatné SR,9161,25,0.28%,29.03,,6882
Energy_Client_SK,ProduktLaunch26_Programmatic,IO_ProduktLaunch26_Video,LI_Audio_Awareness,20260930,Desktop,Košický kraj,5522,16,0.29%,8.74,0.0,3486
Energy_Client_SK,ProduktLaunch26_Programmatic,IO_ProduktLaunch26_Video,LI_Audio_Awareness,20260822,Desktop,Ostatné SR,6075,26,0.42%,15.67,0.0,4268
Energy_Client_SK,ProduktLaunch26_Programmatic,IO_ProduktLaunch26_Display,LI_Display_Prospecting,20260917,Tablet,Ostatné SR,6209,28,0.45%,16.17,0.0,4848
Energy_Client_SK,ProduktLaunch26_Programmatic,IO_ProduktLaunch26_Display,LI_Display_Retarget,20260906,Connected TV,Bratislavský kraj,8409,51,0.6%,22.25,,5089
Energy_Client_SK,ProduktLaunch26_Programmatic,IO_ProduktLaunch26_Video,LI_Audio_Awareness,20260815,Connected TV,Bratislavský kraj,9789,35,0.36%,18.22,,7547
Energy_Client_SK,ProduktLaunch26_Programmatic,IO_ProduktLaunch26_Display,LI_Native_Prospecting,20261024,Desktop,Ostatné SR,9940,60,0.6%,31.3,0.0,6500
Energy_Client_SK,ProduktLaunch26_Programmatic,IO_ProduktLaunch26_Video,LI_Audio_Awareness,20260918,Mobile,Bratislavský kraj,11249,46,0.41%,18.64,0.0,7932
Energy_Client_SK,ProduktLaunch26_Programmatic,IO_ProduktLaunch26_Video,LI_Audio_Awareness,20261008,Mobile,Ostatné SR,11839,44,0.38%,29.14,0.0,8344
Energy_Client_SK,ProduktLaunch26_Programmatic,IO_ProduktLaunch26_Video,LI_Video_Retarget,20261014,Desktop,Bratislavský kraj,13145,79,0.6%,53.13,,9110
Energy_Client_SK,ProduktLaunch26_Programmatic,IO_ProduktLaunch26_Display,LI_Display_Prospecting,20260831,Tablet,Ostatné SR,6160,32,0.52%,12.34,0.0,3627
Energy_Client_SK,ProduktLaunch26_Programmatic,IO_ProduktLaunch26_Display,LI_Display_Prospecting,20260914,Desktop,Košický kraj,12047,50,0.42%,32.55,,7283
Energy_Client_SK,ProduktLaunch26_Programmatic,IO_ProduktLaunch26_Display,LI_Display_Retarget,20260823,Tablet,Bratislavský kraj,4564,26,0.57%,11.3,0.0,2839
Energy_Client_SK,ProduktLaunch26_Programmatic,IO_ProduktLaunch26_Display,LI_Native_Prospecting,20260922,Connected TV,Košický kraj,4618,21,0.46%,13.15,,2873
Energy_Client_SK,ProduktLaunch26_Programmatic,IO_ProduktLaunch26_Video,LI_Audio_Awareness,20261009,Tablet,Košický kraj,4142,9,0.22%,8.61,0.0,2884
Energy_Client_SK,ProduktLaunch26_Programmatic,IO_ProduktLaunch26_Video,LI_Audio_Awareness,20261026,Desktop,Bratislavský kraj,8533,25,0.3%,21.1,,4915
Energy_Client_SK,ProduktLaunch26_Programmatic,IO_ProduktLaunch26_Display,LI_Display_Retarget,20260907,Connected TV,Bratislavský kraj,7641,34,0.44%,22.2,,5374
Energy_Client_SK,ProduktLaunch26_Programmatic,IO_ProduktLaunch26_Display,LI_Display_Retarget,20261004,Desktop,Bratislavský kraj,11581,74,0.64%,32.56,,8262
Energy_Client_SK,ProduktLaunch26_Programmatic,IO_ProduktLaunch26_Display,LI_Display_Prospecting,20260903,Connected TV,Ostatné SR,6796,35,0.52%,12.27,,3834
Energy_Client_SK,ProduktLaunch26_Programmatic,IO_ProduktLaunch26_Display,LI_Native_Prospecting,20261020,Desktop,Ostatné SR,7116,53,0.74%,25.31,,3950
Energy_Client_SK,ProduktLaunch26_Programmatic,IO_ProduktLaunch26_Video,LI_Audio_Awareness,20260921,Tablet,Bratislavský kraj,7186,18,0.25%,12.28,0.0,4099
Energy_Client_SK,ProduktLaunch26_Programmatic,IO_ProduktLaunch26_Display,LI_Display_Prospecting,20260823,Connected TV,Ostatné SR,8001,24,0.29%,18.11,,5955
Energy_Client_SK,ProduktLaunch26_Programmatic,IO_ProduktLaunch26_Video,LI_Audio_Awareness,20260815,Desktop,Košický kraj,8931,22,0.25%,17.3,,7134
Energy_Client_SK,ProduktLaunch26_Programmatic,IO_ProduktLaunch26_Display,LI_Display_Retarget,20260908,Tablet,Ostatné SR,4877,33,0.67%,11.65,0.0,3797
Energy_Client_SK,ProduktLaunch26_Programmatic,IO_ProduktLaunch26_Video,LI_Video_Retarget,20260915,Tablet,Košický kraj,5754,54,0.93%,24.02,,4561
Energy_Client_SK,ProduktLaunch26_Programmatic,IO_ProduktLaunch26_Display,LI_Native_Prospecting,20261018,Tablet,Ostatné SR,5636,25,0.45%,21.12,0.0,3992
Energy_Client_SK,ProduktLaunch26_Programmatic,IO_ProduktLaunch26_Display,LI_Display_Retarget,20260816,Desktop,Ostatné SR,8549,45,0.52%,23.5,,6212
Energy_Client_SK,ProduktLaunch26_Programmatic,IO_ProduktLaunch26_Video,LI_Audio_Awareness,20260917,Tablet,Bratislavský kraj,5722,24,0.42%,13.95,,4016
Energy_Client_SK,ProduktLaunch26_Programmatic,IO_ProduktLaunch26_Video,LI_Video_Retarget,20261018,Tablet,Ostatné SR,4527,25,0.56%,21.59,0.0,3222
Energy_Client_SK,ProduktLaunch26_Programmatic,IO_ProduktLaunch26_Display,LI_Display_Retarget,20260818,Connected TV,Košický kraj,3673,24,0.66%,8.78,,2780
Energy_Client_SK,ProduktLaunch26_Programmatic,IO_ProduktLaunch26_Video,LI_Audio_Awareness,20260825,Desktop,Bratislavský kraj,10477,23,0.22%,24.69,,8126
Energy_Client_SK,ProduktLaunch26_Programmatic,IO_ProduktLaunch26_Display,LI_Native_Prospecting,20261012,Mobile,Bratislavský kraj,9897,49,0.5%,27.59,0.0,6806
Energy_Client_SK,ProduktLaunch26_Programmatic,IO_ProduktLaunch26_Display,LI_Native_Prospecting,20260921,Desktop,Ostatné SR,7871,48,0.61%,24.22,0.0,5400
Energy_Client_SK,ProduktLaunch26_Programmatic,IO_ProduktLaunch26_Display,LI_Native_Prospecting,20260830,Connected TV,Bratislavský kraj,7224,29,0.41%,25.98,,4389
Energy_Client_SK,ProduktLaunch26_Programmatic,IO_ProduktLaunch26_Display,LI_Display_Prospecting,20261024,Mobile,Ostatné SR,13548,44,0.33%,35.92,,8374
Energy_Client_SK,ProduktLaunch26_Programmatic,IO_ProduktLaunch26_Display,LI_Display_Prospecting,20261007,Mobile,Košický kraj,9873,29,0.3%,26.35,,7800
Energy_Client_SK,ProduktLaunch26_Programmatic,IO_ProduktLaunch26_Display,LI_Display_Prospecting,20260824,Connected TV,Ostatné SR,7709,31,0.4%,18.12,,6131
Energy_Client_SK,ProduktLaunch26_Programmatic,IO_ProduktLaunch26_Display,LI_Display_Prospecting,20261016,Connected TV,Bratislavský kraj,9844,50,0.51%,20.7,,6271
Energy_Client_SK,ProduktLaunch26_Programmatic,IO_ProduktLaunch26_Display,LI_Display_Retarget,20261001,Tablet,Bratislavský kraj,6695,21,0.31%,15.47,,4683
Energy_Client_SK,ProduktLaunch26_Programmatic,IO_ProduktLaunch26_Video,LI_Video_Retarget,20261025,Tablet,Košický kraj,5721,41,0.72%,19.54,,3635
Energy_Client_SK,ProduktLaunch26_Programmatic,IO_ProduktLaunch26_Video,LI_Video_Retarget,20260901,Tablet,Ostatné SR,6916,75,1.08%,33.3,,4696
Energy_Client_SK,ProduktLaunch26_Programmatic,IO_ProduktLaunch26_Video,LI_Video_Retarget,20261020,Desktop,Ostatné SR,8807,84,0.95%,29.99,,6078
Energy_Client_SK,ProduktLaunch26_Programmatic,IO_ProduktLaunch26_Video,LI_Video_Prospecting,20260905,Tablet,Bratislavský kraj,10097,60,0.6%,50.42,,8032
Energy_Client_SK,ProduktLaunch26_Programmatic,IO_ProduktLaunch26_Video,LI_Video_Retarget,20261023,Tablet,Košický kraj,5583,36,0.65%,23.57,,3981
Energy_Client_SK,ProduktLaunch26_Programmatic,IO_ProduktLaunch26_Display,LI_Native_Prospecting,20260906,Connected TV,Ostatné SR,5236,36,0.68%,13.94,,3794
Energy_Client_SK,ProduktLaunch26_Programmatic,IO_ProduktLaunch26_Display,LI_Display_Retarget,20261005,Tablet,Bratislavský kraj,6964,37,0.53%,16.82,,5281
Energy_Client_SK,ProduktLaunch26_Programmatic,IO_ProduktLaunch26_Video,LI_Video_Prospecting,20260913,Tablet,Bratislavský kraj,11156,86,0.77%,54.32,0.0,8126
Energy_Client_SK,ProduktLaunch26_Programmatic,IO_ProduktLaunch26_Display,LI_Display_Prospecting,20261015,Connected TV,Košický kraj,5498,26,0.48%,15.57,,3746
Energy_Client_SK,ProduktLaunch26_Programmatic,IO_ProduktLaunch26_Display,LI_Display_Prospecting,20260914,Tablet,Ostatné SR,5654,25,0.45%,15.72,0.0,4175
Energy_Client_SK,ProduktLaunch26_Programmatic,IO_ProduktLaunch26_Video,LI_Audio_Awareness,20260818,Tablet,Košický kraj,2804,13,0.46%,5.67,0.0,1717
Energy_Client_SK,ProduktLaunch26_Programmatic,IO_ProduktLaunch26_Video,LI_Audio_Awareness,20261009,Connected TV,Bratislavský kraj,9762,30,0.3%,19.0,0.0,5893
Energy_Client_SK,ProduktLaunch26_Programmatic,IO_ProduktLaunch26_Video,LI_Video_Retarget,20260830,Connected TV,Bratislavský kraj,11997,95,0.79%,48.43,0.0,7441
Energy_Client_SK,ProduktLaunch26_Programmatic,IO_ProduktLaunch26_Video,LI_Video_Retarget,20261001,Mobile,Bratislavský kraj,14210,123,0.87%,63.73,0.0,9066
Energy_Client_SK,ProduktLaunch26_Programmatic,IO_ProduktLaunch26_Display,LI_Display_Prospecting,20260915,Mobile,Ostatné SR,16465,59,0.36%,39.89,,10062
Energy_Client_SK,ProduktLaunch26_Programmatic,IO_ProduktLaunch26_Video,LI_Video_Prospecting,20260929,Mobile,Košický kraj,17075,91,0.53%,67.56,,9850
Energy_Client_SK,ProduktLaunch26_Programmatic,IO_ProduktLaunch26_Display,LI_Native_Prospecting,20261022,Connected TV,Ostatné SR,4568,28,0.6%,11.54,,2989
Energy_Client_SK,ProduktLaunch26_Programmatic,IO_ProduktLaunch26_Video,LI_Video_Prospecting,20261014,Mobile,Bratislavský kraj,21772,136,0.63%,84.01,0.0,12443
Energy_Client_SK,ProduktLaunch26_Programmatic,IO_ProduktLaunch26_Video,LI_Video_Retarget,20261012,Tablet,Bratislavský kraj,5840,48,0.81%,29.46,,4399
Energy_Client_SK,ProduktLaunch26_Programmatic,IO_ProduktLaunch26_Display,LI_Native_Prospecting,20260920,Desktop,Ostatné SR,10871,68,0.62%,31.46,0.0,6178
Energy_Client_SK,ProduktLaunch26_Programmatic,IO_ProduktLaunch26_Display,LI_Display_Retarget,20261008,Mobile,Košický kraj,13062,55,0.42%,34.25,,9251
Energy_Client_SK,ProduktLaunch26_Programmatic,IO_ProduktLaunch26_Display,LI_Display_Retarget,20260925,Mobile,Košický kraj,8696,45,0.51%,18.23,0.0,6174
Energy_Client_SK,ProduktLaunch26_Programmatic,IO_ProduktLaunch26_Display,LI_Display_Retarget,20260917,Tablet,Bratislavský kraj,9405,34,0.36%,22.74,0.0,7071
Energy_Client_SK,ProduktLaunch26_Programmatic,IO_ProduktLaunch26_Display,LI_Native_Prospecting,20260909,Tablet,Košický kraj,4457,29,0.66%,15.38,0.0,2930
Energy_Client_SK,ProduktLaunch26_Programmatic,IO_ProduktLaunch26_Video,LI_Audio_Awareness,20260819,Desktop,Ostatné SR,9909,23,0.23%,14.94,,7682
Energy_Client_SK,ProduktLaunch26_Programmatic,IO_ProduktLaunch26_Video,LI_Video_Retarget,20261001,Tablet,Ostatné SR,6277,45,0.72%,27.46,,4130
Energy_Client_SK,ProduktLaunch26_Programmatic,IO_ProduktLaunch26_Display,LI_Native_Prospecting,20260923,Mobile,Ostatné SR,11519,82,0.71%,43.02,0.0,8098
Energy_Client_SK,ProduktLaunch26_Programmatic,IO_ProduktLaunch26_Video,LI_Video_Prospecting,20260910,Desktop,Ostatné SR,17075,131,0.77%,72.22,,11997
Energy_Client_SK,ProduktLaunch26_Programmatic,IO_ProduktLaunch26_Display,LI_Display_Retarget,20260907,Connected TV,Ostatné SR,4216,26,0.61%,13.81,0.0,2678
Energy_Client_SK,ProduktLaunch26_Programmatic,IO_ProduktLaunch26_Video,LI_Video_Prospecting,20261025,Mobile,Ostatné SR,15184,130,0.86%,67.1,,10109
Energy_Client_SK,ProduktLaunch26_Programmatic,IO_ProduktLaunch26_Video,LI_Video_Prospecting,20261013,Desktop,Košický kraj,13009,91,0.7%,41.9,0.0,10269
Energy_Client_SK,ProduktLaunch26_Programmatic,IO_ProduktLaunch26_Video,LI_Audio_Awareness,20260911,Mobile,Ostatné SR,13203,53,0.4%,32.98,,9742
Energy_Client_SK,ProduktLaunch26_Programmatic,IO_ProduktLaunch26_Display,LI_Native_Prospecting,20260928,Desktop,Bratislavský kraj,14079,88,0.62%,47.08,0.0,10275
Energy_Client_SK,ProduktLaunch26_Programmatic,IO_ProduktLaunch26_Display,LI_Native_Prospecting,20260911,Tablet,Ostatné SR,4491,18,0.41%,15.01,,3573
Energy_Client_SK,ProduktLaunch26_Programmatic,IO_ProduktLaunch26_Display,LI_Display_Retarget,20260929,Desktop,Bratislavský kraj,10169,37,0.36%,30.02,,5663
Energy_Client_SK,ProduktLaunch26_Programmatic,IO_ProduktLaunch26_Display,LI_Display_Retarget,20261022,Desktop,Košický kraj,8917,42,0.48%,28.07,0.0,5750
Energy_Client_SK,ProduktLaunch26_Programmatic,IO_ProduktLaunch26_Display,LI_Display_Retarget,20261028,Mobile,Ostatné SR,13137,51,0.39%,36.92,,9551
Energy_Client_SK,ProduktLaunch26_Programmatic,IO_ProduktLaunch26_Display,LI_Native_Prospecting,20260815,Connected TV,Ostatné SR,7057,54,0.76%,26.68,0.0,5282
Energy_Client_SK,ProduktLaunch26_Programmatic,IO_ProduktLaunch26_Video,LI_Video_Retarget,20260827,Desktop,Ostatné SR,7905,83,1.05%,33.2,,5369
Energy_Client_SK,ProduktLaunch26_Programmatic,IO_ProduktLaunch26_Video,LI_Audio_Awareness,20260817,Connected TV,Ostatné SR,5170,25,0.48%,13.4,,3615
Energy_Client_SK,ProduktLaunch26_Programmatic,IO_ProduktLaunch26_Display,LI_Display_Retarget,20261018,Mobile,Košický kraj,13069,70,0.53%,43.4,0.0,8664
Energy_Client_SK,ProduktLaunch26_Programmatic,IO_ProduktLaunch26_Display,LI_Display_Prospecting,20261024,Desktop,Košický kraj,9255,48,0.52%,28.72,0.0,6743
Energy_Client_SK,ProduktLaunch26_Programmatic,IO_ProduktLaunch26_Display,LI_Display_Prospecting,20260904,Connected TV,Ostatné SR,8948,47,0.53%,27.08,0.0,6180
Energy_Client_SK,ProduktLaunch26_Programmatic,IO_ProduktLaunch26_Display,LI_Display_Retarget,20260919,Mobile,Bratislavský kraj,9995,52,0.52%,31.91,0.0,7513
Energy_Client_SK,ProduktLaunch26_Programmatic,IO_ProduktLaunch26_Display,LI_Display_Prospecting,20261017,Desktop,Bratislavský kraj,16113,54,0.34%,38.4,0.0,10695
Energy_Client_SK,ProduktLaunch26_Programmatic,IO_ProduktLaunch26_Display,LI_Native_Prospecting,20260818,Mobile,Ostatné SR,10990,69,0.62%,41.48,0.0,6141
Energy_Client_SK,ProduktLaunch26_Programmatic,IO_ProduktLaunch26_Video,LI_Video_Retarget,20260918,Connected TV,Košický kraj,8301,73,0.88%,34.55,,4769
Energy_Client_SK,ProduktLaunch26_Programmatic,IO_ProduktLaunch26_Video,LI_Video_Retarget,20261004,Desktop,Košický kraj,9383,69,0.74%,46.5,,5546
Energy_Client_SK,ProduktLaunch26_Programmatic,IO_ProduktLaunch26_Display,LI_Native_Prospecting,20261028,Desktop,Košický kraj,7611,39,0.52%,22.65,,6074
Energy_Client_SK,ProduktLaunch26_Programmatic,IO_ProduktLaunch26_Video,LI_Audio_Awareness,20260907,Desktop,Bratislavský kraj,13375,34,0.25%,33.61,0.0,9364
Energy_Client_SK,ProduktLaunch26_Programmatic,IO_ProduktLaunch26_Video,LI_Video_Retarget,20260921,Tablet,Bratislavský kraj,9692,103,1.06%,33.82,,7186
Energy_Client_SK,ProduktLaunch26_Programmatic,IO_ProduktLaunch26_Video,LI_Audio_Awareness,20260924,Connected TV,Bratislavský kraj,6622,21,0.32%,15.99,,3805
Energy_Client_SK,ProduktLaunch26_Programmatic,IO_ProduktLaunch26_Display,LI_Display_Retarget,20260818,Mobile,Košický kraj,7684,37,0.48%,23.02,,6062
Energy_Client_SK,ProduktLaunch26_Programmatic,IO_ProduktLaunch26_Display,LI_Display_Prospecting,20261017,Connected TV,Ostatné SR,5615,22,0.38%,14.61,,3709
Energy_Client_SK,ProduktLaunch26_Programmatic,IO_ProduktLaunch26_Display,LI_Display_Prospecting,20260911,Tablet,Bratislavský kraj,4536,23,0.51%,11.89,0.0,3290
Energy_Client_SK,ProduktLaunch26_Programmatic,IO_ProduktLaunch26_Video,LI_Video_Retarget,20260824,Connected TV,Ostatné SR,9416,51,0.55%,41.35,0.0,6875
Energy_Client_SK,ProduktLaunch26_Programmatic,IO_ProduktLaunch26_Display,LI_Native_Prospecting,20260915,Mobile,Bratislavský kraj,17954,76,0.42%,56.34,0.0,10819
Energy_Client_SK,ProduktLaunch26_Programmatic,IO_ProduktLaunch26_Display,LI_Native_Prospecting,20261007,Tablet,Ostatné SR,4311,18,0.41%,13.06,0.0,3220
Energy_Client_SK,ProduktLaunch26_Programmatic,IO_ProduktLaunch26_Video,LI_Audio_Awareness,20260821,Connected TV,Košický kraj,3589,15,0.42%,6.39,0.0,2249
Energy_Client_SK,ProduktLaunch26_Programmatic,IO_ProduktLaunch26_Display,LI_Native_Prospecting,20260903,Connected TV,Bratislavský kraj,7317,39,0.53%,16.16,,4077
Energy_Client_SK,ProduktLaunch26_Programmatic,IO_ProduktLaunch26_Display,LI_Display_Retarget,20261012,Tablet,Ostatné SR,5806,27,0.46%,16.16,,4600
Energy_Client_SK,ProduktLaunch26_Programmatic,IO_ProduktLaunch26_Video,LI_Audio_Awareness,20260909,Connected TV,Bratislavský kraj,6426,31,0.49%,13.09,0.0,5118
Energy_Client_SK,ProduktLaunch26_Programmatic,IO_ProduktLaunch26_Display,LI_Display_Prospecting,20260919,Connected TV,Košický kraj,7776,44,0.57%,24.83,,5944
Energy_Client_SK,ProduktLaunch26_Programmatic,IO_ProduktLaunch26_Video,LI_Audio_Awareness,20260827,Connected TV,Ostatné SR,3863,9,0.23%,9.07,0.0,2553
Energy_Client_SK,ProduktLaunch26_Programmatic,IO_ProduktLaunch26_Display,LI_Native_Prospecting,20260912,Connected TV,Ostatné SR,7482,31,0.42%,25.77,0.0,5146
Energy_Client_SK,ProduktLaunch26_Programmatic,IO_ProduktLaunch26_Video,LI_Video_Retarget,20260924,Connected TV,Ostatné SR,8888,73,0.82%,30.64,,5723
Energy_Client_SK,ProduktLaunch26_Programmatic,IO_ProduktLaunch26_Display,LI_Display_Retarget,20260829,Connected TV,Ostatné SR,6490,34,0.52%,16.76,0.0,4886
Energy_Client_SK,ProduktLaunch26_Programmatic,IO_ProduktLaunch26_Display,LI_Display_Retarget,20260912,Mobile,Ostatné SR,13685,94,0.69%,40.21,0.0,8545
Energy_Client_SK,ProduktLaunch26_Programmatic,IO_ProduktLaunch26_Display,LI_Display_Retarget,20261012,Desktop,Bratislavský kraj,8262,31,0.37%,18.63,,6218
Energy_Client_SK,ProduktLaunch26_Programmatic,IO_ProduktLaunch26_Display,LI_Display_Retarget,20261010,Tablet,Bratislavský kraj,6110,26,0.43%,20.52,0.0,3914
Energy_Client_SK,ProduktLaunch26_Programmatic,IO_ProduktLaunch26_Video,LI_Video_Retarget,20261019,Connected TV,Ostatné SR,8247,64,0.77%,35.51,0.0,6591
Energy_Client_SK,ProduktLaunch26_Programmatic,IO_ProduktLaunch26_Video,LI_Video_Retarget,20260925,Tablet,Košický kraj,3442,21,0.62%,13.39,,2352
Energy_Client_SK,ProduktLaunch26_Programmatic,IO_ProduktLaunch26_Video,LI_Audio_Awareness,20260824,Mobile,Košický kraj,10712,48,0.44%,27.3,0.0,8073
Energy_Client_SK,ProduktLaunch26_Programmatic,IO_ProduktLaunch26_Video,LI_Video_Retarget,20260902,Tablet,Bratislavský kraj,5171,50,0.96%,18.4,,3286
Energy_Client_SK,ProduktLaunch26_Programmatic,IO_ProduktLaunch26_Video,LI_Audio_Awareness,20261022,Tablet,Ostatné SR,5386,22,0.4%,12.79,0.0,3963
Energy_Client_SK,ProduktLaunch26_Programmatic,IO_ProduktLaunch26_Video,LI_Video_Retarget,20261007,Tablet,Bratislavský kraj,9129,97,1.06%,47.94,,6154
Energy_Client_SK,ProduktLaunch26_Programmatic,IO_ProduktLaunch26_Video,LI_Video_Prospecting,20260823,Mobile,Košický kraj,11760,78,0.66%,53.15,0.0,8163
Energy_Client_SK,ProduktLaunch26_Programmatic,IO_ProduktLaunch26_Video,LI_Audio_Awareness,20260823,Mobile,Košický kraj,6433,24,0.37%,14.27,,4577
Energy_Client_SK,ProduktLaunch26_Programmatic,IO_ProduktLaunch26_Display,LI_Native_Prospecting,20261019,Desktop,Ostatné SR,10794,70,0.65%,33.74,0.0,5991
Energy_Client_SK,ProduktLaunch26_Programmatic,IO_ProduktLaunch26_Video,LI_Video_Prospecting,20261021,Desktop,Ostatné SR,18278,128,0.7%,82.84,,10657
Energy_Client_SK,ProduktLaunch26_Programmatic,IO_ProduktLaunch26_Display,LI_Native_Prospecting,20261015,Tablet,Ostatné SR,5602,28,0.5%,17.58,0.0,3773
Energy_Client_SK,ProduktLaunch26_Programmatic,IO_ProduktLaunch26_Video,LI_Video_Prospecting,20260909,Tablet,Košický kraj,5518,40,0.72%,17.75,0.0,4327
Energy_Client_SK,ProduktLaunch26_Programmatic,IO_ProduktLaunch26_Video,LI_Audio_Awareness,20260912,Connected TV,Bratislavský kraj,7105,29,0.4%,11.29,0.0,4134
Energy_Client_SK,ProduktLaunch26_Programmatic,IO_ProduktLaunch26_Video,LI_Video_Retarget,20261009,Tablet,Košický kraj,6194,44,0.72%,26.77,,3780
Energy_Client_SK,ProduktLaunch26_Programmatic,IO_ProduktLaunch26_Display,LI_Native_Prospecting,20260909,Tablet,Ostatné SR,3595,19,0.54%,11.42,,2566
Energy_Client_SK,ProduktLaunch26_Programmatic,IO_ProduktLaunch26_Display,LI_Display_Prospecting,20260911,Connected TV,Ostatné SR,8648,45,0.52%,23.22,0.0,5799
Energy_Client_SK,ProduktLaunch26_Programmatic,IO_ProduktLaunch26_Video,LI_Audio_Awareness,20260910,Connected TV,Košický kraj,6338,25,0.39%,16.09,,4697
Energy_Client_SK,ProduktLaunch26_Programmatic,IO_ProduktLaunch26_Video,LI_Video_Retarget,20261001,Tablet,Bratislavský kraj,9949,103,1.03%,51.59,0.0,5483
Energy_Client_SK,ProduktLaunch26_Programmatic,IO_ProduktLaunch26_Video,LI_Audio_Awareness,20260908,Connected TV,Ostatné SR,6157,21,0.34%,13.99,,3939
Energy_Client_SK,ProduktLaunch26_Programmatic,IO_ProduktLaunch26_Video,LI_Video_Retarget,20260928,Tablet,Bratislavský kraj,7751,53,0.68%,30.6,0.0,5785
Energy_Client_SK,ProduktLaunch26_Programmatic,IO_ProduktLaunch26_Display,LI_Display_Prospecting,20260921,Desktop,Košický kraj,10010,31,0.31%,22.08,,7844
Energy_Client_SK,ProduktLaunch26_Programmatic,IO_ProduktLaunch26_Video,LI_Video_Retarget,20260901,Mobile,Ostatné SR,11988,63,0.53%,56.32,0.0,8859
Energy_Client_SK,ProduktLaunch26_Programmatic,IO_ProduktLaunch26_Display,LI_Display_Retarget,20260925,Connected TV,Košický kraj,3658,16,0.44%,11.53,0.0,2894
Energy_Client_SK,ProduktLaunch26_Programmatic,IO_ProduktLaunch26_Video,LI_Audio_Awareness,20261005,Mobile,Ostatné SR,9058,42,0.46%,23.36,,5811
Energy_Client_SK,ProduktLaunch26_Programmatic,IO_ProduktLaunch26_Video,LI_Audio_Awareness,20260816,Tablet,Bratislavský kraj,6035,26,0.44%,13.95,0.0,3625
Energy_Client_SK,ProduktLaunch26_Programmatic,IO_ProduktLaunch26_Video,LI_Video_Prospecting,20261008,Desktop,Bratislavský kraj,18842,108,0.57%,82.85,,12576
Energy_Client_SK,ProduktLaunch26_Programmatic,IO_ProduktLaunch26_Video,LI_Audio_Awareness,20260915,Desktop,Ostatné SR,6419,15,0.24%,10.62,,3958
Energy_Client_SK,ProduktLaunch26_Programmatic,IO_ProduktLaunch26_Display,LI_Display_Retarget,20261008,Connected TV,Bratislavský kraj,8494,42,0.49%,20.89,,6591
Energy_Client_SK,ProduktLaunch26_Programmatic,IO_ProduktLaunch26_Display,LI_Native_Prospecting,20260823,Connected TV,Košický kraj,2896,17,0.6%,9.8,0.0,1979
Energy_Client_SK,ProduktLaunch26_Programmatic,IO_ProduktLaunch26_Video,LI_Video_Retarget,20260825,Connected TV,Bratislavský kraj,12894,66,0.51%,68.26,0.0,7701
Energy_Client_SK,ProduktLaunch26_Programmatic,IO_ProduktLaunch26_Display,LI_Native_Prospecting,20260910,Mobile,Bratislavský kraj,16749,116,0.69%,51.25,,10267
Energy_Client_SK,ProduktLaunch26_Programmatic,IO_ProduktLaunch26_Display,LI_Display_Prospecting,20260918,Desktop,Bratislavský kraj,15123,60,0.39%,37.18,0.0,10717
Energy_Client_SK,ProduktLaunch26_Programmatic,IO_ProduktLaunch26_Video,LI_Video_Retarget,20260923,Desktop,Ostatné SR,13725,112,0.81%,49.26,,10527
Energy_Client_SK,ProduktLaunch26_Programmatic,IO_ProduktLaunch26_Video,LI_Video_Prospecting,20260923,Desktop,Bratislavský kraj,17137,151,0.88%,70.15,0.0,13009
Energy_Client_SK,ProduktLaunch26_Programmatic,IO_ProduktLaunch26_Display,LI_Display_Prospecting,20261001,Tablet,Bratislavský kraj,8324,23,0.28%,15.22,0.0,4925
Energy_Client_SK,ProduktLaunch26_Programmatic,IO_ProduktLaunch26_Display,LI_Native_Prospecting,20261001,Tablet,Ostatné SR,5666,39,0.7%,15.86,,3279
Energy_Client_SK,ProduktLaunch26_Programmatic,IO_ProduktLaunch26_Display,LI_Display_Retarget,20261003,Tablet,Ostatné SR,4674,25,0.53%,16.31,,2671
Energy_Client_SK,ProduktLaunch26_Programmatic,IO_ProduktLaunch26_Video,LI_Video_Prospecting,20260823,Tablet,Bratislavský kraj,11284,54,0.48%,38.74,0.0,8187
Energy_Client_SK,ProduktLaunch26_Programmatic,IO_ProduktLaunch26_Display,LI_Display_Retarget,20260820,Desktop,Košický kraj,9643,31,0.32%,23.61,,6224
Energy_Client_SK,ProduktLaunch26_Programmatic,IO_ProduktLaunch26_Display,LI_Native_Prospecting,20260909,Mobile,Bratislavský kraj,18169,118,0.65%,57.25,0.0,14452
Energy_Client_SK,ProduktLaunch26_Programmatic,IO_ProduktLaunch26_Video,LI_Video_Prospecting,20260917,Mobile,Bratislavský kraj,21098,158,0.75%,76.31,,12937
Energy_Client_SK,ProduktLaunch26_Programmatic,IO_ProduktLaunch26_Display,LI_Display_Retarget,20261002,Mobile,Košický kraj,12044,82,0.68%,38.69,0.0,8744
Energy_Client_SK,ProduktLaunch26_Programmatic,IO_ProduktLaunch26_Video,LI_Video_Retarget,20261003,Connected TV,Ostatné SR,8393,42,0.5%,36.09,,4744
Energy_Client_SK,ProduktLaunch26_Programmatic,IO_ProduktLaunch26_Display,LI_Native_Prospecting,20260907,Mobile,Bratislavský kraj,18358,85,0.46%,58.46,,10922
Energy_Client_SK,ProduktLaunch26_Programmatic,IO_ProduktLaunch26_Display,LI_Native_Prospecting,20261006,Connected TV,Bratislavský kraj,6872,49,0.71%,24.38,0.0,5290
Energy_Client_SK,ProduktLaunch26_Programmatic,IO_ProduktLaunch26_Display,LI_Native_Prospecting,20260914,Desktop,Košický kraj,7868,59,0.75%,26.23,,4567
Energy_Client_SK,ProduktLaunch26_Programmatic,IO_ProduktLaunch26_Video,LI_Audio_Awareness,20260925,Connected TV,Ostatné SR,3527,8,0.24%,6.06,0.0,1977
Energy_Client_SK,ProduktLaunch26_Programmatic,IO_ProduktLaunch26_Video,LI_Audio_Awareness,20261028,Connected TV,Bratislavský kraj,7548,22,0.29%,17.74,0.0,4442
Energy_Client_SK,ProduktLaunch26_Programmatic,IO_ProduktLaunch26_Display,LI_Display_Retarget,20260916,Mobile,Košický kraj,8021,26,0.33%,16.44,0.0,6406
Energy_Client_SK,ProduktLaunch26_Programmatic,IO_ProduktLaunch26_Video,LI_Audio_Awareness,20260930,Mobile,Bratislavský kraj,9697,36,0.37%,20.71,0.0,6386
Energy_Client_SK,ProduktLaunch26_Programmatic,IO_ProduktLaunch26_Display,LI_Native_Prospecting,20261018,Mobile,Košický kraj,8443,53,0.63%,20.67,0.0,6688
Energy_Client_SK,ProduktLaunch26_Programmatic,IO_ProduktLaunch26_Display,LI_Display_Prospecting,20260829,Desktop,Bratislavský kraj,10906,53,0.48%,21.75,,8454
Energy_Client_SK,ProduktLaunch26_Programmatic,IO_ProduktLaunch26_Video,LI_Video_Prospecting,20260815,Mobile,Bratislavský kraj,20319,123,0.6%,78.44,,14168
Energy_Client_SK,ProduktLaunch26_Programmatic,IO_ProduktLaunch26_Video,LI_Video_Retarget,20261021,Desktop,Košický kraj,12306,72,0.59%,55.3,,7136
Energy_Client_SK,ProduktLaunch26_Programmatic,IO_ProduktLaunch26_Video,LI_Video_Retarget,20260909,Tablet,Ostatné SR,5981,30,0.51%,29.81,,3805
Energy_Client_SK,ProduktLaunch26_Programmatic,IO_ProduktLaunch26_Video,LI_Video_Retarget,20260815,Tablet,Košický kraj,4650,44,0.94%,22.12,,3616
Energy_Client_SK,ProduktLaunch26_Programmatic,IO_ProduktLaunch26_Video,LI_Audio_Awareness,20260817,Desktop,Bratislavský kraj,8755,25,0.29%,21.1,0.0,6292
Energy_Client_SK,ProduktLaunch26_Programmatic,IO_ProduktLaunch26_Video,LI_Video_Retarget,20260919,Desktop,Košický kraj,13127,73,0.56%,45.72,,10443
Energy_Client_SK,ProduktLaunch26_Programmatic,IO_ProduktLaunch26_Display,LI_Native_Prospecting,20260903,Mobile,Ostatné SR,12323,92,0.75%,33.14,0.0,6926
Energy_Client_SK,ProduktLaunch26_Programmatic,IO_ProduktLaunch26_Video,LI_Video_Retarget,20260907,Mobile,Bratislavský kraj,18219,99,0.54%,77.57,,12526
Energy_Client_SK,ProduktLaunch26_Programmatic,IO_ProduktLaunch26_Video,LI_Video_Prospecting,20261018,Mobile,Bratislavský kraj,26138,171,0.65%,79.28,0.0,20794
Energy_Client_SK,ProduktLaunch26_Programmatic,IO_ProduktLaunch26_Video,LI_Video_Retarget,20261010,Desktop,Bratislavský kraj,10479,94,0.9%,34.51,0.0,7646
Energy_Client_SK,ProduktLaunch26_Programmatic,IO_ProduktLaunch26_Display,LI_Display_Prospecting,20260921,Tablet,Košický kraj,3616,16,0.45%,10.4,,1990
Energy_Client_SK,ProduktLaunch26_Programmatic,IO_ProduktLaunch26_Video,LI_Video_Retarget,20261019,Mobile,Košický kraj,7832,61,0.78%,35.76,,5166
Energy_Client_SK,ProduktLaunch26_Programmatic,IO_ProduktLaunch26_Video,LI_Video_Prospecting,20260825,Tablet,Ostatné SR,9169,38,0.41%,34.24,0.0,6043
Energy_Client_SK,ProduktLaunch26_Programmatic,IO_ProduktLaunch26_Display,LI_Native_Prospecting,20261010,Desktop,Bratislavský kraj,15013,86,0.57%,33.21,0.0,11709
Energy_Client_SK,ProduktLaunch26_Programmatic,IO_ProduktLaunch26_Display,LI_Native_Prospecting,20260825,Tablet,Ostatné SR,3332,18,0.54%,10.25,,2542
Energy_Client_SK,ProduktLaunch26_Programmatic,IO_ProduktLaunch26_Video,LI_Video_Prospecting,20261016,Connected TV,Košický kraj,4798,35,0.72%,20.69,,3224
Energy_Client_SK,ProduktLaunch26_Programmatic,IO_ProduktLaunch26_Display,LI_Native_Prospecting,20261003,Desktop,Bratislavský kraj,9007,71,0.78%,27.5,,5695
Energy_Client_SK,ProduktLaunch26_Programmatic,IO_ProduktLaunch26_Video,LI_Audio_Awareness,20261024,Connected TV,Košický kraj,4551,18,0.39%,10.37,,2970
Energy_Client_SK,ProduktLaunch26_Programmatic,IO_ProduktLaunch26_Video,LI_Audio_Awareness,20261020,Connected TV,Košický kraj,5359,27,0.5%,9.81,,3599
Energy_Client_SK,ProduktLaunch26_Programmatic,IO_ProduktLaunch26_Display,LI_Native_Prospecting,20261003,Connected TV,Bratislavský kraj,10128,59,0.58%,22.88,,5594
Energy_Client_SK,ProduktLaunch26_Programmatic,IO_ProduktLaunch26_Display,LI_Native_Prospecting,20261007,Connected TV,Ostatné SR,5619,37,0.66%,18.09,0.0,4467
Energy_Client_SK,ProduktLaunch26_Programmatic,IO_ProduktLaunch26_Video,LI_Video_Prospecting,20261016,Connected TV,Ostatné SR,11196,58,0.52%,37.99,0.0,6749
Energy_Client_SK,ProduktLaunch26_Programmatic,IO_ProduktLaunch26_Video,LI_Video_Retarget,20260914,Connected TV,Bratislavský kraj,14761,153,1.03%,69.56,,11328
Energy_Client_SK,ProduktLaunch26_Programmatic,IO_ProduktLaunch26_Display,LI_Display_Prospecting,20260820,Mobile,Košický kraj,8507,23,0.26%,17.08,0.0,6584
Energy_Client_SK,ProduktLaunch26_Programmatic,IO_ProduktLaunch26_Video,LI_Video_Prospecting,20260902,Connected TV,Bratislavský kraj,7954,48,0.6%,30.57,,4534
Energy_Client_SK,ProduktLaunch26_Programmatic,IO_ProduktLaunch26_Video,LI_Audio_Awareness,20261016,Mobile,Bratislavský kraj,8416,19,0.22%,20.32,,5813
Energy_Client_SK,ProduktLaunch26_Programmatic,IO_ProduktLaunch26_Display,LI_Display_Retarget,20260824,Desktop,Košický kraj,7205,43,0.59%,22.93,,5011
Energy_Client_SK,ProduktLaunch26_Programmatic,IO_ProduktLaunch26_Display,LI_Display_Prospecting,20260914,Mobile,Košický kraj,13615,41,0.3%,38.0,,9161
Energy_Client_SK,ProduktLaunch26_Programmatic,IO_ProduktLaunch26_Video,LI_Video_Retarget,20261006,Tablet,Ostatné SR,6478,33,0.52%,20.86,,5060
Energy_Client_SK,ProduktLaunch26_Programmatic,IO_ProduktLaunch26_Video,LI_Video_Prospecting,20260904,Tablet,Ostatné SR,8988,57,0.64%,41.34,0.0,6634
Energy_Client_SK,ProduktLaunch26_Programmatic,IO_ProduktLaunch26_Display,LI_Native_Prospecting,20260827,Desktop,Bratislavský kraj,10733,65,0.6%,24.7,,6529
Energy_Client_SK,ProduktLaunch26_Programmatic,IO_ProduktLaunch26_Video,LI_Video_Prospecting,20260820,Tablet,Ostatné SR,7794,70,0.89%,29.26,,5943
Energy_Client_SK,ProduktLaunch26_Programmatic,IO_ProduktLaunch26_Display,LI_Display_Retarget,20260922,Connected TV,Bratislavský kraj,8175,43,0.53%,19.2,0.0,5675
Energy_Client_SK,ProduktLaunch26_Programmatic,IO_ProduktLaunch26_Video,LI_Audio_Awareness,20261026,Desktop,Ostatné SR,7534,31,0.41%,17.92,,5266
Energy_Client_SK,ProduktLaunch26_Programmatic,IO_ProduktLaunch26_Display,LI_Display_Retarget,20260907,Desktop,Košický kraj,8543,32,0.37%,20.88,,6754
Energy_Client_SK,ProduktLaunch26_Programmatic,IO_ProduktLaunch26_Video,LI_Video_Retarget,20260829,Connected TV,Bratislavský kraj,10714,116,1.09%,41.08,0.0,6468
Energy_Client_SK,ProduktLaunch26_Programmatic,IO_ProduktLaunch26_Video,LI_Video_Retarget,20260831,Connected TV,Košický kraj,8879,49,0.55%,39.7,0.0,6976
Energy_Client_SK,ProduktLaunch26_Programmatic,IO_ProduktLaunch26_Video,LI_Video_Retarget,20260913,Tablet,Košický kraj,6504,65,1.0%,34.42,0.0,5113
Energy_Client_SK,ProduktLaunch26_Programmatic,IO_ProduktLaunch26_Display,LI_Display_Prospecting,20260821,Desktop,Ostatné SR,14910,55,0.37%,37.71,,9507
Energy_Client_SK,ProduktLaunch26_Programmatic,IO_ProduktLaunch26_Video,LI_Audio_Awareness,20260819,Desktop,Bratislavský kraj,9806,27,0.27%,17.07,,5719
Energy_Client_SK,ProduktLaunch26_Programmatic,IO_ProduktLaunch26_Video,LI_Audio_Awareness,20260912,Tablet,Bratislavský kraj,4127,18,0.43%,7.36,,2607
Energy_Client_SK,ProduktLaunch26_Programmatic,IO_ProduktLaunch26_Display,LI_Native_Prospecting,20261005,Desktop,Košický kraj,8357,65,0.78%,26.16,0.0,5858
Energy_Client_SK,ProduktLaunch26_Programmatic,IO_ProduktLaunch26_Display,LI_Display_Retarget,20261026,Connected TV,Ostatné SR,5614,24,0.43%,12.98,,3575
Energy_Client_SK,ProduktLaunch26_Programmatic,IO_ProduktLaunch26_Video,LI_Audio_Awareness,20260901,Desktop,Bratislavský kraj,8506,30,0.36%,14.3,,6253
Energy_Client_SK,ProduktLaunch26_Programmatic,IO_ProduktLaunch26_Display,LI_Display_Prospecting,20261001,Desktop,Bratislavský kraj,19232,99,0.51%,37.25,0.0,12732
Energy_Client_SK,ProduktLaunch26_Programmatic,IO_ProduktLaunch26_Video,LI_Audio_Awareness,20260822,Connected TV,Ostatné SR,5201,19,0.37%,10.56,,3660
Energy_Client_SK,ProduktLaunch26_Programmatic,IO_ProduktLaunch26_Video,LI_Video_Prospecting,20261004,Mobile,Ostatné SR,14593,68,0.46%,57.58,0.0,9660
Energy_Client_SK,ProduktLaunch26_Programmatic,IO_ProduktLaunch26_Video,LI_Audio_Awareness,20260920,Mobile,Bratislavský kraj,14905,58,0.39%,27.9,,9500
Energy_Client_SK,ProduktLaunch26_Programmatic,IO_ProduktLaunch26_Display,LI_Display_Retarget,20260914,Connected TV,Ostatné SR,7232,47,0.65%,14.79,0.0,5410
Energy_Client_SK,ProduktLaunch26_Programmatic,IO_ProduktLaunch26_Display,LI_Display_Retarget,20261008,Tablet,Bratislavský kraj,6596,37,0.57%,16.99,0.0,4485
Energy_Client_SK,ProduktLaunch26_Programmatic,IO_ProduktLaunch26_Video,LI_Audio_Awareness,20260914,Tablet,Ostatné SR,6003,19,0.32%,11.63,0.0,4136
Energy_Client_SK,ProduktLaunch26_Programmatic,IO_ProduktLaunch26_Display,LI_Display_Prospecting,20260831,Mobile,Ostatné SR,14897,83,0.55%,46.79,,10323
Energy_Client_SK,ProduktLaunch26_Programmatic,IO_ProduktLaunch26_Display,LI_Display_Retarget,20261028,Desktop,Bratislavský kraj,11944,49,0.41%,24.85,0.0,6712
Energy_Client_SK,ProduktLaunch26_Programmatic,IO_ProduktLaunch26_Display,LI_Native_Prospecting,20261009,Mobile,Košický kraj,9822,65,0.66%,26.5,,5529
Energy_Client_SK,ProduktLaunch26_Programmatic,IO_ProduktLaunch26_Video,LI_Video_Prospecting,20260906,Tablet,Košický kraj,5176,29,0.56%,24.48,,4094
Energy_Client_SK,ProduktLaunch26_Programmatic,IO_ProduktLaunch26_Display,LI_Display_Retarget,20261005,Mobile,Košický kraj,8609,38,0.44%,27.21,0.0,5407
Energy_Client_SK,ProduktLaunch26_Programmatic,IO_ProduktLaunch26_Display,LI_Display_Prospecting,20260825,Connected TV,Košický kraj,5253,25,0.47%,14.07,,3790
Energy_Client_SK,ProduktLaunch26_Programmatic,IO_ProduktLaunch26_Video,LI_Audio_Awareness,20260925,Tablet,Košický kraj,2917,15,0.5%,7.4,0.0,1676
Energy_Client_SK,ProduktLaunch26_Programmatic,IO_ProduktLaunch26_Video,LI_Audio_Awareness,20261011,Desktop,Ostatné SR,11330,44,0.39%,23.18,0.0,7783
Energy_Client_SK,ProduktLaunch26_Programmatic,IO_ProduktLaunch26_Display,LI_Display_Retarget,20261014,Mobile,Bratislavský kraj,18299,112,0.61%,61.49,0.0,11801
Energy_Client_SK,ProduktLaunch26_Programmatic,IO_ProduktLaunch26_Video,LI_Audio_Awareness,20261018,Tablet,Ostatné SR,5734,25,0.43%,12.4,0.0,3799
Energy_Client_SK,ProduktLaunch26_Programmatic,IO_ProduktLaunch26_Display,LI_Display_Prospecting,20261013,Tablet,Bratislavský kraj,10128,39,0.38%,20.68,,5993
Energy_Client_SK,ProduktLaunch26_Programmatic,IO_ProduktLaunch26_Video,LI_Audio_Awareness,20260924,Mobile,Bratislavský kraj,15661,57,0.37%,30.96,,9910
Energy_Client_SK,ProduktLaunch26_Programmatic,IO_ProduktLaunch26_Display,LI_Display_Retarget,20261019,Connected TV,Ostatné SR,5757,29,0.51%,11.56,,3547
Energy_Client_SK,ProduktLaunch26_Programmatic,IO_ProduktLaunch26_Video,LI_Video_Prospecting,20261028,Mobile,Košický kraj,10250,76,0.74%,35.98,,6735
Energy_Client_SK,ProduktLaunch26_Programmatic,IO_ProduktLaunch26_Video,LI_Audio_Awareness,20261005,Connected TV,Ostatné SR,5280,19,0.35%,9.37,,4159
Energy_Client_SK,ProduktLaunch26_Programmatic,IO_ProduktLaunch26_Display,LI_Native_Prospecting,20261020,Mobile,Košický kraj,10984,70,0.64%,34.55,,8187
Energy_Client_SK,ProduktLaunch26_Programmatic,IO_ProduktLaunch26_Video,LI_Audio_Awareness,20260930,Desktop,Bratislavský kraj,9350,30,0.32%,14.65,0.0,7036
Energy_Client_SK,ProduktLaunch26_Programmatic,IO_ProduktLaunch26_Display,LI_Native_Prospecting,20261013,Mobile,Ostatné SR,12013,69,0.57%,40.8,,7850
Energy_Client_SK,ProduktLaunch26_Programmatic,IO_ProduktLaunch26_Video,LI_Audio_Awareness,20260904,Connected TV,Bratislavský kraj,8686,33,0.38%,14.7,,5383
Energy_Client_SK,ProduktLaunch26_Programmatic,IO_ProduktLaunch26_Video,LI_Audio_Awareness,20260923,Tablet,Košický kraj,3320,12,0.37%,6.53,,2603
Energy_Client_SK,ProduktLaunch26_Programmatic,IO_ProduktLaunch26_Display,LI_Display_Retarget,20261015,Desktop,Ostatné SR,11209,37,0.33%,33.97,,7784
Energy_Client_SK,ProduktLaunch26_Programmatic,IO_ProduktLaunch26_Video,LI_Video_Retarget,20260930,Connected TV,Košický kraj,5844,32,0.54%,29.25,,3403
Energy_Client_SK,ProduktLaunch26_Programmatic,IO_ProduktLaunch26_Video,LI_Audio_Awareness,20260916,Connected TV,Košický kraj,4360,11,0.24%,10.83,,3112
Energy_Client_SK,ProduktLaunch26_Programmatic,IO_ProduktLaunch26_Display,LI_Display_Retarget,20261003,Mobile,Bratislavský kraj,20792,83,0.4%,70.71,0.0,15026
Energy_Client_SK,ProduktLaunch26_Programmatic,IO_ProduktLaunch26_Video,LI_Audio_Awareness,20260831,Connected TV,Ostatné SR,6673,31,0.46%,14.64,,4196
Energy_Client_SK,ProduktLaunch26_Programmatic,IO_ProduktLaunch26_Video,LI_Video_Prospecting,20261025,Desktop,Košický kraj,14022,76,0.54%,60.99,,8194
Energy_Client_SK,ProduktLaunch26_Programmatic,IO_ProduktLaunch26_Video,LI_Video_Prospecting,20261017,Mobile,Bratislavský kraj,22098,104,0.47%,79.7,,15519
Energy_Client_SK,ProduktLaunch26_Programmatic,IO_ProduktLaunch26_Display,LI_Display_Retarget,20261012,Mobile,Košický kraj,7566,39,0.52%,19.64,,4867
Energy_Client_SK,ProduktLaunch26_Programmatic,IO_ProduktLaunch26_Display,LI_Display_Retarget,20261020,Connected TV,Ostatné SR,4055,13,0.32%,8.26,0.0,2366
Energy_Client_SK,ProduktLaunch26_Programmatic,IO_ProduktLaunch26_Display,LI_Display_Retarget,20260821,Tablet,Bratislavský kraj,7925,46,0.58%,19.44,,4927
Energy_Client_SK,ProduktLaunch26_Programmatic,IO_ProduktLaunch26_Video,LI_Video_Prospecting,20260819,Desktop,Bratislavský kraj,21583,99,0.46%,65.9,,14406
Energy_Client_SK,ProduktLaunch26_Programmatic,IO_ProduktLaunch26_Video,LI_Video_Retarget,20260927,Tablet,Košický kraj,3909,30,0.77%,14.24,,3050
Energy_Client_SK,ProduktLaunch26_Programmatic,IO_ProduktLaunch26_Display,LI_Display_Prospecting,20261021,Desktop,Bratislavský kraj,19907,76,0.38%,44.84,0.0,11515
Energy_Client_SK,ProduktLaunch26_Programmatic,IO_ProduktLaunch26_Display,LI_Display_Retarget,20261022,Connected TV,Bratislavský kraj,7534,30,0.39%,19.46,,4800
Energy_Client_SK,ProduktLaunch26_Programmatic,IO_ProduktLaunch26_Display,LI_Display_Prospecting,20260825,Tablet,Košický kraj,4431,15,0.34%,10.05,0.0,2684
Energy_Client_SK,ProduktLaunch26_Programmatic,IO_ProduktLaunch26_Display,LI_Native_Prospecting,20261026,Desktop,Košický kraj,6238,42,0.67%,18.21,0.0,4502
Energy_Client_SK,ProduktLaunch26_Programmatic,IO_ProduktLaunch26_Display,LI_Native_Prospecting,20260830,Tablet,Bratislavský kraj,7778,51,0.66%,23.53,0.0,4659
Energy_Client_SK,ProduktLaunch26_Programmatic,IO_ProduktLaunch26_Video,LI_Audio_Awareness,20260927,Tablet,Ostatné SR,5472,11,0.21%,8.41,,3779
Energy_Client_SK,ProduktLaunch26_Programmatic,IO_ProduktLaunch26_Video,LI_Video_Retarget,20260921,Connected TV,Ostatné SR,5209,50,0.96%,17.7,,3037
Energy_Client_SK,ProduktLaunch26_Programmatic,IO_ProduktLaunch26_Display,LI_Native_Prospecting,20260831,Tablet,Ostatné SR,3366,22,0.66%,7.97,,1933
Energy_Client_SK,ProduktLaunch26_Programmatic,IO_ProduktLaunch26_Video,LI_Video_Prospecting,20261005,Tablet,Ostatné SR,4316,28,0.65%,14.03,,2486
Energy_Client_SK,ProduktLaunch26_Programmatic,IO_ProduktLaunch26_Video,LI_Audio_Awareness,20260906,Connected TV,Bratislavský kraj,8038,40,0.5%,13.38,0.0,5603
Energy_Client_SK,ProduktLaunch26_Programmatic,IO_ProduktLaunch26_Display,LI_Native_Prospecting,20260830,Desktop,Bratislavský kraj,15965,87,0.54%,36.07,,10983
Energy_Client_SK,ProduktLaunch26_Programmatic,IO_ProduktLaunch26_Video,LI_Audio_Awareness,20261018,Mobile,Košický kraj,11001,34,0.31%,25.85,,6389
Energy_Client_SK,ProduktLaunch26_Programmatic,IO_ProduktLaunch26_Display,LI_Display_Retarget,20261014,Tablet,Košický kraj,2616,14,0.53%,5.44,0.0,1966
Energy_Client_SK,ProduktLaunch26_Programmatic,IO_ProduktLaunch26_Display,LI_Display_Retarget,20261027,Desktop,Košický kraj,6863,47,0.68%,21.4,0.0,4274
Energy_Client_SK,ProduktLaunch26_Programmatic,IO_ProduktLaunch26_Display,LI_Display_Retarget,20261006,Tablet,Košický kraj,4040,15,0.38%,11.02,,2533
Energy_Client_SK,ProduktLaunch26_Programmatic,IO_ProduktLaunch26_Video,LI_Video_Retarget,20261011,Connected TV,Ostatné SR,8356,47,0.57%,26.79,,5422
Energy_Client_SK,ProduktLaunch26_Programmatic,IO_ProduktLaunch26_Video,LI_Video_Retarget,20260828,Desktop,Bratislavský kraj,15735,156,0.99%,82.68,0.0,9882
Energy_Client_SK,ProduktLaunch26_Programmatic,IO_ProduktLaunch26_Display,LI_Native_Prospecting,20260928,Mobile,Košický kraj,9932,75,0.75%,29.06,0.0,7538
Energy_Client_SK,ProduktLaunch26_Programmatic,IO_ProduktLaunch26_Display,LI_Native_Prospecting,20261028,Connected TV,Košický kraj,5044,21,0.42%,14.27,,3135
Energy_Client_SK,ProduktLaunch26_Programmatic,IO_ProduktLaunch26_Display,LI_Native_Prospecting,20260818,Connected TV,Ostatné SR,4104,17,0.41%,12.46,0.0,3088
Energy_Client_SK,ProduktLaunch26_Programmatic,IO_ProduktLaunch26_Video,LI_Audio_Awareness,20261009,Connected TV,Ostatné SR,6886,21,0.31%,17.39,,4295
Energy_Client_SK,ProduktLaunch26_Programmatic,IO_ProduktLaunch26_Video,LI_Video_Retarget,20260831,Tablet,Košický kraj,6667,46,0.69%,26.42,0.0,3810
Energy_Client_SK,ProduktLaunch26_Programmatic,IO_ProduktLaunch26_Display,LI_Native_Prospecting,20260908,Desktop,Košický kraj,7435,49,0.65%,21.19,0.0,5297
Energy_Client_SK,ProduktLaunch26_Programmatic,IO_ProduktLaunch26_Display,LI_Native_Prospecting,20260826,Tablet,Ostatné SR,3810,27,0.71%,10.33,0.0,2152
Energy_Client_SK,ProduktLaunch26_Programmatic,IO_ProduktLaunch26_Video,LI_Audio_Awareness,20260907,Connected TV,Bratislavský kraj,5398,16,0.3%,10.42,0.0,3922
Energy_Client_SK,ProduktLaunch26_Programmatic,IO_ProduktLaunch26_Display,LI_Display_Prospecting,20260912,Connected TV,Bratislavský kraj,7665,43,0.56%,20.44,,5864
Energy_Client_SK,ProduktLaunch26_Programmatic,IO_ProduktLaunch26_Video,LI_Video_Retarget,20260830,Desktop,Bratislavský kraj,22213,211,0.95%,91.72,,16815
Energy_Client_SK,ProduktLaunch26_Programmatic,IO_ProduktLaunch26_Display,LI_Display_Prospecting,20260821,Connected TV,Košický kraj,6773,41,0.6%,14.06,0.0,5387
Energy_Client_SK,ProduktLaunch26_Programmatic,IO_ProduktLaunch26_Video,LI_Video_Retarget,20261004,Desktop,Ostatné SR,13203,99,0.75%,45.85,,7436
Energy_Client_SK,ProduktLaunch26_Programmatic,IO_ProduktLaunch26_Display,LI_Display_Prospecting,20261008,Desktop,Bratislavský kraj,9833,39,0.4%,20.08,,7803
Energy_Client_SK,ProduktLaunch26_Programmatic,IO_ProduktLaunch26_Video,LI_Video_Prospecting,20260831,Desktop,Bratislavský kraj,23297,186,0.8%,71.28,,16883
Energy_Client_SK,ProduktLaunch26_Programmatic,IO_ProduktLaunch26_Video,LI_Video_Prospecting,20260914,Connected TV,Košický kraj,8652,67,0.77%,37.96,,6502
Energy_Client_SK,ProduktLaunch26_Programmatic,IO_ProduktLaunch26_Display,LI_Display_Retarget,20260905,Mobile,Ostatné SR,8200,47,0.57%,22.15,,4795
Energy_Client_SK,ProduktLaunch26_Programmatic,IO_ProduktLaunch26_Video,LI_Video_Prospecting,20261010,Desktop,Bratislavský kraj,16349,109,0.66%,68.82,0.0,10908
Energy_Client_SK,ProduktLaunch26_Programmatic,IO_ProduktLaunch26_Display,LI_Display_Prospecting,20261020,Tablet,Bratislavský kraj,8868,34,0.38%,24.87,0.0,6808
Energy_Client_SK,ProduktLaunch26_Programmatic,IO_ProduktLaunch26_Video,LI_Video_Retarget,20260924,Desktop,Bratislavský kraj,19286,202,1.05%,82.75,,11518
Energy_Client_SK,ProduktLaunch26_Programmatic,IO_ProduktLaunch26_Video,LI_Audio_Awareness,20260915,Mobile,Košický kraj,5753,24,0.41%,10.06,0.0,4415
Energy_Client_SK,ProduktLaunch26_Programmatic,IO_ProduktLaunch26_Display,LI_Display_Prospecting,20260925,Desktop,Bratislavský kraj,18154,74,0.41%,44.13,,11498
Energy_Client_SK,ProduktLaunch26_Programmatic,IO_ProduktLaunch26_Display,LI_Native_Prospecting,20261013,Desktop,Ostatné SR,8660,59,0.68%,28.01,0.0,6695
Energy_Client_SK,ProduktLaunch26_Programmatic,IO_ProduktLaunch26_Display,LI_Native_Prospecting,20260912,Tablet,Ostatné SR,4041,17,0.42%,9.88,0.0,3162
Energy_Client_SK,ProduktLaunch26_Programmatic,IO_ProduktLaunch26_Display,LI_Display_Retarget,20261013,Desktop,Košický kraj,8035,31,0.39%,17.65,,5516
Energy_Client_SK,ProduktLaunch26_Programmatic,IO_ProduktLaunch26_Video,LI_Audio_Awareness,20260825,Connected TV,Bratislavský kraj,11047,30,0.27%,23.19,,7433
Energy_Client_SK,ProduktLaunch26_Programmatic,IO_ProduktLaunch26_Display,LI_Native_Prospecting,20261018,Mobile,Bratislavský kraj,8551,60,0.7%,30.0,0.0,4994
Energy_Client_SK,ProduktLaunch26_Programmatic,IO_ProduktLaunch26_Video,LI_Video_Retarget,20261021,Desktop,Bratislavský kraj,21378,155,0.72%,78.91,0.0,14967
Energy_Client_SK,ProduktLaunch26_Programmatic,IO_ProduktLaunch26_Video,LI_Video_Prospecting,20260817,Mobile,Bratislavský kraj,18001,100,0.55%,57.86,,13445
Energy_Client_SK,ProduktLaunch26_Programmatic,IO_ProduktLaunch26_Display,LI_Display_Prospecting,20260929,Connected TV,Ostatné SR,5789,17,0.29%,15.62,,3202
Energy_Client_SK,ProduktLaunch26_Programmatic,IO_ProduktLaunch26_Display,LI_Native_Prospecting,20261017,Mobile,Košický kraj,7834,53,0.67%,17.99,,5384
Energy_Client_SK,ProduktLaunch26_Programmatic,IO_ProduktLaunch26_Video,LI_Video_Retarget,20261007,Desktop,Ostatné SR,12850,139,1.08%,56.31,0.0,9547
Energy_Client_SK,ProduktLaunch26_Programmatic,IO_ProduktLaunch26_Display,LI_Display_Retarget,20260919,Desktop,Ostatné SR,13701,81,0.59%,27.92,,9387
Energy_Client_SK,ProduktLaunch26_Programmatic,IO_ProduktLaunch26_Display,LI_Display_Retarget,20261023,Mobile,Košický kraj,7418,48,0.64%,19.38,,4965
Energy_Client_SK,ProduktLaunch26_Programmatic,IO_ProduktLaunch26_Video,LI_Video_Prospecting,20261001,Connected TV,Bratislavský kraj,9142,78,0.85%,30.12,,6372
Energy_Client_SK,ProduktLaunch26_Programmatic,IO_ProduktLaunch26_Video,LI_Video_Prospecting,20261008,Desktop,Ostatné SR,13808,106,0.77%,51.11,,10370
Energy_Client_SK,ProduktLaunch26_Programmatic,IO_ProduktLaunch26_Video,LI_Video_Prospecting,20261025,Connected TV,Ostatné SR,11293,46,0.41%,51.6,,7509
Energy_Client_SK,ProduktLaunch26_Programmatic,IO_ProduktLaunch26_Display,LI_Display_Retarget,20260915,Tablet,Ostatné SR,4620,20,0.43%,15.12,0.0,3046
Energy_Client_SK,ProduktLaunch26_Programmatic,IO_ProduktLaunch26_Video,LI_Video_Retarget,20260827,Connected TV,Ostatné SR,7441,76,1.02%,35.13,0.0,4938
Energy_Client_SK,ProduktLaunch26_Programmatic,IO_ProduktLaunch26_Video,LI_Video_Retarget,20260924,Desktop,Ostatné SR,14175,127,0.9%,46.18,0.0,11242
Energy_Client_SK,ProduktLaunch26_Programmatic,IO_ProduktLaunch26_Video,LI_Video_Prospecting,20260920,Mobile,Ostatné SR,10515,94,0.9%,40.41,0.0,8188
Energy_Client_SK,ProduktLaunch26_Programmatic,IO_ProduktLaunch26_Display,LI_Native_Prospecting,20260829,Mobile,Košický kraj,9885,51,0.52%,29.2,,6571
Energy_Client_SK,ProduktLaunch26_Programmatic,IO_ProduktLaunch26_Display,LI_Display_Retarget,20261013,Connected TV,Ostatné SR,6471,24,0.37%,14.83,,5107
Energy_Client_SK,ProduktLaunch26_Programmatic,IO_ProduktLaunch26_Display,LI_Display_Retarget,20260919,Tablet,Košický kraj,4115,23,0.57%,8.66,,3279
Energy_Client_SK,ProduktLaunch26_Programmatic,IO_ProduktLaunch26_Display,LI_Native_Prospecting,20261027,Connected TV,Košický kraj,6381,26,0.41%,23.68,0.0,4812
Energy_Client_SK,ProduktLaunch26_Programmatic,IO_ProduktLaunch26_Video,LI_Video_Retarget,20261021,Tablet,Ostatné SR,7529,55,0.73%,34.09,,4619
Energy_Client_SK,ProduktLaunch26_Programmatic,IO_ProduktLaunch26_Display,LI_Native_Prospecting,20261005,Tablet,Ostatné SR,4415,19,0.42%,13.89,0.0,3222
Energy_Client_SK,ProduktLaunch26_Programmatic,IO_ProduktLaunch26_Video,LI_Video_Prospecting,20260930,Desktop,Ostatné SR,10274,92,0.89%,42.25,,6126
Energy_Client_SK,ProduktLaunch26_Programmatic,IO_ProduktLaunch26_Display,LI_Display_Retarget,20260910,Tablet,Bratislavský kraj,7705,37,0.48%,17.81,,4492
Energy_Client_SK,ProduktLaunch26_Programmatic,IO_ProduktLaunch26_Display,LI_Display_Prospecting,20260922,Desktop,Košický kraj,12070,36,0.3%,27.57,,6803
Energy_Client_SK,ProduktLaunch26_Programmatic,IO_ProduktLaunch26_Video,LI_Video_Retarget,20260909,Mobile,Ostatné SR,13236,72,0.54%,64.53,,10315
Energy_Client_SK,ProduktLaunch26_Programmatic,IO_ProduktLaunch26_Display,LI_Display_Prospecting,20260924,Desktop,Bratislavský kraj,20230,77,0.38%,48.25,,13729
Energy_Client_SK,ProduktLaunch26_Programmatic,IO_ProduktLaunch26_Video,LI_Video_Prospecting,20260828,Mobile,Ostatné SR,15209,92,0.61%,47.22,,8793
Energy_Client_SK,ProduktLaunch26_Programmatic,IO_ProduktLaunch26_Display,LI_Display_Prospecting,20261008,Mobile,Ostatné SR,14563,70,0.48%,28.26,0.0,9461
Energy_Client_SK,ProduktLaunch26_Programmatic,IO_ProduktLaunch26_Display,LI_Display_Prospecting,20260829,Tablet,Ostatné SR,5117,27,0.53%,15.54,,3429
Energy_Client_SK,ProduktLaunch26_Programmatic,IO_ProduktLaunch26_Video,LI_Video_Prospecting,20261009,Tablet,Bratislavský kraj,10448,73,0.7%,40.92,,6671
Energy_Client_SK,ProduktLaunch26_Programmatic,IO_ProduktLaunch26_Display,LI_Display_Prospecting,20260822,Connected TV,Košický kraj,4705,15,0.32%,12.55,0.0,3617
Energy_Client_SK,ProduktLaunch26_Programmatic,IO_ProduktLaunch26_Display,LI_Display_Prospecting,20260920,Mobile,Košický kraj,6428,24,0.38%,14.52,,5024
Energy_Client_SK,ProduktLaunch26_Programmatic,IO_ProduktLaunch26_Video,LI_Video_Retarget,20261015,Connected TV,Bratislavský kraj,6835,73,1.07%,36.01,,4628
Energy_Client_SK,ProduktLaunch26_Programmatic,IO_ProduktLaunch26_Video,LI_Video_Retarget,20260816,Connected TV,Košický kraj,6118,49,0.8%,23.68,,4661
Energy_Client_SK,ProduktLaunch26_Programmatic,IO_ProduktLaunch26_Video,LI_Audio_Awareness,20260918,Tablet,Košický kraj,3365,16,0.48%,6.38,,2593
Energy_Client_SK,ProduktLaunch26_Programmatic,IO_ProduktLaunch26_Display,LI_Native_Prospecting,20260829,Connected TV,Ostatné SR,4221,24,0.57%,12.79,,2322
Energy_Client_SK,ProduktLaunch26_Programmatic,IO_ProduktLaunch26_Display,LI_Display_Retarget,20260930,Desktop,Košický kraj,11253,50,0.44%,29.9,,6539
Energy_Client_SK,ProduktLaunch26_Programmatic,IO_ProduktLaunch26_Display,LI_Display_Retarget,20260830,Desktop,Ostatné SR,12031,41,0.34%,25.38,,6686
Energy_Client_SK,ProduktLaunch26_Programmatic,IO_ProduktLaunch26_Display,LI_Native_Prospecting,20261023,Connected TV,Ostatné SR,5133,25,0.49%,16.01,,3767
Energy_Client_SK,ProduktLaunch26_Programmatic,IO_ProduktLaunch26_Video,LI_Audio_Awareness,20260818,Tablet,Bratislavský kraj,4045,11,0.26%,8.8,,3021
Energy_Client_SK,ProduktLaunch26_Programmatic,IO_ProduktLaunch26_Display,LI_Display_Prospecting,20260917,Connected TV,Košický kraj,6347,38,0.6%,14.16,,5076
Energy_Client_SK,ProduktLaunch26_Programmatic,IO_ProduktLaunch26_Display,LI_Display_Prospecting,20260818,Connected TV,Košický kraj,7854,40,0.51%,16.13,,4492
Energy_Client_SK,ProduktLaunch26_Programmatic,IO_ProduktLaunch26_Display,LI_Display_Retarget,20260930,Tablet,Bratislavský kraj,7064,25,0.36%,21.53,,5249
Energy_Client_SK,ProduktLaunch26_Programmatic,IO_ProduktLaunch26_Display,LI_Display_Retarget,20260827,Connected TV,Košický kraj,7189,48,0.67%,16.57,,4831
Energy_Client_SK,ProduktLaunch26_Programmatic,IO_ProduktLaunch26_Video,LI_Video_Retarget,20260907,Tablet,Ostatné SR,6608,57,0.86%,25.18,0.0,5059
Energy_Client_SK,ProduktLaunch26_Programmatic,IO_ProduktLaunch26_Video,LI_Video_Retarget,20260905,Tablet,Ostatné SR,5047,27,0.53%,23.11,,3043
Energy_Client_SK,ProduktLaunch26_Programmatic,IO_ProduktLaunch26_Video,LI_Video_Retarget,20260902,Mobile,Košický kraj,15697,154,0.98%,72.34,0.0,12430
Energy_Client_SK,ProduktLaunch26_Programmatic,IO_ProduktLaunch26_Video,LI_Audio_Awareness,20260825,Tablet,Bratislavský kraj,3932,10,0.25%,9.86,,2816
Energy_Client_SK,ProduktLaunch26_Programmatic,IO_ProduktLaunch26_Video,LI_Audio_Awareness,20260913,Tablet,Košický kraj,2294,9,0.41%,4.35,,1790
Energy_Client_SK,ProduktLaunch26_Programmatic,IO_ProduktLaunch26_Display,LI_Display_Retarget,20261025,Mobile,Košický kraj,6684,33,0.49%,21.18,0.0,3724
Energy_Client_SK,ProduktLaunch26_Programmatic,IO_ProduktLaunch26_Video,LI_Video_Retarget,20260929,Mobile,Ostatné SR,17674,141,0.8%,80.92,,13870
Energy_Client_SK,ProduktLaunch26_Programmatic,IO_ProduktLaunch26_Video,LI_Video_Prospecting,20261003,Desktop,Košický kraj,13620,68,0.5%,50.37,0.0,7750
Energy_Client_SK,ProduktLaunch26_Programmatic,IO_ProduktLaunch26_Video,LI_Audio_Awareness,20260929,Connected TV,Bratislavský kraj,10675,51,0.48%,16.97,0.0,7337
Energy_Client_SK,ProduktLaunch26_Programmatic,IO_ProduktLaunch26_Video,LI_Video_Retarget,20260930,Connected TV,Ostatné SR,9738,55,0.57%,51.46,0.0,6200
Energy_Client_SK,ProduktLaunch26_Programmatic,IO_ProduktLaunch26_Video,LI_Audio_Awareness,20261026,Mobile,Ostatné SR,9608,35,0.36%,24.51,,7221
Energy_Client_SK,ProduktLaunch26_Programmatic,IO_ProduktLaunch26_Display,LI_Display_Prospecting,20260927,Tablet,Košický kraj,5491,24,0.43%,17.0,0.0,3587
Energy_Client_SK,ProduktLaunch26_Programmatic,IO_ProduktLaunch26_Display,LI_Display_Prospecting,20261003,Connected TV,Bratislavský kraj,13132,58,0.44%,35.39,,8436
Energy_Client_SK,ProduktLaunch26_Programmatic,IO_ProduktLaunch26_Display,LI_Display_Prospecting,20260921,Desktop,Bratislavský kraj,14266,60,0.42%,43.08,,9033
Energy_Client_SK,ProduktLaunch26_Programmatic,IO_ProduktLaunch26_Display,LI_Display_Prospecting,20260824,Mobile,Ostatné SR,12467,54,0.43%,39.16,,9571
Energy_Client_SK,ProduktLaunch26_Programmatic,IO_ProduktLaunch26_Display,LI_Display_Retarget,20260917,Mobile,Košický kraj,12068,79,0.66%,32.36,,8474
Energy_Client_SK,ProduktLaunch26_Programmatic,IO_ProduktLaunch26_Display,LI_Native_Prospecting,20261006,Tablet,Ostatné SR,4092,18,0.45%,9.31,0.0,2357
Energy_Client_SK,ProduktLaunch26_Programmatic,IO_ProduktLaunch26_Video,LI_Video_Retarget,20261020,Mobile,Košický kraj,12698,66,0.52%,52.07,,8768
Energy_Client_SK,ProduktLaunch26_Programmatic,IO_ProduktLaunch26_Display,LI_Display_Retarget,20261028,Connected TV,Ostatné SR,5625,24,0.42%,17.45,0.0,4211
Energy_Client_SK,ProduktLaunch26_Programmatic,IO_ProduktLaunch26_Video,LI_Video_Retarget,20260921,Connected TV,Bratislavský kraj,11586,91,0.79%,40.13,0.0,9124
Energy_Client_SK,ProduktLaunch26_Programmatic,IO_ProduktLaunch26_Video,LI_Audio_Awareness,20260828,Tablet,Bratislavský kraj,3787,13,0.34%,7.83,,2288
Energy_Client_SK,ProduktLaunch26_Programmatic,IO_ProduktLaunch26_Video,LI_Video_Retarget,20261025,Connected TV,Bratislavský kraj,13329,135,1.01%,59.34,,10504
Energy_Client_SK,ProduktLaunch26_Programmatic,IO_ProduktLaunch26_Video,LI_Audio_Awareness,20260829,Connected TV,Bratislavský kraj,6649,23,0.34%,15.08,0.0,3818
Energy_Client_SK,ProduktLaunch26_Programmatic,IO_ProduktLaunch26_Display,LI_Native_Prospecting,20260903,Connected TV,Ostatné SR,3441,17,0.49%,12.51,,2374
Energy_Client_SK,ProduktLaunch26_Programmatic,IO_ProduktLaunch26_Display,LI_Display_Prospecting,20261008,Connected TV,Ostatné SR,7148,21,0.29%,20.11,,4142
Energy_Client_SK,ProduktLaunch26_Programmatic,IO_ProduktLaunch26_Video,LI_Audio_Awareness,20260915,Connected TV,Ostatné SR,6722,24,0.36%,16.67,0.0,4370
Energy_Client_SK,ProduktLaunch26_Programmatic,IO_ProduktLaunch26_Video,LI_Video_Prospecting,20261018,Tablet,Bratislavský kraj,10808,48,0.44%,48.96,0.0,8200
Energy_Client_SK,ProduktLaunch26_Programmatic,IO_ProduktLaunch26_Display,LI_Display_Retarget,20261008,Tablet,Košický kraj,4391,15,0.35%,14.29,0.0,2929
Energy_Client_SK,ProduktLaunch26_Programmatic,IO_ProduktLaunch26_Display,LI_Display_Prospecting,20260922,Tablet,Ostatné SR,7376,21,0.28%,15.33,,5342
Energy_Client_SK,ProduktLaunch26_Programmatic,IO_ProduktLaunch26_Video,LI_Video_Retarget,20261020,Tablet,Košický kraj,3701,40,1.08%,15.68,0.0,2406
Energy_Client_SK,ProduktLaunch26_Programmatic,IO_ProduktLaunch26_Display,LI_Native_Prospecting,20260914,Connected TV,Košický kraj,3519,20,0.56%,11.75,,2339
Energy_Client_SK,ProduktLaunch26_Programmatic,IO_ProduktLaunch26_Display,LI_Native_Prospecting,20261024,Mobile,Bratislavský kraj,11312,74,0.66%,33.67,0.0,8445
Energy_Client_SK,ProduktLaunch26_Programmatic,IO_ProduktLaunch26_Video,LI_Video_Prospecting,20260820,Mobile,Košický kraj,13047,56,0.43%,53.21,,7309
Energy_Client_SK,ProduktLaunch26_Programmatic,IO_ProduktLaunch26_Display,LI_Native_Prospecting,20261017,Mobile,Bratislavský kraj,15319,96,0.63%,37.89,,11427
Energy_Client_SK,ProduktLaunch26_Programmatic,IO_ProduktLaunch26_Video,LI_Audio_Awareness,20260906,Mobile,Bratislavský kraj,16489,43,0.26%,41.85,,10296
Energy_Client_SK,ProduktLaunch26_Programmatic,IO_ProduktLaunch26_Display,LI_Display_Prospecting,20260906,Mobile,Košický kraj,10584,32,0.3%,20.68,,7314
Energy_Client_SK,ProduktLaunch26_Programmatic,IO_ProduktLaunch26_Video,LI_Video_Prospecting,20260821,Mobile,Ostatné SR,14964,74,0.5%,62.65,,8322
Energy_Client_SK,ProduktLaunch26_Programmatic,IO_ProduktLaunch26_Video,LI_Video_Prospecting,20260919,Tablet,Košický kraj,5708,23,0.4%,19.52,0.0,3169
Energy_Client_SK,ProduktLaunch26_Programmatic,IO_ProduktLaunch26_Video,LI_Video_Prospecting,20260917,Mobile,Ostatné SR,13955,65,0.46%,68.54,,8585
Energy_Client_SK,ProduktLaunch26_Programmatic,IO_ProduktLaunch26_Display,LI_Native_Prospecting,20261011,Desktop,Bratislavský kraj,7892,42,0.53%,24.34,,5921
Energy_Client_SK,ProduktLaunch26_Programmatic,IO_ProduktLaunch26_Video,LI_Video_Prospecting,20260927,Mobile,Bratislavský kraj,19949,139,0.7%,88.47,,13135
Energy_Client_SK,ProduktLaunch26_Programmatic,IO_ProduktLaunch26_Display,LI_Display_Prospecting,20260903,Tablet,Bratislavský kraj,4936,27,0.56%,14.4,0.0,3667
Energy_Client_SK,ProduktLaunch26_Programmatic,IO_ProduktLaunch26_Display,LI_Native_Prospecting,20260821,Mobile,Bratislavský kraj,13500,97,0.72%,42.73,0.0,9101
Energy_Client_SK,ProduktLaunch26_Programmatic,IO_ProduktLaunch26_Video,LI_Video_Retarget,20261016,Tablet,Košický kraj,3499,23,0.67%,12.95,,2707
Energy_Client_SK,ProduktLaunch26_Programmatic,IO_ProduktLaunch26_Display,LI_Display_Prospecting,20261013,Mobile,Košický kraj,11011,43,0.39%,34.54,,6280
Energy_Client_SK,ProduktLaunch26_Programmatic,IO_ProduktLaunch26_Display,LI_Native_Prospecting,20260904,Tablet,Ostatné SR,5676,36,0.63%,15.43,,3457
Energy_Client_SK,ProduktLaunch26_Programmatic,IO_ProduktLaunch26_Video,LI_Video_Retarget,20260912,Tablet,Bratislavský kraj,7811,42,0.54%,39.1,,4565
Energy_Client_SK,ProduktLaunch26_Programmatic,IO_ProduktLaunch26_Display,LI_Native_Prospecting,20261009,Connected TV,Bratislavský kraj,7870,50,0.63%,19.78,0.0,5727
Energy_Client_SK,ProduktLaunch26_Programmatic,IO_ProduktLaunch26_Video,LI_Video_Retarget,20260925,Desktop,Bratislavský kraj,11883,81,0.68%,47.48,0.0,9049
Energy_Client_SK,ProduktLaunch26_Programmatic,IO_ProduktLaunch26_Display,LI_Display_Retarget,20261018,Desktop,Bratislavský kraj,16448,52,0.32%,51.37,0.0,9305
Energy_Client_SK,ProduktLaunch26_Programmatic,IO_ProduktLaunch26_Display,LI_Native_Prospecting,20261008,Connected TV,Ostatné SR,3797,21,0.55%,12.23,,2607
Energy_Client_SK,ProduktLaunch26_Programmatic,IO_ProduktLaunch26_Video,LI_Video_Prospecting,20261009,Desktop,Bratislavský kraj,20989,143,0.68%,67.51,0.0,13666
Energy_Client_SK,ProduktLaunch26_Programmatic,IO_ProduktLaunch26_Video,LI_Video_Prospecting,20260827,Tablet,Bratislavský kraj,8172,34,0.42%,37.32,,6377
Energy_Client_SK,ProduktLaunch26_Programmatic,IO_ProduktLaunch26_Video,LI_Video_Prospecting,20260927,Tablet,Košický kraj,5139,28,0.55%,18.47,0.0,3437
Energy_Client_SK,ProduktLaunch26_Programmatic,IO_ProduktLaunch26_Video,LI_Audio_Awareness,20261008,Desktop,Ostatné SR,6402,29,0.45%,16.0,,4795
Energy_Client_SK,ProduktLaunch26_Programmatic,IO_ProduktLaunch26_Video,LI_Video_Retarget,20260817,Desktop,Bratislavský kraj,22051,139,0.63%,112.9,0.0,13341
Energy_Client_SK,ProduktLaunch26_Programmatic,IO_ProduktLaunch26_Display,LI_Display_Retarget,20260910,Desktop,Ostatné SR,8352,38,0.45%,28.24,0.0,5967
Energy_Client_SK,ProduktLaunch26_Programmatic,IO_ProduktLaunch26_Video,LI_Video_Retarget,20260930,Connected TV,Košický kraj,5844,32,0.54%,29.25,,3403
Energy_Client_SK,ProduktLaunch26_Programmatic,IO_ProduktLaunch26_Video,LI_Audio_Awareness,20261014,Tablet,Košický kraj,3285,9,0.27%,5.67,,2187
Energy_Client_SK,ProduktLaunch26_Programmatic,IO_ProduktLaunch26_Video,LI_Video_Retarget,20261003,Mobile,Ostatné SR,17700,164,0.93%,76.62,0.0,11686
Energy_Client_SK,ProduktLaunch26_Programmatic,IO_ProduktLaunch26_Video,LI_Video_Prospecting,20261017,Tablet,Ostatné SR,7046,60,0.85%,32.3,,4629
Energy_Client_SK,ProduktLaunch26_Programmatic,IO_ProduktLaunch26_Video,LI_Video_Prospecting,20261003,Tablet,Bratislavský kraj,11007,70,0.64%,42.61,,8226
Energy_Client_SK,ProduktLaunch26_Programmatic,IO_ProduktLaunch26_Video,LI_Video_Retarget,20260830,Tablet,Ostatné SR,6146,32,0.52%,32.52,0.0,3591
Energy_Client_SK,ProduktLaunch26_Programmatic,IO_ProduktLaunch26_Video,LI_Video_Prospecting,20260908,Tablet,Bratislavský kraj,9393,40,0.43%,42.62,,5684
Energy_Client_SK,ProduktLaunch26_Programmatic,IO_ProduktLaunch26_Display,LI_Display_Prospecting,20261009,Tablet,Ostatné SR,4274,17,0.41%,9.47,0.0,2809
Energy_Client_SK,ProduktLaunch26_Programmatic,IO_ProduktLaunch26_Display,LI_Native_Prospecting,20260902,Desktop,Ostatné SR,8491,40,0.47%,24.84,0.0,5312
Energy_Client_SK,ProduktLaunch26_Programmatic,IO_ProduktLaunch26_Video,LI_Audio_Awareness,20261012,Mobile,Ostatné SR,8913,37,0.41%,22.72,,6191
Energy_Client_SK,ProduktLaunch26_Programmatic,IO_ProduktLaunch26_Display,LI_Display_Retarget,20261019,Tablet,Košický kraj,5383,26,0.49%,16.99,,3100
Energy_Client_SK,ProduktLaunch26_Programmatic,IO_ProduktLaunch26_Display,LI_Native_Prospecting,20260904,Mobile,Bratislavský kraj,15550,118,0.76%,39.22,,8877
Energy_Client_SK,ProduktLaunch26_Programmatic,IO_ProduktLaunch26_Display,LI_Display_Retarget,20260824,Connected TV,Ostatné SR,5228,29,0.56%,16.25,,3212
Energy_Client_SK,ProduktLaunch26_Programmatic,IO_ProduktLaunch26_Display,LI_Native_Prospecting,20261025,Mobile,Košický kraj,8526,65,0.76%,22.78,,4836
Energy_Client_SK,ProduktLaunch26_Programmatic,IO_ProduktLaunch26_Video,LI_Audio_Awareness,20261006,Connected TV,Košický kraj,3299,14,0.42%,6.2,,1919
Energy_Client_SK,ProduktLaunch26_Programmatic,IO_ProduktLaunch26_Display,LI_Native_Prospecting,20260915,Tablet,Ostatné SR,2817,15,0.54%,6.58,,1632
Energy_Client_SK,ProduktLaunch26_Programmatic,IO_ProduktLaunch26_Video,LI_Video_Prospecting,20261011,Mobile,Košický kraj,10949,81,0.74%,38.77,,8746
Energy_Client_SK,ProduktLaunch26_Programmatic,IO_ProduktLaunch26_Video,LI_Video_Retarget,20261023,Desktop,Ostatné SR,7776,58,0.75%,30.42,,4483
Energy_Client_SK,ProduktLaunch26_Programmatic,IO_ProduktLaunch26_Display,LI_Display_Retarget,20260930,Mobile,Bratislavský kraj,12022,68,0.57%,35.56,0.0,7424
Energy_Client_SK,ProduktLaunch26_Programmatic,IO_ProduktLaunch26_Display,LI_Native_Prospecting,20260903,Tablet,Ostatné SR,2675,12,0.43%,9.54,0.0,1825
Energy_Client_SK,ProduktLaunch26_Programmatic,IO_ProduktLaunch26_Display,LI_Display_Retarget,20260903,Desktop,Košický kraj,6711,27,0.4%,22.98,0.0,4095
Energy_Client_SK,ProduktLaunch26_Programmatic,IO_ProduktLaunch26_Display,LI_Display_Retarget,20261025,Connected TV,Bratislavský kraj,12259,66,0.54%,26.82,,7661
Energy_Client_SK,ProduktLaunch26_Programmatic,IO_ProduktLaunch26_Display,LI_Display_Prospecting,20261014,Tablet,Košický kraj,3653,13,0.37%,11.37,0.0,2420
Energy_Client_SK,ProduktLaunch26_Programmatic,IO_ProduktLaunch26_Video,LI_Video_Prospecting,20260923,Tablet,Košický kraj,4470,28,0.64%,20.88,,3048
Energy_Client_SK,ProduktLaunch26_Programmatic,IO_ProduktLaunch26_Display,LI_Native_Prospecting,20261015,Desktop,Bratislavský kraj,9829,72,0.73%,28.72,,5890
Energy_Client_SK,ProduktLaunch26_Programmatic,IO_ProduktLaunch26_Video,LI_Audio_Awareness,20260926,Desktop,Ostatné SR,8036,36,0.44%,15.88,,6083
Energy_Client_SK,ProduktLaunch26_Programmatic,IO_ProduktLaunch26_Video,LI_Audio_Awareness,20260914,Mobile,Ostatné SR,7238,29,0.4%,12.09,,5458
Energy_Client_SK,ProduktLaunch26_Programmatic,IO_ProduktLaunch26_Video,LI_Audio_Awareness,20260902,Tablet,Ostatné SR,4398,14,0.31%,7.45,,2534
Energy_Client_SK,ProduktLaunch26_Programmatic,IO_ProduktLaunch26_Display,LI_Native_Prospecting,20260903,Desktop,Košický kraj,7831,34,0.44%,20.14,0.0,5618
Energy_Client_SK,ProduktLaunch26_Programmatic,IO_ProduktLaunch26_Video,LI_Video_Retarget,20261005,Connected TV,Ostatné SR,7946,67,0.84%,37.41,0.0,5660
Energy_Client_SK,ProduktLaunch26_Programmatic,IO_ProduktLaunch26_Display,LI_Display_Retarget,20260830,Mobile,Košický kraj,7130,43,0.6%,24.0,,4288
Energy_Client_SK,ProduktLaunch26_Programmatic,IO_ProduktLaunch26_Video,LI_Audio_Awareness,20260908,Mobile,Bratislavský kraj,17198,84,0.49%,33.81,,9910
Energy_Client_SK,ProduktLaunch26_Programmatic,IO_ProduktLaunch26_Video,LI_Audio_Awareness,20260925,Connected TV,Bratislavský kraj,9436,22,0.24%,18.51,0.0,6883
Energy_Client_SK,ProduktLaunch26_Programmatic,IO_ProduktLaunch26_Video,LI_Video_Retarget,20260817,Desktop,Košický kraj,9205,62,0.67%,38.09,,6160
Energy_Client_SK,ProduktLaunch26_Programmatic,IO_ProduktLaunch26_Display,LI_Display_Retarget,20261025,Tablet,Bratislavský kraj,8074,53,0.66%,23.26,,6272
Energy_Client_SK,ProduktLaunch26_Programmatic,IO_ProduktLaunch26_Video,LI_Video_Retarget,20260823,Tablet,Ostatné SR,6823,40,0.58%,33.86,0.0,4224
Energy_Client_SK,ProduktLaunch26_Programmatic,IO_ProduktLaunch26_Video,LI_Audio_Awareness,20260904,Connected TV,Ostatné SR,4500,19,0.43%,8.38,,2486
Energy_Client_SK,ProduktLaunch26_Programmatic,IO_ProduktLaunch26_Display,LI_Display_Retarget,20260830,Connected TV,Bratislavský kraj,5528,29,0.53%,13.3,0.0,4369
Energy_Client_SK,ProduktLaunch26_Programmatic,IO_ProduktLaunch26_Video,LI_Video_Prospecting,20260901,Mobile,Košický kraj,10098,41,0.41%,38.96,,5560
Energy_Client_SK,ProduktLaunch26_Programmatic,IO_ProduktLaunch26_Video,LI_Video_Retarget,20261015,Desktop,Košický kraj,9632,55,0.57%,48.91,,7671
Energy_Client_SK,ProduktLaunch26_Programmatic,IO_ProduktLaunch26_Display,LI_Display_Retarget,20260906,Mobile,Košický kraj,12228,81,0.66%,40.05,0.0,7603
Energy_Client_SK,ProduktLaunch26_Programmatic,IO_ProduktLaunch26_Display,LI_Display_Prospecting,20261016,Desktop,Košický kraj,7190,23,0.31%,18.45,0.0,4284
Energy_Client_SK,ProduktLaunch26_Programmatic,IO_ProduktLaunch26_Display,LI_Native_Prospecting,20260924,Connected TV,Košický kraj,5857,46,0.79%,20.41,,3918
Energy_Client_SK,ProduktLaunch26_Programmatic,IO_ProduktLaunch26_Display,LI_Display_Retarget,20260822,Desktop,Bratislavský kraj,10186,65,0.64%,33.54,0.0,7431
Energy_Client_SK,ProduktLaunch26_Programmatic,IO_ProduktLaunch26_Display,LI_Display_Prospecting,20261019,Mobile,Košický kraj,8134,45,0.56%,23.09,,6391
Energy_Client_SK,ProduktLaunch26_Programmatic,IO_ProduktLaunch26_Video,LI_Video_Retarget,20261011,Mobile,Košický kraj,7449,59,0.79%,30.3,,4236
Energy_Client_SK,ProduktLaunch26_Programmatic,IO_ProduktLaunch26_Video,LI_Video_Prospecting,20260903,Mobile,Košický kraj,15848,106,0.67%,58.62,,9112
Energy_Client_SK,ProduktLaunch26_Programmatic,IO_ProduktLaunch26_Display,LI_Display_Prospecting,20261009,Connected TV,Košický kraj,6642,22,0.33%,15.66,0.0,4802
Energy_Client_SK,ProduktLaunch26_Programmatic,IO_ProduktLaunch26_Video,LI_Audio_Awareness,20260912,Desktop,Bratislavský kraj,11906,25,0.21%,30.12,0.0,9118
Energy_Client_SK,ProduktLaunch26_Programmatic,IO_ProduktLaunch26_Display,LI_Native_Prospecting,20260908,Tablet,Ostatné SR,3958,27,0.69%,10.67,,2460
Energy_Client_SK,ProduktLaunch26_Programmatic,IO_ProduktLaunch26_Video,LI_Video_Prospecting,20261019,Desktop,Bratislavský kraj,22442,142,0.63%,73.86,,17641
Energy_Client_SK,ProduktLaunch26_Programmatic,IO_ProduktLaunch26_Display,LI_Display_Retarget,20260921,Tablet,Košický kraj,5131,23,0.45%,13.89,0.0,3802
Energy_Client_SK,ProduktLaunch26_Programmatic,IO_ProduktLaunch26_Video,LI_Video_Retarget,20260912,Mobile,Košický kraj,12373,69,0.56%,45.88,,8035
Energy_Client_SK,ProduktLaunch26_Programmatic,IO_ProduktLaunch26_Video,LI_Video_Retarget,20261019,Tablet,Košický kraj,4746,50,1.06%,17.62,,3101
Energy_Client_SK,ProduktLaunch26_Programmatic,IO_ProduktLaunch26_Video,LI_Video_Prospecting,20260914,Tablet,Košický kraj,6680,37,0.56%,30.6,0.0,4390
Energy_Client_SK,ProduktLaunch26_Programmatic,IO_ProduktLaunch26_Video,LI_Audio_Awareness,20260926,Desktop,Bratislavský kraj,14781,40,0.27%,32.13,,9625
Energy_Client_SK,ProduktLaunch26_Programmatic,IO_ProduktLaunch26_Display,LI_Display_Retarget,20260822,Mobile,Ostatné SR,7767,47,0.6%,26.33,0.0,5244
Energy_Client_SK,ProduktLaunch26_Programmatic,IO_ProduktLaunch26_Display,LI_Native_Prospecting,20260824,Tablet,Bratislavský kraj,4111,21,0.52%,9.77,0.0,3072
Energy_Client_SK,ProduktLaunch26_Programmatic,IO_ProduktLaunch26_Video,LI_Video_Prospecting,20261027,Desktop,Ostatné SR,13770,78,0.56%,48.28,0.0,9528
Energy_Client_SK,ProduktLaunch26_Programmatic,IO_ProduktLaunch26_Video,LI_Audio_Awareness,20260919,Connected TV,Košický kraj,4398,16,0.36%,9.95,,2657
Energy_Client_SK,ProduktLaunch26_Programmatic,IO_ProduktLaunch26_Video,LI_Video_Prospecting,20260905,Connected TV,Bratislavský kraj,10496,65,0.62%,52.24,,7069
Energy_Client_SK,ProduktLaunch26_Programmatic,IO_ProduktLaunch26_Video,LI_Video_Retarget,20260908,Desktop,Bratislavský kraj,20172,120,0.6%,74.34,,12558
Energy_Client_SK,ProduktLaunch26_Programmatic,IO_ProduktLaunch26_Display,LI_Display_Retarget,20260916,Desktop,Bratislavský kraj,10085,48,0.48%,33.04,0.0,6024
Energy_Client_SK,ProduktLaunch26_Programmatic,IO_ProduktLaunch26_Display,LI_Native_Prospecting,20260918,Desktop,Košický kraj,5889,36,0.6%,18.54,0.0,4149
Energy_Client_SK,ProduktLaunch26_Programmatic,IO_ProduktLaunch26_Display,LI_Display_Prospecting,20260919,Mobile,Bratislavský kraj,19336,75,0.39%,44.07,,13518
Energy_Client_SK,ProduktLaunch26_Programmatic,IO_ProduktLaunch26_Video,LI_Video_Prospecting,20260924,Connected TV,Ostatné SR,8366,64,0.77%,27.56,0.0,4673
Energy_Client_SK,ProduktLaunch26_Programmatic,IO_ProduktLaunch26_Video,LI_Video_Prospecting,20260826,Connected TV,Bratislavský kraj,12314,64,0.52%,39.7,0.0,9766
Energy_Client_SK,ProduktLaunch26_Programmatic,IO_ProduktLaunch26_Display,LI_Display_Retarget,20260913,Mobile,Bratislavský kraj,19777,71,0.36%,49.84,0.0,15545
Energy_Client_SK,ProduktLaunch26_Programmatic,IO_ProduktLaunch26_Video,LI_Video_Retarget,20260829,Tablet,Ostatné SR,6326,55,0.87%,27.56,0.0,4573
Energy_Client_SK,ProduktLaunch26_Programmatic,IO_ProduktLaunch26_Video,LI_Audio_Awareness,20261002,Connected TV,Bratislavský kraj,10090,34,0.34%,21.25,0.0,7180
Energy_Client_SK,ProduktLaunch26_Programmatic,IO_ProduktLaunch26_Video,LI_Audio_Awareness,20260826,Desktop,Ostatné SR,10251,35,0.34%,24.33,0.0,7528
Energy_Client_SK,ProduktLaunch26_Programmatic,IO_ProduktLaunch26_Video,LI_Video_Prospecting,20261016,Tablet,Ostatné SR,7190,39,0.54%,28.26,,4596
Energy_Client_SK,ProduktLaunch26_Programmatic,IO_ProduktLaunch26_Display,LI_Display_Prospecting,20260831,Connected TV,Bratislavský kraj,10178,59,0.58%,22.43,,6994
Energy_Client_SK,ProduktLaunch26_Programmatic,IO_ProduktLaunch26_Display,LI_Display_Prospecting,20260903,Mobile,Košický kraj,13589,76,0.56%,28.8,0.0,8113
Energy_Client_SK,ProduktLaunch26_Programmatic,IO_ProduktLaunch26_Display,LI_Display_Retarget,20261009,Tablet,Ostatné SR,6299,25,0.4%,21.71,0.0,4477
Energy_Client_SK,ProduktLaunch26_Programmatic,IO_ProduktLaunch26_Video,LI_Video_Retarget,20261010,Connected TV,Ostatné SR,6919,38,0.55%,33.1,,5358
Energy_Client_SK,ProduktLaunch26_Programmatic,IO_ProduktLaunch26_Video,LI_Video_Retarget,20261010,Mobile,Ostatné SR,17229,138,0.8%,74.22,,10888
Energy_Client_SK,ProduktLaunch26_Programmatic,IO_ProduktLaunch26_Display,LI_Native_Prospecting,20260926,Desktop,Košický kraj,4786,24,0.5%,13.02,0.0,3468
Energy_Client_SK,ProduktLaunch26_Programmatic,IO_ProduktLaunch26_Video,LI_Video_Retarget,20260831,Tablet,Ostatné SR,7361,48,0.65%,37.82,0.0,5264
Energy_Client_SK,ProduktLaunch26_Programmatic,IO_ProduktLaunch26_Video,LI_Video_Prospecting,20260919,Connected TV,Ostatné SR,6783,35,0.52%,29.19,0.0,4240
Energy_Client_SK,ProduktLaunch26_Programmatic,IO_ProduktLaunch26_Display,LI_Display_Retarget,20261007,Tablet,Bratislavský kraj,4381,19,0.44%,9.44,,2426
Energy_Client_SK,ProduktLaunch26_Programmatic,IO_ProduktLaunch26_Video,LI_Video_Prospecting,20261013,Desktop,Ostatné SR,17904,150,0.84%,79.6,0.0,13670
Energy_Client_SK,ProduktLaunch26_Programmatic,IO_ProduktLaunch26_Video,LI_Audio_Awareness,20260830,Mobile,Košický kraj,7709,30,0.39%,14.2,0.0,4873
Energy_Client_SK,ProduktLaunch26_Programmatic,IO_ProduktLaunch26_Display,LI_Display_Retarget,20260820,Tablet,Košický kraj,5547,33,0.6%,18.2,0.0,3947
Energy_Client_SK,ProduktLaunch26_Programmatic,IO_ProduktLaunch26_Display,LI_Display_Prospecting,20260927,Connected TV,Ostatné SR,5895,21,0.35%,18.84,,3697
Energy_Client_SK,ProduktLaunch26_Programmatic,IO_ProduktLaunch26_Video,LI_Audio_Awareness,20260829,Tablet,Bratislavský kraj,4872,11,0.22%,8.31,0.0,3358
Energy_Client_SK,ProduktLaunch26_Programmatic,IO_ProduktLaunch26_Display,LI_Native_Prospecting,20261002,Connected TV,Ostatné SR,3841,16,0.43%,9.74,0.0,2793
Energy_Client_SK,ProduktLaunch26_Programmatic,IO_ProduktLaunch26_Display,LI_Display_Prospecting,20261020,Desktop,Ostatné SR,9530,52,0.55%,25.83,0.0,6981
Energy_Client_SK,ProduktLaunch26_Programmatic,IO_ProduktLaunch26_Display,LI_Display_Prospecting,20260912,Tablet,Košický kraj,4409,18,0.4%,10.51,,2767
Energy_Client_SK,ProduktLaunch26_Programmatic,IO_ProduktLaunch26_Display,LI_Native_Prospecting,20260929,Tablet,Košický kraj,4260,34,0.8%,10.38,,3083
Energy_Client_SK,ProduktLaunch26_Programmatic,IO_ProduktLaunch26_Display,LI_Display_Prospecting,20260902,Tablet,Ostatné SR,3800,20,0.52%,9.17,,2107
Energy_Client_SK,ProduktLaunch26_Programmatic,IO_ProduktLaunch26_Display,LI_Display_Prospecting,20260917,Tablet,Bratislavský kraj,8765,30,0.35%,20.53,,5355
Energy_Client_SK,ProduktLaunch26_Programmatic,IO_ProduktLaunch26_Video,LI_Video_Prospecting,20260921,Desktop,Košický kraj,9231,82,0.89%,35.84,0.0,5545
Energy_Client_SK,ProduktLaunch26_Programmatic,IO_ProduktLaunch26_Video,LI_Video_Prospecting,20261011,Connected TV,Košický kraj,9149,51,0.56%,40.07,0.0,5547
Energy_Client_SK,ProduktLaunch26_Programmatic,IO_ProduktLaunch26_Display,LI_Display_Retarget,20260828,Desktop,Ostatné SR,10318,42,0.41%,24.39,,6582
Energy_Client_SK,ProduktLaunch26_Programmatic,IO_ProduktLaunch26_Video,LI_Video_Retarget,20261016,Connected TV,Ostatné SR,7974,77,0.96%,40.55,,4606
Energy_Client_SK,ProduktLaunch26_Programmatic,IO_ProduktLaunch26_Display,LI_Display_Retarget,20260828,Connected TV,Bratislavský kraj,7551,34,0.45%,22.13,0.0,4834
Energy_Client_SK,ProduktLaunch26_Programmatic,IO_ProduktLaunch26_Display,LI_Display_Prospecting,20260912,Connected TV,Košický kraj,4026,20,0.49%,8.83,,2881
Energy_Client_SK,ProduktLaunch26_Programmatic,IO_ProduktLaunch26_Video,LI_Audio_Awareness,20261003,Connected TV,Bratislavský kraj,6463,31,0.48%,12.93,0.0,4362
Energy_Client_SK,ProduktLaunch26_Programmatic,IO_ProduktLaunch26_Video,LI_Video_Retarget,20260822,Mobile,Bratislavský kraj,23627,161,0.68%,118.1,,16313
Energy_Client_SK,ProduktLaunch26_Programmatic,IO_ProduktLaunch26_Video,LI_Video_Retarget,20260825,Connected TV,Ostatné SR,6402,41,0.64%,33.58,0.0,4257
Energy_Client_SK,ProduktLaunch26_Programmatic,IO_ProduktLaunch26_Video,LI_Video_Retarget,20260924,Mobile,Ostatné SR,17412,104,0.6%,88.95,,10037
Energy_Client_SK,ProduktLaunch26_Programmatic,IO_ProduktLaunch26_Display,LI_Native_Prospecting,20260823,Connected TV,Ostatné SR,7589,49,0.65%,27.88,0.0,5239
Energy_Client_SK,ProduktLaunch26_Programmatic,IO_ProduktLaunch26_Display,LI_Native_Prospecting,20260919,Tablet,Bratislavský kraj,3854,21,0.54%,12.23,,2829
Energy_Client_SK,ProduktLaunch26_Programmatic,IO_ProduktLaunch26_Display,LI_Native_Prospecting,20261008,Mobile,Košický kraj,10838,45,0.42%,23.95,,7456
Energy_Client_SK,ProduktLaunch26_Programmatic,IO_ProduktLaunch26_Display,LI_Native_Prospecting,20260912,Tablet,Bratislavský kraj,6922,32,0.47%,15.49,0.0,4048
Energy_Client_SK,ProduktLaunch26_Programmatic,IO_ProduktLaunch26_Display,LI_Display_Prospecting,20260928,Mobile,Bratislavský kraj,11837,60,0.51%,21.61,,6974
Energy_Client_SK,ProduktLaunch26_Programmatic,IO_ProduktLaunch26_Display,LI_Display_Prospecting,20261007,Desktop,Ostatné SR,13338,34,0.26%,42.4,,9722
Energy_Client_SK,ProduktLaunch26_Programmatic,IO_ProduktLaunch26_Display,LI_Display_Prospecting,20260815,Tablet,Bratislavský kraj,5380,14,0.27%,16.51,,3510
Energy_Client_SK,ProduktLaunch26_Programmatic,IO_ProduktLaunch26_Video,LI_Video_Retarget,20260915,Connected TV,Ostatné SR,5042,35,0.7%,17.53,0.0,3504
Energy_Client_SK,ProduktLaunch26_Programmatic,IO_ProduktLaunch26_Display,LI_Display_Prospecting,20260923,Desktop,Ostatné SR,7880,46,0.58%,18.43,,5484
Energy_Client_SK,ProduktLaunch26_Programmatic,IO_ProduktLaunch26_Video,LI_Audio_Awareness,20261003,Mobile,Ostatné SR,12842,44,0.35%,26.1,0.0,8814
Energy_Client_SK,ProduktLaunch26_Programmatic,IO_ProduktLaunch26_Display,LI_Display_Prospecting,20260815,Connected TV,Bratislavský kraj,12502,70,0.56%,30.18,,7525
Energy_Client_SK,ProduktLaunch26_Programmatic,IO_ProduktLaunch26_Video,LI_Video_Retarget,20260908,Mobile,Ostatné SR,19219,201,1.04%,71.37,,14465
Energy_Client_SK,ProduktLaunch26_Programmatic,IO_ProduktLaunch26_Video,LI_Video_Prospecting,20261011,Connected TV,Ostatné SR,8506,55,0.65%,27.3,0.0,5842
Energy_Client_SK,ProduktLaunch26_Programmatic,IO_ProduktLaunch26_Video,LI_Video_Retarget,20261025,Tablet,Bratislavský kraj,5186,33,0.64%,22.63,0.0,3620
Energy_Client_SK,ProduktLaunch26_Programmatic,IO_ProduktLaunch26_Display,LI_Native_Prospecting,20260909,Connected TV,Košický kraj,3479,17,0.48%,8.94,,2639
Energy_Client_SK,ProduktLaunch26_Programmatic,IO_ProduktLaunch26_Display,LI_Display_Retarget,20260901,Mobile,Košický kraj,12046,75,0.62%,35.59,0.0,9527
Energy_Client_SK,ProduktLaunch26_Programmatic,IO_ProduktLaunch26_Video,LI_Video_Retarget,20260902,Connected TV,Košický kraj,5314,46,0.87%,20.43,,3814
Energy_Client_SK,ProduktLaunch26_Programmatic,IO_ProduktLaunch26_Video,LI_Audio_Awareness,20260907,Desktop,Košický kraj,6917,15,0.22%,14.12,,3914
Energy_Client_SK,ProduktLaunch26_Programmatic,IO_ProduktLaunch26_Display,LI_Display_Prospecting,20260914,Desktop,Bratislavský kraj,17656,98,0.56%,45.55,,10586
Energy_Client_SK,ProduktLaunch26_Programmatic,IO_ProduktLaunch26_Display,LI_Native_Prospecting,20260911,Connected TV,Košický kraj,6181,44,0.72%,20.65,,4751
Energy_Client_SK,ProduktLaunch26_Programmatic,IO_ProduktLaunch26_Display,LI_Display_Prospecting,20261016,Mobile,Bratislavský kraj,19147,53,0.28%,48.78,,11764
Energy_Client_SK,ProduktLaunch26_Programmatic,IO_ProduktLaunch26_Display,LI_Native_Prospecting,20261010,Tablet,Ostatné SR,2816,16,0.56%,9.13,0.0,1728
Energy_Client_SK,ProduktLaunch26_Programmatic,IO_ProduktLaunch26_Display,LI_Display_Prospecting,20261019,Connected TV,Košický kraj,6851,27,0.4%,20.0,,4978
Energy_Client_SK,ProduktLaunch26_Programmatic,IO_ProduktLaunch26_Video,LI_Video_Prospecting,20260911,Connected TV,Ostatné SR,9011,71,0.78%,34.7,0.0,7147
Energy_Client_SK,ProduktLaunch26_Programmatic,IO_ProduktLaunch26_Video,LI_Video_Prospecting,20261022,Mobile,Bratislavský kraj,19912,136,0.68%,87.37,,11681
Energy_Client_SK,ProduktLaunch26_Programmatic,IO_ProduktLaunch26_Display,LI_Display_Prospecting,20261022,Desktop,Ostatné SR,13758,53,0.39%,30.51,0.0,8359
Energy_Client_SK,ProduktLaunch26_Programmatic,IO_ProduktLaunch26_Video,LI_Video_Retarget,20260823,Desktop,Ostatné SR,7822,84,1.07%,29.23,,5014
Energy_Client_SK,ProduktLaunch26_Programmatic,IO_ProduktLaunch26_Display,LI_Display_Prospecting,20261003,Mobile,Bratislavský kraj,20909,108,0.52%,56.73,0.0,16599
Energy_Client_SK,ProduktLaunch26_Programmatic,IO_ProduktLaunch26_Display,LI_Display_Retarget,20261001,Connected TV,Košický kraj,3854,24,0.62%,8.72,,2690
Energy_Client_SK,ProduktLaunch26_Programmatic,IO_ProduktLaunch26_Display,LI_Display_Retarget,20260920,Tablet,Ostatné SR,3760,22,0.59%,12.44,0.0,2433
Energy_Client_SK,ProduktLaunch26_Programmatic,IO_ProduktLaunch26_Display,LI_Display_Prospecting,20261007,Connected TV,Bratislavský kraj,6986,30,0.43%,19.01,,5203
Energy_Client_SK,ProduktLaunch26_Programmatic,IO_ProduktLaunch26_Video,LI_Audio_Awareness,20260827,Mobile,Košický kraj,11526,25,0.21%,24.67,0.0,6944
Energy_Client_SK,ProduktLaunch26_Programmatic,IO_ProduktLaunch26_Video,LI_Video_Prospecting,20260828,Tablet,Ostatné SR,8358,67,0.81%,40.13,,6338
Energy_Client_SK,ProduktLaunch26_Programmatic,IO_ProduktLaunch26_Display,LI_Display_Prospecting,20260912,Connected TV,Ostatné SR,6079,33,0.54%,11.3,,4143
Energy_Client_SK,ProduktLaunch26_Programmatic,IO_ProduktLaunch26_Video,LI_Video_Prospecting,20261012,Connected TV,Bratislavský kraj,13454,121,0.9%,44.8,,7545
Energy_Client_SK,ProduktLaunch26_Programmatic,IO_ProduktLaunch26_Video,LI_Audio_Awareness,20260910,Tablet,Ostatné SR,4286,18,0.41%,7.05,,3399
Energy_Client_SK,ProduktLaunch26_Programmatic,IO_ProduktLaunch26_Video,LI_Video_Prospecting,20260825,Desktop,Košický kraj,8327,73,0.88%,39.62,0.0,5388
Energy_Client_SK,ProduktLaunch26_Programmatic,IO_ProduktLaunch26_Video,LI_Audio_Awareness,20261026,Connected TV,Košický kraj,3784,18,0.48%,7.23,,2422
Energy_Client_SK,ProduktLaunch26_Programmatic,IO_ProduktLaunch26_Display,LI_Display_Prospecting,20261028,Connected TV,Bratislavský kraj,9360,51,0.54%,21.96,0.0,6047
Energy_Client_SK,ProduktLaunch26_Programmatic,IO_ProduktLaunch26_Video,LI_Video_Prospecting,20261005,Mobile,Ostatné SR,11868,71,0.59%,56.35,,8077
Energy_Client_SK,ProduktLaunch26_Programmatic,IO_ProduktLaunch26_Display,LI_Display_Retarget,20260816,Mobile,Bratislavský kraj,11115,73,0.66%,34.85,,7506
Energy_Client_SK,ProduktLaunch26_Programmatic,IO_ProduktLaunch26_Display,LI_Display_Retarget,20260822,Connected TV,Ostatné SR,6079,42,0.69%,14.41,,4156
Energy_Client_SK,ProduktLaunch26_Programmatic,IO_ProduktLaunch26_Video,LI_Video_Prospecting,20261015,Tablet,Košický kraj,6826,36,0.53%,22.63,,4382
Energy_Client_SK,ProduktLaunch26_Programmatic,IO_ProduktLaunch26_Video,LI_Video_Retarget,20261023,Mobile,Bratislavský kraj,24973,187,0.75%,104.99,,18693
Energy_Client_SK,ProduktLaunch26_Programmatic,IO_ProduktLaunch26_Display,LI_Display_Prospecting,20260922,Mobile,Ostatné SR,17479,84,0.48%,47.54,,10126
Energy_Client_SK,ProduktLaunch26_Programmatic,IO_ProduktLaunch26_Display,LI_Native_Prospecting,20261003,Desktop,Košický kraj,4988,27,0.53%,11.32,,3906
Energy_Client_SK,ProduktLaunch26_Programmatic,IO_ProduktLaunch26_Video,LI_Audio_Awareness,20260829,Mobile,Bratislavský kraj,14288,65,0.46%,31.28,,9305
Energy_Client_SK,ProduktLaunch26_Programmatic,IO_ProduktLaunch26_Video,LI_Video_Prospecting,20261008,Mobile,Ostatné SR,19744,163,0.83%,94.96,0.0,11781
Energy_Client_SK,ProduktLaunch26_Programmatic,IO_ProduktLaunch26_Display,LI_Display_Prospecting,20261010,Connected TV,Ostatné SR,9896,54,0.54%,20.22,,5652
Energy_Client_SK,ProduktLaunch26_Programmatic,IO_ProduktLaunch26_Display,LI_Display_Prospecting,20260902,Connected TV,Bratislavský kraj,9885,56,0.57%,27.1,,7008
Energy_Client_SK,ProduktLaunch26_Programmatic,IO_ProduktLaunch26_Display,LI_Native_Prospecting,20260925,Mobile,Košický kraj,9181,45,0.49%,31.76,,5766
Energy_Client_SK,ProduktLaunch26_Programmatic,IO_ProduktLaunch26_Display,LI_Display_Prospecting,20260914,Connected TV,Košický kraj,7205,21,0.3%,22.31,0.0,5582
Energy_Client_SK,ProduktLaunch26_Programmatic,IO_ProduktLaunch26_Video,LI_Video_Retarget,20260908,Connected TV,Košický kraj,6659,66,0.99%,30.79,,4639
Energy_Client_SK,ProduktLaunch26_Programmatic,IO_ProduktLaunch26_Display,LI_Display_Prospecting,20260910,Desktop,Ostatné SR,14188,62,0.44%,26.43,,10888
Energy_Client_SK,ProduktLaunch26_Programmatic,IO_ProduktLaunch26_Display,LI_Display_Prospecting,20261002,Desktop,Bratislavský kraj,9027,48,0.53%,18.38,,6725
Energy_Client_SK,ProduktLaunch26_Programmatic,IO_ProduktLaunch26_Display,LI_Display_Retarget,20260906,Mobile,Bratislavský kraj,11795,66,0.56%,25.97,0.0,8593
Energy_Client_SK,ProduktLaunch26_Programmatic,IO_ProduktLaunch26_Display,LI_Display_Prospecting,20261020,Desktop,Košický kraj,8662,47,0.54%,16.0,0.0,6241
Energy_Client_SK,ProduktLaunch26_Programmatic,IO_ProduktLaunch26_Display,LI_Native_Prospecting,20260901,Connected TV,Bratislavský kraj,9667,63,0.65%,26.2,,6524
Energy_Client_SK,ProduktLaunch26_Programmatic,IO_ProduktLaunch26_Video,LI_Video_Retarget,20261007,Mobile,Bratislavský kraj,18908,105,0.56%,80.09,,13340
Energy_Client_SK,ProduktLaunch26_Programmatic,IO_ProduktLaunch26_Video,LI_Video_Prospecting,20260921,Connected TV,Košický kraj,8682,78,0.89%,40.7,,5463
Energy_Client_SK,ProduktLaunch26_Programmatic,IO_ProduktLaunch26_Display,LI_Display_Retarget,20260821,Connected TV,Ostatné SR,7230,44,0.61%,18.1,,5571
Energy_Client_SK,ProduktLaunch26_Programmatic,IO_ProduktLaunch26_Video,LI_Video_Prospecting,20260831,Mobile,Ostatné SR,10242,42,0.41%,51.08,0.0,8154
Energy_Client_SK,ProduktLaunch26_Programmatic,IO_ProduktLaunch26_Video,LI_Video_Retarget,20260915,Mobile,Bratislavský kraj,16795,110,0.65%,78.45,,10149
Energy_Client_SK,ProduktLaunch26_Programmatic,IO_ProduktLaunch26_Video,LI_Video_Prospecting,20260831,Connected TV,Ostatné SR,7561,51,0.68%,31.7,,5225
Energy_Client_SK,ProduktLaunch26_Programmatic,IO_ProduktLaunch26_Video,LI_Audio_Awareness,20260904,Desktop,Košický kraj,9838,41,0.42%,22.39,,7743
Energy_Client_SK,ProduktLaunch26_Programmatic,IO_ProduktLaunch26_Video,LI_Video_Prospecting,20260923,Mobile,Košický kraj,8450,69,0.82%,36.62,0.0,4863
Energy_Client_SK,ProduktLaunch26_Programmatic,IO_ProduktLaunch26_Display,LI_Native_Prospecting,20261021,Tablet,Košický kraj,3458,20,0.59%,10.52,0.0,2429
Energy_Client_SK,ProduktLaunch26_Programmatic,IO_ProduktLaunch26_Video,LI_Video_Prospecting,20261005,Connected TV,Košický kraj,7778,41,0.53%,38.57,,5489
Energy_Client_SK,ProduktLaunch26_Programmatic,IO_ProduktLaunch26_Display,LI_Display_Prospecting,20261012,Tablet,Bratislavský kraj,7502,30,0.39%,18.42,,5012
Energy_Client_SK,ProduktLaunch26_Programmatic,IO_ProduktLaunch26_Display,LI_Display_Retarget,20261007,Connected TV,Ostatné SR,7483,42,0.56%,19.46,,4570
Energy_Client_SK,ProduktLaunch26_Programmatic,IO_ProduktLaunch26_Video,LI_Video_Prospecting,20260819,Mobile,Košický kraj,8202,71,0.87%,30.96,,5620
Energy_Client_SK,ProduktLaunch26_Programmatic,IO_ProduktLaunch26_Display,LI_Native_Prospecting,20260910,Desktop,Bratislavský kraj,9219,56,0.61%,32.43,,5367
Energy_Client_SK,ProduktLaunch26_Programmatic,IO_ProduktLaunch26_Video,LI_Video_Retarget,20260912,Tablet,Ostatné SR,7314,72,0.99%,26.53,,5178
Energy_Client_SK,ProduktLaunch26_Programmatic,IO_ProduktLaunch26_Video,LI_Video_Retarget,20260822,Connected TV,Ostatné SR,9665,99,1.02%,33.43,0.0,7242
Energy_Client_SK,ProduktLaunch26_Programmatic,IO_ProduktLaunch26_Display,LI_Display_Prospecting,20261006,Desktop,Ostatné SR,7776,46,0.59%,23.68,,4677
Energy_Client_SK,ProduktLaunch26_Programmatic,IO_ProduktLaunch26_Video,LI_Video_Retarget,20260920,Connected TV,Bratislavský kraj,8190,69,0.85%,27.06,0.0,6367
Energy_Client_SK,ProduktLaunch26_Programmatic,IO_ProduktLaunch26_Display,LI_Display_Prospecting,20260831,Tablet,Bratislavský kraj,5246,22,0.43%,15.13,,2978
Energy_Client_SK,ProduktLaunch26_Programmatic,IO_ProduktLaunch26_Display,LI_Display_Retarget,20260924,Tablet,Ostatné SR,5567,18,0.32%,14.37,,3384
Energy_Client_SK,ProduktLaunch26_Programmatic,IO_ProduktLaunch26_Video,LI_Video_Retarget,20260826,Tablet,Košický kraj,5290,35,0.66%,19.89,,3932
Energy_Client_SK,ProduktLaunch26_Programmatic,IO_ProduktLaunch26_Video,LI_Video_Retarget,20261001,Desktop,Košický kraj,6949,38,0.55%,29.82,,4225
Energy_Client_SK,ProduktLaunch26_Programmatic,IO_ProduktLaunch26_Display,LI_Display_Retarget,20260918,Mobile,Bratislavský kraj,12343,85,0.68%,26.87,,7692
Energy_Client_SK,ProduktLaunch26_Programmatic,IO_ProduktLaunch26_Display,LI_Display_Retarget,20261028,Connected TV,Košický kraj,3540,24,0.68%,10.61,,2409
Energy_Client_SK,ProduktLaunch26_Programmatic,IO_ProduktLaunch26_Video,LI_Audio_Awareness,20260920,Tablet,Bratislavský kraj,6722,20,0.3%,17.04,0.0,4537
Energy_Client_SK,ProduktLaunch26_Programmatic,IO_ProduktLaunch26_Display,LI_Display_Retarget,20260913,Connected TV,Ostatné SR,7909,37,0.47%,23.44,0.0,4482
Energy_Client_SK,ProduktLaunch26_Programmatic,IO_ProduktLaunch26_Video,LI_Video_Retarget,20261004,Desktop,Bratislavský kraj,20467,175,0.86%,92.16,0.0,12857
Energy_Client_SK,ProduktLaunch26_Programmatic,IO_ProduktLaunch26_Display,LI_Display_Prospecting,20261019,Mobile,Bratislavský kraj,23288,111,0.48%,50.45,0.0,15195
Energy_Client_SK,ProduktLaunch26_Programmatic,IO_ProduktLaunch26_Video,LI_Audio_Awareness,20260817,Connected TV,Košický kraj,5685,21,0.36%,10.47,,3236
Energy_Client_SK,ProduktLaunch26_Programmatic,IO_ProduktLaunch26_Display,LI_Display_Prospecting,20260930,Tablet,Košický kraj,3966,11,0.27%,10.54,0.0,3112
Energy_Client_SK,ProduktLaunch26_Programmatic,IO_ProduktLaunch26_Video,LI_Video_Prospecting,20260922,Desktop,Košický kraj,14379,102,0.71%,71.16,0.0,9418
Energy_Client_SK,ProduktLaunch26_Programmatic,IO_ProduktLaunch26_Video,LI_Video_Prospecting,20260906,Connected TV,Ostatné SR,8225,72,0.87%,25.53,,5724
Energy_Client_SK,ProduktLaunch26_Programmatic,IO_ProduktLaunch26_Display,LI_Display_Prospecting,20261019,Tablet,Ostatné SR,3666,12,0.33%,7.27,0.0,2564
Energy_Client_SK,ProduktLaunch26_Programmatic,IO_ProduktLaunch26_Display,LI_Display_Prospecting,20260823,Tablet,Ostatné SR,3487,9,0.25%,8.24,0.0,2622
Energy_Client_SK,ProduktLaunch26_Programmatic,IO_ProduktLaunch26_Video,LI_Video_Retarget,20261023,Mobile,Košický kraj,13905,153,1.1%,63.99,0.0,9408
Energy_Client_SK,ProduktLaunch26_Programmatic,IO_ProduktLaunch26_Video,LI_Video_Prospecting,20260815,Tablet,Ostatné SR,4681,31,0.66%,20.3,,3481
Energy_Client_SK,ProduktLaunch26_Programmatic,IO_ProduktLaunch26_Video,LI_Audio_Awareness,20260901,Mobile,Bratislavský kraj,12551,49,0.39%,30.89,0.0,6990
Energy_Client_SK,ProduktLaunch26_Programmatic,IO_ProduktLaunch26_Display,LI_Native_Prospecting,20261002,Mobile,Ostatné SR,11801,51,0.43%,39.01,,8892
Energy_Client_SK,ProduktLaunch26_Programmatic,IO_ProduktLaunch26_Video,LI_Audio_Awareness,20260906,Mobile,Ostatné SR,7898,38,0.48%,17.26,,4398
Energy_Client_SK,ProduktLaunch26_Programmatic,IO_ProduktLaunch26_Display,LI_Display_Prospecting,20261017,Mobile,Bratislavský kraj,23150,61,0.26%,51.38,,16771
Energy_Client_SK,ProduktLaunch26_Programmatic,IO_ProduktLaunch26_Video,LI_Video_Prospecting,20261006,Tablet,Bratislavský kraj,8887,40,0.45%,39.32,0.0,6908
Energy_Client_SK,ProduktLaunch26_Programmatic,IO_ProduktLaunch26_Display,LI_Display_Retarget,20260922,Tablet,Košický kraj,3012,13,0.44%,10.31,0.0,1694
Energy_Client_SK,ProduktLaunch26_Programmatic,IO_ProduktLaunch26_Display,LI_Display_Retarget,20260927,Tablet,Bratislavský kraj,4869,30,0.61%,13.86,,2976
Energy_Client_SK,ProduktLaunch26_Programmatic,IO_ProduktLaunch26_Video,LI_Video_Prospecting,20260919,Tablet,Bratislavský kraj,8528,50,0.59%,31.67,0.0,5543
Energy_Client_SK,ProduktLaunch26_Programmatic,IO_ProduktLaunch26_Video,LI_Video_Prospecting,20260913,Mobile,Ostatné SR,19541,108,0.55%,78.25,0.0,13424
Energy_Client_SK,ProduktLaunch26_Programmatic,IO_ProduktLaunch26_Display,LI_Display_Prospecting,20261023,Desktop,Ostatné SR,11431,39,0.34%,33.38,,8103
Energy_Client_SK,ProduktLaunch26_Programmatic,IO_ProduktLaunch26_Display,LI_Native_Prospecting,20260902,Tablet,Bratislavský kraj,6284,44,0.69%,22.32,,3889
Energy_Client_SK,ProduktLaunch26_Programmatic,IO_ProduktLaunch26_Video,LI_Video_Prospecting,20261009,Tablet,Ostatné SR,4563,20,0.44%,15.66,,2844
Energy_Client_SK,ProduktLaunch26_Programmatic,IO_ProduktLaunch26_Video,LI_Video_Prospecting,20260904,Mobile,Bratislavský kraj,21377,93,0.43%,79.05,,12885
Energy_Client_SK,ProduktLaunch26_Programmatic,IO_ProduktLaunch26_Display,LI_Display_Retarget,20260914,Desktop,Ostatné SR,13573,61,0.45%,38.93,0.0,8122
Energy_Client_SK,ProduktLaunch26_Programmatic,IO_ProduktLaunch26_Video,LI_Audio_Awareness,20261025,Desktop,Ostatné SR,8789,28,0.32%,22.79,0.0,6364
Energy_Client_SK,ProduktLaunch26_Programmatic,IO_ProduktLaunch26_Display,LI_Display_Prospecting,20260817,Tablet,Bratislavský kraj,5062,14,0.28%,13.13,0.0,3533
Energy_Client_SK,ProduktLaunch26_Programmatic,IO_ProduktLaunch26_Display,LI_Display_Retarget,20260828,Mobile,Ostatné SR,11351,53,0.46%,33.13,,8259
Energy_Client_SK,ProduktLaunch26_Programmatic,IO_ProduktLaunch26_Display,LI_Display_Prospecting,20260913,Connected TV,Košický kraj,6160,25,0.41%,14.65,,4041
Energy_Client_SK,ProduktLaunch26_Programmatic,IO_ProduktLaunch26_Display,LI_Native_Prospecting,20261010,Connected TV,Košický kraj,4102,33,0.8%,10.68,,2950
Energy_Client_SK,ProduktLaunch26_Programmatic,IO_ProduktLaunch26_Video,LI_Video_Retarget,20261012,Mobile,Ostatné SR,18115,147,0.81%,69.06,,13594
Energy_Client_SK,ProduktLaunch26_Programmatic,IO_ProduktLaunch26_Video,LI_Audio_Awareness,20260912,Mobile,Košický kraj,5569,27,0.48%,11.68,,4027
Energy_Client_SK,ProduktLaunch26_Programmatic,IO_ProduktLaunch26_Display,LI_Display_Retarget,20261016,Tablet,Košický kraj,4000,15,0.37%,11.4,0.0,2223
Energy_Client_SK,ProduktLaunch26_Programmatic,IO_ProduktLaunch26_Video,LI_Audio_Awareness,20261012,Tablet,Bratislavský kraj,8359,30,0.35%,18.39,,5516
Energy_Client_SK,ProduktLaunch26_Programmatic,IO_ProduktLaunch26_Display,LI_Display_Prospecting,20261001,Connected TV,Ostatné SR,6200,28,0.45%,14.67,,4382
Energy_Client_SK,ProduktLaunch26_Programmatic,IO_ProduktLaunch26_Display,LI_Display_Prospecting,20261008,Connected TV,Bratislavský kraj,9134,51,0.56%,22.46,,6187
Energy_Client_SK,ProduktLaunch26_Programmatic,IO_ProduktLaunch26_Video,LI_Video_Retarget,20260821,Mobile,Bratislavský kraj,17511,180,1.03%,68.62,0.0,9674
Energy_Client_SK,ProduktLaunch26_Programmatic,IO_ProduktLaunch26_Display,LI_Display_Retarget,20260922,Desktop,Ostatné SR,7667,40,0.52%,15.98,0.0,4361
Energy_Client_SK,ProduktLaunch26_Programmatic,IO_ProduktLaunch26_Display,LI_Display_Retarget,20260823,Desktop,Košický kraj,6026,38,0.64%,13.53,0.0,3616
Energy_Client_SK,ProduktLaunch26_Programmatic,IO_ProduktLaunch26_Display,LI_Display_Prospecting,20260912,Desktop,Ostatné SR,8310,25,0.3%,25.84,,5320
Energy_Client_SK,ProduktLaunch26_Programmatic,IO_ProduktLaunch26_Video,LI_Video_Retarget,20261008,Tablet,Košický kraj,3800,41,1.08%,17.19,,2438
Energy_Client_SK,ProduktLaunch26_Programmatic,IO_ProduktLaunch26_Display,LI_Display_Retarget,20260827,Connected TV,Ostatné SR,6817,33,0.49%,15.91,,4873
Energy_Client_SK,ProduktLaunch26_Programmatic,IO_ProduktLaunch26_Video,LI_Audio_Awareness,20261011,Connected TV,Ostatné SR,5242,18,0.35%,8.49,,4037
Energy_Client_SK,ProduktLaunch26_Programmatic,IO_ProduktLaunch26_Display,LI_Native_Prospecting,20261008,Desktop,Bratislavský kraj,14162,84,0.59%,49.2,,10680
Energy_Client_SK,ProduktLaunch26_Programmatic,IO_ProduktLaunch26_Video,LI_Audio_Awareness,20261019,Tablet,Ostatné SR,3533,17,0.47%,6.63,,2215
Energy_Client_SK,ProduktLaunch26_Programmatic,IO_ProduktLaunch26_Video,LI_Video_Retarget,20260902,Desktop,Ostatné SR,8081,71,0.88%,30.19,0.0,4933
Energy_Client_SK,ProduktLaunch26_Programmatic,IO_ProduktLaunch26_Video,LI_Video_Prospecting,20260914,Connected TV,Ostatné SR,9512,43,0.45%,32.0,0.0,6226
Energy_Client_SK,ProduktLaunch26_Programmatic,IO_ProduktLaunch26_Display,LI_Display_Retarget,20260818,Desktop,Bratislavský kraj,14862,53,0.35%,38.5,,11679
Energy_Client_SK,ProduktLaunch26_Programmatic,IO_ProduktLaunch26_Video,LI_Video_Retarget,20260911,Tablet,Košický kraj,6664,35,0.52%,23.43,0.0,5254
Energy_Client_SK,ProduktLaunch26_Programmatic,IO_ProduktLaunch26_Display,LI_Display_Prospecting,20260907,Desktop,Košický kraj,6009,33,0.54%,11.96,,3842
Energy_Client_SK,ProduktLaunch26_Programmatic,IO_ProduktLaunch26_Display,LI_Display_Retarget,20260921,Tablet,Bratislavský kraj,8090,28,0.34%,17.91,0.0,5514
Energy_Client_SK,ProduktLaunch26_Programmatic,IO_ProduktLaunch26_Display,LI_Display_Prospecting,20260818,Connected TV,Bratislavský kraj,8823,36,0.41%,17.74,,4888
Energy_Client_SK,ProduktLaunch26_Programmatic,IO_ProduktLaunch26_Video,LI_Video_Retarget,20261011,Tablet,Ostatné SR,4344,27,0.62%,20.37,,2610
Energy_Client_SK,ProduktLaunch26_Programmatic,IO_ProduktLaunch26_Video,LI_Audio_Awareness,20260818,Mobile,Bratislavský kraj,9855,42,0.42%,23.72,0.0,5859
Energy_Client_SK,ProduktLaunch26_Programmatic,IO_ProduktLaunch26_Video,LI_Video_Prospecting,20261022,Mobile,Košický kraj,12569,52,0.41%,55.67,0.0,8191
Energy_Client_SK,ProduktLaunch26_Programmatic,IO_ProduktLaunch26_Video,LI_Video_Retarget,20260918,Desktop,Košický kraj,7406,56,0.76%,27.75,0.0,5232
Energy_Client_SK,ProduktLaunch26_Programmatic,IO_ProduktLaunch26_Video,LI_Audio_Awareness,20260829,Desktop,Ostatné SR,6518,28,0.43%,15.38,,4868
Energy_Client_SK,ProduktLaunch26_Programmatic,IO_ProduktLaunch26_Display,LI_Display_Retarget,20260925,Desktop,Košický kraj,5186,25,0.48%,18.01,,3907
Energy_Client_SK,ProduktLaunch26_Programmatic,IO_ProduktLaunch26_Video,LI_Audio_Awareness,20260826,Desktop,Košický kraj,6535,17,0.26%,12.19,0.0,4373
Energy_Client_SK,ProduktLaunch26_Programmatic,IO_ProduktLaunch26_Video,LI_Video_Prospecting,20260824,Tablet,Ostatné SR,8096,63,0.78%,33.48,0.0,5495
Energy_Client_SK,ProduktLaunch26_Programmatic,IO_ProduktLaunch26_Video,LI_Audio_Awareness,20261026,Tablet,Bratislavský kraj,4266,21,0.49%,8.6,,2456
Energy_Client_SK,ProduktLaunch26_Programmatic,IO_ProduktLaunch26_Display,LI_Display_Retarget,20260929,Desktop,Ostatné SR,8585,53,0.61%,28.15,,5997
Energy_Client_SK,ProduktLaunch26_Programmatic,IO_ProduktLaunch26_Display,LI_Native_Prospecting,20260927,Desktop,Ostatné SR,5437,28,0.52%,18.34,,3087
Energy_Client_SK,ProduktLaunch26_Programmatic,IO_ProduktLaunch26_Video,LI_Video_Prospecting,20261004,Tablet,Bratislavský kraj,8062,44,0.55%,33.78,0.0,5327
Energy_Client_SK,ProduktLaunch26_Programmatic,IO_ProduktLaunch26_Display,LI_Display_Retarget,20260828,Desktop,Bratislavský kraj,13996,53,0.38%,31.87,,8139
Energy_Client_SK,ProduktLaunch26_Programmatic,IO_ProduktLaunch26_Video,LI_Video_Retarget,20260930,Mobile,Ostatné SR,13732,93,0.68%,48.43,,8619
Energy_Client_SK,ProduktLaunch26_Programmatic,IO_ProduktLaunch26_Display,LI_Display_Prospecting,20260920,Mobile,Ostatné SR,15219,90,0.59%,29.1,,10053
Energy_Client_SK,ProduktLaunch26_Programmatic,IO_ProduktLaunch26_Display,LI_Display_Prospecting,20260918,Mobile,Bratislavský kraj,21430,104,0.48%,63.28,,16053
Energy_Client_SK,ProduktLaunch26_Programmatic,IO_ProduktLaunch26_Video,LI_Video_Prospecting,20261015,Tablet,Ostatné SR,8626,59,0.69%,36.7,,5181
Energy_Client_SK,ProduktLaunch26_Programmatic,IO_ProduktLaunch26_Video,LI_Video_Retarget,20260915,Connected TV,Bratislavský kraj,11551,104,0.9%,45.28,,7582
Energy_Client_SK,ProduktLaunch26_Programmatic,IO_ProduktLaunch26_Video,LI_Video_Prospecting,20260830,Tablet,Bratislavský kraj,5886,38,0.64%,20.55,0.0,3998
Energy_Client_SK,ProduktLaunch26_Programmatic,IO_ProduktLaunch26_Video,LI_Video_Prospecting,20260825,Desktop,Ostatné SR,17797,159,0.89%,54.71,0.0,12143
Energy_Client_SK,ProduktLaunch26_Programmatic,IO_ProduktLaunch26_Video,LI_Video_Retarget,20260820,Tablet,Košický kraj,2985,22,0.75%,14.31,0.0,1699
Energy_Client_SK,ProduktLaunch26_Programmatic,IO_ProduktLaunch26_Video,LI_Video_Retarget,20260923,Connected TV,Košický kraj,6724,41,0.61%,31.82,,3726
Energy_Client_SK,ProduktLaunch26_Programmatic,IO_ProduktLaunch26_Video,LI_Audio_Awareness,20260902,Mobile,Košický kraj,11287,47,0.42%,22.79,,8568
Energy_Client_SK,ProduktLaunch26_Programmatic,IO_ProduktLaunch26_Video,LI_Video_Prospecting,20260910,Mobile,Bratislavský kraj,17795,112,0.63%,72.51,,12037
Energy_Client_SK,ProduktLaunch26_Programmatic,IO_ProduktLaunch26_Video,LI_Audio_Awareness,20260927,Desktop,Bratislavský kraj,13894,55,0.4%,27.85,0.0,10982
Energy_Client_SK,ProduktLaunch26_Programmatic,IO_ProduktLaunch26_Video,LI_Audio_Awareness,20260920,Connected TV,Bratislavský kraj,5494,13,0.24%,13.83,,4052
Energy_Client_SK,ProduktLaunch26_Programmatic,IO_ProduktLaunch26_Display,LI_Display_Prospecting,20261002,Mobile,Košický kraj,7615,45,0.59%,17.19,,5495
Energy_Client_SK,ProduktLaunch26_Programmatic,IO_ProduktLaunch26_Video,LI_Video_Prospecting,20261027,Tablet,Ostatné SR,7805,59,0.76%,26.12,,4962
Energy_Client_SK,ProduktLaunch26_Programmatic,IO_ProduktLaunch26_Video,LI_Video_Retarget,20260911,Desktop,Ostatné SR,10012,95,0.95%,48.86,,5702
Energy_Client_SK,ProduktLaunch26_Programmatic,IO_ProduktLaunch26_Display,LI_Display_Retarget,20261008,Mobile,Bratislavský kraj,15932,85,0.54%,49.89,,9784
Energy_Client_SK,ProduktLaunch26_Programmatic,IO_ProduktLaunch26_Display,LI_Display_Retarget,20261027,Tablet,Košický kraj,4457,16,0.37%,12.52,0.0,2879
Energy_Client_SK,ProduktLaunch26_Programmatic,IO_ProduktLaunch26_Display,LI_Display_Retarget,20260903,Connected TV,Bratislavský kraj,6472,21,0.33%,15.64,0.0,5011
Energy_Client_SK,ProduktLaunch26_Programmatic,IO_ProduktLaunch26_Display,LI_Display_Prospecting,20260822,Mobile,Košický kraj,9970,59,0.59%,20.15,,6812
Energy_Client_SK,ProduktLaunch26_Programmatic,IO_ProduktLaunch26_Video,LI_Audio_Awareness,20261017,Tablet,Ostatné SR,3172,11,0.36%,6.48,0.0,2016
Energy_Client_SK,ProduktLaunch26_Programmatic,IO_ProduktLaunch26_Video,LI_Video_Prospecting,20261006,Desktop,Bratislavský kraj,22577,103,0.46%,78.02,,13612
Energy_Client_SK,ProduktLaunch26_Programmatic,IO_ProduktLaunch26_Display,LI_Display_Prospecting,20260828,Desktop,Košický kraj,7498,41,0.55%,19.87,0.0,4252
Energy_Client_SK,ProduktLaunch26_Programmatic,IO_ProduktLaunch26_Video,LI_Video_Prospecting,20261008,Desktop,Košický kraj,13829,93,0.67%,48.6,,9209
Energy_Client_SK,ProduktLaunch26_Programmatic,IO_ProduktLaunch26_Video,LI_Audio_Awareness,20260826,Tablet,Ostatné SR,5768,22,0.39%,13.59,,4356
Energy_Client_SK,ProduktLaunch26_Programmatic,IO_ProduktLaunch26_Display,LI_Display_Retarget,20260905,Mobile,Košický kraj,12247,67,0.55%,32.82,0.0,9652
Energy_Client_SK,ProduktLaunch26_Programmatic,IO_ProduktLaunch26_Video,LI_Video_Prospecting,20260825,Connected TV,Košický kraj,8736,77,0.88%,35.76,,6543
Energy_Client_SK,ProduktLaunch26_Programmatic,IO_ProduktLaunch26_Video,LI_Video_Retarget,20260819,Mobile,Ostatné SR,18486,128,0.69%,59.92,0.0,11278
Energy_Client_SK,ProduktLaunch26_Programmatic,IO_ProduktLaunch26_Video,LI_Audio_Awareness,20260831,Tablet,Košický kraj,3552,7,0.21%,7.75,,2702
Energy_Client_SK,ProduktLaunch26_Programmatic,IO_ProduktLaunch26_Video,LI_Audio_Awareness,20260817,Desktop,Košický kraj,6428,14,0.21%,11.54,0.0,4853
Energy_Client_SK,ProduktLaunch26_Programmatic,IO_ProduktLaunch26_Display,LI_Display_Prospecting,20261005,Desktop,Ostatné SR,13284,75,0.56%,29.44,,10331
Energy_Client_SK,ProduktLaunch26_Programmatic,IO_ProduktLaunch26_Display,LI_Display_Prospecting,20260827,Connected TV,Bratislavský kraj,10383,28,0.27%,26.17,0.0,6595
Energy_Client_SK,ProduktLaunch26_Programmatic,IO_ProduktLaunch26_Video,LI_Video_Prospecting,20261018,Mobile,Košický kraj,8590,58,0.67%,26.86,,5813
Energy_Client_SK,ProduktLaunch26_Programmatic,IO_ProduktLaunch26_Video,LI_Audio_Awareness,20261028,Desktop,Ostatné SR,8968,30,0.33%,19.0,,6327
Energy_Client_SK,ProduktLaunch26_Programmatic,IO_ProduktLaunch26_Video,LI_Video_Prospecting,20261025,Tablet,Košický kraj,3594,19,0.54%,15.41,,2854
Energy_Client_SK,ProduktLaunch26_Programmatic,IO_ProduktLaunch26_Display,LI_Display_Prospecting,20260908,Connected TV,Košický kraj,6246,28,0.45%,14.72,0.0,4531
Energy_Client_SK,ProduktLaunch26_Programmatic,IO_ProduktLaunch26_Display,LI_Display_Prospecting,20260911,Mobile,Bratislavský kraj,12927,46,0.35%,24.06,,9106
Energy_Client_SK,ProduktLaunch26_Programmatic,IO_ProduktLaunch26_Video,LI_Video_Prospecting,20261018,Desktop,Bratislavský kraj,12160,88,0.72%,52.78,,8790
Energy_Client_SK,ProduktLaunch26_Programmatic,IO_ProduktLaunch26_Display,LI_Display_Prospecting,20260928,Connected TV,Košický kraj,4057,10,0.25%,7.57,,2580
Energy_Client_SK,ProduktLaunch26_Programmatic,IO_ProduktLaunch26_Display,LI_Display_Prospecting,20261024,Desktop,Ostatné SR,13181,61,0.46%,40.68,0.0,8042
Energy_Client_SK,ProduktLaunch26_Programmatic,IO_ProduktLaunch26_Display,LI_Native_Prospecting,20260830,Connected TV,Ostatné SR,7858,51,0.64%,27.03,0.0,5136
Energy_Client_SK,ProduktLaunch26_Programmatic,IO_ProduktLaunch26_Video,LI_Video_Retarget,20260816,Connected TV,Ostatné SR,8609,67,0.78%,39.27,0.0,6595
Energy_Client_SK,ProduktLaunch26_Programmatic,IO_ProduktLaunch26_Display,LI_Display_Prospecting,20260907,Mobile,Košický kraj,6975,24,0.35%,18.02,,4139
Energy_Client_SK,ProduktLaunch26_Programmatic,IO_ProduktLaunch26_Video,LI_Video_Retarget,20260916,Tablet,Bratislavský kraj,8474,66,0.78%,32.56,,5017
Energy_Client_SK,ProduktLaunch26_Programmatic,IO_ProduktLaunch26_Display,LI_Display_Retarget,20260901,Connected TV,Košický kraj,3408,12,0.36%,7.72,,2359
Energy_Client_SK,ProduktLaunch26_Programmatic,IO_ProduktLaunch26_Video,LI_Video_Retarget,20260929,Connected TV,Košický kraj,5487,27,0.5%,23.08,,3089
Energy_Client_SK,ProduktLaunch26_Programmatic,IO_ProduktLaunch26_Video,LI_Video_Retarget,20260815,Mobile,Bratislavský kraj,17835,123,0.69%,69.39,,10514
Energy_Client_SK,ProduktLaunch26_Programmatic,IO_ProduktLaunch26_Display,LI_Display_Prospecting,20260918,Connected TV,Košický kraj,5430,27,0.5%,10.99,0.0,4271
Energy_Client_SK,ProduktLaunch26_Programmatic,IO_ProduktLaunch26_Video,LI_Video_Retarget,20260923,Tablet,Ostatné SR,5873,57,0.97%,29.58,0.0,4211
Energy_Client_SK,ProduktLaunch26_Programmatic,IO_ProduktLaunch26_Display,LI_Native_Prospecting,20260904,Tablet,Bratislavský kraj,3775,23,0.6%,13.36,,2412
Energy_Client_SK,ProduktLaunch26_Programmatic,IO_ProduktLaunch26_Display,LI_Display_Prospecting,20261002,Mobile,Bratislavský kraj,17692,53,0.3%,34.11,,10051
Energy_Client_SK,ProduktLaunch26_Programmatic,IO_ProduktLaunch26_Display,LI_Display_Prospecting,20261007,Connected TV,Ostatné SR,4600,23,0.49%,13.21,,2768
Energy_Client_SK,ProduktLaunch26_Programmatic,IO_ProduktLaunch26_Display,LI_Display_Prospecting,20261023,Desktop,Bratislavský kraj,15388,83,0.54%,30.25,0.0,11138
Energy_Client_SK,ProduktLaunch26_Programmatic,IO_ProduktLaunch26_Display,LI_Display_Retarget,20260918,Connected TV,Ostatné SR,7512,44,0.59%,21.23,,4770
Energy_Client_SK,ProduktLaunch26_Programmatic,IO_ProduktLaunch26_Video,LI_Audio_Awareness,20261002,Desktop,Košický kraj,8416,42,0.49%,20.11,0.0,6437
Energy_Client_SK,ProduktLaunch26_Programmatic,IO_ProduktLaunch26_Video,LI_Audio_Awareness,20261001,Connected TV,Košický kraj,4168,16,0.38%,8.92,,2584
Energy_Client_SK,ProduktLaunch26_Programmatic,IO_ProduktLaunch26_Display,LI_Native_Prospecting,20260916,Mobile,Košický kraj,7694,40,0.51%,22.71,,4961
Energy_Client_SK,ProduktLaunch26_Programmatic,IO_ProduktLaunch26_Display,LI_Display_Prospecting,20260907,Tablet,Košický kraj,5498,18,0.32%,12.85,,3882
Energy_Client_SK,ProduktLaunch26_Programmatic,IO_ProduktLaunch26_Video,LI_Audio_Awareness,20260903,Mobile,Ostatné SR,14223,65,0.45%,22.41,0.0,8585
Energy_Client_SK,ProduktLaunch26_Programmatic,IO_ProduktLaunch26_Display,LI_Native_Prospecting,20261025,Desktop,Ostatné SR,9703,65,0.67%,36.2,,5863
Energy_Client_SK,ProduktLaunch26_Programmatic,IO_ProduktLaunch26_Display,LI_Display_Retarget,20260827,Tablet,Bratislavský kraj,8361,42,0.5%,27.14,,6563
Energy_Client_SK,ProduktLaunch26_Programmatic,IO_ProduktLaunch26_Display,LI_Display_Prospecting,20261012,Desktop,Košický kraj,8388,22,0.26%,22.0,0.0,6027
Energy_Client_SK,ProduktLaunch26_Programmatic,IO_ProduktLaunch26_Video,LI_Video_Retarget,20261007,Desktop,Bratislavský kraj,14041,138,0.98%,49.11,,10329
Energy_Client_SK,ProduktLaunch26_Programmatic,IO_ProduktLaunch26_Display,LI_Display_Prospecting,20260823,Desktop,Ostatné SR,9474,42,0.45%,17.09,0.0,5401
Energy_Client_SK,ProduktLaunch26_Programmatic,IO_ProduktLaunch26_Video,LI_Video_Prospecting,20260924,Tablet,Bratislavský kraj,8424,66,0.79%,32.38,,4696
Energy_Client_SK,ProduktLaunch26_Programmatic,IO_ProduktLaunch26_Video,LI_Video_Prospecting,20261008,Mobile,Košický kraj,15518,64,0.41%,60.58,0.0,10012
Energy_Client_SK,ProduktLaunch26_Programmatic,IO_ProduktLaunch26_Video,LI_Video_Retarget,20261012,Tablet,Ostatné SR,6174,45,0.73%,27.73,,3667
Energy_Client_SK,ProduktLaunch26_Programmatic,IO_ProduktLaunch26_Video,LI_Video_Prospecting,20260817,Desktop,Košický kraj,7261,36,0.5%,24.42,,5701
Energy_Client_SK,ProduktLaunch26_Programmatic,IO_ProduktLaunch26_Display,LI_Native_Prospecting,20260929,Desktop,Bratislavský kraj,10691,51,0.47%,26.87,,8008
Energy_Client_SK,ProduktLaunch26_Programmatic,IO_ProduktLaunch26_Display,LI_Native_Prospecting,20261009,Connected TV,Ostatné SR,6270,28,0.44%,18.19,0.0,3771
Energy_Client_SK,ProduktLaunch26_Programmatic,IO_ProduktLaunch26_Video,LI_Audio_Awareness,20261027,Mobile,Ostatné SR,10703,25,0.24%,23.99,,7669
Energy_Client_SK,ProduktLaunch26_Programmatic,IO_ProduktLaunch26_Video,LI_Video_Prospecting,20260909,Connected TV,Ostatné SR,9033,54,0.6%,41.29,0.0,5210
Energy_Client_SK,ProduktLaunch26_Programmatic,IO_ProduktLaunch26_Display,LI_Display_Prospecting,20260818,Tablet,Ostatné SR,5421,29,0.54%,16.97,0.0,3797
Energy_Client_SK,ProduktLaunch26_Programmatic,IO_ProduktLaunch26_Video,LI_Video_Retarget,20261012,Desktop,Ostatné SR,15977,100,0.62%,58.02,0.0,10367
Energy_Client_SK,ProduktLaunch26_Programmatic,IO_ProduktLaunch26_Display,LI_Native_Prospecting,20261021,Mobile,Ostatné SR,8183,56,0.69%,26.05,,6533
Energy_Client_SK,ProduktLaunch26_Programmatic,IO_ProduktLaunch26_Video,LI_Audio_Awareness,20261021,Tablet,Košický kraj,4015,10,0.25%,8.48,,3176
Energy_Client_SK,ProduktLaunch26_Programmatic,IO_ProduktLaunch26_Display,LI_Display_Prospecting,20261009,Desktop,Košický kraj,6017,34,0.56%,16.1,,3646
Energy_Client_SK,ProduktLaunch26_Programmatic,IO_ProduktLaunch26_Video,LI_Audio_Awareness,20260925,Mobile,Bratislavský kraj,19208,51,0.26%,42.41,,12215
Energy_Client_SK,ProduktLaunch26_Programmatic,IO_ProduktLaunch26_Display,LI_Display_Retarget,20260921,Desktop,Košický kraj,7017,26,0.37%,15.29,0.0,4072
Energy_Client_SK,ProduktLaunch26_Programmatic,IO_ProduktLaunch26_Display,LI_Display_Prospecting,20260904,Tablet,Bratislavský kraj,7995,48,0.6%,15.85,,5704
Energy_Client_SK,ProduktLaunch26_Programmatic,IO_ProduktLaunch26_Video,LI_Video_Prospecting,20261003,Mobile,Ostatné SR,17907,133,0.74%,64.13,0.0,12138
Energy_Client_SK,ProduktLaunch26_Programmatic,IO_ProduktLaunch26_Display,LI_Display_Prospecting,20261010,Connected TV,Bratislavský kraj,8248,45,0.55%,17.59,,4827
Energy_Client_SK,ProduktLaunch26_Programmatic,IO_ProduktLaunch26_Display,LI_Native_Prospecting,20260831,Mobile,Košický kraj,6991,31,0.45%,25.76,0.0,5386
Energy_Client_SK,ProduktLaunch26_Programmatic,IO_ProduktLaunch26_Video,LI_Video_Retarget,20260820,Mobile,Košický kraj,10612,64,0.61%,38.11,,7950
Energy_Client_SK,ProduktLaunch26_Programmatic,IO_ProduktLaunch26_Display,LI_Native_Prospecting,20260824,Desktop,Košický kraj,7900,49,0.62%,28.44,0.0,6211
Energy_Client_SK,ProduktLaunch26_Programmatic,IO_ProduktLaunch26_Display,LI_Display_Prospecting,20260930,Mobile,Košický kraj,6727,39,0.58%,18.57,,4446
Energy_Client_SK,ProduktLaunch26_Programmatic,IO_ProduktLaunch26_Video,LI_Audio_Awareness,20261013,Desktop,Bratislavský kraj,13874,33,0.24%,24.03,0.0,8819
Energy_Client_SK,ProduktLaunch26_Programmatic,IO_ProduktLaunch26_Display,LI_Native_Prospecting,20260924,Connected TV,Ostatné SR,5416,35,0.64%,16.07,,3380
Energy_Client_SK,ProduktLaunch26_Programmatic,IO_ProduktLaunch26_Video,LI_Audio_Awareness,20260915,Connected TV,Bratislavský kraj,9331,27,0.29%,23.27,,6133
Energy_Client_SK,ProduktLaunch26_Programmatic,IO_ProduktLaunch26_Display,LI_Display_Prospecting,20260926,Desktop,Ostatné SR,9394,30,0.32%,26.38,0.0,5329
Energy_Client_SK,ProduktLaunch26_Programmatic,IO_ProduktLaunch26_Display,LI_Native_Prospecting,20260819,Tablet,Bratislavský kraj,7192,53,0.74%,19.27,0.0,4009
Energy_Client_SK,ProduktLaunch26_Programmatic,IO_ProduktLaunch26_Display,LI_Display_Retarget,20260829,Mobile,Bratislavský kraj,17589,103,0.59%,61.48,,9739
Energy_Client_SK,ProduktLaunch26_Programmatic,IO_ProduktLaunch26_Display,LI_Display_Prospecting,20261005,Desktop,Košický kraj,11823,62,0.53%,35.39,,7758
Energy_Client_SK,ProduktLaunch26_Programmatic,IO_ProduktLaunch26_Video,LI_Video_Prospecting,20260820,Desktop,Ostatné SR,15223,61,0.4%,49.13,,10895
Energy_Client_SK,ProduktLaunch26_Programmatic,IO_ProduktLaunch26_Video,LI_Video_Retarget,20261011,Desktop,Košický kraj,7807,48,0.62%,34.11,,5056
Energy_Client_SK,ProduktLaunch26_Programmatic,IO_ProduktLaunch26_Display,LI_Display_Retarget,20260921,Mobile,Košický kraj,12439,87,0.7%,25.67,,9642
Energy_Client_SK,ProduktLaunch26_Programmatic,IO_ProduktLaunch26_Video,LI_Video_Prospecting,20260827,Connected TV,Košický kraj,5518,41,0.74%,21.09,,3375
Energy_Client_SK,ProduktLaunch26_Programmatic,IO_ProduktLaunch26_Video,LI_Video_Retarget,20260815,Mobile,Ostatné SR,11553,119,1.03%,57.07,0.0,7334
Energy_Client_SK,ProduktLaunch26_Programmatic,IO_ProduktLaunch26_Display,LI_Native_Prospecting,20260908,Desktop,Ostatné SR,11621,84,0.72%,31.46,,7302
Energy_Client_SK,ProduktLaunch26_Programmatic,IO_ProduktLaunch26_Display,LI_Native_Prospecting,20260831,Desktop,Košický kraj,4161,25,0.6%,15.51,,2427
Energy_Client_SK,ProduktLaunch26_Programmatic,IO_ProduktLaunch26_Display,LI_Display_Prospecting,20261022,Connected TV,Ostatné SR,9665,26,0.26%,20.62,0.0,6580
Energy_Client_SK,ProduktLaunch26_Programmatic,IO_ProduktLaunch26_Video,LI_Audio_Awareness,20260815,Desktop,Ostatné SR,11234,41,0.37%,21.91,0.0,6252
Energy_Client_SK,ProduktLaunch26_Programmatic,IO_ProduktLaunch26_Display,LI_Display_Prospecting,20260929,Desktop,Košický kraj,7481,32,0.43%,14.81,0.0,5217
Energy_Client_SK,ProduktLaunch26_Programmatic,IO_ProduktLaunch26_Display,LI_Native_Prospecting,20261004,Desktop,Ostatné SR,9002,55,0.61%,21.74,,5125
Energy_Client_SK,ProduktLaunch26_Programmatic,IO_ProduktLaunch26_Display,LI_Native_Prospecting,20260830,Mobile,Ostatné SR,7887,53,0.67%,27.81,,5128
Energy_Client_SK,ProduktLaunch26_Programmatic,IO_ProduktLaunch26_Video,LI_Video_Retarget,20260921,Desktop,Ostatné SR,14311,92,0.64%,54.73,0.0,11217
Energy_Client_SK,ProduktLaunch26_Programmatic,IO_ProduktLaunch26_Video,LI_Video_Prospecting,20261025,Desktop,Bratislavský kraj,14534,60,0.41%,71.69,,10725
Energy_Client_SK,ProduktLaunch26_Programmatic,IO_ProduktLaunch26_Display,LI_Display_Retarget,20260911,Mobile,Košický kraj,9696,34,0.35%,32.38,,7569
Energy_Client_SK,ProduktLaunch26_Programmatic,IO_ProduktLaunch26_Display,LI_Native_Prospecting,20260909,Tablet,Bratislavský kraj,5276,41,0.78%,14.7,,3777
Energy_Client_SK,ProduktLaunch26_Programmatic,IO_ProduktLaunch26_Display,LI_Display_Retarget,20261022,Mobile,Bratislavský kraj,18200,56,0.31%,42.71,,12390
Energy_Client_SK,ProduktLaunch26_Programmatic,IO_ProduktLaunch26_Video,LI_Video_Retarget,20261019,Mobile,Bratislavský kraj,11946,64,0.53%,44.65,0.0,8876
Energy_Client_SK,ProduktLaunch26_Programmatic,IO_ProduktLaunch26_Display,LI_Display_Prospecting,20261015,Desktop,Bratislavský kraj,19758,80,0.4%,37.31,,14668
Energy_Client_SK,ProduktLaunch26_Programmatic,IO_ProduktLaunch26_Display,LI_Native_Prospecting,20260901,Connected TV,Ostatné SR,7713,50,0.65%,26.0,,5679
Energy_Client_SK,ProduktLaunch26_Programmatic,IO_ProduktLaunch26_Video,LI_Video_Retarget,20260926,Connected TV,Bratislavský kraj,11121,64,0.58%,40.98,,7388
Energy_Client_SK,ProduktLaunch26_Programmatic,IO_ProduktLaunch26_Video,LI_Video_Retarget,20260830,Connected TV,Ostatné SR,7761,67,0.86%,25.02,0.0,4329
Energy_Client_SK,ProduktLaunch26_Programmatic,IO_ProduktLaunch26_Video,LI_Audio_Awareness,20261001,Mobile,Košický kraj,9971,41,0.42%,21.9,,6721
Energy_Client_SK,ProduktLaunch26_Programmatic,IO_ProduktLaunch26_Video,LI_Video_Retarget,20260910,Connected TV,Bratislavský kraj,12276,127,1.03%,42.6,,9790
Energy_Client_SK,ProduktLaunch26_Programmatic,IO_ProduktLaunch26_Display,LI_Native_Prospecting,20261013,Desktop,Bratislavský kraj,10850,87,0.8%,31.4,0.0,7081
Energy_Client_SK,ProduktLaunch26_Programmatic,IO_ProduktLaunch26_Video,LI_Video_Retarget,20260818,Mobile,Košický kraj,14605,78,0.54%,65.15,0.0,11046
Energy_Client_SK,ProduktLaunch26_Programmatic,IO_ProduktLaunch26_Display,LI_Native_Prospecting,20260915,Desktop,Košický kraj,7628,39,0.51%,17.29,,4644
Energy_Client_SK,ProduktLaunch26_Programmatic,IO_ProduktLaunch26_Video,LI_Video_Prospecting,20260930,Tablet,Ostatné SR,8406,47,0.56%,40.79,0.0,6127
Energy_Client_SK,ProduktLaunch26_Programmatic,IO_ProduktLaunch26_Display,LI_Display_Retarget,20261024,Desktop,Košický kraj,5563,29,0.52%,15.68,0.0,4177
Energy_Client_SK,ProduktLaunch26_Programmatic,IO_ProduktLaunch26_Display,LI_Display_Retarget,20260918,Connected TV,Bratislavský kraj,10699,38,0.36%,26.48,,6123
Energy_Client_SK,ProduktLaunch26_Programmatic,IO_ProduktLaunch26_Video,LI_Video_Retarget,20260823,Tablet,Košický kraj,4116,32,0.77%,16.94,0.0,2766
Energy_Client_SK,ProduktLaunch26_Programmatic,IO_ProduktLaunch26_Video,LI_Video_Retarget,20261018,Desktop,Košický kraj,12733,104,0.82%,43.07,0.0,9917
Energy_Client_SK,ProduktLaunch26_Programmatic,IO_ProduktLaunch26_Video,LI_Video_Prospecting,20260831,Desktop,Košický kraj,9892,71,0.71%,35.61,,7697
Energy_Client_SK,ProduktLaunch26_Programmatic,IO_ProduktLaunch26_Display,LI_Display_Retarget,20261019,Desktop,Košický kraj,8718,29,0.34%,28.75,,5394
Energy_Client_SK,ProduktLaunch26_Programmatic,IO_ProduktLaunch26_Video,LI_Audio_Awareness,20260919,Tablet,Bratislavský kraj,5562,12,0.22%,10.71,0.0,3947
Energy_Client_SK,ProduktLaunch26_Programmatic,IO_ProduktLaunch26_Display,LI_Display_Retarget,20260916,Tablet,Ostatné SR,5216,32,0.61%,16.4,,4088
Energy_Client_SK,ProduktLaunch26_Programmatic,IO_ProduktLaunch26_Video,LI_Audio_Awareness,20260820,Desktop,Košický kraj,6108,19,0.31%,14.22,0.0,3415
Energy_Client_SK,ProduktLaunch26_Programmatic,IO_ProduktLaunch26_Display,LI_Display_Prospecting,20260908,Desktop,Košický kraj,8243,43,0.53%,25.39,,6170
Energy_Client_SK,ProduktLaunch26_Programmatic,IO_ProduktLaunch26_Video,LI_Video_Retarget,20260826,Tablet,Ostatné SR,4814,32,0.67%,18.82,0.0,3323
Energy_Client_SK,ProduktLaunch26_Programmatic,IO_ProduktLaunch26_Display,LI_Native_Prospecting,20261020,Desktop,Bratislavský kraj,9257,50,0.54%,31.05,,6618
Energy_Client_SK,ProduktLaunch26_Programmatic,IO_ProduktLaunch26_Video,LI_Video_Prospecting,20261027,Tablet,Košický kraj,6951,62,0.89%,29.61,,5237
Energy_Client_SK,ProduktLaunch26_Programmatic,IO_ProduktLaunch26_Video,LI_Video_Retarget,20261026,Mobile,Ostatné SR,10408,91,0.88%,35.73,0.0,6200
Energy_Client_SK,ProduktLaunch26_Programmatic,IO_ProduktLaunch26_Video,LI_Audio_Awareness,20261011,Mobile,Ostatné SR,7458,33,0.45%,11.45,,4183
Energy_Client_SK,ProduktLaunch26_Programmatic,IO_ProduktLaunch26_Display,LI_Display_Prospecting,20260921,Tablet,Bratislavský kraj,10048,42,0.42%,23.17,,5984
Energy_Client_SK,ProduktLaunch26_Programmatic,IO_ProduktLaunch26_Display,LI_Native_Prospecting,20260904,Mobile,Ostatné SR,8325,59,0.71%,21.11,,4803
Energy_Client_SK,ProduktLaunch26_Programmatic,IO_ProduktLaunch26_Video,LI_Video_Retarget,20260822,Mobile,Ostatné SR,14686,99,0.67%,75.93,0.0,8413
Energy_Client_SK,ProduktLaunch26_Programmatic,IO_ProduktLaunch26_Display,LI_Display_Retarget,20261021,Connected TV,Bratislavský kraj,12411,55,0.44%,37.38,,9038
Energy_Client_SK,ProduktLaunch26_Programmatic,IO_ProduktLaunch26_Video,LI_Audio_Awareness,20260821,Mobile,Košický kraj,9952,24,0.24%,22.41,0.0,7278
Energy_Client_SK,ProduktLaunch26_Programmatic,IO_ProduktLaunch26_Video,LI_Video_Retarget,20260921,Desktop,Košický kraj,6469,51,0.79%,24.49,,4597
Energy_Client_SK,ProduktLaunch26_Programmatic,IO_ProduktLaunch26_Video,LI_Audio_Awareness,20261008,Connected TV,Košický kraj,5457,17,0.31%,14.09,0.0,3856
Energy_Client_SK,ProduktLaunch26_Programmatic,IO_ProduktLaunch26_Display,LI_Display_Retarget,20260818,Desktop,Ostatné SR,7384,41,0.55%,15.19,,4236
Energy_Client_SK,ProduktLaunch26_Programmatic,IO_ProduktLaunch26_Video,LI_Audio_Awareness,20261011,Desktop,Košický kraj,6077,21,0.34%,11.47,,3352
Energy_Client_SK,ProduktLaunch26_Programmatic,IO_ProduktLaunch26_Display,LI_Display_Prospecting,20260903,Tablet,Košický kraj,2898,14,0.48%,8.68,,1779
Energy_Client_SK,ProduktLaunch26_Programmatic,IO_ProduktLaunch26_Video,LI_Audio_Awareness,20260923,Desktop,Ostatné SR,9606,48,0.5%,21.72,,6181
Energy_Client_SK,ProduktLaunch26_Programmatic,IO_ProduktLaunch26_Video,LI_Video_Retarget,20261007,Mobile,Ostatné SR,14496,90,0.62%,59.03,0.0,9886
Energy_Client_SK,ProduktLaunch26_Programmatic,IO_ProduktLaunch26_Display,LI_Native_Prospecting,20261003,Tablet,Košický kraj,2055,9,0.46%,6.47,,1263
Energy_Client_SK,ProduktLaunch26_Programmatic,IO_ProduktLaunch26_Display,LI_Display_Prospecting,20260929,Connected TV,Bratislavský kraj,7555,28,0.37%,21.68,0.0,4584
Energy_Client_SK,ProduktLaunch26_Programmatic,IO_ProduktLaunch26_Video,LI_Video_Retarget,20261019,Tablet,Ostatné SR,6003,30,0.51%,25.48,0.0,4048
Energy_Client_SK,ProduktLaunch26_Programmatic,IO_ProduktLaunch26_Video,LI_Audio_Awareness,20260926,Connected TV,Ostatné SR,3863,17,0.43%,9.09,,2264
Energy_Client_SK,ProduktLaunch26_Programmatic,IO_ProduktLaunch26_Display,LI_Display_Prospecting,20260918,Mobile,Košický kraj,13251,48,0.36%,39.22,,8515
Energy_Client_SK,ProduktLaunch26_Programmatic,IO_ProduktLaunch26_Display,LI_Display_Prospecting,20260829,Desktop,Ostatné SR,8512,48,0.56%,18.07,,5692
Energy_Client_SK,ProduktLaunch26_Programmatic,IO_ProduktLaunch26_Display,LI_Display_Prospecting,20260916,Tablet,Ostatné SR,7050,28,0.4%,21.82,0.0,4680
Energy_Client_SK,ProduktLaunch26_Programmatic,IO_ProduktLaunch26_Display,LI_Display_Retarget,20261002,Tablet,Ostatné SR,4339,30,0.68%,10.73,0.0,2817
Energy_Client_SK,ProduktLaunch26_Programmatic,IO_ProduktLaunch26_Display,LI_Display_Retarget,20261006,Desktop,Košický kraj,5952,40,0.67%,17.75,,4406
Energy_Client_SK,ProduktLaunch26_Programmatic,IO_ProduktLaunch26_Display,LI_Display_Prospecting,20261014,Connected TV,Bratislavský kraj,9991,45,0.45%,29.46,,6150
Energy_Client_SK,ProduktLaunch26_Programmatic,IO_ProduktLaunch26_Display,LI_Native_Prospecting,20261006,Desktop,Ostatné SR,5083,37,0.73%,18.69,0.0,3475
Energy_Client_SK,ProduktLaunch26_Programmatic,IO_ProduktLaunch26_Video,LI_Video_Retarget,20260905,Tablet,Bratislavský kraj,7160,41,0.58%,22.99,0.0,5276
Energy_Client_SK,ProduktLaunch26_Programmatic,IO_ProduktLaunch26_Display,LI_Native_Prospecting,20261017,Tablet,Košický kraj,3730,25,0.66%,9.47,,2639
Energy_Client_SK,ProduktLaunch26_Programmatic,IO_ProduktLaunch26_Video,LI_Video_Prospecting,20261019,Desktop,Ostatné SR,10475,83,0.79%,43.48,0.0,5833
Energy_Client_SK,ProduktLaunch26_Programmatic,IO_ProduktLaunch26_Video,LI_Video_Retarget,20261005,Connected TV,Bratislavský kraj,12288,79,0.65%,47.17,,8888
Energy_Client_SK,ProduktLaunch26_Programmatic,IO_ProduktLaunch26_Display,LI_Display_Prospecting,20260915,Connected TV,Košický kraj,5678,24,0.42%,17.46,,4048
Energy_Client_SK,ProduktLaunch26_Programmatic,IO_ProduktLaunch26_Video,LI_Audio_Awareness,20260928,Connected TV,Ostatné SR,4246,12,0.27%,6.83,0.0,3188
Energy_Client_SK,ProduktLaunch26_Programmatic,IO_ProduktLaunch26_Video,LI_Audio_Awareness,20261008,Tablet,Bratislavský kraj,4606,13,0.29%,8.51,0.0,3374
Energy_Client_SK,ProduktLaunch26_Programmatic,IO_ProduktLaunch26_Display,LI_Display_Prospecting,20260916,Tablet,Bratislavský kraj,9976,44,0.44%,24.38,,5887
Energy_Client_SK,ProduktLaunch26_Programmatic,IO_ProduktLaunch26_Display,LI_Display_Retarget,20261011,Connected TV,Košický kraj,6436,34,0.54%,21.93,0.0,4073
Energy_Client_SK,ProduktLaunch26_Programmatic,IO_ProduktLaunch26_Display,LI_Display_Prospecting,20260901,Connected TV,Ostatné SR,9670,55,0.56%,19.96,,6175
Energy_Client_SK,ProduktLaunch26_Programmatic,IO_ProduktLaunch26_Display,LI_Display_Prospecting,20260828,Mobile,Ostatné SR,16077,50,0.31%,36.11,,11825
Energy_Client_SK,ProduktLaunch26_Programmatic,IO_ProduktLaunch26_Video,LI_Video_Retarget,20260824,Mobile,Ostatné SR,18228,195,1.07%,91.55,,12425
Energy_Client_SK,ProduktLaunch26_Programmatic,IO_ProduktLaunch26_Video,LI_Video_Prospecting,20260826,Desktop,Košický kraj,12254,68,0.56%,44.78,0.0,9362
Energy_Client_SK,ProduktLaunch26_Programmatic,IO_ProduktLaunch26_Video,LI_Audio_Awareness,20261005,Tablet,Košický kraj,4317,13,0.3%,8.38,,3379
Energy_Client_SK,ProduktLaunch26_Programmatic,IO_ProduktLaunch26_Display,LI_Display_Retarget,20260830,Connected TV,Ostatné SR,4817,31,0.64%,15.48,0.0,3669
Energy_Client_SK,ProduktLaunch26_Programmatic,IO_ProduktLaunch26_Display,LI_Display_Retarget,20260819,Tablet,Bratislavský kraj,9430,54,0.58%,19.05,,6527
Energy_Client_SK,ProduktLaunch26_Programmatic,IO_ProduktLaunch26_Video,LI_Audio_Awareness,20260815,Desktop,Bratislavský kraj,0,0,0.22%,-95.5,0.0,5244
Energy_Client_SK,ProduktLaunch26_Programmatic,IO_ProduktLaunch26_Display,LI_Display_Retarget,20260912,Desktop,Bratislavský kraj,11564,74,0.64%,40.42,,6553
Energy_Client_SK,ProduktLaunch26_Programmatic,IO_ProduktLaunch26_Display,LI_Native_Prospecting,20260815,Mobile,Ostatné SR,8374,52,0.63%,24.29,,5752
Energy_Client_SK,ProduktLaunch26_Programmatic,IO_ProduktLaunch26_Display,LI_Display_Prospecting,20260817,Mobile,Košický kraj,8780,40,0.46%,19.78,,6349
Energy_Client_SK,ProduktLaunch26_Programmatic,IO_ProduktLaunch26_Display,LI_Display_Prospecting,20261019,Tablet,Košický kraj,2777,15,0.53%,6.53,0.0,1895
Energy_Client_SK,ProduktLaunch26_Programmatic,IO_ProduktLaunch26_Video,LI_Audio_Awareness,20260921,Tablet,Košický kraj,3686,16,0.45%,9.25,,2450
Energy_Client_SK,ProduktLaunch26_Programmatic,IO_ProduktLaunch26_Display,LI_Native_Prospecting,20261021,Tablet,Ostatné SR,3752,28,0.75%,11.75,0.0,2771
Energy_Client_SK,ProduktLaunch26_Programmatic,IO_ProduktLaunch26_Video,LI_Video_Retarget,20260923,Connected TV,Bratislavský kraj,13926,75,0.54%,71.43,,7746
Energy_Client_SK,ProduktLaunch26_Programmatic,IO_ProduktLaunch26_Display,LI_Native_Prospecting,20260828,Tablet,Bratislavský kraj,4070,22,0.54%,11.78,,2248
Energy_Client_SK,ProduktLaunch26_Programmatic,IO_ProduktLaunch26_Display,LI_Native_Prospecting,20260906,Desktop,Bratislavský kraj,9091,39,0.43%,29.1,,5081
Energy_Client_SK,ProduktLaunch26_Programmatic,IO_ProduktLaunch26_Video,LI_Video_Retarget,20260819,Tablet,Košický kraj,4543,45,0.99%,23.7,,3359
Energy_Client_SK,ProduktLaunch26_Programmatic,IO_ProduktLaunch26_Video,LI_Video_Retarget,20260927,Tablet,Ostatné SR,3738,20,0.54%,14.11,,2812
Energy_Client_SK,ProduktLaunch26_Programmatic,IO_ProduktLaunch26_Video,LI_Audio_Awareness,20261013,Connected TV,Košický kraj,6130,18,0.3%,9.5,,3766
Energy_Client_SK,ProduktLaunch26_Programmatic,IO_ProduktLaunch26_Video,LI_Video_Retarget,20261026,Connected TV,Košický kraj,4881,37,0.76%,17.62,,3005
Energy_Client_SK,ProduktLaunch26_Programmatic,IO_ProduktLaunch26_Video,LI_Audio_Awareness,20260907,Connected TV,Ostatné SR,3800,10,0.28%,9.56,,2619
Energy_Client_SK,ProduktLaunch26_Programmatic,IO_ProduktLaunch26_Video,LI_Audio_Awareness,20260926,Tablet,Bratislavský kraj,8477,18,0.21%,16.61,0.0,6655
Energy_Client_SK,ProduktLaunch26_Programmatic,IO_ProduktLaunch26_Video,LI_Video_Prospecting,20260823,Tablet,Košický kraj,4771,26,0.54%,15.34,,2883
Energy_Client_SK,ProduktLaunch26_Programmatic,IO_ProduktLaunch26_Display,LI_Native_Prospecting,20260906,Mobile,Bratislavský kraj,8622,57,0.66%,28.39,0.0,5331
Energy_Client_SK,ProduktLaunch26_Programmatic,IO_ProduktLaunch26_Display,LI_Display_Retarget,20260824,Tablet,Bratislavský kraj,8731,53,0.6%,17.74,,4820
Energy_Client_SK,ProduktLaunch26_Programmatic,IO_ProduktLaunch26_Display,LI_Display_Retarget,20260915,Desktop,Košický kraj,5614,38,0.67%,18.54,0.0,3166
Energy_Client_SK,ProduktLaunch26_Programmatic,IO_ProduktLaunch26_Video,LI_Video_Retarget,20261019,Desktop,Košický kraj,11868,108,0.91%,54.4,,7806
Energy_Client_SK,ProduktLaunch26_Programmatic,IO_ProduktLaunch26_Video,LI_Video_Prospecting,20261002,Desktop,Košický kraj,7457,33,0.44%,31.22,0.0,4296
Energy_Client_SK,ProduktLaunch26_Programmatic,IO_ProduktLaunch26_Display,LI_Display_Retarget,20261023,Connected TV,Košický kraj,6597,24,0.37%,14.3,,5209
Energy_Client_SK,ProduktLaunch26_Programmatic,IO_ProduktLaunch26_Display,LI_Native_Prospecting,20261027,Tablet,Ostatné SR,5223,24,0.45%,19.2,,2958
Energy_Client_SK,ProduktLaunch26_Programmatic,IO_ProduktLaunch26_Display,LI_Native_Prospecting,20260920,Mobile,Bratislavský kraj,15661,119,0.76%,52.71,,12448
Energy_Client_SK,ProduktLaunch26_Programmatic,IO_ProduktLaunch26_Video,LI_Video_Retarget,20260920,Desktop,Košický kraj,10609,88,0.83%,39.79,,7849
Energy_Client_SK,ProduktLaunch26_Programmatic,IO_ProduktLaunch26_Video,LI_Video_Prospecting,20261005,Desktop,Ostatné SR,15752,111,0.71%,58.36,0.0,12376
Energy_Client_SK,ProduktLaunch26_Programmatic,IO_ProduktLaunch26_Display,LI_Display_Retarget,20260822,Tablet,Bratislavský kraj,5083,24,0.48%,12.6,,3857
Energy_Client_SK,ProduktLaunch26_Programmatic,IO_ProduktLaunch26_Display,LI_Native_Prospecting,20261012,Mobile,Ostatné SR,10365,59,0.57%,23.52,,7252
Energy_Client_SK,ProduktLaunch26_Programmatic,IO_ProduktLaunch26_Display,LI_Display_Prospecting,20261007,Mobile,Ostatné SR,16789,55,0.33%,48.09,,12239
Energy_Client_SK,ProduktLaunch26_Programmatic,IO_ProduktLaunch26_Video,LI_Video_Prospecting,20260920,Desktop,Bratislavský kraj,23970,210,0.88%,96.05,,17609
Energy_Client_SK,ProduktLaunch26_Programmatic,IO_ProduktLaunch26_Display,LI_Native_Prospecting,20260930,Connected TV,Košický kraj,3346,16,0.48%,11.96,,2659
Energy_Client_SK,ProduktLaunch26_Programmatic,IO_ProduktLaunch26_Display,LI_Native_Prospecting,20260830,Mobile,Košický kraj,7073,50,0.71%,18.43,0.0,5566
Energy_Client_SK,ProduktLaunch26_Programmatic,IO_ProduktLaunch26_Video,LI_Video_Retarget,20260903,Connected TV,Ostatné SR,9071,79,0.87%,48.01,0.0,6778
Energy_Client_SK,ProduktLaunch26_Programmatic,IO_ProduktLaunch26_Video,LI_Audio_Awareness,20260907,Tablet,Ostatné SR,3775,13,0.36%,7.24,,3019
Energy_Client_SK,ProduktLaunch26_Programmatic,IO_ProduktLaunch26_Video,LI_Audio_Awareness,20260904,Desktop,Ostatné SR,12096,48,0.4%,27.11,0.0,8940
Energy_Client_SK,ProduktLaunch26_Programmatic,IO_ProduktLaunch26_Display,LI_Native_Prospecting,20261002,Desktop,Košický kraj,9275,71,0.76%,31.45,,5577
Energy_Client_SK,ProduktLaunch26_Programmatic,IO_ProduktLaunch26_Display,LI_Native_Prospecting,20260914,Desktop,Ostatné SR,11297,88,0.78%,42.65,0.0,8090
Energy_Client_SK,ProduktLaunch26_Programmatic,IO_ProduktLaunch26_Display,LI_Native_Prospecting,20260820,Mobile,Ostatné SR,13441,95,0.71%,34.67,,8022
Energy_Client_SK,ProduktLaunch26_Programmatic,IO_ProduktLaunch26_Video,LI_Audio_Awareness,20260929,Connected TV,Košický kraj,4396,11,0.26%,10.9,,3427
Energy_Client_SK,ProduktLaunch26_Programmatic,IO_ProduktLaunch26_Video,LI_Video_Prospecting,20260930,Mobile,Košický kraj,14837,100,0.67%,65.09,,10023
Energy_Client_SK,ProduktLaunch26_Programmatic,IO_ProduktLaunch26_Display,LI_Native_Prospecting,20260820,Desktop,Bratislavský kraj,11206,82,0.73%,33.4,0.0,7809
Energy_Client_SK,ProduktLaunch26_Programmatic,IO_ProduktLaunch26_Display,LI_Native_Prospecting,20260825,Connected TV,Ostatné SR,4208,18,0.43%,11.86,,2325
Energy_Client_SK,ProduktLaunch26_Programmatic,IO_ProduktLaunch26_Video,LI_Video_Prospecting,20260904,Tablet,Košický kraj,5770,28,0.49%,20.54,0.0,4014
Energy_Client_SK,ProduktLaunch26_Programmatic,IO_ProduktLaunch26_Display,LI_Display_Prospecting,20260816,Tablet,Bratislavský kraj,10341,50,0.48%,19.81,,8096
Energy_Client_SK,ProduktLaunch26_Programmatic,IO_ProduktLaunch26_Display,LI_Native_Prospecting,20260902,Tablet,Košický kraj,2638,16,0.59%,7.9,,1510
Energy_Client_SK,ProduktLaunch26_Programmatic,IO_ProduktLaunch26_Video,LI_Audio_Awareness,20260924,Tablet,Bratislavský kraj,4482,21,0.48%,6.93,,3122
Energy_Client_SK,ProduktLaunch26_Programmatic,IO_ProduktLaunch26_Display,LI_Display_Retarget,20260816,Tablet,Ostatné SR,6567,42,0.64%,22.25,,4563
Energy_Client_SK,ProduktLaunch26_Programmatic,IO_ProduktLaunch26_Video,LI_Video_Retarget,20261013,Connected TV,Ostatné SR,10681,117,1.09%,53.78,0.0,7583
Energy_Client_SK,ProduktLaunch26_Programmatic,IO_ProduktLaunch26_Display,LI_Native_Prospecting,20261005,Mobile,Bratislavský kraj,17707,130,0.73%,53.33,0.0,11040
Energy_Client_SK,ProduktLaunch26_Programmatic,IO_ProduktLaunch26_Display,LI_Display_Retarget,20260908,Mobile,Bratislavský kraj,11808,82,0.69%,29.79,,6684
Energy_Client_SK,ProduktLaunch26_Programmatic,IO_ProduktLaunch26_Display,LI_Display_Prospecting,20260819,Connected TV,Ostatné SR,7074,36,0.51%,17.78,0.0,4442
Energy_Client_SK,ProduktLaunch26_Programmatic,IO_ProduktLaunch26_Video,LI_Video_Prospecting,20260917,Tablet,Košický kraj,7369,42,0.57%,33.45,,4235
Energy_Client_SK,ProduktLaunch26_Programmatic,IO_ProduktLaunch26_Display,LI_Display_Prospecting,20260908,Connected TV,Bratislavský kraj,7686,44,0.57%,23.35,,5242
Energy_Client_SK,ProduktLaunch26_Programmatic,IO_ProduktLaunch26_Video,LI_Audio_Awareness,20260826,Mobile,Ostatné SR,10963,53,0.48%,19.79,,7203
Energy_Client_SK,ProduktLaunch26_Programmatic,IO_ProduktLaunch26_Display,LI_Display_Retarget,20261015,Tablet,Košický kraj,4594,27,0.59%,9.68,0.0,2578
Energy_Client_SK,ProduktLaunch26_Programmatic,IO_ProduktLaunch26_Display,LI_Display_Prospecting,20261006,Desktop,Bratislavský kraj,12778,33,0.26%,35.47,,8253
Energy_Client_SK,ProduktLaunch26_Programmatic,IO_ProduktLaunch26_Display,LI_Native_Prospecting,20261003,Mobile,Bratislavský kraj,13815,80,0.58%,30.7,,8724
Energy_Client_SK,ProduktLaunch26_Programmatic,IO_ProduktLaunch26_Display,LI_Display_Prospecting,20260829,Connected TV,Ostatné SR,5206,28,0.53%,15.88,,3629
Energy_Client_SK,ProduktLaunch26_Programmatic,IO_ProduktLaunch26_Video,LI_Audio_Awareness,20260930,Tablet,Bratislavský kraj,3660,12,0.34%,7.8,0.0,2402
Energy_Client_SK,ProduktLaunch26_Programmatic,IO_ProduktLaunch26_Video,LI_Audio_Awareness,20260822,Mobile,Bratislavský kraj,14645,66,0.45%,31.11,,11593
Energy_Client_SK,ProduktLaunch26_Programmatic,IO_ProduktLaunch26_Video,LI_Audio_Awareness,20260822,Mobile,Ostatné SR,10111,50,0.49%,21.87,,6562
Energy_Client_SK,ProduktLaunch26_Programmatic,IO_ProduktLaunch26_Display,LI_Native_Prospecting,20260825,Desktop,Ostatné SR,11670,67,0.58%,42.7,,7223
Energy_Client_SK,ProduktLaunch26_Programmatic,IO_ProduktLaunch26_Video,LI_Video_Retarget,20260906,Mobile,Bratislavský kraj,19368,172,0.89%,63.15,,12373
Energy_Client_SK,ProduktLaunch26_Programmatic,IO_ProduktLaunch26_Display,LI_Display_Retarget,20260820,Mobile,Ostatné SR,8177,36,0.44%,17.21,,5782
Energy_Client_SK,ProduktLaunch26_Programmatic,IO_ProduktLaunch26_Display,LI_Display_Retarget,20260926,Desktop,Košický kraj,8542,44,0.52%,29.19,0.0,6132
Energy_Client_SK,ProduktLaunch26_Programmatic,IO_ProduktLaunch26_Video,LI_Video_Retarget,20260904,Connected TV,Bratislavský kraj,8568,83,0.97%,40.44,,4831
Energy_Client_SK,ProduktLaunch26_Programmatic,IO_ProduktLaunch26_Video,LI_Video_Prospecting,20260909,Tablet,Bratislavský kraj,7823,64,0.81%,28.71,0.0,4883
Energy_Client_SK,ProduktLaunch26_Programmatic,IO_ProduktLaunch26_Display,LI_Display_Prospecting,20260912,Mobile,Košický kraj,7457,22,0.29%,15.06,,5398
Energy_Client_SK,ProduktLaunch26_Programmatic,IO_ProduktLaunch26_Display,LI_Display_Retarget,20260920,Desktop,Košický kraj,8489,49,0.58%,21.57,,5457
Energy_Client_SK,ProduktLaunch26_Programmatic,IO_ProduktLaunch26_Video,LI_Video_Prospecting,20261011,Tablet,Ostatné SR,8827,64,0.73%,28.35,0.0,5825
Energy_Client_SK,ProduktLaunch26_Programmatic,IO_ProduktLaunch26_Display,LI_Display_Prospecting,20260908,Connected TV,Ostatné SR,4486,13,0.29%,13.74,0.0,3338
Energy_Client_SK,ProduktLaunch26_Programmatic,IO_ProduktLaunch26_Video,LI_Video_Prospecting,20261014,Desktop,Ostatné SR,9715,87,0.9%,48.12,,6374
Energy_Client_SK,ProduktLaunch26_Programmatic,IO_ProduktLaunch26_Video,LI_Video_Retarget,20261005,Desktop,Ostatné SR,7563,48,0.63%,32.04,,5142
Energy_Client_SK,ProduktLaunch26_Programmatic,IO_ProduktLaunch26_Video,LI_Video_Retarget,20260906,Desktop,Košický kraj,7368,74,1.0%,32.44,0.0,5237
Energy_Client_SK,ProduktLaunch26_Programmatic,IO_ProduktLaunch26_Video,LI_Audio_Awareness,20260815,Connected TV,Ostatné SR,6138,28,0.46%,13.88,,3945
Energy_Client_SK,ProduktLaunch26_Programmatic,IO_ProduktLaunch26_Video,LI_Video_Prospecting,20260929,Tablet,Ostatné SR,6525,54,0.83%,23.21,0.0,4691
Energy_Client_SK,ProduktLaunch26_Programmatic,IO_ProduktLaunch26_Video,LI_Video_Retarget,20260916,Tablet,Ostatné SR,4645,48,1.04%,23.84,,2612
Energy_Client_SK,ProduktLaunch26_Programmatic,IO_ProduktLaunch26_Display,LI_Display_Prospecting,20261001,Mobile,Ostatné SR,16538,80,0.48%,40.33,,10624
Energy_Client_SK,ProduktLaunch26_Programmatic,IO_ProduktLaunch26_Video,LI_Audio_Awareness,20260830,Desktop,Košický kraj,9205,29,0.32%,19.16,,6720
Energy_Client_SK,ProduktLaunch26_Programmatic,IO_ProduktLaunch26_Display,LI_Native_Prospecting,20261021,Tablet,Bratislavský kraj,3732,28,0.75%,10.12,,2576
Energy_Client_SK,ProduktLaunch26_Programmatic,IO_ProduktLaunch26_Display,LI_Display_Retarget,20260825,Tablet,Ostatné SR,4600,16,0.35%,13.24,,3188
Energy_Client_SK,ProduktLaunch26_Programmatic,IO_ProduktLaunch26_Display,LI_Display_Retarget,20261022,Connected TV,Košický kraj,5187,22,0.43%,15.43,,3525
Energy_Client_SK,ProduktLaunch26_Programmatic,IO_ProduktLaunch26_Video,LI_Audio_Awareness,20260816,Connected TV,Košický kraj,3725,12,0.33%,7.58,0.0,2171
Energy_Client_SK,ProduktLaunch26_Programmatic,IO_ProduktLaunch26_Display,LI_Display_Prospecting,20260911,Connected TV,Košický kraj,6448,23,0.36%,12.12,,4817
Energy_Client_SK,ProduktLaunch26_Programmatic,IO_ProduktLaunch26_Display,LI_Display_Retarget,20261011,Mobile,Bratislavský kraj,20050,110,0.55%,40.75,0.0,13209
Energy_Client_SK,ProduktLaunch26_Programmatic,IO_ProduktLaunch26_Video,LI_Audio_Awareness,20261018,Connected TV,Bratislavský kraj,10227,32,0.32%,26.16,,8049
Energy_Client_SK,ProduktLaunch26_Programmatic,IO_ProduktLaunch26_Display,LI_Native_Prospecting,20260823,Tablet,Ostatné SR,4523,29,0.65%,11.42,0.0,3392
Energy_Client_SK,ProduktLaunch26_Programmatic,IO_ProduktLaunch26_Video,LI_Audio_Awareness,20260922,Desktop,Bratislavský kraj,7453,28,0.38%,12.57,0.0,4915
Energy_Client_SK,ProduktLaunch26_Programmatic,IO_ProduktLaunch26_Video,LI_Video_Retarget,20261002,Tablet,Košický kraj,5941,36,0.6%,28.82,,4563
Energy_Client_SK,ProduktLaunch26_Programmatic,IO_ProduktLaunch26_Video,LI_Video_Retarget,20261010,Tablet,Bratislavský kraj,10437,113,1.08%,48.57,,7410
Energy_Client_SK,ProduktLaunch26_Programmatic,IO_ProduktLaunch26_Video,LI_Video_Retarget,20260823,Connected TV,Ostatné SR,7009,39,0.56%,23.42,,5448
Energy_Client_SK,ProduktLaunch26_Programmatic,IO_ProduktLaunch26_Video,LI_Video_Retarget,20260816,Mobile,Bratislavský kraj,21348,230,1.08%,110.04,0.0,12578
Energy_Client_SK,ProduktLaunch26_Programmatic,IO_ProduktLaunch26_Display,LI_Display_Prospecting,20261010,Mobile,Ostatné SR,16356,98,0.6%,50.59,0.0,9465
Energy_Client_SK,ProduktLaunch26_Programmatic,IO_ProduktLaunch26_Display,LI_Display_Prospecting,20260824,Desktop,Ostatné SR,14294,45,0.31%,29.61,0.0,8056
Energy_Client_SK,ProduktLaunch26_Programmatic,IO_ProduktLaunch26_Video,LI_Video_Prospecting,20261009,Desktop,Ostatné SR,10149,46,0.45%,50.02,0.0,7969
Energy_Client_SK,ProduktLaunch26_Programmatic,IO_ProduktLaunch26_Video,LI_Video_Retarget,20260823,Mobile,Ostatné SR,18010,141,0.78%,64.14,,13283
Energy_Client_SK,ProduktLaunch26_Programmatic,IO_ProduktLaunch26_Display,LI_Display_Retarget,20260902,Desktop,Ostatné SR,7898,30,0.39%,21.73,,5705
Energy_Client_SK,ProduktLaunch26_Programmatic,IO_ProduktLaunch26_Video,LI_Video_Prospecting,20260920,Connected TV,Košický kraj,10013,82,0.82%,43.59,0.0,5776
Energy_Client_SK,ProduktLaunch26_Programmatic,IO_ProduktLaunch26_Video,LI_Audio_Awareness,20260909,Mobile,Ostatné SR,8927,22,0.24%,19.3,,6615
Energy_Client_SK,ProduktLaunch26_Programmatic,IO_ProduktLaunch26_Display,LI_Display_Prospecting,20261006,Connected TV,Košický kraj,6185,21,0.33%,18.83,,4354
Energy_Client_SK,ProduktLaunch26_Programmatic,IO_ProduktLaunch26_Display,LI_Display_Retarget,20261024,Desktop,Ostatné SR,8388,30,0.35%,20.24,0.0,6349
Energy_Client_SK,ProduktLaunch26_Programmatic,IO_ProduktLaunch26_Video,LI_Video_Prospecting,20260827,Mobile,Bratislavský kraj,20582,119,0.58%,72.71,,11876
Energy_Client_SK,ProduktLaunch26_Programmatic,IO_ProduktLaunch26_Display,LI_Display_Prospecting,20260923,Tablet,Ostatné SR,4603,28,0.6%,9.99,0.0,3209
Energy_Client_SK,ProduktLaunch26_Programmatic,IO_ProduktLaunch26_Video,LI_Video_Retarget,20261008,Desktop,Košický kraj,9684,69,0.72%,45.63,,6233
Energy_Client_SK,ProduktLaunch26_Programmatic,IO_ProduktLaunch26_Video,LI_Audio_Awareness,20261018,Tablet,Bratislavský kraj,5501,14,0.26%,8.54,0.0,3352
Energy_Client_SK,ProduktLaunch26_Programmatic,IO_ProduktLaunch26_Display,LI_Display_Retarget,20261008,Connected TV,Košický kraj,6251,19,0.31%,18.07,,4579
Energy_Client_SK,ProduktLaunch26_Programmatic,IO_ProduktLaunch26_Video,LI_Video_Retarget,20260926,Mobile,Bratislavský kraj,17331,92,0.53%,63.34,0.0,10141
Energy_Client_SK,ProduktLaunch26_Programmatic,IO_ProduktLaunch26_Video,LI_Audio_Awareness,20260817,Mobile,Bratislavský kraj,15810,69,0.44%,29.68,0.0,9467
Energy_Client_SK,ProduktLaunch26_Programmatic,IO_ProduktLaunch26_Video,LI_Audio_Awareness,20261025,Tablet,Bratislavský kraj,7820,30,0.38%,17.14,0.0,6001
Energy_Client_SK,ProduktLaunch26_Programmatic,IO_ProduktLaunch26_Display,LI_Display_Retarget,20260920,Mobile,Bratislavský kraj,21371,84,0.39%,68.43,,13621
Energy_Client_SK,ProduktLaunch26_Programmatic,IO_ProduktLaunch26_Video,LI_Audio_Awareness,20261007,Mobile,Košický kraj,6700,23,0.34%,16.02,0.0,3950
Energy_Client_SK,ProduktLaunch26_Programmatic,IO_ProduktLaunch26_Video,LI_Video_Retarget,20260831,Desktop,Ostatné SR,8580,63,0.73%,44.66,0.0,4987
Energy_Client_SK,ProduktLaunch26_Programmatic,IO_ProduktLaunch26_Display,LI_Display_Retarget,20260928,Desktop,Bratislavský kraj,11775,57,0.49%,27.42,0.0,8626
Energy_Client_SK,ProduktLaunch26_Programmatic,IO_ProduktLaunch26_Video,LI_Video_Prospecting,20260918,Desktop,Ostatné SR,15713,74,0.47%,48.95,0.0,10641
Energy_Client_SK,ProduktLaunch26_Programmatic,IO_ProduktLaunch26_Video,LI_Audio_Awareness,20260817,Tablet,Košický kraj,3346,16,0.49%,6.25,0.0,2550
Energy_Client_SK,ProduktLaunch26_Programmatic,IO_ProduktLaunch26_Video,LI_Video_Retarget,20261002,Mobile,Bratislavský kraj,25023,225,0.9%,91.44,,14011
Energy_Client_SK,ProduktLaunch26_Programmatic,IO_ProduktLaunch26_Video,LI_Video_Retarget,20260930,Tablet,Košický kraj,4962,43,0.87%,24.16,,2773
Energy_Client_SK,ProduktLaunch26_Programmatic,IO_ProduktLaunch26_Video,LI_Video_Retarget,20260824,Connected TV,Bratislavský kraj,6920,69,0.99%,31.68,0.0,5356
Energy_Client_SK,ProduktLaunch26_Programmatic,IO_ProduktLaunch26_Display,LI_Display_Prospecting,20261017,Tablet,Košický kraj,4368,22,0.5%,11.74,0.0,2551
Energy_Client_SK,ProduktLaunch26_Programmatic,IO_ProduktLaunch26_Video,LI_Video_Retarget,20260829,Tablet,Bratislavský kraj,9127,93,1.02%,47.36,,5379
Energy_Client_SK,ProduktLaunch26_Programmatic,IO_ProduktLaunch26_Display,LI_Display_Retarget,20260928,Connected TV,Bratislavský kraj,8364,42,0.5%,19.09,,4778
Energy_Client_SK,ProduktLaunch26_Programmatic,IO_ProduktLaunch26_Display,LI_Native_Prospecting,20261015,Desktop,Ostatné SR,5316,24,0.45%,14.77,,3051
Energy_Client_SK,ProduktLaunch26_Programmatic,IO_ProduktLaunch26_Video,LI_Video_Prospecting,20260909,Desktop,Bratislavský kraj,20964,109,0.52%,68.73,,15600
Energy_Client_SK,ProduktLaunch26_Programmatic,IO_ProduktLaunch26_Video,LI_Video_Prospecting,20260902,Tablet,Bratislavský kraj,12212,95,0.77%,49.59,,9053
Energy_Client_SK,ProduktLaunch26_Programmatic,IO_ProduktLaunch26_Video,LI_Video_Retarget,20260917,Connected TV,Bratislavský kraj,10506,92,0.88%,41.14,0.0,8142
Energy_Client_SK,ProduktLaunch26_Programmatic,IO_ProduktLaunch26_Display,LI_Display_Retarget,20260822,Connected TV,Bratislavský kraj,8128,56,0.69%,18.93,,6426
Energy_Client_SK,ProduktLaunch26_Programmatic,IO_ProduktLaunch26_Display,LI_Display_Prospecting,20260916,Mobile,Bratislavský kraj,14454,77,0.53%,33.6,0.0,11416
Energy_Client_SK,ProduktLaunch26_Programmatic,IO_ProduktLaunch26_Display,LI_Display_Retarget,20261002,Desktop,Košický kraj,10120,38,0.37%,25.43,,7667
Energy_Client_SK,ProduktLaunch26_Programmatic,IO_ProduktLaunch26_Video,LI_Video_Retarget,20260909,Desktop,Ostatné SR,14691,135,0.92%,61.99,,9550
Energy_Client_SK,ProduktLaunch26_Programmatic,IO_ProduktLaunch26_Video,LI_Video_Retarget,20261024,Desktop,Bratislavský kraj,15620,135,0.87%,65.74,,9589
Energy_Client_SK,ProduktLaunch26_Programmatic,IO_ProduktLaunch26_Video,LI_Audio_Awareness,20261014,Connected TV,Bratislavský kraj,4914,21,0.43%,8.32,0.0,3418
Energy_Client_SK,ProduktLaunch26_Programmatic,IO_ProduktLaunch26_Video,LI_Video_Retarget,20260920,Mobile,Ostatné SR,9896,107,1.08%,40.16,0.0,7854
Energy_Client_SK,ProduktLaunch26_Programmatic,IO_ProduktLaunch26_Display,LI_Display_Prospecting,20261022,Tablet,Ostatné SR,6786,31,0.45%,12.48,,4429
Energy_Client_SK,ProduktLaunch26_Programmatic,IO_ProduktLaunch26_Video,LI_Video_Prospecting,20260825,Desktop,Bratislavský kraj,15258,102,0.67%,46.88,0.0,11724
Energy_Client_SK,ProduktLaunch26_Programmatic,IO_ProduktLaunch26_Video,LI_Video_Prospecting,20261017,Connected TV,Ostatné SR,7406,51,0.69%,25.16,,5725
Energy_Client_SK,ProduktLaunch26_Programmatic,IO_ProduktLaunch26_Display,LI_Native_Prospecting,20261004,Mobile,Košický kraj,10703,77,0.72%,34.14,,6102
Energy_Client_SK,ProduktLaunch26_Programmatic,IO_ProduktLaunch26_Video,LI_Audio_Awareness,20260912,Desktop,Košický kraj,9288,27,0.3%,17.2,,5713
Energy_Client_SK,ProduktLaunch26_Programmatic,IO_ProduktLaunch26_Video,LI_Video_Retarget,20261026,Tablet,Ostatné SR,6617,46,0.7%,28.67,,4232
Energy_Client_SK,ProduktLaunch26_Programmatic,IO_ProduktLaunch26_Video,LI_Audio_Awareness,20261015,Desktop,Košický kraj,6707,17,0.25%,12.53,,4429
Energy_Client_SK,ProduktLaunch26_Programmatic,IO_ProduktLaunch26_Video,LI_Audio_Awareness,20260817,Tablet,Bratislavský kraj,7278,34,0.47%,11.31,0.0,4172
Energy_Client_SK,ProduktLaunch26_Programmatic,IO_ProduktLaunch26_Video,LI_Video_Retarget,20261028,Desktop,Ostatné SR,13685,110,0.81%,55.71,,9413
Energy_Client_SK,ProduktLaunch26_Programmatic,IO_ProduktLaunch26_Display,LI_Display_Retarget,20261025,Connected TV,Ostatné SR,9015,54,0.59%,22.4,0.0,6639
Energy_Client_SK,ProduktLaunch26_Programmatic,IO_ProduktLaunch26_Display,LI_Display_Prospecting,20260930,Tablet,Ostatné SR,3687,11,0.31%,9.51,0.0,2806
Energy_Client_SK,ProduktLaunch26_Programmatic,IO_ProduktLaunch26_Display,LI_Display_Prospecting,20261026,Connected TV,Bratislavský kraj,12105,58,0.48%,36.28,0.0,7790
Energy_Client_SK,ProduktLaunch26_Programmatic,IO_ProduktLaunch26_Display,LI_Native_Prospecting,20260927,Mobile,Ostatné SR,10983,75,0.68%,34.25,0.0,6801
Energy_Client_SK,ProduktLaunch26_Programmatic,IO_ProduktLaunch26_Video,LI_Audio_Awareness,20260918,Connected TV,Bratislavský kraj,6717,23,0.34%,13.39,,5143
Energy_Client_SK,ProduktLaunch26_Programmatic,IO_ProduktLaunch26_Display,LI_Display_Prospecting,20260909,Desktop,Košický kraj,8935,50,0.55%,16.89,0.0,5671
Energy_Client_SK,ProduktLaunch26_Programmatic,IO_ProduktLaunch26_Video,LI_Video_Retarget,20260905,Desktop,Ostatné SR,10527,93,0.89%,38.02,0.0,7201
Energy_Client_SK,ProduktLaunch26_Programmatic,IO_ProduktLaunch26_Video,LI_Video_Retarget,20260927,Mobile,Ostatné SR,14529,140,0.96%,64.25,,10376
Energy_Client_SK,ProduktLaunch26_Programmatic,IO_ProduktLaunch26_Display,LI_Display_Prospecting,20260912,Tablet,Bratislavský kraj,6772,39,0.58%,15.61,,4941
Energy_Client_SK,ProduktLaunch26_Programmatic,IO_ProduktLaunch26_Display,LI_Native_Prospecting,20260906,Tablet,Ostatné SR,3720,23,0.62%,10.19,,2571
Energy_Client_SK,ProduktLaunch26_Programmatic,IO_ProduktLaunch26_Video,LI_Audio_Awareness,20260824,Mobile,Bratislavský kraj,9317,28,0.3%,23.9,,5955
Energy_Client_SK,ProduktLaunch26_Programmatic,IO_ProduktLaunch26_Display,LI_Native_Prospecting,20260926,Desktop,Ostatné SR,10726,85,0.8%,32.23,,7276
Energy_Client_SK,ProduktLaunch26_Programmatic,IO_ProduktLaunch26_Video,LI_Audio_Awareness,20260920,Connected TV,Košický kraj,4996,13,0.27%,11.99,,2811
Energy_Client_SK,ProduktLaunch26_Programmatic,IO_ProduktLaunch26_Display,LI_Display_Retarget,20260915,Mobile,Košický kraj,9984,45,0.45%,27.92,0.0,6620
Energy_Client_SK,ProduktLaunch26_Programmatic,IO_ProduktLaunch26_Display,LI_Display_Prospecting,20261025,Tablet,Ostatné SR,7562,27,0.36%,16.39,,4627
Energy_Client_SK,ProduktLaunch26_Programmatic,IO_ProduktLaunch26_Display,LI_Native_Prospecting,20260905,Mobile,Ostatné SR,9161,40,0.44%,33.44,0.0,5383
Energy_Client_SK,ProduktLaunch26_Programmatic,IO_ProduktLaunch26_Video,LI_Audio_Awareness,20260915,Mobile,Ostatné SR,13390,29,0.22%,28.01,,7589
Energy_Client_SK,ProduktLaunch26_Programmatic,IO_ProduktLaunch26_Video,LI_Audio_Awareness,20261018,Connected TV,Košický kraj,3267,8,0.26%,5.6,,2567
Energy_Client_SK,ProduktLaunch26_Programmatic,IO_ProduktLaunch26_Display,LI_Display_Prospecting,20260902,Desktop,Košický kraj,12017,60,0.5%,31.11,,8188
Energy_Client_SK,ProduktLaunch26_Programmatic,IO_ProduktLaunch26_Video,LI_Audio_Awareness,20261005,Desktop,Košický kraj,4409,10,0.22%,8.78,,2663
Energy_Client_SK,ProduktLaunch26_Programmatic,IO_ProduktLaunch26_Display,LI_Display_Retarget,20260924,Desktop,Ostatné SR,8499,33,0.39%,18.7,0.0,6284
Energy_Client_SK,ProduktLaunch26_Programmatic,IO_ProduktLaunch26_Display,LI_Display_Prospecting,20261007,Tablet,Ostatné SR,5826,16,0.27%,14.06,,3362
Energy_Client_SK,ProduktLaunch26_Programmatic,IO_ProduktLaunch26_Display,LI_Display_Retarget,20260816,Connected TV,Košický kraj,7102,44,0.62%,17.49,0.0,4458
Energy_Client_SK,ProduktLaunch26_Programmatic,IO_ProduktLaunch26_Video,LI_Video_Retarget,20261022,Desktop,Košický kraj,11639,120,1.03%,44.42,,8700
Energy_Client_SK,ProduktLaunch26_Programmatic,IO_ProduktLaunch26_Display,LI_Display_Retarget,20260913,Desktop,Košický kraj,6339,29,0.45%,17.29,,4119
Energy_Client_SK,ProduktLaunch26_Programmatic,IO_ProduktLaunch26_Video,LI_Video_Prospecting,20260829,Tablet,Ostatné SR,7312,39,0.54%,22.06,0.0,5190
Energy_Client_SK,ProduktLaunch26_Programmatic,IO_ProduktLaunch26_Video,LI_Audio_Awareness,20261022,Mobile,Košický kraj,11953,31,0.26%,21.27,,8257
Energy_Client_SK,ProduktLaunch26_Programmatic,IO_ProduktLaunch26_Video,LI_Video_Retarget,20261017,Tablet,Košický kraj,2970,31,1.06%,14.0,0.0,1808
Energy_Client_SK,ProduktLaunch26_Programmatic,IO_ProduktLaunch26_Video,LI_Video_Prospecting,20261001,Desktop,Košický kraj,9559,47,0.49%,39.16,,5663
Energy_Client_SK,ProduktLaunch26_Programmatic,IO_ProduktLaunch26_Display,LI_Native_Prospecting,20260828,Connected TV,Bratislavský kraj,9224,46,0.5%,29.86,,5208
Energy_Client_SK,ProduktLaunch26_Programmatic,IO_ProduktLaunch26_Display,LI_Display_Retarget,20260929,Tablet,Košický kraj,5368,35,0.64%,12.36,0.0,3934
Energy_Client_SK,ProduktLaunch26_Programmatic,IO_ProduktLaunch26_Video,LI_Audio_Awareness,20261027,Tablet,Košický kraj,3785,14,0.37%,7.31,0.0,3026
Energy_Client_SK,ProduktLaunch26_Programmatic,IO_ProduktLaunch26_Video,LI_Video_Prospecting,20260828,Connected TV,Bratislavský kraj,8664,76,0.88%,40.84,0.0,5026
Energy_Client_SK,ProduktLaunch26_Programmatic,IO_ProduktLaunch26_Video,LI_Video_Prospecting,20260926,Desktop,Bratislavský kraj,17969,130,0.72%,83.85,0.0,13634
Energy_Client_SK,ProduktLaunch26_Programmatic,IO_ProduktLaunch26_Display,LI_Display_Retarget,20260913,Tablet,Ostatné SR,4482,16,0.37%,15.52,0.0,2802
Energy_Client_SK,ProduktLaunch26_Programmatic,IO_ProduktLaunch26_Display,LI_Native_Prospecting,20260903,Desktop,Bratislavský kraj,10076,70,0.7%,23.44,,6025
Energy_Client_SK,ProduktLaunch26_Programmatic,IO_ProduktLaunch26_Display,LI_Display_Retarget,20261021,Connected TV,Košický kraj,4667,24,0.51%,10.96,,2752
Energy_Client_SK,ProduktLaunch26_Programmatic,IO_ProduktLaunch26_Video,LI_Video_Retarget,20260924,Mobile,Košický kraj,11787,81,0.69%,59.94,,9066
Energy_Client_SK,ProduktLaunch26_Programmatic,IO_ProduktLaunch26_Display,LI_Display_Retarget,20261009,Mobile,Ostatné SR,13404,51,0.38%,46.21,,7765
Energy_Client_SK,ProduktLaunch26_Programmatic,IO_ProduktLaunch26_Video,LI_Video_Prospecting,20260918,Mobile,Ostatné SR,12132,54,0.44%,40.58,,8406
Energy_Client_SK,ProduktLaunch26_Programmatic,IO_ProduktLaunch26_Display,LI_Display_Retarget,20260916,Tablet,Košický kraj,5403,30,0.56%,13.43,0.0,4085
Energy_Client_SK,ProduktLaunch26_Programmatic,IO_ProduktLaunch26_Display,LI_Native_Prospecting,20260913,Mobile,Ostatné SR,6640,42,0.63%,15.61,,4289
Energy_Client_SK,ProduktLaunch26_Programmatic,IO_ProduktLaunch26_Video,LI_Video_Retarget,20261022,Connected TV,Bratislavský kraj,12204,128,1.05%,47.25,,6953
Energy_Client_SK,ProduktLaunch26_Programmatic,IO_ProduktLaunch26_Display,LI_Native_Prospecting,20260928,Desktop,Košický kraj,7746,61,0.78%,25.08,,5240
Energy_Client_SK,ProduktLaunch26_Programmatic,IO_ProduktLaunch26_Video,LI_Video_Prospecting,20261007,Connected TV,Bratislavský kraj,11026,81,0.74%,47.61,,8586
Energy_Client_SK,ProduktLaunch26_Programmatic,IO_ProduktLaunch26_Video,LI_Video_Retarget,20260924,Connected TV,Bratislavský kraj,9056,66,0.73%,44.35,,7229
Energy_Client_SK,ProduktLaunch26_Programmatic,IO_ProduktLaunch26_Display,LI_Display_Prospecting,20260925,Mobile,Košický kraj,7102,39,0.55%,16.22,0.0,4408
Energy_Client_SK,ProduktLaunch26_Programmatic,IO_ProduktLaunch26_Video,LI_Video_Retarget,20260907,Connected TV,Bratislavský kraj,10839,90,0.83%,45.3,,7887
Energy_Client_SK,ProduktLaunch26_Programmatic,IO_ProduktLaunch26_Display,LI_Native_Prospecting,20261020,Mobile,Bratislavský kraj,18813,117,0.62%,51.45,,11669
Energy_Client_SK,ProduktLaunch26_Programmatic,IO_ProduktLaunch26_Display,LI_Display_Retarget,20261018,Mobile,Bratislavský kraj,14009,95,0.68%,41.09,0.0,8390
Energy_Client_SK,ProduktLaunch26_Programmatic,IO_ProduktLaunch26_Video,LI_Video_Retarget,20260927,Desktop,Ostatné SR,10457,78,0.75%,45.41,,7521
Energy_Client_SK,ProduktLaunch26_Programmatic,IO_ProduktLaunch26_Video,LI_Audio_Awareness,20260828,Tablet,Ostatné SR,2661,9,0.34%,6.51,0.0,1637
Energy_Client_SK,ProduktLaunch26_Programmatic,IO_ProduktLaunch26_Video,LI_Video_Prospecting,20261011,Mobile,Bratislavský kraj,21440,112,0.52%,85.37,,11916
Energy_Client_SK,ProduktLaunch26_Programmatic,IO_ProduktLaunch26_Video,LI_Audio_Awareness,20260914,Connected TV,Košický kraj,6086,18,0.3%,11.83,0.0,4224
Energy_Client_SK,ProduktLaunch26_Programmatic,IO_ProduktLaunch26_Video,LI_Video_Retarget,20261015,Desktop,Ostatné SR,9914,76,0.77%,31.76,,6594
Energy_Client_SK,ProduktLaunch26_Programmatic,IO_ProduktLaunch26_Video,LI_Audio_Awareness,20260821,Desktop,Ostatné SR,10598,26,0.25%,21.33,0.0,7700
Energy_Client_SK,ProduktLaunch26_Programmatic,IO_ProduktLaunch26_Video,LI_Video_Prospecting,20261012,Connected TV,Ostatné SR,7206,56,0.78%,29.66,,4970
Energy_Client_SK,ProduktLaunch26_Programmatic,IO_ProduktLaunch26_Video,LI_Video_Retarget,20261016,Connected TV,Košický kraj,6136,61,0.99%,26.43,,3513
Energy_Client_SK,ProduktLaunch26_Programmatic,IO_ProduktLaunch26_Display,LI_Display_Prospecting,20260917,Mobile,Ostatné SR,11553,43,0.37%,25.23,0.0,7581
Energy_Client_SK,ProduktLaunch26_Programmatic,IO_ProduktLaunch26_Video,LI_Video_Prospecting,20261015,Connected TV,Bratislavský kraj,9402,42,0.45%,43.36,,7279
Energy_Client_SK,ProduktLaunch26_Programmatic,IO_ProduktLaunch26_Video,LI_Video_Prospecting,20261007,Mobile,Košický kraj,13309,87,0.66%,53.78,,10635
Energy_Client_SK,ProduktLaunch26_Programmatic,IO_ProduktLaunch26_Video,LI_Video_Prospecting,20260902,Desktop,Bratislavský kraj,18851,82,0.44%,57.7,,12881
Energy_Client_SK,ProduktLaunch26_Programmatic,IO_ProduktLaunch26_Display,LI_Native_Prospecting,20260829,Tablet,Bratislavský kraj,6901,53,0.77%,18.3,0.0,3955
Energy_Client_SK,ProduktLaunch26_Programmatic,IO_ProduktLaunch26_Display,LI_Native_Prospecting,20261008,Desktop,Ostatné SR,11466,55,0.48%,35.07,0.0,9083
Energy_Client_SK,ProduktLaunch26_Programmatic,IO_ProduktLaunch26_Display,LI_Display_Retarget,20260930,Mobile,Košický kraj,9308,58,0.63%,28.84,,5895
Energy_Client_SK,ProduktLaunch26_Programmatic,IO_ProduktLaunch26_Display,LI_Display_Prospecting,20260929,Desktop,Ostatné SR,10879,61,0.56%,22.52,,7683
Energy_Client_SK,ProduktLaunch26_Programmatic,IO_ProduktLaunch26_Video,LI_Audio_Awareness,20260823,Desktop,Košický kraj,7575,20,0.26%,12.93,,4266
Energy_Client_SK,ProduktLaunch26_Programmatic,IO_ProduktLaunch26_Video,LI_Audio_Awareness,20261012,Tablet,Košický kraj,2822,9,0.32%,6.15,0.0,1835
Energy_Client_SK,ProduktLaunch26_Programmatic,IO_ProduktLaunch26_Display,LI_Display_Retarget,20260909,Desktop,Bratislavský kraj,15838,107,0.67%,40.21,0.0,9771
Energy_Client_SK,ProduktLaunch26_Programmatic,IO_ProduktLaunch26_Video,LI_Video_Prospecting,20260916,Tablet,Bratislavský kraj,9891,49,0.5%,37.34,0.0,6120
Energy_Client_SK,ProduktLaunch26_Programmatic,IO_ProduktLaunch26_Video,LI_Audio_Awareness,20261023,Tablet,Bratislavský kraj,4577,13,0.29%,10.5,0.0,3162
Energy_Client_SK,ProduktLaunch26_Programmatic,IO_ProduktLaunch26_Video,LI_Audio_Awareness,20260914,Desktop,Ostatné SR,10987,28,0.25%,28.24,,8748
Energy_Client_SK,ProduktLaunch26_Programmatic,IO_ProduktLaunch26_Display,LI_Native_Prospecting,20260917,Connected TV,Košický kraj,5378,43,0.8%,20.36,0.0,3600
Energy_Client_SK,ProduktLaunch26_Programmatic,IO_ProduktLaunch26_Video,LI_Audio_Awareness,20260824,Desktop,Ostatné SR,12326,32,0.26%,21.43,,9298
Energy_Client_SK,ProduktLaunch26_Programmatic,IO_ProduktLaunch26_Display,LI_Display_Retarget,20260823,Mobile,Bratislavský kraj,18206,115,0.63%,40.01,,11918
Energy_Client_SK,ProduktLaunch26_Programmatic,IO_ProduktLaunch26_Video,LI_Video_Retarget,20261017,Mobile,Košický kraj,13398,136,1.01%,63.41,,8097
Energy_Client_SK,ProduktLaunch26_Programmatic,IO_ProduktLaunch26_Display,LI_Native_Prospecting,20260923,Tablet,Bratislavský kraj,3956,17,0.44%,8.87,0.0,2409
Energy_Client_SK,ProduktLaunch26_Programmatic,IO_ProduktLaunch26_Display,LI_Display_Retarget,20261009,Mobile,Bratislavský kraj,19317,120,0.62%,42.34,0.0,11055
Energy_Client_SK,ProduktLaunch26_Programmatic,IO_ProduktLaunch26_Display,LI_Native_Prospecting,20260828,Desktop,Ostatné SR,5148,27,0.53%,12.08,0.0,3285
Energy_Client_SK,ProduktLaunch26_Programmatic,IO_ProduktLaunch26_Video,LI_Audio_Awareness,20261015,Mobile,Bratislavský kraj,15915,47,0.29%,27.06,,12648
Energy_Client_SK,ProduktLaunch26_Programmatic,IO_ProduktLaunch26_Video,LI_Audio_Awareness,20260917,Desktop,Ostatné SR,8442,36,0.42%,14.1,,6260
Energy_Client_SK,ProduktLaunch26_Programmatic,IO_ProduktLaunch26_Video,LI_Video_Retarget,20260902,Connected TV,Ostatné SR,9193,65,0.71%,38.55,,5626
Energy_Client_SK,ProduktLaunch26_Programmatic,IO_ProduktLaunch26_Display,LI_Display_Retarget,20260825,Connected TV,Ostatné SR,4728,31,0.65%,10.4,,3193
Energy_Client_SK,ProduktLaunch26_Programmatic,IO_ProduktLaunch26_Video,LI_Video_Prospecting,20260913,Tablet,Košický kraj,6934,61,0.88%,33.65,0.0,4951
Energy_Client_SK,ProduktLaunch26_Programmatic,IO_ProduktLaunch26_Display,LI_Native_Prospecting,20261027,Desktop,Ostatné SR,7414,37,0.49%,22.76,,5094
Energy_Client_SK,ProduktLaunch26_Programmatic,IO_ProduktLaunch26_Video,LI_Video_Prospecting,20261010,Tablet,Košický kraj,7008,34,0.48%,25.66,,3888
Energy_Client_SK,ProduktLaunch26_Programmatic,IO_ProduktLaunch26_Display,LI_Native_Prospecting,20260902,Connected TV,Ostatné SR,3918,26,0.67%,14.82,,2411
Energy_Client_SK,ProduktLaunch26_Programmatic,IO_ProduktLaunch26_Video,LI_Video_Retarget,20260911,Mobile,Bratislavský kraj,15737,167,1.06%,61.41,,10866
Energy_Client_SK,ProduktLaunch26_Programmatic,IO_ProduktLaunch26_Video,LI_Video_Prospecting,20260831,Tablet,Ostatné SR,7135,63,0.89%,34.2,,4236
Energy_Client_SK,ProduktLaunch26_Programmatic,IO_ProduktLaunch26_Display,LI_Display_Retarget,20260904,Desktop,Bratislavský kraj,12124,62,0.51%,37.94,,9342
Energy_Client_SK,ProduktLaunch26_Programmatic,IO_ProduktLaunch26_Display,LI_Display_Prospecting,20260923,Mobile,Bratislavský kraj,17866,85,0.48%,47.39,0.0,10105
Energy_Client_SK,ProduktLaunch26_Programmatic,IO_ProduktLaunch26_Display,LI_Native_Prospecting,20260819,Connected TV,Košický kraj,4078,29,0.71%,14.28,0.0,3227
Energy_Client_SK,ProduktLaunch26_Programmatic,IO_ProduktLaunch26_Video,LI_Video_Retarget,20261018,Tablet,Bratislavský kraj,5433,41,0.76%,20.42,0.0,3618
Energy_Client_SK,ProduktLaunch26_Programmatic,IO_ProduktLaunch26_Display,LI_Display_Prospecting,20260910,Tablet,Bratislavský kraj,6109,20,0.32%,11.16,,3823
Energy_Client_SK,ProduktLaunch26_Programmatic,IO_ProduktLaunch26_Video,LI_Video_Retarget,20261009,Connected TV,Bratislavský kraj,10528,113,1.08%,42.09,,7218
Energy_Client_SK,ProduktLaunch26_Programmatic,IO_ProduktLaunch26_Video,LI_Video_Prospecting,20260907,Connected TV,Ostatné SR,6349,33,0.52%,27.54,,3602
Energy_Client_SK,ProduktLaunch26_Programmatic,IO_ProduktLaunch26_Display,LI_Display_Retarget,20261005,Mobile,Ostatné SR,8770,50,0.57%,20.39,0.0,6923
Energy_Client_SK,ProduktLaunch26_Programmatic,IO_ProduktLaunch26_Video,LI_Video_Retarget,20260824,Mobile,Bratislavský kraj,13624,92,0.67%,65.01,,8493
Energy_Client_SK,ProduktLaunch26_Programmatic,IO_ProduktLaunch26_Video,LI_Video_Prospecting,20260922,Tablet,Ostatné SR,6910,43,0.62%,27.43,,4088
Energy_Client_SK,ProduktLaunch26_Programmatic,IO_ProduktLaunch26_Video,LI_Video_Prospecting,20261003,Connected TV,Košický kraj,9968,73,0.73%,31.65,,6824
Energy_Client_SK,ProduktLaunch26_Programmatic,IO_ProduktLaunch26_Display,LI_Native_Prospecting,20261005,Desktop,Bratislavský kraj,9419,67,0.71%,30.34,0.0,5714
Energy_Client_SK,ProduktLaunch26_Programmatic,IO_ProduktLaunch26_Video,LI_Audio_Awareness,20261025,Connected TV,Ostatné SR,7474,37,0.5%,13.45,,4734
Energy_Client_SK,ProduktLaunch26_Programmatic,IO_ProduktLaunch26_Video,LI_Video_Prospecting,20260918,Mobile,Košický kraj,9824,66,0.67%,45.81,0.0,6235
Energy_Client_SK,ProduktLaunch26_Programmatic,IO_ProduktLaunch26_Display,LI_Display_Prospecting,20260910,Mobile,Bratislavský kraj,16938,54,0.32%,39.78,0.0,13425
Energy_Client_SK,ProduktLaunch26_Programmatic,IO_ProduktLaunch26_Display,LI_Display_Prospecting,20260916,Mobile,Košický kraj,11169,62,0.55%,21.53,,8378
Energy_Client_SK,ProduktLaunch26_Programmatic,IO_ProduktLaunch26_Display,LI_Native_Prospecting,20261008,Tablet,Ostatné SR,3595,15,0.41%,10.19,0.0,2757
Energy_Client_SK,ProduktLaunch26_Programmatic,IO_ProduktLaunch26_Display,LI_Display_Retarget,20260905,Connected TV,Košický kraj,5810,21,0.37%,18.15,,3517
Energy_Client_SK,ProduktLaunch26_Programmatic,IO_ProduktLaunch26_Video,LI_Audio_Awareness,20261021,Tablet,Bratislavský kraj,8500,41,0.48%,12.82,,4785
Energy_Client_SK,ProduktLaunch26_Programmatic,IO_ProduktLaunch26_Video,LI_Video_Retarget,20261018,Connected TV,Bratislavský kraj,10099,109,1.08%,34.0,,8028
Energy_Client_SK,ProduktLaunch26_Programmatic,IO_ProduktLaunch26_Display,LI_Display_Retarget,20260827,Tablet,Košický kraj,4160,16,0.38%,11.81,0.0,2439
Energy_Client_SK,ProduktLaunch26_Programmatic,IO_ProduktLaunch26_Video,LI_Video_Prospecting,20260831,Tablet,Bratislavský kraj,6627,37,0.56%,23.14,0.0,3780
Energy_Client_SK,ProduktLaunch26_Programmatic,IO_ProduktLaunch26_Display,LI_Native_Prospecting,20261028,Mobile,Košický kraj,10444,50,0.48%,32.58,,7818
Energy_Client_SK,ProduktLaunch26_Programmatic,IO_ProduktLaunch26_Video,LI_Video_Retarget,20260925,Desktop,Ostatné SR,13840,123,0.89%,48.94,,9875
Energy_Client_SK,ProduktLaunch26_Programmatic,IO_ProduktLaunch26_Video,LI_Audio_Awareness,20260918,Connected TV,Košický kraj,4019,10,0.26%,6.22,0.0,2411
Energy_Client_SK,ProduktLaunch26_Programmatic,IO_ProduktLaunch26_Display,LI_Native_Prospecting,20260816,Desktop,Ostatné SR,5340,30,0.56%,12.26,,3738
Energy_Client_SK,ProduktLaunch26_Programmatic,IO_ProduktLaunch26_Video,LI_Video_Prospecting,20260821,Connected TV,Ostatné SR,6991,41,0.59%,29.11,,4721
Energy_Client_SK,ProduktLaunch26_Programmatic,IO_ProduktLaunch26_Display,LI_Display_Prospecting,20260929,Mobile,Ostatné SR,16145,51,0.32%,32.21,,12646
Energy_Client_SK,ProduktLaunch26_Programmatic,IO_ProduktLaunch26_Display,LI_Native_Prospecting,20261023,Tablet,Bratislavský kraj,5394,25,0.46%,18.01,,3574
Energy_Client_SK,ProduktLaunch26_Programmatic,IO_ProduktLaunch26_Display,LI_Display_Retarget,20261006,Desktop,Bratislavský kraj,12302,51,0.42%,31.23,0.0,8917
Energy_Client_SK,ProduktLaunch26_Programmatic,IO_ProduktLaunch26_Video,LI_Video_Retarget,20260830,Mobile,Ostatné SR,12703,99,0.78%,58.8,,7356
Energy_Client_SK,ProduktLaunch26_Programmatic,IO_ProduktLaunch26_Display,LI_Display_Retarget,20260829,Tablet,Bratislavský kraj,7927,50,0.63%,22.6,,5845
Energy_Client_SK,ProduktLaunch26_Programmatic,IO_ProduktLaunch26_Video,LI_Audio_Awareness,20260906,Tablet,Ostatné SR,5396,14,0.26%,10.6,0.0,4013
Energy_Client_SK,ProduktLaunch26_Programmatic,IO_ProduktLaunch26_Display,LI_Display_Prospecting,20260906,Tablet,Ostatné SR,3769,13,0.34%,10.3,,2359
Energy_Client_SK,ProduktLaunch26_Programmatic,IO_ProduktLaunch26_Video,LI_Video_Retarget,20261022,Tablet,Ostatné SR,4253,22,0.51%,13.95,,2889
Energy_Client_SK,ProduktLaunch26_Programmatic,IO_ProduktLaunch26_Display,LI_Display_Prospecting,20261006,Tablet,Košický kraj,3903,23,0.59%,12.23,,3081
Energy_Client_SK,ProduktLaunch26_Programmatic,IO_ProduktLaunch26_Video,LI_Audio_Awareness,20260830,Mobile,Bratislavský kraj,16025,42,0.26%,28.4,,12340
Energy_Client_SK,ProduktLaunch26_Programmatic,IO_ProduktLaunch26_Display,LI_Native_Prospecting,20261024,Desktop,Košický kraj,9023,61,0.68%,32.68,,5253
Energy_Client_SK,ProduktLaunch26_Programmatic,IO_ProduktLaunch26_Video,LI_Audio_Awareness,20261025,Mobile,Ostatné SR,7772,25,0.33%,15.81,0.0,4538
Energy_Client_SK,ProduktLaunch26_Programmatic,IO_ProduktLaunch26_Video,LI_Audio_Awareness,20261013,Connected TV,Ostatné SR,7895,31,0.4%,18.58,,5866
Energy_Client_SK,ProduktLaunch26_Programmatic,IO_ProduktLaunch26_Video,LI_Video_Prospecting,20260920,Mobile,Bratislavský kraj,20941,101,0.48%,76.46,0.0,15996
Energy_Client_SK,ProduktLaunch26_Programmatic,IO_ProduktLaunch26_Video,LI_Audio_Awareness,20260827,Desktop,Košický kraj,7448,30,0.4%,16.11,0.0,4325
Energy_Client_SK,ProduktLaunch26_Programmatic,IO_ProduktLaunch26_Display,LI_Display_Retarget,20260829,Tablet,Košický kraj,3274,18,0.56%,11.18,0.0,2008
Energy_Client_SK,ProduktLaunch26_Programmatic,IO_ProduktLaunch26_Video,LI_Audio_Awareness,20261024,Connected TV,Bratislavský kraj,9506,32,0.34%,19.46,0.0,6811
Energy_Client_SK,ProduktLaunch26_Programmatic,IO_ProduktLaunch26_Video,LI_Video_Retarget,20260905,Mobile,Ostatné SR,9243,96,1.04%,33.21,0.0,6384
Energy_Client_SK,ProduktLaunch26_Programmatic,IO_ProduktLaunch26_Video,LI_Audio_Awareness,20260821,Desktop,Bratislavský kraj,13073,56,0.43%,33.54,,8883
Energy_Client_SK,ProduktLaunch26_Programmatic,IO_ProduktLaunch26_Display,LI_Display_Retarget,20260822,Tablet,Ostatné SR,5070,25,0.5%,13.19,,3364
Energy_Client_SK,ProduktLaunch26_Programmatic,IO_ProduktLaunch26_Video,LI_Audio_Awareness,20261017,Tablet,Košický kraj,2192,11,0.48%,3.6,,1664
Energy_Client_SK,ProduktLaunch26_Programmatic,IO_ProduktLaunch26_Display,LI_Display_Retarget,20261019,Desktop,Ostatné SR,12303,45,0.37%,26.51,,9793
Energy_Client_SK,ProduktLaunch26_Programmatic,IO_ProduktLaunch26_Video,LI_Video_Retarget,20260828,Desktop,Ostatné SR,13090,130,1.0%,54.66,0.0,9629
Energy_Client_SK,ProduktLaunch26_Programmatic,IO_ProduktLaunch26_Video,LI_Video_Prospecting,20261028,Mobile,Bratislavský kraj,22207,174,0.78%,99.95,,12505
Energy_Client_SK,ProduktLaunch26_Programmatic,IO_ProduktLaunch26_Video,LI_Video_Retarget,20261022,Desktop,Bratislavský kraj,11591,92,0.79%,57.6,,7790
Energy_Client_SK,ProduktLaunch26_Programmatic,IO_ProduktLaunch26_Display,LI_Display_Prospecting,20260928,Connected TV,Ostatné SR,8220,27,0.33%,25.38,0.0,6129
Energy_Client_SK,ProduktLaunch26_Programmatic,IO_ProduktLaunch26_Video,LI_Video_Retarget,20261004,Connected TV,Košický kraj,8208,70,0.85%,35.26,,6101
Energy_Client_SK,ProduktLaunch26_Programmatic,IO_ProduktLaunch26_Display,LI_Display_Retarget,20261012,Desktop,Bratislavský kraj,8262,31,0.37%,18.63,,6218
Energy_Client_SK,ProduktLaunch26_Programmatic,IO_ProduktLaunch26_Display,LI_Native_Prospecting,20260926,Connected TV,Košický kraj,3937,25,0.63%,12.31,,3107
Energy_Client_SK,ProduktLaunch26_Programmatic,IO_ProduktLaunch26_Video,LI_Video_Prospecting,20261024,Connected TV,Košický kraj,8013,36,0.45%,36.83,0.0,5801
Energy_Client_SK,ProduktLaunch26_Programmatic,IO_ProduktLaunch26_Video,LI_Video_Prospecting,20261006,Desktop,Ostatné SR,13268,60,0.45%,52.07,,8710
Energy_Client_SK,ProduktLaunch26_Programmatic,IO_ProduktLaunch26_Video,LI_Video_Retarget,20261015,Tablet,Košický kraj,5974,65,1.09%,29.99,0.0,4486
Energy_Client_SK,ProduktLaunch26_Programmatic,IO_ProduktLaunch26_Display,LI_Display_Retarget,20260826,Connected TV,Košický kraj,4809,30,0.61%,11.43,0.0,3608
Energy_Client_SK,ProduktLaunch26_Programmatic,IO_ProduktLaunch26_Display,LI_Display_Prospecting,20260923,Tablet,Bratislavský kraj,9577,49,0.52%,18.99,0.0,7489
Energy_Client_SK,ProduktLaunch26_Programmatic,IO_ProduktLaunch26_Video,LI_Video_Prospecting,20260830,Connected TV,Bratislavský kraj,12100,54,0.44%,42.49,,7952
Energy_Client_SK,ProduktLaunch26_Programmatic,IO_ProduktLaunch26_Display,LI_Display_Retarget,20261017,Tablet,Ostatné SR,6921,43,0.62%,21.22,,4926
Energy_Client_SK,ProduktLaunch26_Programmatic,IO_ProduktLaunch26_Display,LI_Native_Prospecting,20260924,Tablet,Ostatné SR,2898,17,0.57%,10.52,,2001
Energy_Client_SK,ProduktLaunch26_Programmatic,IO_ProduktLaunch26_Display,LI_Display_Retarget,20260901,Desktop,Bratislavský kraj,13418,79,0.59%,38.39,0.0,9732
Energy_Client_SK,ProduktLaunch26_Programmatic,IO_ProduktLaunch26_Video,LI_Video_Retarget,20260914,Connected TV,Košický kraj,5932,41,0.69%,25.56,0.0,3560
Energy_Client_SK,ProduktLaunch26_Programmatic,IO_ProduktLaunch26_Video,LI_Video_Retarget,20260821,Desktop,Ostatné SR,9803,96,0.98%,47.76,,7479
Energy_Client_SK,ProduktLaunch26_Programmatic,IO_ProduktLaunch26_Display,LI_Display_Retarget,20261012,Tablet,Bratislavský kraj,9001,57,0.64%,26.11,,6703
Energy_Client_SK,ProduktLaunch26_Programmatic,IO_ProduktLaunch26_Display,LI_Display_Prospecting,20260903,Tablet,Ostatné SR,4229,21,0.5%,10.68,,2712
Energy_Client_SK,ProduktLaunch26_Programmatic,IO_ProduktLaunch26_Video,LI_Video_Prospecting,20261027,Tablet,Bratislavský kraj,8444,40,0.47%,29.38,,4956
Energy_Client_SK,ProduktLaunch26_Programmatic,IO_ProduktLaunch26_Display,LI_Display_Retarget,20261014,Tablet,Bratislavský kraj,8176,28,0.34%,21.05,,4819
Energy_Client_SK,ProduktLaunch26_Programmatic,IO_ProduktLaunch26_Video,LI_Video_Retarget,20261019,Connected TV,Košický kraj,7696,59,0.76%,27.52,,5824
Energy_Client_SK,ProduktLaunch26_Programmatic,IO_ProduktLaunch26_Video,LI_Video_Prospecting,20261023,Mobile,Ostatné SR,16524,138,0.83%,71.5,,12706
Energy_Client_SK,ProduktLaunch26_Programmatic,IO_ProduktLaunch26_Display,LI_Native_Prospecting,20261026,Connected TV,Ostatné SR,6908,45,0.65%,23.38,,4610
Energy_Client_SK,ProduktLaunch26_Programmatic,IO_ProduktLaunch26_Display,LI_Display_Prospecting,20260816,Tablet,Košický kraj,5819,15,0.26%,12.01,,3241
Energy_Client_SK,ProduktLaunch26_Programmatic,IO_ProduktLaunch26_Display,LI_Native_Prospecting,20261006,Tablet,Bratislavský kraj,5846,38,0.65%,16.51,,3335
Energy_Client_SK,ProduktLaunch26_Programmatic,IO_ProduktLaunch26_Display,LI_Native_Prospecting,20260901,Desktop,Košický kraj,8068,52,0.64%,19.91,0.0,5398
Energy_Client_SK,ProduktLaunch26_Programmatic,IO_ProduktLaunch26_Display,LI_Display_Prospecting,20260904,Mobile,Bratislavský kraj,15025,41,0.27%,39.06,,11022
Energy_Client_SK,ProduktLaunch26_Programmatic,IO_ProduktLaunch26_Video,LI_Video_Retarget,20261018,Connected TV,Ostatné SR,5904,39,0.66%,26.25,,3651
Energy_Client_SK,ProduktLaunch26_Programmatic,IO_ProduktLaunch26_Video,LI_Video_Retarget,20260826,Connected TV,Bratislavský kraj,9034,96,1.06%,37.84,,6675
Energy_Client_SK,ProduktLaunch26_Programmatic,IO_ProduktLaunch26_Display,LI_Native_Prospecting,20260913,Desktop,Košický kraj,7819,53,0.67%,20.93,0.0,4810
Energy_Client_SK,ProduktLaunch26_Programmatic,IO_ProduktLaunch26_Video,LI_Video_Retarget,20260924,Tablet,Košický kraj,4206,26,0.62%,13.72,0.0,2799
Energy_Client_SK,ProduktLaunch26_Programmatic,IO_ProduktLaunch26_Display,LI_Display_Retarget,20260912,Connected TV,Bratislavský kraj,11929,57,0.48%,27.86,,8784
Energy_Client_SK,ProduktLaunch26_Programmatic,IO_ProduktLaunch26_Display,LI_Display_Prospecting,20260827,Mobile,Ostatné SR,10330,46,0.45%,26.26,0.0,6481
Energy_Client_SK,ProduktLaunch26_Programmatic,IO_ProduktLaunch26_Video,LI_Video_Retarget,20261001,Connected TV,Bratislavský kraj,10251,93,0.91%,39.13,,5953
Energy_Client_SK,ProduktLaunch26_Programmatic,IO_ProduktLaunch26_Display,LI_Display_Prospecting,20260921,Mobile,Ostatné SR,13989,81,0.58%,30.89,,8571
Energy_Client_SK,ProduktLaunch26_Programmatic,IO_ProduktLaunch26_Video,LI_Video_Prospecting,20261003,Mobile,Košický kraj,13044,98,0.75%,41.36,,7747
Energy_Client_SK,ProduktLaunch26_Programmatic,IO_ProduktLaunch26_Video,LI_Audio_Awareness,20261010,Connected TV,Bratislavský kraj,10482,34,0.32%,25.94,0.0,7307
Energy_Client_SK,ProduktLaunch26_Programmatic,IO_ProduktLaunch26_Video,LI_Video_Retarget,20260918,Connected TV,Ostatné SR,8849,57,0.64%,40.17,,5119
Energy_Client_SK,ProduktLaunch26_Programmatic,IO_ProduktLaunch26_Video,LI_Video_Prospecting,20260927,Connected TV,Košický kraj,5422,48,0.88%,17.1,0.0,3677
Energy_Client_SK,ProduktLaunch26_Programmatic,IO_ProduktLaunch26_Display,LI_Display_Prospecting,20261022,Tablet,Bratislavský kraj,5722,25,0.44%,14.92,,4415
Energy_Client_SK,ProduktLaunch26_Programmatic,IO_ProduktLaunch26_Video,LI_Video_Prospecting,20260917,Tablet,Ostatné SR,5025,36,0.71%,18.35,,3207
Energy_Client_SK,ProduktLaunch26_Programmatic,IO_ProduktLaunch26_Display,LI_Display_Prospecting,20260907,Mobile,Bratislavský kraj,12310,63,0.51%,24.38,,7354
Energy_Client_SK,ProduktLaunch26_Programmatic,IO_ProduktLaunch26_Display,LI_Display_Retarget,20261005,Desktop,Košický kraj,6328,33,0.51%,19.53,0.0,4235
Energy_Client_SK,ProduktLaunch26_Programmatic,IO_ProduktLaunch26_Display,LI_Native_Prospecting,20260829,Connected TV,Bratislavský kraj,7406,44,0.59%,19.71,0.0,4838
Energy_Client_SK,ProduktLaunch26_Programmatic,IO_ProduktLaunch26_Display,LI_Native_Prospecting,20261015,Desktop,Košický kraj,6894,30,0.44%,17.46,0.0,5473
Energy_Client_SK,ProduktLaunch26_Programmatic,IO_ProduktLaunch26_Display,LI_Display_Retarget,20260827,Desktop,Košický kraj,9718,42,0.44%,30.9,0.0,5965
Energy_Client_SK,ProduktLaunch26_Programmatic,IO_ProduktLaunch26_Display,LI_Display_Prospecting,20260909,Mobile,Ostatné SR,16804,47,0.28%,41.09,,11144
Energy_Client_SK,ProduktLaunch26_Programmatic,IO_ProduktLaunch26_Display,LI_Display_Prospecting,20261019,Connected TV,Bratislavský kraj,13161,45,0.34%,34.29,,7869
Energy_Client_SK,ProduktLaunch26_Programmatic,IO_ProduktLaunch26_Video,LI_Video_Prospecting,20261009,Mobile,Košický kraj,14705,109,0.74%,68.48,,8172
Energy_Client_SK,ProduktLaunch26_Programmatic,IO_ProduktLaunch26_Display,LI_Display_Prospecting,20261014,Desktop,Bratislavský kraj,13787,73,0.53%,36.23,,9060
Energy_Client_SK,ProduktLaunch26_Programmatic,IO_ProduktLaunch26_Display,LI_Display_Prospecting,20260909,Desktop,Ostatné SR,6916,33,0.47%,20.6,,4858
Energy_Client_SK,ProduktLaunch26_Programmatic,IO_ProduktLaunch26_Video,LI_Video_Prospecting,20261012,Mobile,Bratislavský kraj,14032,105,0.75%,51.1,,10684
Energy_Client_SK,ProduktLaunch26_Programmatic,IO_ProduktLaunch26_Video,LI_Video_Prospecting,20260819,Tablet,Bratislavský kraj,8574,48,0.55%,35.11,0.0,6474
Energy_Client_SK,ProduktLaunch26_Programmatic,IO_ProduktLaunch26_Video,LI_Video_Retarget,20261028,Mobile,Bratislavský kraj,23683,139,0.59%,103.17,0.0,18044
Energy_Client_SK,ProduktLaunch26_Programmatic,IO_ProduktLaunch26_Video,LI_Audio_Awareness,20261024,Tablet,Bratislavský kraj,3841,12,0.3%,7.04,,2752
Energy_Client_SK,ProduktLaunch26_Programmatic,IO_ProduktLaunch26_Video,LI_Video_Retarget,20261018,Mobile,Ostatné SR,11616,73,0.63%,53.04,,8087
Energy_Client_SK,ProduktLaunch26_Programmatic,IO_ProduktLaunch26_Video,LI_Audio_Awareness,20261018,Desktop,Košický kraj,9732,36,0.37%,23.64,0.0,7036
Energy_Client_SK,ProduktLaunch26_Programmatic,IO_ProduktLaunch26_Video,LI_Video_Retarget,20260912,Mobile,Ostatné SR,15336,105,0.68%,71.8,0.0,11721
Energy_Client_SK,ProduktLaunch26_Programmatic,IO_ProduktLaunch26_Display,LI_Display_Prospecting,20260904,Mobile,Ostatné SR,13849,42,0.3%,32.56,,9626
Energy_Client_SK,ProduktLaunch26_Programmatic,IO_ProduktLaunch26_Display,LI_Display_Retarget,20261008,Tablet,Ostatné SR,3835,17,0.45%,11.45,,2196
Energy_Client_SK,ProduktLaunch26_Programmatic,IO_ProduktLaunch26_Video,LI_Video_Retarget,20261008,Mobile,Košický kraj,8861,86,0.97%,44.31,,6758
Energy_Client_SK,ProduktLaunch26_Programmatic,IO_ProduktLaunch26_Video,LI_Video_Retarget,20261009,Connected TV,Košický kraj,4784,41,0.85%,23.35,,2953
Energy_Client_SK,ProduktLaunch26_Programmatic,IO_ProduktLaunch26_Video,LI_Audio_Awareness,20261025,Desktop,Košický kraj,5667,20,0.36%,12.69,0.0,4509
Energy_Client_SK,ProduktLaunch26_Programmatic,IO_ProduktLaunch26_Display,LI_Display_Retarget,20260927,Desktop,Košický kraj,6310,25,0.39%,15.48,,4806
Energy_Client_SK,ProduktLaunch26_Programmatic,IO_ProduktLaunch26_Video,LI_Video_Retarget,20260830,Tablet,Bratislavský kraj,5724,52,0.9%,22.54,,3894
Energy_Client_SK,ProduktLaunch26_Programmatic,IO_ProduktLaunch26_Video,LI_Video_Prospecting,20260928,Desktop,Bratislavský kraj,14264,59,0.41%,58.69,,10366
Energy_Client_SK,ProduktLaunch26_Programmatic,IO_ProduktLaunch26_Video,LI_Video_Retarget,20261019,Connected TV,Bratislavský kraj,11426,119,1.04%,50.77,,8612
Energy_Client_SK,ProduktLaunch26_Programmatic,IO_ProduktLaunch26_Display,LI_Native_Prospecting,20260907,Mobile,Košický kraj,6776,44,0.65%,20.34,,4810
Energy_Client_SK,ProduktLaunch26_Programmatic,IO_ProduktLaunch26_Video,LI_Video_Prospecting,20260822,Mobile,Košický kraj,13202,69,0.52%,55.14,,8151
Energy_Client_SK,ProduktLaunch26_Programmatic,IO_ProduktLaunch26_Display,LI_Display_Prospecting,20260905,Desktop,Košický kraj,10641,61,0.57%,23.32,0.0,6250
Energy_Client_SK,ProduktLaunch26_Programmatic,IO_ProduktLaunch26_Display,LI_Display_Prospecting,20260819,Mobile,Košický kraj,11720,58,0.49%,27.97,0.0,8443
Energy_Client_SK,ProduktLaunch26_Programmatic,IO_ProduktLaunch26_Display,LI_Native_Prospecting,20260820,Mobile,Košický kraj,6090,48,0.78%,16.66,,4256
Energy_Client_SK,ProduktLaunch26_Programmatic,IO_ProduktLaunch26_Display,LI_Display_Prospecting,20261004,Mobile,Ostatné SR,16308,65,0.4%,47.79,,9205
Energy_Client_SK,ProduktLaunch26_Programmatic,IO_ProduktLaunch26_Video,LI_Video_Prospecting,20260905,Connected TV,Ostatné SR,7252,35,0.48%,23.29,,4161
Energy_Client_SK,ProduktLaunch26_Programmatic,IO_ProduktLaunch26_Display,LI_Display_Prospecting,20260904,Connected TV,Košický kraj,4839,17,0.35%,10.23,0.0,3125
Energy_Client_SK,ProduktLaunch26_Programmatic,IO_ProduktLaunch26_Display,LI_Native_Prospecting,20260907,Desktop,Košický kraj,6067,44,0.72%,20.16,,4279
Energy_Client_SK,ProduktLaunch26_Programmatic,IO_ProduktLaunch26_Display,LI_Display_Prospecting,20261026,Connected TV,Košický kraj,7095,27,0.38%,15.19,,4414
Energy_Client_SK,ProduktLaunch26_Programmatic,IO_ProduktLaunch26_Video,LI_Audio_Awareness,20261019,Desktop,Košický kraj,4612,22,0.47%,10.33,0.0,3047
Energy_Client_SK,ProduktLaunch26_Programmatic,IO_ProduktLaunch26_Display,LI_Display_Retarget,20260824,Mobile,Ostatné SR,12994,43,0.33%,32.6,0.0,8652
Energy_Client_SK,ProduktLaunch26_Programmatic,IO_ProduktLaunch26_Display,LI_Native_Prospecting,20261002,Desktop,Ostatné SR,5769,27,0.48%,19.17,0.0,4099
Energy_Client_SK,ProduktLaunch26_Programmatic,IO_ProduktLaunch26_Video,LI_Video_Prospecting,20261019,Connected TV,Košický kraj,6369,27,0.43%,24.7,0.0,3836
Energy_Client_SK,ProduktLaunch26_Programmatic,IO_ProduktLaunch26_Video,LI_Audio_Awareness,20261024,Connected TV,Ostatné SR,6358,22,0.35%,10.98,,4468
Energy_Client_SK,ProduktLaunch26_Programmatic,IO_ProduktLaunch26_Display,LI_Display_Prospecting,20261024,Mobile,Bratislavský kraj,22209,115,0.52%,47.38,,13255
Energy_Client_SK,ProduktLaunch26_Programmatic,IO_ProduktLaunch26_Video,LI_Video_Retarget,20261005,Desktop,Bratislavský kraj,21135,122,0.58%,103.23,0.0,12202
Energy_Client_SK,ProduktLaunch26_Programmatic,IO_ProduktLaunch26_Video,LI_Video_Retarget,20260908,Tablet,Košický kraj,4449,47,1.05%,20.91,0.0,2623
Energy_Client_SK,ProduktLaunch26_Programmatic,IO_ProduktLaunch26_Display,LI_Native_Prospecting,20260826,Connected TV,Ostatné SR,3820,21,0.55%,9.94,0.0,2302
Energy_Client_SK,ProduktLaunch26_Programmatic,IO_ProduktLaunch26_Display,LI_Display_Prospecting,20261027,Desktop,Košický kraj,9915,29,0.29%,25.22,,7455
Energy_Client_SK,ProduktLaunch26_Programmatic,IO_ProduktLaunch26_Display,LI_Display_Retarget,20260920,Desktop,Ostatné SR,8745,40,0.45%,22.64,,5437
Energy_Client_SK,ProduktLaunch26_Programmatic,IO_ProduktLaunch26_Video,LI_Video_Retarget,20260909,Connected TV,Ostatné SR,7508,61,0.82%,26.62,,5831
Energy_Client_SK,ProduktLaunch26_Programmatic,IO_ProduktLaunch26_Video,LI_Video_Prospecting,20260824,Connected TV,Košický kraj,4790,25,0.51%,22.19,,2796
Energy_Client_SK,ProduktLaunch26_Programmatic,IO_ProduktLaunch26_Video,LI_Audio_Awareness,20260829,Tablet,Ostatné SR,3377,14,0.41%,7.39,,1913
Energy_Client_SK,ProduktLaunch26_Programmatic,IO_ProduktLaunch26_Video,LI_Video_Prospecting,20260913,Desktop,Ostatné SR,13929,92,0.66%,59.34,0.0,10760
Energy_Client_SK,ProduktLaunch26_Programmatic,IO_ProduktLaunch26_Video,LI_Video_Prospecting,20260822,Connected TV,Ostatné SR,9792,53,0.55%,33.05,0.0,7618
Energy_Client_SK,ProduktLaunch26_Programmatic,IO_ProduktLaunch26_Display,LI_Native_Prospecting,20260829,Mobile,Bratislavský kraj,8994,43,0.47%,32.69,,5821
Energy_Client_SK,ProduktLaunch26_Programmatic,IO_ProduktLaunch26_Display,LI_Display_Prospecting,20260924,Desktop,Ostatné SR,14275,60,0.42%,30.49,,10889
Energy_Client_SK,ProduktLaunch26_Programmatic,IO_ProduktLaunch26_Display,LI_Native_Prospecting,20261014,Desktop,Ostatné SR,9065,70,0.77%,25.74,,5892
Energy_Client_SK,ProduktLaunch26_Programmatic,IO_ProduktLaunch26_Display,LI_Native_Prospecting,20260827,Tablet,Bratislavský kraj,5282,25,0.47%,13.75,,3697
Energy_Client_SK,ProduktLaunch26_Programmatic,IO_ProduktLaunch26_Video,LI_Video_Retarget,20260928,Mobile,Ostatné SR,17058,183,1.08%,82.01,0.0,11472
Energy_Client_SK,ProduktLaunch26_Programmatic,IO_ProduktLaunch26_Display,LI_Display_Retarget,20260903,Tablet,Ostatné SR,4856,17,0.35%,11.24,0.0,3084
Energy_Client_SK,ProduktLaunch26_Programmatic,IO_ProduktLaunch26_Video,LI_Video_Prospecting,20261011,Tablet,Košický kraj,3538,22,0.64%,15.33,,2654
Energy_Client_SK,ProduktLaunch26_Programmatic,IO_ProduktLaunch26_Video,LI_Video_Retarget,20260828,Tablet,Bratislavský kraj,10416,73,0.7%,42.66,,7777
Energy_Client_SK,ProduktLaunch26_Programmatic,IO_ProduktLaunch26_Display,LI_Display_Retarget,20260908,Desktop,Bratislavský kraj,12155,44,0.36%,34.29,,9460
Energy_Client_SK,ProduktLaunch26_Programmatic,IO_ProduktLaunch26_Video,LI_Video_Prospecting,20260912,Tablet,Bratislavský kraj,11040,54,0.49%,37.87,,7020
Energy_Client_SK,ProduktLaunch26_Programmatic,IO_ProduktLaunch26_Display,LI_Display_Retarget,20261026,Desktop,Ostatné SR,9919,39,0.39%,25.9,,7406
Energy_Client_SK,ProduktLaunch26_Programmatic,IO_ProduktLaunch26_Video,LI_Video_Retarget,20261005,Mobile,Ostatné SR,12266,132,1.07%,56.26,,8777
Energy_Client_SK,ProduktLaunch26_Programmatic,IO_ProduktLaunch26_Display,LI_Native_Prospecting,20260923,Desktop,Košický kraj,6718,50,0.75%,16.3,0.0,4230
Energy_Client_SK,ProduktLaunch26_Programmatic,IO_ProduktLaunch26_Video,LI_Video_Prospecting,20260829,Mobile,Košický kraj,13671,60,0.44%,59.44,,10781
Energy_Client_SK,ProduktLaunch26_Programmatic,IO_ProduktLaunch26_Video,LI_Video_Retarget,20260817,Connected TV,Košický kraj,7845,51,0.65%,31.67,,6203
Energy_Client_SK,ProduktLaunch26_Programmatic,IO_ProduktLaunch26_Video,LI_Audio_Awareness,20261028,Tablet,Bratislavský kraj,3836,11,0.28%,7.46,,2899
Energy_Client_SK,ProduktLaunch26_Programmatic,IO_ProduktLaunch26_Video,LI_Video_Prospecting,20260818,Tablet,Bratislavský kraj,8453,47,0.55%,27.2,0.0,6190
Energy_Client_SK,ProduktLaunch26_Programmatic,IO_ProduktLaunch26_Display,LI_Display_Retarget,20260918,Connected TV,Košický kraj,7034,41,0.58%,19.91,,4704
Energy_Client_SK,ProduktLaunch26_Programmatic,IO_ProduktLaunch26_Video,LI_Video_Prospecting,20261020,Mobile,Ostatné SR,19057,146,0.77%,70.92,,13481
Energy_Client_SK,ProduktLaunch26_Programmatic,IO_ProduktLaunch26_Video,LI_Audio_Awareness,20261004,Connected TV,Ostatné SR,7040,33,0.47%,14.93,0.0,4963
Energy_Client_SK,ProduktLaunch26_Programmatic,IO_ProduktLaunch26_Display,LI_Native_Prospecting,20260919,Connected TV,Ostatné SR,6724,29,0.44%,24.62,,3867
Energy_Client_SK,ProduktLaunch26_Programmatic,IO_ProduktLaunch26_Video,LI_Video_Retarget,20260823,Connected TV,Bratislavský kraj,12906,70,0.55%,47.41,,8793
Energy_Client_SK,ProduktLaunch26_Programmatic,IO_ProduktLaunch26_Video,LI_Video_Prospecting,20260822,Connected TV,Košický kraj,10011,72,0.71%,42.14,0.0,7638
Energy_Client_SK,ProduktLaunch26_Programmatic,IO_ProduktLaunch26_Video,LI_Audio_Awareness,20260831,Desktop,Bratislavský kraj,15667,66,0.42%,40.62,0.0,11258
Energy_Client_SK,ProduktLaunch26_Programmatic,IO_ProduktLaunch26_Display,LI_Native_Prospecting,20260819,Desktop,Ostatné SR,5339,23,0.43%,18.6,0.0,3761
Energy_Client_SK,ProduktLaunch26_Programmatic,IO_ProduktLaunch26_Video,LI_Audio_Awareness,20261002,Mobile,Bratislavský kraj,12614,51,0.41%,25.42,,8710
Energy_Client_SK,ProduktLaunch26_Programmatic,IO_ProduktLaunch26_Display,LI_Display_Retarget,20260921,Desktop,Bratislavský kraj,15884,56,0.35%,51.09,0.0,10715
Energy_Client_SK,ProduktLaunch26_Programmatic,IO_ProduktLaunch26_Display,LI_Display_Retarget,20260822,Tablet,Košický kraj,4877,15,0.31%,14.23,,3471
Energy_Client_SK,ProduktLaunch26_Programmatic,IO_ProduktLaunch26_Display,LI_Display_Prospecting,20260823,Tablet,Bratislavský kraj,5794,21,0.36%,14.15,,3628
Energy_Client_SK,ProduktLaunch26_Programmatic,IO_ProduktLaunch26_Display,LI_Native_Prospecting,20260911,Desktop,Ostatné SR,5273,33,0.62%,12.0,0.0,2906
Energy_Client_SK,ProduktLaunch26_Programmatic,IO_ProduktLaunch26_Video,LI_Video_Prospecting,20260817,Mobile,Košický kraj,16358,94,0.58%,68.57,,11481
Energy_Client_SK,ProduktLaunch26_Programmatic,IO_ProduktLaunch26_Video,LI_Video_Prospecting,20260906,Desktop,Košický kraj,10661,63,0.59%,36.18,,7974
Energy_Client_SK,ProduktLaunch26_Programmatic,IO_ProduktLaunch26_Display,LI_Display_Prospecting,20260907,Tablet,Bratislavský kraj,6210,33,0.53%,18.04,,4051
Energy_Client_SK,ProduktLaunch26_Programmatic,IO_ProduktLaunch26_Video,LI_Audio_Awareness,20260821,Connected TV,Ostatné SR,5486,12,0.23%,13.4,0.0,3774
Energy_Client_SK,ProduktLaunch26_Programmatic,IO_ProduktLaunch26_Display,LI_Display_Retarget,20261009,Desktop,Bratislavský kraj,9572,36,0.38%,26.79,,7165
Energy_Client_SK,ProduktLaunch26_Programmatic,IO_ProduktLaunch26_Display,LI_Display_Prospecting,20261025,Connected TV,Košický kraj,7305,33,0.45%,17.03,0.0,4881
Energy_Client_SK,ProduktLaunch26_Programmatic,IO_ProduktLaunch26_Display,LI_Display_Prospecting,20260911,Desktop,Ostatné SR,8166,35,0.42%,23.03,,5661
Energy_Client_SK,ProduktLaunch26_Programmatic,IO_ProduktLaunch26_Display,LI_Native_Prospecting,20260901,Desktop,Bratislavský kraj,8749,50,0.57%,22.37,,5923
Energy_Client_SK,ProduktLaunch26_Programmatic,IO_ProduktLaunch26_Video,LI_Audio_Awareness,20260911,Connected TV,Ostatné SR,8039,39,0.49%,13.46,,5954
Energy_Client_SK,ProduktLaunch26_Programmatic,IO_ProduktLaunch26_Video,LI_Audio_Awareness,20261009,Mobile,Košický kraj,11915,37,0.31%,20.05,,8444
Energy_Client_SK,ProduktLaunch26_Programmatic,IO_ProduktLaunch26_Video,LI_Video_Prospecting,20261026,Mobile,Bratislavský kraj,25548,219,0.86%,107.57,0.0,16796
Energy_Client_SK,ProduktLaunch26_Programmatic,IO_ProduktLaunch26_Video,LI_Video_Retarget,20261028,Tablet,Ostatné SR,6033,60,0.99%,30.6,,4758
Energy_Client_SK,ProduktLaunch26_Programmatic,IO_ProduktLaunch26_Display,LI_Display_Prospecting,20261011,Desktop,Ostatné SR,14798,58,0.39%,40.25,0.0,8239
Energy_Client_SK,ProduktLaunch26_Programmatic,IO_ProduktLaunch26_Display,LI_Display_Prospecting,20261006,Tablet,Ostatné SR,4647,20,0.44%,8.77,,3637
Energy_Client_SK,ProduktLaunch26_Programmatic,IO_ProduktLaunch26_Display,LI_Display_Retarget,20260916,Connected TV,Bratislavský kraj,6644,29,0.44%,17.01,0.0,4759
Energy_Client_SK,ProduktLaunch26_Programmatic,IO_ProduktLaunch26_Display,LI_Display_Retarget,20260905,Tablet,Bratislavský kraj,9117,45,0.49%,24.15,0.0,5457
Energy_Client_SK,ProduktLaunch26_Programmatic,IO_ProduktLaunch26_Display,LI_Display_Retarget,20260926,Desktop,Bratislavský kraj,12452,81,0.65%,38.98,,8374
Energy_Client_SK,ProduktLaunch26_Programmatic,IO_ProduktLaunch26_Display,LI_Display_Retarget,20261014,Desktop,Bratislavský kraj,11629,75,0.65%,33.06,,7448
Energy_Client_SK,ProduktLaunch26_Programmatic,IO_ProduktLaunch26_Display,LI_Display_Retarget,20261016,Desktop,Ostatné SR,8050,26,0.32%,22.49,,5300
Energy_Client_SK,ProduktLaunch26_Programmatic,IO_ProduktLaunch26_Display,LI_Display_Retarget,20260824,Tablet,Košický kraj,3650,20,0.56%,9.23,,2264
Energy_Client_SK,ProduktLaunch26_Programmatic,IO_ProduktLaunch26_Video,LI_Audio_Awareness,20261003,Desktop,Košický kraj,4696,21,0.44%,8.15,,3084
Energy_Client_SK,ProduktLaunch26_Programmatic,IO_ProduktLaunch26_Display,LI_Display_Retarget,20260927,Connected TV,Ostatné SR,5237,28,0.53%,12.22,,3975
Energy_Client_SK,ProduktLaunch26_Programmatic,IO_ProduktLaunch26_Display,LI_Native_Prospecting,20260817,Tablet,Ostatné SR,4574,30,0.65%,12.08,0.0,2815
Energy_Client_SK,ProduktLaunch26_Programmatic,IO_ProduktLaunch26_Display,LI_Native_Prospecting,20260817,Desktop,Bratislavský kraj,12963,62,0.48%,41.71,,9515
Energy_Client_SK,ProduktLaunch26_Programmatic,IO_ProduktLaunch26_Display,LI_Display_Prospecting,20261018,Tablet,Ostatné SR,7390,32,0.43%,17.11,0.0,4682
Energy_Client_SK,ProduktLaunch26_Programmatic,IO_ProduktLaunch26_Video,LI_Video_Prospecting,20260825,Mobile,Bratislavský kraj,18066,158,0.87%,85.74,,12273
Energy_Client_SK,ProduktLaunch26_Programmatic,IO_ProduktLaunch26_Video,LI_Video_Retarget,20261022,Tablet,Bratislavský kraj,6089,48,0.79%,24.27,,4781
Energy_Client_SK,ProduktLaunch26_Programmatic,IO_ProduktLaunch26_Video,LI_Audio_Awareness,20260901,Desktop,Ostatné SR,9158,30,0.33%,22.1,0.0,7051
Energy_Client_SK,ProduktLaunch26_Programmatic,IO_ProduktLaunch26_Video,LI_Audio_Awareness,20261016,Desktop,Košický kraj,4814,17,0.35%,10.12,0.0,3766
Energy_Client_SK,ProduktLaunch26_Programmatic,IO_ProduktLaunch26_Video,LI_Video_Retarget,20260827,Mobile,Košický kraj,12020,72,0.6%,40.94,0.0,6803
Energy_Client_SK,ProduktLaunch26_Programmatic,IO_ProduktLaunch26_Video,LI_Video_Retarget,20261027,Mobile,Košický kraj,13705,129,0.94%,49.31,,10958
Energy_Client_SK,ProduktLaunch26_Programmatic,IO_ProduktLaunch26_Display,LI_Display_Prospecting,20261026,Desktop,Košický kraj,5424,16,0.29%,14.72,0.0,3150
Energy_Client_SK,ProduktLaunch26_Programmatic,IO_ProduktLaunch26_Video,LI_Audio_Awareness,20261003,Connected TV,Ostatné SR,3752,17,0.46%,9.27,,2463
Energy_Client_SK,ProduktLaunch26_Programmatic,IO_ProduktLaunch26_Video,LI_Video_Prospecting,20261022,Connected TV,Košický kraj,6308,51,0.81%,30.75,,4153
Energy_Client_SK,ProduktLaunch26_Programmatic,IO_ProduktLaunch26_Display,LI_Display_Prospecting,20261021,Mobile,Bratislavský kraj,10739,56,0.52%,22.64,,6355
Energy_Client_SK,ProduktLaunch26_Programmatic,IO_ProduktLaunch26_Video,LI_Audio_Awareness,20261013,Mobile,Košický kraj,6987,35,0.5%,11.37,,3881
Energy_Client_SK,ProduktLaunch26_Programmatic,IO_ProduktLaunch26_Video,LI_Video_Retarget,20260909,Connected TV,Bratislavský kraj,7392,70,0.95%,31.38,,4266
Energy_Client_SK,ProduktLaunch26_Programmatic,IO_ProduktLaunch26_Video,LI_Video_Retarget,20260929,Tablet,Ostatné SR,3871,37,0.94%,12.86,,2987
Energy_Client_SK,ProduktLaunch26_Programmatic,IO_ProduktLaunch26_Display,LI_Native_Prospecting,20260928,Desktop,Ostatné SR,10334,82,0.8%,39.03,,7725
Energy_Client_SK,ProduktLaunch26_Programmatic,IO_ProduktLaunch26_Display,LI_Display_Prospecting,20260908,Desktop,Ostatné SR,9979,50,0.5%,27.4,,6012
Energy_Client_SK,ProduktLaunch26_Programmatic,IO_ProduktLaunch26_Video,LI_Video_Retarget,20261024,Tablet,Košický kraj,3834,27,0.71%,19.76,0.0,3005
Energy_Client_SK,ProduktLaunch26_Programmatic,IO_ProduktLaunch26_Video,LI_Audio_Awareness,20260915,Tablet,Bratislavský kraj,4822,12,0.25%,9.19,,3022
Energy_Client_SK,ProduktLaunch26_Programmatic,IO_ProduktLaunch26_Video,LI_Video_Prospecting,20261020,Desktop,Bratislavský kraj,21911,158,0.72%,86.83,0.0,15245
Energy_Client_SK,ProduktLaunch26_Programmatic,IO_ProduktLaunch26_Video,LI_Video_Prospecting,20261019,Mobile,Ostatné SR,10530,48,0.45%,37.77,,7008
Energy_Client_SK,ProduktLaunch26_Programmatic,IO_ProduktLaunch26_Display,LI_Native_Prospecting,20260921,Connected TV,Košický kraj,6371,48,0.75%,24.13,0.0,4823
Energy_Client_SK,ProduktLaunch26_Programmatic,IO_ProduktLaunch26_Video,LI_Audio_Awareness,20260915,Tablet,Ostatné SR,2865,13,0.45%,5.22,,1645
Energy_Client_SK,ProduktLaunch26_Programmatic,IO_ProduktLaunch26_Display,LI_Display_Retarget,20260921,Connected TV,Košický kraj,4255,21,0.49%,13.85,,3202
Energy_Client_SK,ProduktLaunch26_Programmatic,IO_ProduktLaunch26_Display,LI_Display_Retarget,20260821,Mobile,Košický kraj,8765,58,0.66%,19.01,,6830
Energy_Client_SK,ProduktLaunch26_Programmatic,IO_ProduktLaunch26_Video,LI_Video_Retarget,20261020,Mobile,Ostatné SR,14634,97,0.66%,61.11,,9024
Energy_Client_SK,ProduktLaunch26_Programmatic,IO_ProduktLaunch26_Video,LI_Video_Prospecting,20260907,Desktop,Košický kraj,12659,99,0.78%,55.41,,8943
Energy_Client_SK,ProduktLaunch26_Programmatic,IO_ProduktLaunch26_Video,LI_Audio_Awareness,20260917,Tablet,Ostatné SR,3364,8,0.23%,5.6,,2136
Energy_Client_SK,ProduktLaunch26_Programmatic,IO_ProduktLaunch26_Display,LI_Display_Prospecting,20260907,Tablet,Ostatné SR,5386,23,0.43%,14.57,,3511
Energy_Client_SK,ProduktLaunch26_Programmatic,IO_ProduktLaunch26_Display,LI_Display_Retarget,20261009,Tablet,Košický kraj,3726,21,0.56%,12.14,0.0,2919
Energy_Client_SK,ProduktLaunch26_Programmatic,IO_ProduktLaunch26_Video,LI_Video_Prospecting,20261025,Tablet,Ostatné SR,7171,37,0.51%,27.65,0.0,4673
Energy_Client_SK,ProduktLaunch26_Programmatic,IO_ProduktLaunch26_Video,LI_Video_Prospecting,20261010,Mobile,Košický kraj,12860,68,0.53%,58.54,,8757
Energy_Client_SK,ProduktLaunch26_Programmatic,IO_ProduktLaunch26_Display,LI_Native_Prospecting,20260917,Mobile,Bratislavský kraj,12476,84,0.67%,40.91,0.0,6936
Energy_Client_SK,ProduktLaunch26_Programmatic,IO_ProduktLaunch26_Video,LI_Audio_Awareness,20260926,Tablet,Ostatné SR,4515,15,0.34%,8.02,,2489
Energy_Client_SK,ProduktLaunch26_Programmatic,IO_ProduktLaunch26_Video,LI_Video_Retarget,20261005,Tablet,Bratislavský kraj,6526,56,0.86%,28.4,,5219
Energy_Client_SK,ProduktLaunch26_Programmatic,IO_ProduktLaunch26_Video,LI_Video_Retarget,20260908,Mobile,Bratislavský kraj,20968,230,1.1%,89.59,,11688
Energy_Client_SK,ProduktLaunch26_Programmatic,IO_ProduktLaunch26_Display,LI_Display_Retarget,20260823,Connected TV,Bratislavský kraj,7638,45,0.59%,22.8,,4638
Energy_Client_SK,ProduktLaunch26_Programmatic,IO_ProduktLaunch26_Display,LI_Native_Prospecting,20261011,Connected TV,Ostatné SR,6382,51,0.79%,19.56,0.0,4361
Energy_Client_SK,ProduktLaunch26_Programmatic,IO_ProduktLaunch26_Display,LI_Display_Retarget,20260911,Connected TV,Košický kraj,5013,30,0.6%,13.55,,3575
Energy_Client_SK,ProduktLaunch26_Programmatic,IO_ProduktLaunch26_Video,LI_Audio_Awareness,20261017,Tablet,Bratislavský kraj,6002,26,0.44%,13.96,0.0,4268
Energy_Client_SK,ProduktLaunch26_Programmatic,IO_ProduktLaunch26_Video,LI_Video_Prospecting,20261027,Mobile,Bratislavský kraj,16497,115,0.7%,63.77,0.0,9713
Energy_Client_SK,ProduktLaunch26_Programmatic,IO_ProduktLaunch26_Display,LI_Native_Prospecting,20260917,Mobile,Ostatné SR,7328,43,0.59%,25.21,,5494
Energy_Client_SK,ProduktLaunch26_Programmatic,IO_ProduktLaunch26_Display,LI_Native_Prospecting,20260826,Desktop,Bratislavský kraj,10000,68,0.68%,34.01,,6014
Energy_Client_SK,ProduktLaunch26_Programmatic,IO_ProduktLaunch26_Video,LI_Video_Prospecting,20260907,Mobile,Košický kraj,10715,46,0.43%,34.18,0.0,8023
Energy_Client_SK,ProduktLaunch26_Programmatic,IO_ProduktLaunch26_Video,LI_Video_Prospecting,20261015,Desktop,Ostatné SR,16034,106,0.66%,68.52,,10990
Energy_Client_SK,ProduktLaunch26_Programmatic,IO_ProduktLaunch26_Video,LI_Audio_Awareness,20260818,Desktop,Košický kraj,9032,44,0.49%,18.32,,6098
Energy_Client_SK,ProduktLaunch26_Programmatic,IO_ProduktLaunch26_Video,LI_Video_Prospecting,20260827,Connected TV,Ostatné SR,9855,66,0.67%,34.68,0.0,7415
Energy_Client_SK,ProduktLaunch26_Programmatic,IO_ProduktLaunch26_Display,LI_Native_Prospecting,20260822,Connected TV,Košický kraj,3578,25,0.7%,13.44,0.0,2493
Energy_Client_SK,ProduktLaunch26_Programmatic,IO_ProduktLaunch26_Display,LI_Native_Prospecting,20260825,Mobile,Košický kraj,9229,64,0.69%,26.54,0.0,6904
Energy_Client_SK,ProduktLaunch26_Programmatic,IO_ProduktLaunch26_Video,LI_Video_Prospecting,20261021,Tablet,Bratislavský kraj,10583,48,0.46%,34.54,,6893
Energy_Client_SK,ProduktLaunch26_Programmatic,IO_ProduktLaunch26_Display,LI_Display_Prospecting,20260914,Mobile,Ostatné SR,12356,50,0.4%,25.09,,8719
Energy_Client_SK,ProduktLaunch26_Programmatic,IO_ProduktLaunch26_Display,LI_Display_Retarget,20260910,Connected TV,Bratislavský kraj,5612,18,0.32%,18.05,0.0,3917
Energy_Client_SK,ProduktLaunch26_Programmatic,IO_ProduktLaunch26_Display,LI_Display_Prospecting,20260912,Mobile,Bratislavský kraj,19792,62,0.31%,53.81,,13875
Energy_Client_SK,ProduktLaunch26_Programmatic,IO_ProduktLaunch26_Display,LI_Display_Retarget,20261008,Desktop,Košický kraj,5312,31,0.58%,13.82,0.0,4125
Energy_Client_SK,ProduktLaunch26_Programmatic,IO_ProduktLaunch26_Display,LI_Display_Prospecting,20260815,Mobile,Bratislavský kraj,16340,69,0.42%,39.53,,11846
Energy_Client_SK,ProduktLaunch26_Programmatic,IO_ProduktLaunch26_Display,LI_Display_Prospecting,20261025,Mobile,Bratislavský kraj,15382,68,0.44%,29.77,0.0,9875
Energy_Client_SK,ProduktLaunch26_Programmatic,IO_ProduktLaunch26_Display,LI_Display_Prospecting,20261027,Connected TV,Bratislavský kraj,8536,44,0.52%,21.8,0.0,4769
Energy_Client_SK,ProduktLaunch26_Programmatic,IO_ProduktLaunch26_Display,LI_Display_Prospecting,20260816,Mobile,Ostatné SR,17112,62,0.36%,46.64,,12550
Energy_Client_SK,ProduktLaunch26_Programmatic,IO_ProduktLaunch26_Display,LI_Display_Retarget,20261011,Tablet,Bratislavský kraj,6916,29,0.41%,21.75,0.0,4429
Energy_Client_SK,ProduktLaunch26_Programmatic,IO_ProduktLaunch26_Video,LI_Video_Retarget,20260917,Desktop,Bratislavský kraj,20186,119,0.59%,83.12,,14088
Energy_Client_SK,ProduktLaunch26_Programmatic,IO_ProduktLaunch26_Display,LI_Display_Prospecting,20260906,Tablet,Košický kraj,4074,17,0.41%,9.26,0.0,2703
Energy_Client_SK,ProduktLaunch26_Programmatic,IO_ProduktLaunch26_Display,LI_Native_Prospecting,20260901,Mobile,Košický kraj,10401,63,0.6%,36.98,,6415
Energy_Client_SK,ProduktLaunch26_Programmatic,IO_ProduktLaunch26_Video,LI_Video_Retarget,20261001,Connected TV,Košický kraj,4506,23,0.51%,22.56,0.0,2931
Energy_Client_SK,ProduktLaunch26_Programmatic,IO_ProduktLaunch26_Video,LI_Audio_Awareness,20260922,Connected TV,Bratislavský kraj,4818,11,0.22%,8.6,,3438
Energy_Client_SK,ProduktLaunch26_Programmatic,IO_ProduktLaunch26_Display,LI_Native_Prospecting,20261019,Mobile,Bratislavský kraj,18750,137,0.73%,57.18,0.0,10958
Energy_Client_SK,ProduktLaunch26_Programmatic,IO_ProduktLaunch26_Video,LI_Video_Retarget,20260910,Desktop,Ostatné SR,9926,62,0.62%,49.91,,7114
Energy_Client_SK,ProduktLaunch26_Programmatic,IO_ProduktLaunch26_Video,LI_Video_Prospecting,20260919,Connected TV,Košický kraj,6657,43,0.64%,23.95,,5108
Energy_Client_SK,ProduktLaunch26_Programmatic,IO_ProduktLaunch26_Video,LI_Video_Prospecting,20260918,Desktop,Bratislavský kraj,14210,87,0.61%,53.38,,9234
Energy_Client_SK,ProduktLaunch26_Programmatic,IO_ProduktLaunch26_Video,LI_Audio_Awareness,20260824,Connected TV,Košický kraj,3587,13,0.37%,5.89,,2525
Energy_Client_SK,ProduktLaunch26_Programmatic,IO_ProduktLaunch26_Video,LI_Video_Retarget,20261002,Tablet,Ostatné SR,3939,37,0.93%,15.75,0.0,2849
Energy_Client_SK,ProduktLaunch26_Programmatic,IO_ProduktLaunch26_Video,LI_Video_Retarget,20260826,Connected TV,Ostatné SR,8774,49,0.56%,36.57,,6003
Energy_Client_SK,ProduktLaunch26_Programmatic,IO_ProduktLaunch26_Display,LI_Display_Retarget,20260923,Connected TV,Ostatné SR,8252,49,0.6%,17.06,,5991
Energy_Client_SK,ProduktLaunch26_Programmatic,IO_ProduktLaunch26_Video,LI_Video_Retarget,20260820,Desktop,Ostatné SR,13152,77,0.59%,67.3,0.0,8828
Energy_Client_SK,ProduktLaunch26_Programmatic,IO_ProduktLaunch26_Display,LI_Display_Retarget,20261028,Tablet,Bratislavský kraj,5482,24,0.44%,11.07,0.0,4039
Energy_Client_SK,ProduktLaunch26_Programmatic,IO_ProduktLaunch26_Video,LI_Audio_Awareness,20260921,Desktop,Košický kraj,4951,15,0.3%,9.07,,3582
Energy_Client_SK,ProduktLaunch26_Programmatic,IO_ProduktLaunch26_Display,LI_Display_Prospecting,20260822,Desktop,Ostatné SR,7315,43,0.59%,20.37,0.0,4055
Energy_Client_SK,ProduktLaunch26_Programmatic,IO_ProduktLaunch26_Display,LI_Native_Prospecting,20260928,Tablet,Košický kraj,4653,37,0.79%,13.96,,2710
Energy_Client_SK,ProduktLaunch26_Programmatic,IO_ProduktLaunch26_Display,LI_Display_Retarget,20260905,Desktop,Ostatné SR,6201,35,0.56%,14.04,0.0,4592
Energy_Client_SK,ProduktLaunch26_Programmatic,IO_ProduktLaunch26_Display,LI_Display_Prospecting,20260830,Connected TV,Ostatné SR,7259,37,0.51%,17.65,,4555
Energy_Client_SK,ProduktLaunch26_Programmatic,IO_ProduktLaunch26_Display,LI_Display_Retarget,20260911,Desktop,Ostatné SR,8349,49,0.59%,27.23,0.0,5808
Energy_Client_SK,ProduktLaunch26_Programmatic,IO_ProduktLaunch26_Video,LI_Video_Prospecting,20261018,Mobile,Ostatné SR,18070,93,0.51%,54.76,,9957
Energy_Client_SK,ProduktLaunch26_Programmatic,IO_ProduktLaunch26_Video,LI_Video_Prospecting,20260829,Desktop,Bratislavský kraj,14012,89,0.63%,57.09,0.0,8620
Energy_Client_SK,ProduktLaunch26_Programmatic,IO_ProduktLaunch26_Video,LI_Video_Retarget,20261011,Connected TV,Košický kraj,5762,30,0.51%,27.37,0.0,3383
Energy_Client_SK,ProduktLaunch26_Programmatic,IO_ProduktLaunch26_Video,LI_Audio_Awareness,20260921,Mobile,Ostatné SR,8014,21,0.26%,17.52,,5911
Energy_Client_SK,ProduktLaunch26_Programmatic,IO_ProduktLaunch26_Display,LI_Display_Prospecting,20260924,Tablet,Ostatné SR,7566,30,0.39%,19.07,,4261
Energy_Client_SK,ProduktLaunch26_Programmatic,IO_ProduktLaunch26_Video,LI_Video_Prospecting,20261021,Mobile,Košický kraj,14096,63,0.45%,54.48,0.0,9088
Energy_Client_SK,ProduktLaunch26_Programmatic,IO_ProduktLaunch26_Display,LI_Display_Retarget,20261005,Connected TV,Košický kraj,6135,42,0.68%,20.37,,4623
Energy_Client_SK,ProduktLaunch26_Programmatic,IO_ProduktLaunch26_Display,LI_Native_Prospecting,20260821,Desktop,Ostatné SR,6650,35,0.52%,21.86,0.0,4591
Energy_Client_SK,ProduktLaunch26_Programmatic,IO_ProduktLaunch26_Display,LI_Native_Prospecting,20260915,Tablet,Košický kraj,2898,20,0.69%,9.06,0.0,1829
Energy_Client_SK,ProduktLaunch26_Programmatic,IO_ProduktLaunch26_Display,LI_Display_Prospecting,20261001,Mobile,Košický kraj,12153,39,0.32%,37.09,,7766
Energy_Client_SK,ProduktLaunch26_Programmatic,IO_ProduktLaunch26_Display,LI_Native_Prospecting,20260921,Connected TV,Ostatné SR,5190,36,0.69%,17.54,0.0,3220
Energy_Client_SK,ProduktLaunch26_Programmatic,IO_ProduktLaunch26_Video,LI_Video_Retarget,20260910,Connected TV,Ostatné SR,8788,64,0.73%,40.16,,6617
Energy_Client_SK,ProduktLaunch26_Programmatic,IO_ProduktLaunch26_Display,LI_Display_Prospecting,20260821,Tablet,Košický kraj,3321,12,0.37%,6.86,,2064
Energy_Client_SK,ProduktLaunch26_Programmatic,IO_ProduktLaunch26_Display,LI_Native_Prospecting,20260827,Desktop,Ostatné SR,9339,68,0.73%,28.31,,7211
Energy_Client_SK,ProduktLaunch26_Programmatic,IO_ProduktLaunch26_Video,LI_Video_Retarget,20261005,Tablet,Košický kraj,5170,40,0.78%,23.18,,3100
Energy_Client_SK,ProduktLaunch26_Programmatic,IO_ProduktLaunch26_Video,LI_Audio_Awareness,20260826,Connected TV,Košický kraj,3723,10,0.28%,8.5,,2117
Energy_Client_SK,ProduktLaunch26_Programmatic,IO_ProduktLaunch26_Video,LI_Video_Prospecting,20260817,Connected TV,Ostatné SR,11428,53,0.47%,35.02,,8986
Energy_Client_SK,ProduktLaunch26_Programmatic,IO_ProduktLaunch26_Video,LI_Audio_Awareness,20261021,Mobile,Bratislavský kraj,14657,35,0.24%,23.11,0.0,11709
Energy_Client_SK,ProduktLaunch26_Programmatic,IO_ProduktLaunch26_Display,LI_Native_Prospecting,20260915,Connected TV,Bratislavský kraj,7996,34,0.42%,17.73,0.0,6324
Energy_Client_SK,ProduktLaunch26_Programmatic,IO_ProduktLaunch26_Display,LI_Native_Prospecting,20261027,Tablet,Košický kraj,4422,27,0.61%,11.72,,2552
Energy_Client_SK,ProduktLaunch26_Programmatic,IO_ProduktLaunch26_Display,LI_Native_Prospecting,20260909,Connected TV,Bratislavský kraj,6295,26,0.41%,20.13,0.0,3806
Energy_Client_SK,ProduktLaunch26_Programmatic,IO_ProduktLaunch26_Display,LI_Display_Prospecting,20260826,Desktop,Košický kraj,10891,58,0.54%,25.23,,7241
Energy_Client_SK,ProduktLaunch26_Programmatic,IO_ProduktLaunch26_Display,LI_Native_Prospecting,20260817,Connected TV,Košický kraj,2776,16,0.56%,7.49,,1805
Energy_Client_SK,ProduktLaunch26_Programmatic,IO_ProduktLaunch26_Display,LI_Native_Prospecting,20261001,Tablet,Košický kraj,4218,19,0.45%,14.86,,2934
Energy_Client_SK,ProduktLaunch26_Programmatic,IO_ProduktLaunch26_Display,LI_Native_Prospecting,20260924,Mobile,Bratislavský kraj,10073,66,0.65%,30.16,0.0,6718
Energy_Client_SK,ProduktLaunch26_Programmatic,IO_ProduktLaunch26_Video,LI_Video_Retarget,20260930,Desktop,Košický kraj,13325,130,0.97%,48.97,,8416
Energy_Client_SK,ProduktLaunch26_Programmatic,IO_ProduktLaunch26_Video,LI_Video_Retarget,20261026,Desktop,Košický kraj,9896,99,1.0%,37.95,,6563
Energy_Client_SK,ProduktLaunch26_Programmatic,IO_ProduktLaunch26_Video,LI_Audio_Awareness,20260927,Desktop,Ostatné SR,6961,33,0.47%,11.42,,4428
Energy_Client_SK,ProduktLaunch26_Programmatic,IO_ProduktLaunch26_Video,LI_Video_Retarget,20260902,Tablet,Bratislavský kraj,5171,50,0.96%,18.4,,3286
Energy_Client_SK,ProduktLaunch26_Programmatic,IO_ProduktLaunch26_Display,LI_Display_Prospecting,20260828,Tablet,Ostatné SR,6287,29,0.46%,11.99,,3528
Energy_Client_SK,ProduktLaunch26_Programmatic,IO_ProduktLaunch26_Video,LI_Audio_Awareness,20261020,Connected TV,Bratislavský kraj,8988,25,0.27%,18.59,,6014
Energy_Client_SK,ProduktLaunch26_Programmatic,IO_ProduktLaunch26_Display,LI_Native_Prospecting,20261004,Tablet,Bratislavský kraj,6011,29,0.48%,20.43,,4771
Energy_Client_SK,ProduktLaunch26_Programmatic,IO_ProduktLaunch26_Display,LI_Display_Retarget,20261012,Desktop,Ostatné SR,11792,51,0.44%,30.28,,7561
Energy_Client_SK,ProduktLaunch26_Programmatic,IO_ProduktLaunch26_Video,LI_Video_Prospecting,20260827,Mobile,Ostatné SR,13912,118,0.85%,69.28,,10012
Energy_Client_SK,ProduktLaunch26_Programmatic,IO_ProduktLaunch26_Video,LI_Audio_Awareness,20261003,Connected TV,Košický kraj,2953,13,0.43%,5.04,0.0,1996
Energy_Client_SK,ProduktLaunch26_Programmatic,IO_ProduktLaunch26_Display,LI_Display_Retarget,20261023,Desktop,Bratislavský kraj,18437,76,0.41%,51.24,0.0,11289
Energy_Client_SK,ProduktLaunch26_Programmatic,IO_ProduktLaunch26_Display,LI_Native_Prospecting,20260922,Connected TV,Ostatné SR,7699,35,0.46%,17.21,0.0,5191
Energy_Client_SK,ProduktLaunch26_Programmatic,IO_ProduktLaunch26_Display,LI_Display_Retarget,20261012,Connected TV,Bratislavský kraj,12235,73,0.6%,25.41,0.0,7083
Energy_Client_SK,ProduktLaunch26_Programmatic,IO_ProduktLaunch26_Video,LI_Video_Retarget,20260925,Desktop,Košický kraj,12644,85,0.67%,52.62,0.0,8626
Energy_Client_SK,ProduktLaunch26_Programmatic,IO_ProduktLaunch26_Video,LI_Video_Prospecting,20261016,Tablet,Bratislavský kraj,8457,74,0.88%,29.67,,5531
Energy_Client_SK,ProduktLaunch26_Programmatic,IO_ProduktLaunch26_Display,LI_Display_Retarget,20260910,Connected TV,Ostatné SR,5614,36,0.64%,18.04,0.0,3331
Energy_Client_SK,ProduktLaunch26_Programmatic,IO_ProduktLaunch26_Video,LI_Video_Retarget,20260901,Mobile,Košický kraj,13929,116,0.83%,45.33,,10501
Energy_Client_SK,ProduktLaunch26_Programmatic,IO_ProduktLaunch26_Video,LI_Video_Prospecting,20261025,Mobile,Košický kraj,8406,53,0.63%,41.43,,6039
Energy_Client_SK,ProduktLaunch26_Programmatic,IO_ProduktLaunch26_Display,LI_Native_Prospecting,20260910,Tablet,Ostatné SR,5386,29,0.53%,12.55,0.0,3684
Energy_Client_SK,ProduktLaunch26_Programmatic,IO_ProduktLaunch26_Display,LI_Display_Prospecting,20261010,Tablet,Bratislavský kraj,5409,24,0.45%,13.86,,3857
Energy_Client_SK,ProduktLaunch26_Programmatic,IO_ProduktLaunch26_Video,LI_Audio_Awareness,20260916,Mobile,Bratislavský kraj,8987,28,0.31%,17.25,,7136
Energy_Client_SK,ProduktLaunch26_Programmatic,IO_ProduktLaunch26_Display,LI_Display_Prospecting,20260905,Connected TV,Ostatné SR,5981,35,0.58%,13.1,,3658
Energy_Client_SK,ProduktLaunch26_Programmatic,IO_ProduktLaunch26_Display,LI_Native_Prospecting,20260828,Connected TV,Košický kraj,3464,15,0.42%,12.65,,2432
Energy_Client_SK,ProduktLaunch26_Programmatic,IO_ProduktLaunch26_Video,LI_Video_Retarget,20261021,Tablet,Košický kraj,4243,46,1.08%,16.84,0.0,2337
Energy_Client_SK,ProduktLaunch26_Programmatic,IO_ProduktLaunch26_Display,LI_Display_Retarget,20260923,Tablet,Ostatné SR,5761,40,0.7%,12.4,,4592
Energy_Client_SK,ProduktLaunch26_Programmatic,IO_ProduktLaunch26_Video,LI_Video_Prospecting,20260916,Connected TV,Bratislavský kraj,12195,56,0.46%,60.83,0.0,8202
Energy_Client_SK,ProduktLaunch26_Programmatic,IO_ProduktLaunch26_Video,LI_Video_Retarget,20260825,Desktop,Bratislavský kraj,13681,90,0.66%,49.95,,9473
Energy_Client_SK,ProduktLaunch26_Programmatic,IO_ProduktLaunch26_Display,LI_Display_Prospecting,20260926,Connected TV,Bratislavský kraj,8662,22,0.25%,15.64,,6798
Energy_Client_SK,ProduktLaunch26_Programmatic,IO_ProduktLaunch26_Video,LI_Audio_Awareness,20260826,Connected TV,Bratislavský kraj,6408,24,0.38%,12.81,,4756
Energy_Client_SK,ProduktLaunch26_Programmatic,IO_ProduktLaunch26_Display,LI_Display_Prospecting,20260827,Connected TV,Ostatné SR,5544,20,0.37%,16.03,0.0,3188
Energy_Client_SK,ProduktLaunch26_Programmatic,IO_ProduktLaunch26_Video,LI_Audio_Awareness,20261028,Tablet,Ostatné SR,2650,5,0.2%,4.8,0.0,1629
Energy_Client_SK,ProduktLaunch26_Programmatic,IO_ProduktLaunch26_Display,LI_Native_Prospecting,20260829,Tablet,Košický kraj,2346,14,0.59%,7.56,,1675
Energy_Client_SK,ProduktLaunch26_Programmatic,IO_ProduktLaunch26_Video,LI_Video_Retarget,20261010,Desktop,Ostatné SR,8690,71,0.82%,41.65,,5797
Energy_Client_SK,ProduktLaunch26_Programmatic,IO_ProduktLaunch26_Display,LI_Display_Prospecting,20260827,Tablet,Bratislavský kraj,9757,54,0.55%,20.83,0.0,6617
Energy_Client_SK,ProduktLaunch26_Programmatic,IO_ProduktLaunch26_Display,LI_Native_Prospecting,20261024,Tablet,Ostatné SR,2614,12,0.44%,5.76,,1845
Energy_Client_SK,ProduktLaunch26_Programmatic,IO_ProduktLaunch26_Display,LI_Display_Prospecting,20260926,Tablet,Ostatné SR,3330,12,0.37%,7.48,0.0,2144
Energy_Client_SK,ProduktLaunch26_Programmatic,IO_ProduktLaunch26_Display,LI_Display_Prospecting,20261002,Tablet,Bratislavský kraj,4620,28,0.6%,11.04,,3577
Energy_Client_SK,ProduktLaunch26_Programmatic,IO_ProduktLaunch26_Display,LI_Display_Prospecting,20260928,Desktop,Ostatné SR,13066,55,0.42%,25.09,0.0,10211
Energy_Client_SK,ProduktLaunch26_Programmatic,IO_ProduktLaunch26_Display,LI_Display_Prospecting,20260901,Tablet,Bratislavský kraj,7463,36,0.48%,22.86,0.0,4303
Energy_Client_SK,ProduktLaunch26_Programmatic,IO_ProduktLaunch26_Display,LI_Native_Prospecting,20261022,Tablet,Košický kraj,4005,21,0.53%,8.95,0.0,2534
Energy_Client_SK,ProduktLaunch26_Programmatic,IO_ProduktLaunch26_Display,LI_Native_Prospecting,20260822,Mobile,Ostatné SR,12885,70,0.54%,37.37,0.0,7992
Energy_Client_SK,ProduktLaunch26_Programmatic,IO_ProduktLaunch26_Video,LI_Video_Retarget,20260911,Tablet,Ostatné SR,4650,44,0.94%,20.25,,3423
Energy_Client_SK,ProduktLaunch26_Programmatic,IO_ProduktLaunch26_Video,LI_Audio_Awareness,20260926,Desktop,Košický kraj,7639,27,0.36%,13.83,,5805
Energy_Client_SK,ProduktLaunch26_Programmatic,IO_ProduktLaunch26_Display,LI_Native_Prospecting,20261013,Mobile,Bratislavský kraj,12408,58,0.47%,34.08,,7461
Energy_Client_SK,ProduktLaunch26_Programmatic,IO_ProduktLaunch26_Display,LI_Display_Retarget,20260820,Mobile,Bratislavský kraj,20086,66,0.33%,49.26,,15268
Energy_Client_SK,ProduktLaunch26_Programmatic,IO_ProduktLaunch26_Display,LI_Native_Prospecting,20261002,Mobile,Bratislavský kraj,9361,58,0.62%,28.0,,6466
Energy_Client_SK,ProduktLaunch26_Programmatic,IO_ProduktLaunch26_Video,LI_Video_Prospecting,20260926,Tablet,Ostatné SR,4462,39,0.87%,19.85,0.0,3435
Energy_Client_SK,ProduktLaunch26_Programmatic,IO_ProduktLaunch26_Display,LI_Display_Retarget,20261010,Connected TV,Bratislavský kraj,6926,36,0.52%,19.59,,4887
Energy_Client_SK,ProduktLaunch26_Programmatic,IO_ProduktLaunch26_Video,LI_Video_Retarget,20260917,Desktop,Ostatné SR,10554,82,0.78%,48.64,,6381
Energy_Client_SK,ProduktLaunch26_Programmatic,IO_ProduktLaunch26_Video,LI_Video_Retarget,20261001,Mobile,Košický kraj,7083,37,0.52%,23.42,,5630
Energy_Client_SK,ProduktLaunch26_Programmatic,IO_ProduktLaunch26_Display,LI_Display_Prospecting,20260920,Tablet,Košický kraj,2744,13,0.49%,6.88,,1727
Energy_Client_SK,ProduktLaunch26_Programmatic,IO_ProduktLaunch26_Video,LI_Video_Prospecting,20260913,Connected TV,Bratislavský kraj,16087,124,0.77%,66.72,0.0,10458
Energy_Client_SK,ProduktLaunch26_Programmatic,IO_ProduktLaunch26_Display,LI_Display_Prospecting,20260830,Desktop,Košický kraj,10290,58,0.56%,31.1,0.0,7203
Energy_Client_SK,ProduktLaunch26_Programmatic,IO_ProduktLaunch26_Display,LI_Native_Prospecting,20260818,Tablet,Bratislavský kraj,7106,34,0.47%,26.79,,4556
Energy_Client_SK,ProduktLaunch26_Programmatic,IO_ProduktLaunch26_Video,LI_Video_Prospecting,20261021,Connected TV,Bratislavský kraj,9324,56,0.6%,33.02,,5416
Energy_Client_SK,ProduktLaunch26_Programmatic,IO_ProduktLaunch26_Video,LI_Video_Prospecting,20260820,Mobile,Ostatné SR,10130,70,0.69%,42.14,0.0,6288
Energy_Client_SK,ProduktLaunch26_Programmatic,IO_ProduktLaunch26_Video,LI_Audio_Awareness,20260921,Desktop,Ostatné SR,7661,25,0.33%,15.74,0.0,5679
Energy_Client_SK,ProduktLaunch26_Programmatic,IO_ProduktLaunch26_Display,LI_Display_Retarget,20260928,Mobile,Ostatné SR,14859,50,0.34%,47.54,0.0,9100
Energy_Client_SK,ProduktLaunch26_Programmatic,IO_ProduktLaunch26_Display,LI_Display_Prospecting,20260921,Mobile,Košický kraj,13712,67,0.49%,39.41,,10221
Energy_Client_SK,ProduktLaunch26_Programmatic,IO_ProduktLaunch26_Display,LI_Display_Prospecting,20261009,Connected TV,Bratislavský kraj,11613,46,0.4%,34.38,0.0,8338
Energy_Client_SK,ProduktLaunch26_Programmatic,IO_ProduktLaunch26_Display,LI_Display_Prospecting,20261026,Tablet,Košický kraj,4803,28,0.58%,10.15,,3378
Energy_Client_SK,ProduktLaunch26_Programmatic,IO_ProduktLaunch26_Display,LI_Native_Prospecting,20260925,Connected TV,Bratislavský kraj,9511,72,0.76%,30.45,,6382
Energy_Client_SK,ProduktLaunch26_Programmatic,IO_ProduktLaunch26_Display,LI_Display_Prospecting,20260821,Mobile,Bratislavský kraj,20369,109,0.53%,64.37,0.0,15562
Energy_Client_SK,ProduktLaunch26_Programmatic,IO_ProduktLaunch26_Video,LI_Video_Retarget,20260918,Tablet,Ostatné SR,7910,59,0.75%,30.7,0.0,4909
Energy_Client_SK,ProduktLaunch26_Programmatic,IO_ProduktLaunch26_Video,LI_Audio_Awareness,20260917,Mobile,Ostatné SR,11094,55,0.49%,25.66,0.0,6414
Energy_Client_SK,ProduktLaunch26_Programmatic,IO_ProduktLaunch26_Video,LI_Video_Retarget,20260822,Connected TV,Bratislavský kraj,8065,47,0.59%,36.57,,6150
Energy_Client_SK,ProduktLaunch26_Programmatic,IO_ProduktLaunch26_Video,LI_Audio_Awareness,20260912,Mobile,Bratislavský kraj,17621,46,0.26%,33.36,0.0,11831
Energy_Client_SK,ProduktLaunch26_Programmatic,IO_ProduktLaunch26_Video,LI_Audio_Awareness,20261024,Desktop,Bratislavský kraj,13330,36,0.27%,26.86,0.0,8374
Energy_Client_SK,ProduktLaunch26_Programmatic,IO_ProduktLaunch26_Display,LI_Display_Retarget,20260824,Mobile,Košický kraj,11975,49,0.41%,41.0,0.0,7481
Energy_Client_SK,ProduktLaunch26_Programmatic,IO_ProduktLaunch26_Video,LI_Audio_Awareness,20260902,Connected TV,Ostatné SR,6658,22,0.33%,15.35,,4366
Energy_Client_SK,ProduktLaunch26_Programmatic,IO_ProduktLaunch26_Display,LI_Display_Prospecting,20260906,Desktop,Ostatné SR,14576,53,0.36%,43.82,,10720
Energy_Client_SK,ProduktLaunch26_Programmatic,IO_ProduktLaunch26_Video,LI_Audio_Awareness,20260819,Tablet,Bratislavský kraj,3922,17,0.43%,8.67,0.0,2809
Energy_Client_SK,ProduktLaunch26_Programmatic,IO_ProduktLaunch26_Video,LI_Audio_Awareness,20261016,Tablet,Bratislavský kraj,4797,16,0.34%,9.31,0.0,3802
Energy_Client_SK,ProduktLaunch26_Programmatic,IO_ProduktLaunch26_Display,LI_Display_Prospecting,20260909,Tablet,Košický kraj,4306,20,0.47%,11.23,0.0,2437
Energy_Client_SK,ProduktLaunch26_Programmatic,IO_ProduktLaunch26_Display,LI_Display_Retarget,20260907,Tablet,Ostatné SR,5587,19,0.35%,13.71,0.0,3997
Energy_Client_SK,ProduktLaunch26_Programmatic,IO_ProduktLaunch26_Video,LI_Audio_Awareness,20260828,Connected TV,Ostatné SR,5776,15,0.27%,12.27,0.0,4104
Energy_Client_SK,ProduktLaunch26_Programmatic,IO_ProduktLaunch26_Video,LI_Video_Prospecting,20260828,Desktop,Košický kraj,7919,59,0.75%,33.1,0.0,6290
Energy_Client_SK,ProduktLaunch26_Programmatic,IO_ProduktLaunch26_Video,LI_Video_Prospecting,20261012,Desktop,Košický kraj,8111,36,0.44%,32.3,0.0,5421
Energy_Client_SK,ProduktLaunch26_Programmatic,IO_ProduktLaunch26_Display,LI_Native_Prospecting,20261013,Connected TV,Košický kraj,5271,30,0.57%,17.57,,3878
Energy_Client_SK,ProduktLaunch26_Programmatic,IO_ProduktLaunch26_Video,LI_Video_Prospecting,20260903,Connected TV,Bratislavský kraj,12667,103,0.81%,51.76,,8308
Energy_Client_SK,ProduktLaunch26_Programmatic,IO_ProduktLaunch26_Display,LI_Native_Prospecting,20260921,Mobile,Bratislavský kraj,18372,140,0.76%,50.95,0.0,10685
Energy_Client_SK,ProduktLaunch26_Programmatic,IO_ProduktLaunch26_Display,LI_Native_Prospecting,20261007,Connected TV,Košický kraj,3700,26,0.69%,10.07,0.0,2534
Energy_Client_SK,ProduktLaunch26_Programmatic,IO_ProduktLaunch26_Video,LI_Audio_Awareness,20261024,Tablet,Košický kraj,2414,5,0.22%,4.72,0.0,1441
Energy_Client_SK,ProduktLaunch26_Programmatic,IO_ProduktLaunch26_Display,LI_Display_Retarget,20260919,Desktop,Košický kraj,5713,28,0.48%,19.57,0.0,3952
Energy_Client_SK,ProduktLaunch26_Programmatic,IO_ProduktLaunch26_Video,LI_Video_Retarget,20260916,Desktop,Bratislavský kraj,16370,156,0.95%,79.0,,11540
Energy_Client_SK,ProduktLaunch26_Programmatic,IO_ProduktLaunch26_Display,LI_Display_Retarget,20260912,Desktop,Ostatné SR,13164,76,0.58%,34.41,,8677
Energy_Client_SK,ProduktLaunch26_Programmatic,IO_ProduktLaunch26_Video,LI_Audio_Awareness,20260930,Tablet,Košický kraj,4869,24,0.5%,11.21,,3734
Energy_Client_SK,ProduktLaunch26_Programmatic,IO_ProduktLaunch26_Video,LI_Audio_Awareness,20261025,Tablet,Ostatné SR,2884,13,0.46%,6.52,,2040
Energy_Client_SK,ProduktLaunch26_Programmatic,IO_ProduktLaunch26_Display,LI_Display_Retarget,20261010,Mobile,Ostatné SR,15717,103,0.66%,48.61,0.0,9537
Energy_Client_SK,ProduktLaunch26_Programmatic,IO_ProduktLaunch26_Video,LI_Video_Retarget,20261001,Tablet,Košický kraj,5086,32,0.63%,20.04,,2927
Energy_Client_SK,ProduktLaunch26_Programmatic,IO_ProduktLaunch26_Display,LI_Display_Prospecting,20260830,Connected TV,Košický kraj,4063,14,0.34%,8.88,,2524
Energy_Client_SK,ProduktLaunch26_Programmatic,IO_ProduktLaunch26_Video,LI_Audio_Awareness,20260928,Desktop,Košický kraj,5206,20,0.38%,9.55,0.0,4023
Energy_Client_SK,ProduktLaunch26_Programmatic,IO_ProduktLaunch26_Video,LI_Video_Retarget,20260928,Connected TV,Bratislavský kraj,10916,112,1.03%,57.12,0.0,8292
Energy_Client_SK,ProduktLaunch26_Programmatic,IO_ProduktLaunch26_Display,LI_Display_Retarget,20261028,Connected TV,Bratislavský kraj,8875,29,0.32%,19.83,,6213
Energy_Client_SK,ProduktLaunch26_Programmatic,IO_ProduktLaunch26_Display,LI_Display_Prospecting,20260815,Desktop,Ostatné SR,11671,64,0.55%,31.82,0.0,6981
Energy_Client_SK,ProduktLaunch26_Programmatic,IO_ProduktLaunch26_Video,LI_Video_Prospecting,20260918,Connected TV,Košický kraj,7192,42,0.59%,25.97,,5241
Energy_Client_SK,ProduktLaunch26_Programmatic,IO_ProduktLaunch26_Video,LI_Video_Retarget,20260827,Tablet,Košický kraj,4552,37,0.82%,18.84,,2617
Energy_Client_SK,ProduktLaunch26_Programmatic,IO_ProduktLaunch26_Display,LI_Native_Prospecting,20260922,Tablet,Košický kraj,4332,25,0.58%,13.04,0.0,3188
Energy_Client_SK,ProduktLaunch26_Programmatic,IO_ProduktLaunch26_Display,LI_Display_Prospecting,20260828,Desktop,Ostatné SR,10214,58,0.57%,21.15,,5814
Energy_Client_SK,ProduktLaunch26_Programmatic,IO_ProduktLaunch26_Video,LI_Video_Retarget,20260902,Tablet,Ostatné SR,7186,74,1.04%,25.97,,4867
Energy_Client_SK,ProduktLaunch26_Programmatic,IO_ProduktLaunch26_Display,LI_Native_Prospecting,20260903,Mobile,Bratislavský kraj,13169,82,0.62%,42.25,,9200
Energy_Client_SK,ProduktLaunch26_Programmatic,IO_ProduktLaunch26_Display,LI_Display_Retarget,20260912,Connected TV,Ostatné SR,4675,31,0.66%,12.73,,3443
Energy_Client_SK,ProduktLaunch26_Programmatic,IO_ProduktLaunch26_Video,LI_Video_Prospecting,20261020,Desktop,Ostatné SR,10610,54,0.51%,40.71,0.0,8100
Energy_Client_SK,ProduktLaunch26_Programmatic,IO_ProduktLaunch26_Video,LI_Video_Retarget,20261003,Mobile,Košický kraj,10000,94,0.94%,38.3,0.0,5843
Energy_Client_SK,ProduktLaunch26_Programmatic,IO_ProduktLaunch26_Display,LI_Display_Retarget,20261018,Desktop,Košický kraj,8151,26,0.32%,25.53,,4490
Energy_Client_SK,ProduktLaunch26_Programmatic,IO_ProduktLaunch26_Video,LI_Video_Retarget,20260922,Connected TV,Bratislavský kraj,7417,43,0.59%,35.28,,4812
Energy_Client_SK,ProduktLaunch26_Programmatic,IO_ProduktLaunch26_Display,LI_Display_Prospecting,20260820,Connected TV,Košický kraj,3818,13,0.35%,11.22,,2627
Energy_Client_SK,ProduktLaunch26_Programmatic,IO_ProduktLaunch26_Video,LI_Audio_Awareness,20261017,Desktop,Košický kraj,8309,34,0.41%,20.02,0.0,5885
Energy_Client_SK,ProduktLaunch26_Programmatic,IO_ProduktLaunch26_Video,LI_Audio_Awareness,20261004,Desktop,Bratislavský kraj,9329,41,0.44%,21.41,,5355
Energy_Client_SK,ProduktLaunch26_Programmatic,IO_ProduktLaunch26_Display,LI_Display_Prospecting,20260926,Connected TV,Košický kraj,6554,36,0.55%,16.8,,4460
Energy_Client_SK,ProduktLaunch26_Programmatic,IO_ProduktLaunch26_Video,LI_Audio_Awareness,20260918,Tablet,Ostatné SR,3230,13,0.4%,5.78,0.0,2170
Energy_Client_SK,ProduktLaunch26_Programmatic,IO_ProduktLaunch26_Video,LI_Video_Prospecting,20260930,Desktop,Košický kraj,10777,70,0.65%,48.88,,7891
Energy_Client_SK,ProduktLaunch26_Programmatic,IO_ProduktLaunch26_Display,LI_Display_Prospecting,20260816,Connected TV,Košický kraj,8177,40,0.49%,23.6,,5059
Energy_Client_SK,ProduktLaunch26_Programmatic,IO_ProduktLaunch26_Video,LI_Video_Prospecting,20260923,Desktop,Košický kraj,14904,125,0.84%,62.9,,9565
Energy_Client_SK,ProduktLaunch26_Programmatic,IO_ProduktLaunch26_Video,LI_Video_Prospecting,20260901,Mobile,Ostatné SR,18128,73,0.41%,82.64,,9980
Energy_Client_SK,ProduktLaunch26_Programmatic,IO_ProduktLaunch26_Display,LI_Native_Prospecting,20260826,Mobile,Ostatné SR,7998,35,0.44%,20.04,0.0,5683
Energy_Client_SK,ProduktLaunch26_Programmatic,IO_ProduktLaunch26_Display,LI_Display_Prospecting,20260915,Tablet,Bratislavský kraj,4672,21,0.46%,13.3,0.0,3098
Energy_Client_SK,ProduktLaunch26_Programmatic,IO_ProduktLaunch26_Display,LI_Display_Retarget,20260901,Connected TV,Bratislavský kraj,12463,83,0.67%,30.29,0.0,7775
Energy_Client_SK,ProduktLaunch26_Programmatic,IO_ProduktLaunch26_Video,LI_Video_Retarget,20261017,Desktop,Bratislavský kraj,10774,62,0.58%,57.01,0.0,6593
Energy_Client_SK,ProduktLaunch26_Programmatic,IO_ProduktLaunch26_Video,LI_Audio_Awareness,20260921,Desktop,Bratislavský kraj,16372,79,0.48%,29.23,,9177
Energy_Client_SK,ProduktLaunch26_Programmatic,IO_ProduktLaunch26_Display,LI_Display_Prospecting,20260830,Tablet,Bratislavský kraj,9839,45,0.46%,22.71,0.0,7117
Energy_Client_SK,ProduktLaunch26_Programmatic,IO_ProduktLaunch26_Display,LI_Display_Retarget,20260904,Tablet,Bratislavský kraj,4392,17,0.38%,14.15,,3286
Energy_Client_SK,ProduktLaunch26_Programmatic,IO_ProduktLaunch26_Display,LI_Native_Prospecting,20260927,Connected TV,Košický kraj,4220,22,0.52%,12.38,,2783
Energy_Client_SK,ProduktLaunch26_Programmatic,IO_ProduktLaunch26_Display,LI_Display_Prospecting,20260921,Connected TV,Ostatné SR,6513,33,0.5%,12.43,0.0,4758
Energy_Client_SK,ProduktLaunch26_Programmatic,IO_ProduktLaunch26_Display,LI_Native_Prospecting,20261003,Mobile,Košický kraj,9129,51,0.56%,25.01,0.0,5501
Energy_Client_SK,ProduktLaunch26_Programmatic,IO_ProduktLaunch26_Display,LI_Display_Prospecting,20261006,Desktop,Košický kraj,5597,17,0.31%,13.52,,3236
Energy_Client_SK,ProduktLaunch26_Programmatic,IO_ProduktLaunch26_Display,LI_Display_Prospecting,20260921,Mobile,Bratislavský kraj,14051,65,0.47%,28.36,0.0,8808
Energy_Client_SK,ProduktLaunch26_Programmatic,IO_ProduktLaunch26_Display,LI_Display_Prospecting,20261004,Connected TV,Košický kraj,6576,35,0.53%,17.47,,4016
Energy_Client_SK,ProduktLaunch26_Programmatic,IO_ProduktLaunch26_Display,LI_Display_Retarget,20260926,Connected TV,Ostatné SR,7713,41,0.53%,20.17,,6156
Energy_Client_SK,ProduktLaunch26_Programmatic,IO_ProduktLaunch26_Video,LI_Video_Prospecting,20260914,Mobile,Bratislavský kraj,28988,166,0.57%,95.09,,21314
Energy_Client_SK,ProduktLaunch26_Programmatic,IO_ProduktLaunch26_Display,LI_Display_Retarget,20261010,Mobile,Bratislavský kraj,21092,144,0.68%,58.19,,11921
Energy_Client_SK,ProduktLaunch26_Programmatic,IO_ProduktLaunch26_Video,LI_Video_Prospecting,20261008,Tablet,Bratislavský kraj,8316,61,0.74%,35.69,,6581
Energy_Client_SK,ProduktLaunch26_Programmatic,IO_ProduktLaunch26_Video,LI_Video_Prospecting,20260818,Connected TV,Ostatné SR,11129,47,0.42%,52.79,,8113
Energy_Client_SK,ProduktLaunch26_Programmatic,IO_ProduktLaunch26_Video,LI_Audio_Awareness,20261016,Mobile,Ostatné SR,9540,45,0.47%,20.9,0.0,7281
Energy_Client_SK,ProduktLaunch26_Programmatic,IO_ProduktLaunch26_Video,LI_Video_Retarget,20260928,Mobile,Bratislavský kraj,13689,119,0.87%,46.97,0.0,10754
Energy_Client_SK,ProduktLaunch26_Programmatic,IO_ProduktLaunch26_Display,LI_Native_Prospecting,20260913,Tablet,Ostatné SR,2652,17,0.64%,8.9,,1625
Energy_Client_SK,ProduktLaunch26_Programmatic,IO_ProduktLaunch26_Display,LI_Display_Prospecting,20260829,Desktop,Košický kraj,7693,28,0.36%,19.83,,4819
Energy_Client_SK,ProduktLaunch26_Programmatic,IO_ProduktLaunch26_Video,LI_Video_Prospecting,20260817,Tablet,Ostatné SR,5526,33,0.59%,18.54,,4415
Energy_Client_SK,ProduktLaunch26_Programmatic,IO_ProduktLaunch26_Video,LI_Video_Prospecting,20261013,Tablet,Ostatné SR,7370,65,0.89%,23.4,,5090
Energy_Client_SK,ProduktLaunch26_Programmatic,IO_ProduktLaunch26_Display,LI_Native_Prospecting,20261027,Tablet,Bratislavský kraj,3815,28,0.72%,10.78,0.0,2526
Energy_Client_SK,ProduktLaunch26_Programmatic,IO_ProduktLaunch26_Display,LI_Native_Prospecting,20260925,Tablet,Bratislavský kraj,5334,29,0.55%,14.36,0.0,4130
Energy_Client_SK,ProduktLaunch26_Programmatic,IO_ProduktLaunch26_Video,LI_Video_Prospecting,20260906,Mobile,Košický kraj,16488,102,0.62%,80.9,,10520
Energy_Client_SK,ProduktLaunch26_Programmatic,IO_ProduktLaunch26_Display,LI_Display_Prospecting,20261011,Connected TV,Bratislavský kraj,8721,29,0.33%,18.78,0.0,6520
Energy_Client_SK,ProduktLaunch26_Programmatic,IO_ProduktLaunch26_Video,LI_Video_Prospecting,20260908,Connected TV,Košický kraj,5739,29,0.5%,24.33,,3837
Energy_Client_SK,ProduktLaunch26_Programmatic,IO_ProduktLaunch26_Video,LI_Audio_Awareness,20260817,Tablet,Ostatné SR,3561,15,0.41%,8.74,,2487
Energy_Client_SK,ProduktLaunch26_Programmatic,IO_ProduktLaunch26_Display,LI_Display_Prospecting,20260903,Desktop,Bratislavský kraj,15301,58,0.38%,39.47,0.0,8500
Energy_Client_SK,ProduktLaunch26_Programmatic,IO_ProduktLaunch26_Display,LI_Display_Retarget,20260917,Desktop,Ostatné SR,11507,54,0.47%,33.32,,7958
Energy_Client_SK,ProduktLaunch26_Programmatic,IO_ProduktLaunch26_Display,LI_Native_Prospecting,20261005,Tablet,Košický kraj,3222,25,0.78%,7.61,0.0,2275
Energy_Client_SK,ProduktLaunch26_Programmatic,IO_ProduktLaunch26_Display,LI_Display_Retarget,20260917,Tablet,Ostatné SR,5348,18,0.34%,12.22,,3218
Energy_Client_SK,ProduktLaunch26_Programmatic,IO_ProduktLaunch26_Display,LI_Display_Prospecting,20260920,Tablet,Bratislavský kraj,7981,24,0.3%,21.64,,5654
Energy_Client_SK,ProduktLaunch26_Programmatic,IO_ProduktLaunch26_Display,LI_Native_Prospecting,20261026,Desktop,Ostatné SR,5716,24,0.43%,16.51,,3235
Energy_Client_SK,ProduktLaunch26_Programmatic,IO_ProduktLaunch26_Display,LI_Native_Prospecting,20261005,Connected TV,Bratislavský kraj,5472,28,0.51%,14.35,0.0,4286
Energy_Client_SK,ProduktLaunch26_Programmatic,IO_ProduktLaunch26_Display,LI_Display_Retarget,20261015,Mobile,Ostatné SR,11625,71,0.61%,36.17,,7990
Energy_Client_SK,ProduktLaunch26_Programmatic,IO_ProduktLaunch26_Video,LI_Video_Prospecting,20261021,Mobile,Bratislavský kraj,21655,165,0.76%,91.53,,14637
Energy_Client_SK,ProduktLaunch26_Programmatic,IO_ProduktLaunch26_Video,LI_Audio_Awareness,20260826,Tablet,Bratislavský kraj,3906,9,0.23%,5.99,,2905
Energy_Client_SK,ProduktLaunch26_Programmatic,IO_ProduktLaunch26_Display,LI_Display_Retarget,20261027,Connected TV,Bratislavský kraj,9919,63,0.64%,22.15,,7282
Energy_Client_SK,ProduktLaunch26_Programmatic,IO_ProduktLaunch26_Video,LI_Video_Retarget,20261020,Desktop,Košický kraj,6764,44,0.65%,22.36,,4438
Energy_Client_SK,ProduktLaunch26_Programmatic,IO_ProduktLaunch26_Display,LI_Display_Retarget,20260825,Connected TV,Bratislavský kraj,10833,69,0.64%,30.94,0.0,7782
Energy_Client_SK,ProduktLaunch26_Programmatic,IO_ProduktLaunch26_Display,LI_Native_Prospecting,20260823,Desktop,Ostatné SR,11453,60,0.53%,36.03,,7265
Energy_Client_SK,ProduktLaunch26_Programmatic,IO_ProduktLaunch26_Video,LI_Video_Prospecting,20260815,Connected TV,Bratislavský kraj,8643,40,0.47%,36.26,,6777
Energy_Client_SK,ProduktLaunch26_Programmatic,IO_ProduktLaunch26_Display,LI_Native_Prospecting,20260820,Connected TV,Ostatné SR,6411,48,0.76%,23.9,,4313
Energy_Client_SK,ProduktLaunch26_Programmatic,IO_ProduktLaunch26_Video,LI_Audio_Awareness,20260816,Desktop,Ostatné SR,7996,19,0.24%,16.76,0.0,6085
Energy_Client_SK,ProduktLaunch26_Programmatic,IO_ProduktLaunch26_Video,LI_Video_Retarget,20261008,Tablet,Bratislavský kraj,7393,43,0.58%,31.57,0.0,4740
Energy_Client_SK,ProduktLaunch26_Programmatic,IO_ProduktLaunch26_Display,LI_Display_Retarget,20260816,Desktop,Košický kraj,6720,36,0.54%,17.23,0.0,4792
Energy_Client_SK,ProduktLaunch26_Programmatic,IO_ProduktLaunch26_Video,LI_Video_Prospecting,20261021,Connected TV,Košický kraj,9830,57,0.58%,39.07,0.0,6075
Energy_Client_SK,ProduktLaunch26_Programmatic,IO_ProduktLaunch26_Display,LI_Display_Prospecting,20261009,Mobile,Košický kraj,9496,25,0.26%,26.36,,5496
Energy_Client_SK,ProduktLaunch26_Programmatic,IO_ProduktLaunch26_Video,LI_Audio_Awareness,20260928,Mobile,Bratislavský kraj,10565,37,0.35%,20.43,,7710
Energy_Client_SK,ProduktLaunch26_Programmatic,IO_ProduktLaunch26_Display,LI_Native_Prospecting,20260906,Mobile,Košický kraj,5735,24,0.42%,16.92,0.0,3425
Energy_Client_SK,ProduktLaunch26_Programmatic,IO_ProduktLaunch26_Display,LI_Display_Retarget,20261013,Tablet,Ostatné SR,5272,32,0.62%,11.37,0.0,2913
Energy_Client_SK,ProduktLaunch26_Programmatic,IO_ProduktLaunch26_Display,LI_Display_Retarget,20261015,Connected TV,Košický kraj,5822,37,0.63%,16.03,,4628
Energy_Client_SK,ProduktLaunch26_Programmatic,IO_ProduktLaunch26_Display,LI_Native_Prospecting,20260926,Mobile,Ostatné SR,9557,72,0.75%,29.65,,5653
Energy_Client_SK,ProduktLaunch26_Programmatic,IO_ProduktLaunch26_Video,LI_Video_Prospecting,20261011,Desktop,Bratislavský kraj,23592,173,0.73%,72.94,0.0,17606
Energy_Client_SK,ProduktLaunch26_Programmatic,IO_ProduktLaunch26_Display,LI_Native_Prospecting,20260913,Connected TV,Ostatné SR,5089,32,0.63%,17.63,0.0,3338
Energy_Client_SK,ProduktLaunch26_Programmatic,IO_ProduktLaunch26_Display,LI_Display_Prospecting,20260930,Desktop,Košický kraj,12186,34,0.28%,32.7,,8014
Energy_Client_SK,ProduktLaunch26_Programmatic,IO_ProduktLaunch26_Video,LI_Video_Prospecting,20260820,Mobile,Bratislavský kraj,26140,129,0.49%,120.85,,16459
Energy_Client_SK,ProduktLaunch26_Programmatic,IO_ProduktLaunch26_Display,LI_Display_Retarget,20261013,Mobile,Bratislavský kraj,17644,118,0.67%,52.07,,12177
Energy_Client_SK,ProduktLaunch26_Programmatic,IO_ProduktLaunch26_Video,LI_Video_Prospecting,20261013,Tablet,Košický kraj,3867,16,0.41%,12.48,,2784
Energy_Client_SK,ProduktLaunch26_Programmatic,IO_ProduktLaunch26_Video,LI_Audio_Awareness,20260909,Tablet,Ostatné SR,4790,19,0.4%,11.23,,3537
Energy_Client_SK,ProduktLaunch26_Programmatic,IO_ProduktLaunch26_Display,LI_Native_Prospecting,20260922,Tablet,Ostatné SR,4422,35,0.79%,11.52,0.0,2694
Energy_Client_SK,ProduktLaunch26_Programmatic,IO_ProduktLaunch26_Display,LI_Display_Prospecting,20260929,Tablet,Bratislavský kraj,4771,23,0.49%,10.3,,3032
Energy_Client_SK,ProduktLaunch26_Programmatic,IO_ProduktLaunch26_Video,LI_Video_Retarget,20260909,Desktop,Bratislavský kraj,17775,138,0.78%,67.56,0.0,13554
Energy_Client_SK,ProduktLaunch26_Programmatic,IO_ProduktLaunch26_Display,LI_Native_Prospecting,20260916,Mobile,Ostatné SR,13796,64,0.46%,33.64,,9955
Energy_Client_SK,ProduktLaunch26_Programmatic,IO_ProduktLaunch26_Video,LI_Audio_Awareness,20261012,Connected TV,Bratislavský kraj,7628,19,0.25%,16.16,0.0,4282
Energy_Client_SK,ProduktLaunch26_Programmatic,IO_ProduktLaunch26_Video,LI_Video_Retarget,20261021,Connected TV,Ostatné SR,5585,60,1.08%,23.09,,3792
Energy_Client_SK,ProduktLaunch26_Programmatic,IO_ProduktLaunch26_Display,LI_Display_Retarget,20261013,Mobile,Ostatné SR,11742,69,0.59%,29.91,,7822
Energy_Client_SK,ProduktLaunch26_Programmatic,IO_ProduktLaunch26_Display,LI_Display_Prospecting,20261007,Connected TV,Košický kraj,4426,20,0.45%,10.02,0.0,3434
Energy_Client_SK,ProduktLaunch26_Programmatic,IO_ProduktLaunch26_Video,LI_Audio_Awareness,20261001,Tablet,Ostatné SR,5181,10,0.2%,10.44,,3444
Energy_Client_SK,ProduktLaunch26_Programmatic,IO_ProduktLaunch26_Display,LI_Display_Retarget,20260929,Tablet,Bratislavský kraj,9169,37,0.4%,28.11,0.0,5429
Energy_Client_SK,ProduktLaunch26_Programmatic,IO_ProduktLaunch26_Display,LI_Display_Retarget,20261015,Mobile,Košický kraj,12167,41,0.34%,31.66,,6993
Energy_Client_SK,ProduktLaunch26_Programmatic,IO_ProduktLaunch26_Video,LI_Video_Prospecting,20261007,Mobile,Ostatné SR,13938,82,0.59%,50.73,,11137
Energy_Client_SK,ProduktLaunch26_Programmatic,IO_ProduktLaunch26_Display,LI_Display_Prospecting,20261012,Mobile,Košický kraj,13083,39,0.3%,28.37,,9206
Energy_Client_SK,ProduktLaunch26_Programmatic,IO_ProduktLaunch26_Display,LI_Display_Prospecting,20261004,Connected TV,Ostatné SR,7506,23,0.3%,21.06,,4773
Energy_Client_SK,ProduktLaunch26_Programmatic,IO_ProduktLaunch26_Display,LI_Display_Prospecting,20260823,Tablet,Bratislavský kraj,5794,21,0.36%,14.15,,3628
Energy_Client_SK,ProduktLaunch26_Programmatic,IO_ProduktLaunch26_Display,LI_Display_Retarget,20260908,Connected TV,Ostatné SR,5577,21,0.38%,15.86,0.0,3210
Energy_Client_SK,ProduktLaunch26_Programmatic,IO_ProduktLaunch26_Display,LI_Display_Retarget,20260910,Connected TV,Košický kraj,4205,20,0.47%,12.87,0.0,2391
Energy_Client_SK,ProduktLaunch26_Programmatic,IO_ProduktLaunch26_Display,LI_Display_Retarget,20261020,Desktop,Bratislavský kraj,16673,55,0.33%,43.32,,9460
Energy_Client_SK,ProduktLaunch26_Programmatic,IO_ProduktLaunch26_Display,LI_Native_Prospecting,20261023,Tablet,Ostatné SR,4919,29,0.6%,11.93,,3927
Energy_Client_SK,ProduktLaunch26_Programmatic,IO_ProduktLaunch26_Video,LI_Audio_Awareness,20261028,Connected TV,Ostatné SR,3723,12,0.32%,5.77,0.0,2289
Energy_Client_SK,ProduktLaunch26_Programmatic,IO_ProduktLaunch26_Display,LI_Display_Prospecting,20260819,Desktop,Košický kraj,12019,50,0.42%,32.01,,9444
Energy_Client_SK,ProduktLaunch26_Programmatic,IO_ProduktLaunch26_Display,LI_Display_Retarget,20260914,Mobile,Ostatné SR,12375,57,0.46%,29.41,0.0,9674
Energy_Client_SK,ProduktLaunch26_Programmatic,IO_ProduktLaunch26_Video,LI_Video_Retarget,20260822,Desktop,Ostatné SR,11753,110,0.94%,57.71,,9389
Energy_Client_SK,ProduktLaunch26_Programmatic,IO_ProduktLaunch26_Video,LI_Video_Prospecting,20260907,Tablet,Bratislavský kraj,11909,100,0.84%,46.4,,8320
Energy_Client_SK,ProduktLaunch26_Programmatic,IO_ProduktLaunch26_Display,LI_Native_Prospecting,20261026,Tablet,Ostatné SR,5481,43,0.78%,16.26,0.0,3806
Energy_Client_SK,ProduktLaunch26_Programmatic,IO_ProduktLaunch26_Display,LI_Native_Prospecting,20261021,Mobile,Bratislavský kraj,14473,82,0.56%,32.15,,8851
Energy_Client_SK,ProduktLaunch26_Programmatic,IO_ProduktLaunch26_Display,LI_Display_Prospecting,20260822,Connected TV,Bratislavský kraj,13545,35,0.26%,39.08,0.0,8336
Energy_Client_SK,ProduktLaunch26_Programmatic,IO_ProduktLaunch26_Video,LI_Video_Prospecting,20261028,Tablet,Košický kraj,4685,34,0.72%,19.15,,3075
Energy_Client_SK,ProduktLaunch26_Programmatic,IO_ProduktLaunch26_Display,LI_Display_Prospecting,20260910,Desktop,Košický kraj,5811,25,0.43%,17.75,,4205
Energy_Client_SK,ProduktLaunch26_Programmatic,IO_ProduktLaunch26_Display,LI_Native_Prospecting,20260815,Mobile,Bratislavský kraj,10096,80,0.79%,23.35,0.0,6128
Energy_Client_SK,ProduktLaunch26_Programmatic,IO_ProduktLaunch26_Video,LI_Video_Retarget,20260930,Mobile,Bratislavský kraj,25611,169,0.66%,119.06,0.0,17394
Energy_Client_SK,ProduktLaunch26_Programmatic,IO_ProduktLaunch26_Display,LI_Display_Retarget,20261014,Connected TV,Bratislavský kraj,8210,49,0.6%,25.09,,5178
Energy_Client_SK,ProduktLaunch26_Programmatic,IO_ProduktLaunch26_Display,LI_Display_Prospecting,20260926,Tablet,Košický kraj,2979,14,0.48%,6.19,0.0,2217
Energy_Client_SK,ProduktLaunch26_Programmatic,IO_ProduktLaunch26_Display,LI_Display_Retarget,20261004,Desktop,Ostatné SR,12166,71,0.58%,41.3,,7501
Energy_Client_SK,ProduktLaunch26_Programmatic,IO_ProduktLaunch26_Display,LI_Display_Prospecting,20260913,Desktop,Bratislavský kraj,13314,38,0.29%,28.6,,8211
Energy_Client_SK,ProduktLaunch26_Programmatic,IO_ProduktLaunch26_Display,LI_Display_Prospecting,20260919,Tablet,Ostatné SR,4842,28,0.58%,14.17,,2671
Energy_Client_SK,ProduktLaunch26_Programmatic,IO_ProduktLaunch26_Display,LI_Display_Retarget,20260920,Mobile,Ostatné SR,15172,94,0.62%,34.31,0.0,8415
Energy_Client_SK,ProduktLaunch26_Programmatic,IO_ProduktLaunch26_Video,LI_Audio_Awareness,20261010,Mobile,Bratislavský kraj,9672,48,0.49%,22.13,,6917
Energy_Client_SK,ProduktLaunch26_Programmatic,IO_ProduktLaunch26_Display,LI_Display_Retarget,20261010,Mobile,Košický kraj,8925,37,0.41%,30.94,,6472
Energy_Client_SK,ProduktLaunch26_Programmatic,IO_ProduktLaunch26_Video,LI_Video_Retarget,20261025,Connected TV,Košický kraj,7780,78,1.01%,29.63,,5499
Energy_Client_SK,ProduktLaunch26_Programmatic,IO_ProduktLaunch26_Display,LI_Native_Prospecting,20261023,Mobile,Ostatné SR,11155,49,0.44%,42.01,,6205
Energy_Client_SK,ProduktLaunch26_Programmatic,IO_ProduktLaunch26_Video,LI_Audio_Awareness,20260819,Tablet,Ostatné SR,5703,16,0.28%,11.59,,3514
Energy_Client_SK,ProduktLaunch26_Programmatic,IO_ProduktLaunch26_Video,LI_Video_Retarget,20260913,Connected TV,Košický kraj,6175,45,0.73%,32.55,0.0,4080
Energy_Client_SK,ProduktLaunch26_Programmatic,IO_ProduktLaunch26_Display,LI_Display_Prospecting,20260910,Desktop,Bratislavský kraj,13480,80,0.59%,39.89,0.0,9396
Energy_Client_SK,ProduktLaunch26_Programmatic,IO_ProduktLaunch26_Display,LI_Native_Prospecting,20260927,Desktop,Košický kraj,9372,61,0.65%,25.71,0.0,6903
Energy_Client_SK,ProduktLaunch26_Programmatic,IO_ProduktLaunch26_Video,LI_Video_Retarget,20260904,Desktop,Košický kraj,6119,60,0.98%,27.09,0.0,4594
Energy_Client_SK,ProduktLaunch26_Programmatic,IO_ProduktLaunch26_Video,LI_Audio_Awareness,20260821,Connected TV,Bratislavský kraj,5611,24,0.43%,13.93,0.0,4059
Energy_Client_SK,ProduktLaunch26_Programmatic,IO_ProduktLaunch26_Display,LI_Display_Prospecting,20261019,Desktop,Bratislavský kraj,14392,41,0.29%,44.61,,9605
Energy_Client_SK,ProduktLaunch26_Programmatic,IO_ProduktLaunch26_Video,LI_Audio_Awareness,20260929,Mobile,Bratislavský kraj,11203,43,0.38%,19.24,,8470
Energy_Client_SK,ProduktLaunch26_Programmatic,IO_ProduktLaunch26_Display,LI_Display_Prospecting,20260928,Desktop,Bratislavský kraj,14741,60,0.41%,36.52,0.0,8772
Energy_Client_SK,ProduktLaunch26_Programmatic,IO_ProduktLaunch26_Display,LI_Native_Prospecting,20260915,Connected TV,Košický kraj,4996,24,0.47%,16.31,0.0,3135
Energy_Client_SK,ProduktLaunch26_Programmatic,IO_ProduktLaunch26_Display,LI_Display_Retarget,20260816,Tablet,Bratislavský kraj,9365,31,0.33%,23.22,,5399
Energy_Client_SK,ProduktLaunch26_Programmatic,IO_ProduktLaunch26_Display,LI_Native_Prospecting,20260924,Desktop,Ostatné SR,6586,36,0.55%,15.89,,3790
Energy_Client_SK,ProduktLaunch26_Programmatic,IO_ProduktLaunch26_Video,LI_Video_Retarget,20261008,Mobile,Bratislavský kraj,14074,117,0.83%,61.92,0.0,10636
Energy_Client_SK,ProduktLaunch26_Programmatic,IO_ProduktLaunch26_Display,LI_Display_Prospecting,20261023,Connected TV,Košický kraj,6680,21,0.31%,16.0,,4823
Energy_Client_SK,ProduktLaunch26_Programmatic,IO_ProduktLaunch26_Display,LI_Display_Prospecting,20260920,Connected TV,Ostatné SR,7278,31,0.42%,21.97,0.0,5008
Energy_Client_SK,ProduktLaunch26_Programmatic,IO_ProduktLaunch26_Display,LI_Native_Prospecting,20260902,Connected TV,Bratislavský kraj,9423,54,0.57%,34.24,0.0,5360
Energy_Client_SK,ProduktLaunch26_Programmatic,IO_ProduktLaunch26_Video,LI_Audio_Awareness,20260918,Connected TV,Ostatné SR,5948,25,0.42%,15.27,0.0,3865
Energy_Client_SK,ProduktLaunch26_Programmatic,IO_ProduktLaunch26_Video,LI_Video_Prospecting,20260915,Connected TV,Ostatné SR,7945,45,0.57%,36.6,,6154
Energy_Client_SK,ProduktLaunch26_Programmatic,IO_ProduktLaunch26_Display,LI_Display_Prospecting,20260930,Mobile,Bratislavský kraj,17866,101,0.56%,33.19,,12819
Energy_Client_SK,ProduktLaunch26_Programmatic,IO_ProduktLaunch26_Display,LI_Display_Retarget,20260824,Connected TV,Košický kraj,4196,13,0.31%,13.46,,2601
Energy_Client_SK,ProduktLaunch26_Programmatic,IO_ProduktLaunch26_Video,LI_Video_Prospecting,20261014,Tablet,Košický kraj,6152,50,0.81%,23.51,0.0,4216
Energy_Client_SK,ProduktLaunch26_Programmatic,IO_ProduktLaunch26_Video,LI_Audio_Awareness,20260911,Tablet,Ostatné SR,4317,20,0.47%,10.36,,2564
Energy_Client_SK,ProduktLaunch26_Programmatic,IO_ProduktLaunch26_Video,LI_Audio_Awareness,20260903,Tablet,Košický kraj,2188,5,0.21%,5.57,,1510
Energy_Client_SK,ProduktLaunch26_Programmatic,IO_ProduktLaunch26_Display,LI_Native_Prospecting,20260913,Connected TV,Košický kraj,3775,17,0.45%,12.25,,2510
Energy_Client_SK,ProduktLaunch26_Programmatic,IO_ProduktLaunch26_Display,LI_Native_Prospecting,20260826,Connected TV,Bratislavský kraj,5010,35,0.69%,18.15,0.0,3240
Energy_Client_SK,ProduktLaunch26_Programmatic,IO_ProduktLaunch26_Video,LI_Audio_Awareness,20260930,Tablet,Ostatné SR,4123,13,0.31%,8.13,,2639
Energy_Client_SK,ProduktLaunch26_Programmatic,IO_ProduktLaunch26_Video,LI_Video_Retarget,20261018,Connected TV,Košický kraj,6810,40,0.58%,30.78,,5265
Energy_Client_SK,ProduktLaunch26_Programmatic,IO_ProduktLaunch26_Video,LI_Audio_Awareness,20261005,Desktop,Ostatné SR,8646,23,0.27%,21.37,0.0,5111
Energy_Client_SK,ProduktLaunch26_Programmatic,IO_ProduktLaunch26_Display,LI_Display_Prospecting,20260916,Connected TV,Bratislavský kraj,10752,64,0.6%,21.65,0.0,7363
Energy_Client_SK,ProduktLaunch26_Programmatic,IO_ProduktLaunch26_Display,LI_Native_Prospecting,20261004,Connected TV,Košický kraj,3057,15,0.49%,10.49,,2011
Energy_Client_SK,ProduktLaunch26_Programmatic,IO_ProduktLaunch26_Display,LI_Display_Prospecting,20260911,Desktop,Bratislavský kraj,16714,67,0.4%,36.73,,9303
Energy_Client_SK,ProduktLaunch26_Programmatic,IO_ProduktLaunch26_Video,LI_Video_Prospecting,20260916,Tablet,Košický kraj,3572,15,0.43%,13.54,,2506
Energy_Client_SK,ProduktLaunch26_Programmatic,IO_ProduktLaunch26_Video,LI_Audio_Awareness,20260907,Connected TV,Košický kraj,4700,13,0.28%,10.92,,3206
Energy_Client_SK,ProduktLaunch26_Programmatic,IO_ProduktLaunch26_Video,LI_Audio_Awareness,20261018,Mobile,Bratislavský kraj,19206,88,0.46%,45.92,0.0,11871
Energy_Client_SK,ProduktLaunch26_Programmatic,IO_ProduktLaunch26_Display,LI_Native_Prospecting,20260905,Tablet,Košický kraj,2474,20,0.8%,9.36,0.0,1631
Energy_Client_SK,ProduktLaunch26_Programmatic,IO_ProduktLaunch26_Video,LI_Audio_Awareness,20260903,Mobile,Košický kraj,9799,47,0.48%,25.3,,6066
Energy_Client_SK,ProduktLaunch26_Programmatic,IO_ProduktLaunch26_Display,LI_Display_Prospecting,20261010,Desktop,Bratislavský kraj,17051,88,0.52%,34.97,,11839
Energy_Client_SK,ProduktLaunch26_Programmatic,IO_ProduktLaunch26_Video,LI_Video_Retarget,20261012,Mobile,Bratislavský kraj,20571,106,0.52%,65.91,0.0,13239
Energy_Client_SK,ProduktLaunch26_Programmatic,IO_ProduktLaunch26_Display,LI_Display_Prospecting,20260924,Tablet,Košický kraj,3757,21,0.56%,7.82,,2279
Energy_Client_SK,ProduktLaunch26_Programmatic,IO_ProduktLaunch26_Display,LI_Display_Prospecting,20260915,Desktop,Bratislavský kraj,16781,60,0.36%,35.92,,12944
Energy_Client_SK,ProduktLaunch26_Programmatic,IO_ProduktLaunch26_Video,LI_Video_Prospecting,20260828,Connected TV,Košický kraj,6104,51,0.84%,18.99,,4690
Energy_Client_SK,ProduktLaunch26_Programmatic,IO_ProduktLaunch26_Display,LI_Display_Retarget,20261028,Tablet,Košický kraj,4895,27,0.55%,9.94,0.0,2780
Energy_Client_SK,ProduktLaunch26_Programmatic,IO_ProduktLaunch26_Video,LI_Video_Prospecting,20261008,Connected TV,Ostatné SR,12290,79,0.65%,50.24,,9750
Energy_Client_SK,ProduktLaunch26_Programmatic,IO_ProduktLaunch26_Video,LI_Video_Prospecting,20260821,Mobile,Košický kraj,11221,56,0.5%,43.03,0.0,6396
Energy_Client_SK,ProduktLaunch26_Programmatic,IO_ProduktLaunch26_Video,LI_Audio_Awareness,20261021,Connected TV,Bratislavský kraj,9360,28,0.3%,23.92,,7247
Energy_Client_SK,ProduktLaunch26_Programmatic,IO_ProduktLaunch26_Display,LI_Native_Prospecting,20260920,Mobile,Košický kraj,9254,52,0.57%,30.28,,5276
Energy_Client_SK,ProduktLaunch26_Programmatic,IO_ProduktLaunch26_Video,LI_Audio_Awareness,20261027,Connected TV,Ostatné SR,7569,29,0.39%,17.91,0.0,4836
Energy_Client_SK,ProduktLaunch26_Programmatic,IO_ProduktLaunch26_Display,LI_Display_Retarget,20260921,Mobile,Bratislavský kraj,14479,89,0.61%,44.09,,11280
Energy_Client_SK,ProduktLaunch26_Programmatic,IO_ProduktLaunch26_Video,LI_Video_Prospecting,20260821,Desktop,Ostatné SR,8665,39,0.46%,41.54,,6210
Energy_Client_SK,ProduktLaunch26_Programmatic,IO_ProduktLaunch26_Display,LI_Display_Retarget,20260913,Connected TV,Košický kraj,3240,11,0.34%,6.49,0.0,2135
Energy_Client_SK,ProduktLaunch26_Programmatic,IO_ProduktLaunch26_Display,LI_Native_Prospecting,20261021,Mobile,Košický kraj,5365,35,0.64%,16.99,,3095
Energy_Client_SK,ProduktLaunch26_Programmatic,IO_ProduktLaunch26_Display,LI_Native_Prospecting,20260921,Mobile,Ostatné SR,9683,40,0.41%,33.68,0.0,6044
Energy_Client_SK,ProduktLaunch26_Programmatic,IO_ProduktLaunch26_Display,LI_Display_Prospecting,20260827,Desktop,Bratislavský kraj,11251,60,0.53%,23.11,,6270
Energy_Client_SK,ProduktLaunch26_Programmatic,IO_ProduktLaunch26_Video,LI_Audio_Awareness,20261004,Tablet,Bratislavský kraj,5313,26,0.5%,11.83,,3208
Energy_Client_SK,ProduktLaunch26_Programmatic,IO_ProduktLaunch26_Display,LI_Native_Prospecting,20261020,Tablet,Košický kraj,4086,17,0.42%,12.15,,2831
Energy_Client_SK,ProduktLaunch26_Programmatic,IO_ProduktLaunch26_Display,LI_Native_Prospecting,20261009,Desktop,Košický kraj,4426,24,0.54%,14.2,,2928
Energy_Client_SK,ProduktLaunch26_Programmatic,IO_ProduktLaunch26_Display,LI_Display_Prospecting,20260830,Desktop,Bratislavský kraj,10094,28,0.27%,19.04,0.0,6140
Energy_Client_SK,ProduktLaunch26_Programmatic,IO_ProduktLaunch26_Display,LI_Display_Prospecting,20261001,Mobile,Bratislavský kraj,17083,72,0.42%,52.76,,11085
Energy_Client_SK,ProduktLaunch26_Programmatic,IO_ProduktLaunch26_Display,LI_Display_Retarget,20261027,Connected TV,Ostatné SR,7722,26,0.34%,20.67,,5895
Energy_Client_SK,ProduktLaunch26_Programmatic,IO_ProduktLaunch26_Display,LI_Display_Retarget,20260825,Mobile,Košický kraj,7711,27,0.35%,15.87,0.0,5804
Energy_Client_SK,ProduktLaunch26_Programmatic,IO_ProduktLaunch26_Video,LI_Audio_Awareness,20260823,Tablet,Ostatné SR,4727,14,0.29%,9.68,,3473
Energy_Client_SK,ProduktLaunch26_Programmatic,IO_ProduktLaunch26_Display,LI_Display_Prospecting,20260831,Desktop,Ostatné SR,9439,44,0.47%,28.18,0.0,6186
Energy_Client_SK,ProduktLaunch26_Programmatic,IO_ProduktLaunch26_Video,LI_Video_Retarget,20261001,Mobile,Ostatné SR,11913,78,0.65%,50.23,0.0,6889
Energy_Client_SK,ProduktLaunch26_Programmatic,IO_ProduktLaunch26_Video,LI_Video_Retarget,20260905,Tablet,Košický kraj,3015,29,0.96%,12.6,0.0,1692
Energy_Client_SK,ProduktLaunch26_Programmatic,IO_ProduktLaunch26_Video,LI_Video_Prospecting,20260926,Tablet,Košický kraj,7064,29,0.41%,23.82,,4770
Energy_Client_SK,ProduktLaunch26_Programmatic,IO_ProduktLaunch26_Display,LI_Display_Prospecting,20261005,Connected TV,Košický kraj,3650,22,0.6%,11.58,,2190
Energy_Client_SK,ProduktLaunch26_Programmatic,IO_ProduktLaunch26_Video,LI_Video_Retarget,20260903,Desktop,Bratislavský kraj,16210,167,1.03%,66.83,0.0,9803
Energy_Client_SK,ProduktLaunch26_Programmatic,IO_ProduktLaunch26_Video,LI_Video_Retarget,20260907,Mobile,Košický kraj,11818,125,1.06%,41.87,,6669
Energy_Client_SK,ProduktLaunch26_Programmatic,IO_ProduktLaunch26_Display,LI_Native_Prospecting,20260823,Tablet,Košický kraj,3604,23,0.64%,9.1,,2649
Energy_Client_SK,ProduktLaunch26_Programmatic,IO_ProduktLaunch26_Display,LI_Display_Prospecting,20260828,Mobile,Bratislavský kraj,14563,38,0.26%,45.64,0.0,8813
Energy_Client_SK,ProduktLaunch26_Programmatic,IO_ProduktLaunch26_Display,LI_Display_Retarget,20260820,Connected TV,Ostatné SR,5682,32,0.57%,15.19,,3809
Energy_Client_SK,ProduktLaunch26_Programmatic,IO_ProduktLaunch26_Display,LI_Native_Prospecting,20261015,Connected TV,Bratislavský kraj,7503,41,0.54%,26.65,0.0,5930
Energy_Client_SK,ProduktLaunch26_Programmatic,IO_ProduktLaunch26_Video,LI_Video_Prospecting,20260819,Connected TV,Ostatné SR,11936,48,0.4%,42.57,0.0,9046
Energy_Client_SK,ProduktLaunch26_Programmatic,IO_ProduktLaunch26_Video,LI_Video_Prospecting,20260921,Desktop,Ostatné SR,9143,45,0.49%,34.62,0.0,5750
Energy_Client_SK,ProduktLaunch26_Programmatic,IO_ProduktLaunch26_Video,LI_Audio_Awareness,20260922,Desktop,Košický kraj,7129,22,0.31%,12.21,0.0,3994
Energy_Client_SK,ProduktLaunch26_Programmatic,IO_ProduktLaunch26_Display,LI_Display_Retarget,20261024,Tablet,Ostatné SR,5167,28,0.54%,17.36,,3842
Energy_Client_SK,ProduktLaunch26_Programmatic,IO_ProduktLaunch26_Display,LI_Display_Retarget,20260902,Mobile,Bratislavský kraj,10142,36,0.36%,34.05,,6722
Energy_Client_SK,ProduktLaunch26_Programmatic,IO_ProduktLaunch26_Video,LI_Video_Prospecting,20260919,Connected TV,Bratislavský kraj,7844,57,0.72%,36.01,,5324
Energy_Client_SK,ProduktLaunch26_Programmatic,IO_ProduktLaunch26_Video,LI_Video_Retarget,20261028,Connected TV,Košický kraj,7847,62,0.79%,32.24,0.0,5294
Energy_Client_SK,ProduktLaunch26_Programmatic,IO_ProduktLaunch26_Video,LI_Audio_Awareness,20260905,Tablet,Ostatné SR,3618,12,0.33%,6.18,0.0,2840
Energy_Client_SK,ProduktLaunch26_Programmatic,IO_ProduktLaunch26_Video,LI_Video_Retarget,20261017,Connected TV,Bratislavský kraj,11149,86,0.77%,53.98,0.0,6410
Energy_Client_SK,ProduktLaunch26_Programmatic,IO_ProduktLaunch26_Video,LI_Video_Retarget,20260914,Connected TV,Ostatné SR,7206,51,0.7%,32.65,,5256
Energy_Client_SK,ProduktLaunch26_Programmatic,IO_ProduktLaunch26_Display,LI_Display_Retarget,20261001,Desktop,Bratislavský kraj,16817,105,0.62%,54.85,,12526
Energy_Client_SK,ProduktLaunch26_Programmatic,IO_ProduktLaunch26_Display,LI_Display_Retarget,20260829,Mobile,Košický kraj,8022,55,0.69%,22.92,,4665
Energy_Client_SK,ProduktLaunch26_Programmatic,IO_ProduktLaunch26_Display,LI_Display_Prospecting,20260907,Desktop,Bratislavský kraj,18059,63,0.35%,43.54,,10835
Energy_Client_SK,ProduktLaunch26_Programmatic,IO_ProduktLaunch26_Display,LI_Native_Prospecting,20260926,Connected TV,Bratislavský kraj,6454,29,0.45%,20.8,0.0,4349
Energy_Client_SK,ProduktLaunch26_Programmatic,IO_ProduktLaunch26_Video,LI_Video_Retarget,20261025,Desktop,Ostatné SR,11882,77,0.65%,53.92,,8375
Energy_Client_SK,ProduktLaunch26_Programmatic,IO_ProduktLaunch26_Video,LI_Video_Retarget,20260922,Tablet,Ostatné SR,6432,60,0.93%,22.81,,3580
Energy_Client_SK,ProduktLaunch26_Programmatic,IO_ProduktLaunch26_Video,LI_Video_Retarget,20260828,Connected TV,Košický kraj,8742,74,0.85%,33.91,0.0,6058
Energy_Client_SK,ProduktLaunch26_Programmatic,IO_ProduktLaunch26_Display,LI_Native_Prospecting,20261024,Mobile,Košický kraj,7522,56,0.74%,17.54,,5023
Energy_Client_SK,ProduktLaunch26_Programmatic,IO_ProduktLaunch26_Video,LI_Audio_Awareness,20260823,Tablet,Bratislavský kraj,8347,34,0.41%,16.92,,6672
Energy_Client_SK,ProduktLaunch26_Programmatic,IO_ProduktLaunch26_Video,LI_Video_Prospecting,20261028,Desktop,Košický kraj,11246,87,0.77%,51.12,,7915
Energy_Client_SK,ProduktLaunch26_Programmatic,IO_ProduktLaunch26_Video,LI_Audio_Awareness,20260816,Mobile,Ostatné SR,9868,31,0.32%,17.25,0.0,5896
Energy_Client_SK,ProduktLaunch26_Programmatic,IO_ProduktLaunch26_Video,LI_Audio_Awareness,20260913,Tablet,Ostatné SR,3049,11,0.35%,7.81,,1936
Energy_Client_SK,ProduktLaunch26_Programmatic,IO_ProduktLaunch26_Video,LI_Audio_Awareness,20260922,Tablet,Ostatné SR,3802,12,0.3%,6.83,0.0,2744
Energy_Client_SK,ProduktLaunch26_Programmatic,IO_ProduktLaunch26_Display,LI_Native_Prospecting,20260907,Connected TV,Ostatné SR,6695,42,0.63%,23.37,,4881
Energy_Client_SK,ProduktLaunch26_Programmatic,IO_ProduktLaunch26_Display,LI_Display_Prospecting,20260920,Desktop,Košický kraj,8755,40,0.46%,24.18,,6888
Energy_Client_SK,ProduktLaunch26_Programmatic,IO_ProduktLaunch26_Display,LI_Display_Retarget,20260929,Connected TV,Ostatné SR,6622,44,0.66%,22.68,0.0,4410
Energy_Client_SK,ProduktLaunch26_Programmatic,IO_ProduktLaunch26_Video,LI_Audio_Awareness,20261001,Desktop,Košický kraj,5037,22,0.45%,8.72,0.0,2872
Energy_Client_SK,ProduktLaunch26_Programmatic,IO_ProduktLaunch26_Video,LI_Video_Retarget,20261025,Tablet,Ostatné SR,5574,58,1.04%,21.99,,3495
Energy_Client_SK,ProduktLaunch26_Programmatic,IO_ProduktLaunch26_Video,LI_Video_Retarget,20260826,Mobile,Ostatné SR,16672,141,0.85%,70.74,0.0,10307
Energy_Client_SK,ProduktLaunch26_Programmatic,IO_ProduktLaunch26_Video,LI_Video_Retarget,20261008,Connected TV,Ostatné SR,5702,46,0.81%,28.8,0.0,4373
Energy_Client_SK,ProduktLaunch26_Programmatic,IO_ProduktLaunch26_Video,LI_Video_Prospecting,20260914,Tablet,Ostatné SR,8203,70,0.85%,32.94,0.0,4573
Energy_Client_SK,ProduktLaunch26_Programmatic,IO_ProduktLaunch26_Video,LI_Audio_Awareness,20261028,Mobile,Ostatné SR,6170,21,0.34%,15.3,,3689
Energy_Client_SK,ProduktLaunch26_Programmatic,IO_ProduktLaunch26_Video,LI_Audio_Awareness,20260905,Desktop,Ostatné SR,9143,26,0.29%,19.57,,6371
Energy_Client_SK,ProduktLaunch26_Programmatic,IO_ProduktLaunch26_Video,LI_Video_Retarget,20260911,Mobile,Ostatné SR,10194,52,0.51%,41.18,0.0,7366
Energy_Client_SK,ProduktLaunch26_Programmatic,IO_ProduktLaunch26_Video,LI_Video_Retarget,20260831,Connected TV,Ostatné SR,10511,96,0.91%,38.94,0.0,6886
Energy_Client_SK,ProduktLaunch26_Programmatic,IO_ProduktLaunch26_Display,LI_Display_Retarget,20260815,Tablet,Košický kraj,3923,13,0.34%,10.69,0.0,2259
Energy_Client_SK,ProduktLaunch26_Programmatic,IO_ProduktLaunch26_Display,LI_Display_Retarget,20261010,Connected TV,Košický kraj,5415,32,0.59%,11.3,,3559
Energy_Client_SK,ProduktLaunch26_Programmatic,IO_ProduktLaunch26_Display,LI_Native_Prospecting,20261001,Connected TV,Ostatné SR,6023,39,0.66%,13.77,0.0,3313
Energy_Client_SK,ProduktLaunch26_Programmatic,IO_ProduktLaunch26_Video,LI_Video_Prospecting,20261002,Mobile,Košický kraj,17201,69,0.4%,84.18,,11599
Energy_Client_SK,ProduktLaunch26_Programmatic,IO_ProduktLaunch26_Video,LI_Audio_Awareness,20260831,Mobile,Košický kraj,10762,40,0.38%,26.65,,7684
Energy_Client_SK,ProduktLaunch26_Programmatic,IO_ProduktLaunch26_Display,LI_Display_Prospecting,20261009,Desktop,Bratislavský kraj,17425,66,0.38%,47.49,,10683
Energy_Client_SK,ProduktLaunch26_Programmatic,IO_ProduktLaunch26_Video,LI_Video_Prospecting,20260830,Tablet,Ostatné SR,8387,73,0.87%,39.81,,5814
Energy_Client_SK,ProduktLaunch26_Programmatic,IO_ProduktLaunch26_Display,LI_Native_Prospecting,20261003,Tablet,Ostatné SR,3026,20,0.67%,7.96,,2096
Energy_Client_SK,ProduktLaunch26_Programmatic,IO_ProduktLaunch26_Video,LI_Video_Retarget,20260927,Tablet,Bratislavský kraj,6470,58,0.89%,21.73,,4900
Energy_Client_SK,ProduktLaunch26_Programmatic,IO_ProduktLaunch26_Display,LI_Native_Prospecting,20261019,Tablet,Bratislavský kraj,6988,42,0.6%,26.12,0.0,4548
Energy_Client_SK,ProduktLaunch26_Programmatic,IO_ProduktLaunch26_Video,LI_Audio_Awareness,20261012,Mobile,Bratislavský kraj,15227,48,0.31%,26.83,,11582
Energy_Client_SK,ProduktLaunch26_Programmatic,IO_ProduktLaunch26_Video,LI_Audio_Awareness,20260823,Desktop,Ostatné SR,11814,40,0.33%,18.82,,9100
Energy_Client_SK,ProduktLaunch26_Programmatic,IO_ProduktLaunch26_Display,LI_Display_Retarget,20261027,Desktop,Ostatné SR,12039,46,0.38%,38.78,0.0,7409
Energy_Client_SK,ProduktLaunch26_Programmatic,IO_ProduktLaunch26_Display,LI_Display_Prospecting,20260917,Desktop,Bratislavský kraj,13022,41,0.31%,24.31,0.0,9058
Energy_Client_SK,ProduktLaunch26_Programmatic,IO_ProduktLaunch26_Video,LI_Video_Retarget,20260929,Connected TV,Bratislavský kraj,10770,80,0.74%,47.69,,6916
Energy_Client_SK,ProduktLaunch26_Programmatic,IO_ProduktLaunch26_Display,LI_Display_Retarget,20260913,Mobile,Košický kraj,9497,49,0.51%,22.64,,5231
Energy_Client_SK,ProduktLaunch26_Programmatic,IO_ProduktLaunch26_Display,LI_Native_Prospecting,20260919,Connected TV,Košický kraj,5379,39,0.72%,19.34,,2994
Energy_Client_SK,ProduktLaunch26_Programmatic,IO_ProduktLaunch26_Display,LI_Display_Prospecting,20260918,Tablet,Košický kraj,3713,17,0.47%,9.03,,2251
Energy_Client_SK,ProduktLaunch26_Programmatic,IO_ProduktLaunch26_Display,LI_Display_Prospecting,20260819,Mobile,Bratislavský kraj,23725,123,0.52%,57.28,,13873
Energy_Client_SK,ProduktLaunch26_Programmatic,IO_ProduktLaunch26_Display,LI_Native_Prospecting,20260910,Tablet,Košický kraj,2203,15,0.66%,5.74,,1760
Energy_Client_SK,ProduktLaunch26_Programmatic,IO_ProduktLaunch26_Display,LI_Display_Retarget,20261004,Connected TV,Bratislavský kraj,8538,50,0.58%,24.82,,6120
Energy_Client_SK,ProduktLaunch26_Programmatic,IO_ProduktLaunch26_Display,LI_Display_Retarget,20260903,Mobile,Košický kraj,6940,39,0.56%,19.63,0.0,5519
Energy_Client_SK,ProduktLaunch26_Programmatic,IO_ProduktLaunch26_Display,LI_Native_Prospecting,20261025,Tablet,Bratislavský kraj,7086,41,0.58%,25.38,,5454
Energy_Client_SK,ProduktLaunch26_Programmatic,IO_ProduktLaunch26_Display,LI_Native_Prospecting,20261025,Desktop,Košický kraj,4834,35,0.71%,12.63,0.0,3817
Energy_Client_SK,ProduktLaunch26_Programmatic,IO_ProduktLaunch26_Video,LI_Audio_Awareness,20261021,Connected TV,Ostatné SR,7727,22,0.29%,16.8,,4498
Energy_Client_SK,ProduktLaunch26_Programmatic,IO_ProduktLaunch26_Video,LI_Video_Retarget,20260929,Connected TV,Ostatné SR,4983,40,0.8%,17.61,,3382
Energy_Client_SK,ProduktLaunch26_Programmatic,IO_ProduktLaunch26_Video,LI_Audio_Awareness,20261021,Desktop,Ostatné SR,11811,35,0.3%,20.11,0.0,7531
Energy_Client_SK,ProduktLaunch26_Programmatic,IO_ProduktLaunch26_Video,LI_Audio_Awareness,20260822,Mobile,Košický kraj,5515,14,0.26%,12.04,0.0,3938
Energy_Client_SK,ProduktLaunch26_Programmatic,IO_ProduktLaunch26_Display,LI_Display_Prospecting,20261016,Mobile,Ostatné SR,13656,43,0.31%,35.94,0.0,8977
Energy_Client_SK,ProduktLaunch26_Programmatic,IO_ProduktLaunch26_Display,LI_Display_Retarget,20260929,Mobile,Košický kraj,8825,43,0.48%,23.94,0.0,5982
Energy_Client_SK,ProduktLaunch26_Programmatic,IO_ProduktLaunch26_Video,LI_Audio_Awareness,20260821,Tablet,Košický kraj,2778,7,0.25%,6.45,,1895
Energy_Client_SK,ProduktLaunch26_Programmatic,IO_ProduktLaunch26_Video,LI_Video_Retarget,20260822,Tablet,Košický kraj,5845,58,0.99%,29.1,0.0,3768
Energy_Client_SK,ProduktLaunch26_Programmatic,IO_ProduktLaunch26_Display,LI_Display_Retarget,20260912,Mobile,Bratislavský kraj,17148,61,0.36%,48.78,,10789
Energy_Client_SK,ProduktLaunch26_Programmatic,IO_ProduktLaunch26_Video,LI_Video_Prospecting,20260820,Tablet,Košický kraj,6239,33,0.54%,28.94,,3906
Energy_Client_SK,ProduktLaunch26_Programmatic,IO_ProduktLaunch26_Display,LI_Display_Prospecting,20261021,Mobile,Ostatné SR,16551,54,0.33%,40.17,,9883
Energy_Client_SK,ProduktLaunch26_Programmatic,IO_ProduktLaunch26_Video,LI_Video_Prospecting,20260915,Desktop,Ostatné SR,15474,128,0.83%,68.33,0.0,12161
Energy_Client_SK,ProduktLaunch26_Programmatic,IO_ProduktLaunch26_Display,LI_Display_Prospecting,20260925,Mobile,Bratislavský kraj,14546,59,0.41%,41.15,,9899
Energy_Client_SK,ProduktLaunch26_Programmatic,IO_ProduktLaunch26_Video,LI_Audio_Awareness,20261013,Mobile,Bratislavský kraj,8704,23,0.26%,19.78,,6562
Energy_Client_SK,ProduktLaunch26_Programmatic,IO_ProduktLaunch26_Display,LI_Native_Prospecting,20260830,Mobile,Bratislavský kraj,11778,54,0.46%,32.1,,8465
Energy_Client_SK,ProduktLaunch26_Programmatic,IO_ProduktLaunch26_Video,LI_Video_Retarget,20260831,Desktop,Bratislavský kraj,20399,127,0.62%,93.14,,15024
Energy_Client_SK,ProduktLaunch26_Programmatic,IO_ProduktLaunch26_Video,LI_Video_Retarget,20260907,Tablet,Bratislavský kraj,5959,36,0.61%,23.84,,3415
Energy_Client_SK,ProduktLaunch26_Programmatic,IO_ProduktLaunch26_Video,LI_Video_Prospecting,20260816,Connected TV,Košický kraj,9505,77,0.81%,45.75,0.0,7301
Energy_Client_SK,ProduktLaunch26_Programmatic,IO_ProduktLaunch26_Display,LI_Display_Prospecting,20261008,Connected TV,Košický kraj,6657,19,0.28%,18.72,0.0,4617
Energy_Client_SK,ProduktLaunch26_Programmatic,IO_ProduktLaunch26_Display,LI_Native_Prospecting,20261028,Desktop,Bratislavský kraj,8764,63,0.72%,29.68,,4924
Energy_Client_SK,ProduktLaunch26_Programmatic,IO_ProduktLaunch26_Video,LI_Video_Prospecting,20260821,Tablet,Bratislavský kraj,7478,51,0.68%,23.6,,5033
Energy_Client_SK,ProduktLaunch26_Programmatic,IO_ProduktLaunch26_Video,LI_Video_Retarget,20260926,Tablet,Ostatné SR,6557,56,0.86%,23.85,0.0,5027
Energy_Client_SK,ProduktLaunch26_Programmatic,IO_ProduktLaunch26_Video,LI_Video_Prospecting,20260927,Tablet,Bratislavský kraj,10280,88,0.86%,46.43,0.0,7508
Energy_Client_SK,ProduktLaunch26_Programmatic,IO_ProduktLaunch26_Video,LI_Audio_Awareness,20261006,Connected TV,Bratislavský kraj,6070,22,0.36%,13.1,,3823
Energy_Client_SK,ProduktLaunch26_Programmatic,IO_ProduktLaunch26_Video,LI_Video_Retarget,20260819,Connected TV,Košický kraj,7028,55,0.79%,36.79,,4949
Energy_Client_SK,ProduktLaunch26_Programmatic,IO_ProduktLaunch26_Video,LI_Audio_Awareness,20261022,Tablet,Bratislavský kraj,7308,34,0.46%,12.88,,4613
Energy_Client_SK,ProduktLaunch26_Programmatic,IO_ProduktLaunch26_Display,LI_Display_Prospecting,20261002,Desktop,Ostatné SR,10008,58,0.58%,28.21,0.0,6262
Energy_Client_SK,ProduktLaunch26_Programmatic,IO_ProduktLaunch26_Video,LI_Video_Retarget,20260912,Desktop,Ostatné SR,10924,79,0.72%,43.84,0.0,8261
Energy_Client_SK,ProduktLaunch26_Programmatic,IO_ProduktLaunch26_Video,LI_Video_Prospecting,20261025,Tablet,Bratislavský kraj,9053,68,0.75%,32.4,,7213
Energy_Client_SK,ProduktLaunch26_Programmatic,IO_ProduktLaunch26_Display,LI_Display_Retarget,20260823,Desktop,Bratislavský kraj,11581,64,0.55%,33.73,,7535
Energy_Client_SK,ProduktLaunch26_Programmatic,IO_ProduktLaunch26_Display,LI_Display_Retarget,20260817,Connected TV,Košický kraj,4584,23,0.49%,9.52,0.0,3666
Energy_Client_SK,ProduktLaunch26_Programmatic,IO_ProduktLaunch26_Display,LI_Native_Prospecting,20260914,Mobile,Bratislavský kraj,10583,72,0.68%,39.37,,6286
Energy_Client_SK,ProduktLaunch26_Programmatic,IO_ProduktLaunch26_Display,LI_Display_Prospecting,20260830,Mobile,Bratislavský kraj,18253,52,0.29%,37.49,,13640
Energy_Client_SK,ProduktLaunch26_Programmatic,IO_ProduktLaunch26_Display,LI_Display_Prospecting,20260819,Tablet,Košický kraj,6042,25,0.42%,13.27,,4065
Energy_Client_SK,ProduktLaunch26_Programmatic,IO_ProduktLaunch26_Video,LI_Video_Prospecting,20260930,Tablet,Bratislavský kraj,12544,95,0.76%,39.24,0.0,8549
Energy_Client_SK,ProduktLaunch26_Programmatic,IO_ProduktLaunch26_Video,LI_Video_Prospecting,20260905,Mobile,Košický kraj,16459,78,0.47%,49.86,,9809
Energy_Client_SK,ProduktLaunch26_Programmatic,IO_ProduktLaunch26_Video,LI_Audio_Awareness,20261023,Connected TV,Košický kraj,5876,22,0.37%,9.99,,4678
Energy_Client_SK,ProduktLaunch26_Programmatic,IO_ProduktLaunch26_Video,LI_Video_Prospecting,20260901,Connected TV,Košický kraj,5613,44,0.79%,21.16,0.0,4236
Energy_Client_SK,ProduktLaunch26_Programmatic,IO_ProduktLaunch26_Video,LI_Audio_Awareness,20260818,Mobile,Ostatné SR,11240,53,0.47%,18.7,0.0,8905
Energy_Client_SK,ProduktLaunch26_Programmatic,IO_ProduktLaunch26_Display,LI_Display_Retarget,20260912,Mobile,Košický kraj,12868,75,0.58%,33.79,,10245
Energy_Client_SK,ProduktLaunch26_Programmatic,IO_ProduktLaunch26_Display,LI_Native_Prospecting,20261022,Mobile,Bratislavský kraj,11623,83,0.72%,32.48,,7007
Energy_Client_SK,ProduktLaunch26_Programmatic,IO_ProduktLaunch26_Video,LI_Audio_Awareness,20260816,Desktop,Košický kraj,6540,28,0.42%,10.45,,4060
Energy_Client_SK,ProduktLaunch26_Programmatic,IO_ProduktLaunch26_Video,LI_Video_Prospecting,20260920,Desktop,Košický kraj,11051,46,0.41%,51.83,0.0,6158
Energy_Client_SK,ProduktLaunch26_Programmatic,IO_ProduktLaunch26_Video,LI_Audio_Awareness,20260911,Mobile,Bratislavský kraj,14702,36,0.24%,28.6,,9875
Energy_Client_SK,ProduktLaunch26_Programmatic,IO_ProduktLaunch26_Display,LI_Display_Prospecting,20261028,Mobile,Bratislavský kraj,11942,35,0.29%,30.45,,8871
Energy_Client_SK,ProduktLaunch26_Programmatic,IO_ProduktLaunch26_Video,LI_Video_Retarget,20261002,Tablet,Bratislavský kraj,9595,54,0.56%,33.32,,5362
Energy_Client_SK,ProduktLaunch26_Programmatic,IO_ProduktLaunch26_Display,LI_Native_Prospecting,20260927,Mobile,Bratislavský kraj,16518,103,0.63%,60.7,,12242
Energy_Client_SK,ProduktLaunch26_Programmatic,IO_ProduktLaunch26_Video,LI_Video_Retarget,20260915,Desktop,Ostatné SR,9807,57,0.58%,41.38,0.0,7210
Energy_Client_SK,ProduktLaunch26_Programmatic,IO_ProduktLaunch26_Video,LI_Audio_Awareness,20261025,Desktop,Bratislavský kraj,12659,58,0.46%,22.42,0.0,7725
Energy_Client_SK,ProduktLaunch26_Programmatic,IO_ProduktLaunch26_Display,LI_Display_Prospecting,20260821,Tablet,Bratislavský kraj,6269,22,0.35%,16.18,,3818
Energy_Client_SK,ProduktLaunch26_Programmatic,IO_ProduktLaunch26_Display,LI_Display_Prospecting,20260913,Connected TV,Bratislavský kraj,11088,47,0.42%,25.87,0.0,6338
Energy_Client_SK,ProduktLaunch26_Programmatic,IO_ProduktLaunch26_Video,LI_Video_Prospecting,20260904,Connected TV,Ostatné SR,12095,104,0.86%,50.12,,7830
Energy_Client_SK,ProduktLaunch26_Programmatic,IO_ProduktLaunch26_Display,LI_Display_Prospecting,20260918,Connected TV,Bratislavský kraj,11886,33,0.28%,31.42,0.0,6970
Energy_Client_SK,ProduktLaunch26_Programmatic,IO_ProduktLaunch26_Video,LI_Video_Retarget,20260926,Connected TV,Ostatné SR,10464,61,0.58%,54.67,0.0,6294
Energy_Client_SK,ProduktLaunch26_Programmatic,IO_ProduktLaunch26_Video,LI_Video_Retarget,20260825,Mobile,Ostatné SR,9467,65,0.69%,49.12,,5644
Energy_Client_SK,ProduktLaunch26_Programmatic,IO_ProduktLaunch26_Display,LI_Display_Retarget,20260825,Desktop,Košický kraj,9832,36,0.37%,29.9,,5738
Energy_Client_SK,ProduktLaunch26_Programmatic,IO_ProduktLaunch26_Video,LI_Video_Retarget,20260916,Desktop,Košický kraj,6812,41,0.61%,22.55,,4481
Energy_Client_SK,ProduktLaunch26_Programmatic,IO_ProduktLaunch26_Video,LI_Video_Retarget,20261022,Desktop,Ostatné SR,9840,81,0.82%,36.97,,6845
Energy_Client_SK,ProduktLaunch26_Programmatic,IO_ProduktLaunch26_Video,LI_Video_Retarget,20260918,Mobile,Bratislavský kraj,16392,110,0.67%,53.5,,10629
Energy_Client_SK,ProduktLaunch26_Programmatic,IO_ProduktLaunch26_Display,LI_Display_Prospecting,20261013,Tablet,Ostatné SR,4598,14,0.3%,8.63,,2977
Energy_Client_SK,ProduktLaunch26_Programmatic,IO_ProduktLaunch26_Display,LI_Display_Prospecting,20260923,Desktop,Košický kraj,5406,17,0.31%,15.75,,3932
Energy_Client_SK,ProduktLaunch26_Programmatic,IO_ProduktLaunch26_Display,LI_Native_Prospecting,20260821,Desktop,Bratislavský kraj,12146,67,0.55%,32.59,0.0,8695
Energy_Client_SK,ProduktLaunch26_Programmatic,IO_ProduktLaunch26_Display,LI_Native_Prospecting,20260821,Connected TV,Bratislavský kraj,8757,41,0.47%,30.32,,6028
Energy_Client_SK,ProduktLaunch26_Programmatic,IO_ProduktLaunch26_Display,LI_Native_Prospecting,20260910,Connected TV,Košický kraj,4831,25,0.52%,15.1,,3020
Energy_Client_SK,ProduktLaunch26_Programmatic,IO_ProduktLaunch26_Display,LI_Native_Prospecting,20260918,Connected TV,Ostatné SR,4643,24,0.51%,15.24,,2817
Energy_Client_SK,ProduktLaunch26_Programmatic,IO_ProduktLaunch26_Display,LI_Native_Prospecting,20260815,Desktop,Košický kraj,4259,26,0.61%,9.93,,3076
Energy_Client_SK,ProduktLaunch26_Programmatic,IO_ProduktLaunch26_Video,LI_Audio_Awareness,20260905,Connected TV,Košický kraj,5609,25,0.45%,9.38,0.0,4292
Energy_Client_SK,ProduktLaunch26_Programmatic,IO_ProduktLaunch26_Display,LI_Display_Prospecting,20260928,Mobile,Ostatné SR,9310,30,0.32%,22.9,,6922
Energy_Client_SK,ProduktLaunch26_Programmatic,IO_ProduktLaunch26_Display,LI_Display_Prospecting,20260823,Desktop,Košický kraj,6067,32,0.53%,18.18,,3398
Energy_Client_SK,ProduktLaunch26_Programmatic,IO_ProduktLaunch26_Display,LI_Display_Retarget,20260915,Mobile,Bratislavský kraj,14263,95,0.67%,31.51,,8083
Energy_Client_SK,ProduktLaunch26_Programmatic,IO_ProduktLaunch26_Display,LI_Native_Prospecting,20261023,Tablet,Košický kraj,2802,18,0.63%,9.15,,1685
Energy_Client_SK,ProduktLaunch26_Programmatic,IO_ProduktLaunch26_Video,LI_Video_Retarget,20260927,Connected TV,Košický kraj,8313,51,0.61%,42.1,0.0,5374
Energy_Client_SK,ProduktLaunch26_Programmatic,IO_ProduktLaunch26_Display,LI_Display_Retarget,20261001,Mobile,Bratislavský kraj,15214,101,0.67%,52.06,0.0,8927
Energy_Client_SK,ProduktLaunch26_Programmatic,IO_ProduktLaunch26_Video,LI_Audio_Awareness,20261007,Tablet,Bratislavský kraj,7400,33,0.45%,11.24,0.0,4079
Energy_Client_SK,ProduktLaunch26_Programmatic,IO_ProduktLaunch26_Display,LI_Display_Retarget,20261021,Mobile,Bratislavský kraj,20603,138,0.67%,60.96,,12297
Energy_Client_SK,ProduktLaunch26_Programmatic,IO_ProduktLaunch26_Display,LI_Display_Prospecting,20261012,Desktop,Ostatné SR,12707,34,0.27%,27.55,,8315
Energy_Client_SK,ProduktLaunch26_Programmatic,IO_ProduktLaunch26_Display,LI_Display_Prospecting,20260918,Desktop,Košický kraj,6571,25,0.39%,12.03,,4363
Energy_Client_SK,ProduktLaunch26_Programmatic,IO_ProduktLaunch26_Display,LI_Display_Prospecting,20260818,Tablet,Košický kraj,3613,19,0.52%,6.64,,2339
Energy_Client_SK,ProduktLaunch26_Programmatic,IO_ProduktLaunch26_Display,LI_Native_Prospecting,20261004,Desktop,Košický kraj,7186,57,0.8%,22.78,,4580
Energy_Client_SK,ProduktLaunch26_Programmatic,IO_ProduktLaunch26_Video,LI_Video_Prospecting,20261028,Desktop,Bratislavský kraj,18073,137,0.76%,87.95,,10204
Energy_Client_SK,ProduktLaunch26_Programmatic,IO_ProduktLaunch26_Video,LI_Video_Prospecting,20261024,Tablet,Bratislavský kraj,12301,65,0.53%,54.18,,7158
Energy_Client_SK,ProduktLaunch26_Programmatic,IO_ProduktLaunch26_Video,LI_Video_Retarget,20260917,Mobile,Bratislavský kraj,17299,119,0.69%,85.65,,9517
Energy_Client_SK,ProduktLaunch26_Programmatic,IO_ProduktLaunch26_Video,LI_Audio_Awareness,20260920,Connected TV,Ostatné SR,6012,18,0.29%,11.35,0.0,4392
Energy_Client_SK,ProduktLaunch26_Programmatic,IO_ProduktLaunch26_Video,LI_Video_Retarget,20260916,Mobile,Ostatné SR,13795,150,1.09%,57.47,,10259
Energy_Client_SK,ProduktLaunch26_Programmatic,IO_ProduktLaunch26_Video,LI_Audio_Awareness,20260831,Mobile,Ostatné SR,11038,52,0.47%,22.47,,6461
Energy_Client_SK,ProduktLaunch26_Programmatic,IO_ProduktLaunch26_Video,LI_Audio_Awareness,20261006,Tablet,Ostatné SR,5142,18,0.35%,12.34,0.0,3786
Energy_Client_SK,ProduktLaunch26_Programmatic,IO_ProduktLaunch26_Display,LI_Native_Prospecting,20260917,Desktop,Košický kraj,4928,24,0.49%,16.12,0.0,3419
Energy_Client_SK,ProduktLaunch26_Programmatic,IO_ProduktLaunch26_Video,LI_Video_Prospecting,20260903,Desktop,Košický kraj,13794,118,0.86%,53.16,,9033
Energy_Client_SK,ProduktLaunch26_Programmatic,IO_ProduktLaunch26_Video,LI_Video_Prospecting,20260918,Connected TV,Bratislavský kraj,9202,64,0.7%,36.04,0.0,5705
Energy_Client_SK,ProduktLaunch26_Programmatic,IO_ProduktLaunch26_Display,LI_Display_Prospecting,20261015,Connected TV,Bratislavský kraj,10726,32,0.29%,30.96,,7044
Energy_Client_SK,ProduktLaunch26_Programmatic,IO_ProduktLaunch26_Display,LI_Native_Prospecting,20261018,Desktop,Ostatné SR,11370,90,0.8%,35.12,0.0,7316
Energy_Client_SK,ProduktLaunch26_Programmatic,IO_ProduktLaunch26_Video,LI_Video_Retarget,20260926,Desktop,Košický kraj,7473,67,0.9%,23.98,,4910
Energy_Client_SK,ProduktLaunch26_Programmatic,IO_ProduktLaunch26_Video,LI_Video_Prospecting,20261007,Desktop,Bratislavský kraj,24096,115,0.48%,81.22,0.0,16513
Energy_Client_SK,ProduktLaunch26_Programmatic,IO_ProduktLaunch26_Display,LI_Native_Prospecting,20261022,Tablet,Ostatné SR,5140,30,0.58%,12.54,0.0,3044
Energy_Client_SK,ProduktLaunch26_Programmatic,IO_ProduktLaunch26_Display,LI_Display_Retarget,20261004,Desktop,Košický kraj,11180,70,0.63%,29.24,0.0,6723
Energy_Client_SK,ProduktLaunch26_Programmatic,IO_ProduktLaunch26_Display,LI_Native_Prospecting,20260903,Tablet,Bratislavský kraj,7280,31,0.43%,19.18,,5693
Energy_Client_SK,ProduktLaunch26_Programmatic,IO_ProduktLaunch26_Display,LI_Display_Prospecting,20260921,Tablet,Ostatné SR,7182,24,0.34%,13.64,0.0,5300
Energy_Client_SK,ProduktLaunch26_Programmatic,IO_ProduktLaunch26_Display,LI_Display_Retarget,20260907,Mobile,Bratislavský kraj,9991,55,0.55%,21.88,0.0,5925
Energy_Client_SK,ProduktLaunch26_Programmatic,IO_ProduktLaunch26_Display,LI_Native_Prospecting,20260907,Desktop,Ostatné SR,9930,60,0.6%,31.79,0.0,6529
Energy_Client_SK,ProduktLaunch26_Programmatic,IO_ProduktLaunch26_Video,LI_Video_Prospecting,20261020,Mobile,Košický kraj,13561,94,0.69%,65.48,,7485
Energy_Client_SK,ProduktLaunch26_Programmatic,IO_ProduktLaunch26_Display,LI_Display_Retarget,20260928,Tablet,Košický kraj,4559,21,0.46%,15.09,0.0,3008
Energy_Client_SK,ProduktLaunch26_Programmatic,IO_ProduktLaunch26_Display,LI_Display_Prospecting,20260922,Desktop,Bratislavský kraj,9595,30,0.31%,23.63,,5940
Energy_Client_SK,ProduktLaunch26_Programmatic,IO_ProduktLaunch26_Video,LI_Audio_Awareness,20261014,Mobile,Bratislavský kraj,11253,29,0.26%,22.41,,6675
Energy_Client_SK,ProduktLaunch26_Programmatic,IO_ProduktLaunch26_Display,LI_Display_Retarget,20260816,Desktop,Bratislavský kraj,11219,67,0.6%,27.43,,7500
Energy_Client_SK,ProduktLaunch26_Programmatic,IO_ProduktLaunch26_Video,LI_Audio_Awareness,20260903,Mobile,Bratislavský kraj,9441,34,0.36%,15.85,,6027
Energy_Client_SK,ProduktLaunch26_Programmatic,IO_ProduktLaunch26_Video,LI_Video_Prospecting,20260831,Connected TV,Košický kraj,8445,45,0.53%,31.95,0.0,6550
Energy_Client_SK,ProduktLaunch26_Programmatic,IO_ProduktLaunch26_Display,LI_Native_Prospecting,20260925,Desktop,Ostatné SR,7645,56,0.73%,26.58,0.0,5958
Energy_Client_SK,ProduktLaunch26_Programmatic,IO_ProduktLaunch26_Display,LI_Display_Retarget,20260911,Tablet,Bratislavský kraj,6540,40,0.62%,13.17,,4464
Energy_Client_SK,ProduktLaunch26_Programmatic,IO_ProduktLaunch26_Video,LI_Audio_Awareness,20261022,Desktop,Bratislavský kraj,7430,32,0.44%,18.23,0.0,4626
Energy_Client_SK,ProduktLaunch26_Programmatic,IO_ProduktLaunch26_Display,LI_Native_Prospecting,20260916,Desktop,Ostatné SR,9579,58,0.6%,35.66,,6870
Energy_Client_SK,ProduktLaunch26_Programmatic,IO_ProduktLaunch26_Video,LI_Video_Prospecting,20260907,Desktop,Ostatné SR,9999,53,0.53%,37.29,0.0,6537
Energy_Client_SK,ProduktLaunch26_Programmatic,IO_ProduktLaunch26_Video,LI_Video_Retarget,20261004,Tablet,Košický kraj,5403,29,0.53%,25.22,0.0,4255
Energy_Client_SK,ProduktLaunch26_Programmatic,IO_ProduktLaunch26_Display,LI_Display_Retarget,20260825,Connected TV,Košický kraj,5063,24,0.47%,14.18,0.0,2884
Energy_Client_SK,ProduktLaunch26_Programmatic,IO_ProduktLaunch26_Display,LI_Native_Prospecting,20260919,Mobile,Košický kraj,5465,39,0.71%,18.84,,4071
Energy_Client_SK,ProduktLaunch26_Programmatic,IO_ProduktLaunch26_Video,LI_Audio_Awareness,20260815,Tablet,Bratislavský kraj,7931,28,0.36%,17.66,,4998
Energy_Client_SK,ProduktLaunch26_Programmatic,IO_ProduktLaunch26_Display,LI_Display_Prospecting,20260820,Tablet,Ostatné SR,5982,21,0.35%,16.45,,4299
Energy_Client_SK,ProduktLaunch26_Programmatic,IO_ProduktLaunch26_Video,LI_Audio_Awareness,20260920,Desktop,Ostatné SR,10492,30,0.29%,22.4,,6611
Energy_Client_SK,ProduktLaunch26_Programmatic,IO_ProduktLaunch26_Video,LI_Audio_Awareness,20261023,Mobile,Ostatné SR,13080,35,0.27%,29.53,,8508
Energy_Client_SK,ProduktLaunch26_Programmatic,IO_ProduktLaunch26_Video,LI_Video_Retarget,20261006,Connected TV,Košický kraj,4101,21,0.52%,18.16,,2943
Energy_Client_SK,ProduktLaunch26_Programmatic,IO_ProduktLaunch26_Display,LI_Display_Retarget,20261025,Tablet,Košický kraj,2593,15,0.58%,5.33,0.0,1664
Energy_Client_SK,ProduktLaunch26_Programmatic,IO_ProduktLaunch26_Display,LI_Display_Retarget,20260902,Mobile,Košický kraj,9557,58,0.61%,24.24,,6842
Energy_Client_SK,ProduktLaunch26_Programmatic,IO_ProduktLaunch26_Display,LI_Native_Prospecting,20260905,Desktop,Košický kraj,4138,17,0.42%,11.01,0.0,3219
Energy_Client_SK,ProduktLaunch26_Programmatic,IO_ProduktLaunch26_Video,LI_Video_Prospecting,20260825,Connected TV,Bratislavský kraj,11036,93,0.84%,49.52,,7311
Energy_Client_SK,ProduktLaunch26_Programmatic,IO_ProduktLaunch26_Video,LI_Audio_Awareness,20260928,Desktop,Bratislavský kraj,11372,30,0.26%,18.33,,7468
Energy_Client_SK,ProduktLaunch26_Programmatic,IO_ProduktLaunch26_Display,LI_Display_Retarget,20260830,Connected TV,Košický kraj,5150,17,0.32%,12.72,0.0,3731
Energy_Client_SK,ProduktLaunch26_Programmatic,IO_ProduktLaunch26_Display,LI_Native_Prospecting,20260825,Connected TV,Bratislavský kraj,8066,39,0.48%,23.06,,6312
Energy_Client_SK,ProduktLaunch26_Programmatic,IO_ProduktLaunch26_Display,LI_Display_Prospecting,20260916,Desktop,Košický kraj,8187,35,0.43%,17.2,,5507
Energy_Client_SK,ProduktLaunch26_Programmatic,IO_ProduktLaunch26_Display,LI_Display_Prospecting,20261024,Desktop,Bratislavský kraj,20651,53,0.26%,50.8,,11923
Energy_Client_SK,ProduktLaunch26_Programmatic,IO_ProduktLaunch26_Video,LI_Audio_Awareness,20260819,Connected TV,Ostatné SR,4849,12,0.26%,9.89,,3285
Energy_Client_SK,ProduktLaunch26_Programmatic,IO_ProduktLaunch26_Video,LI_Audio_Awareness,20261026,Tablet,Ostatné SR,5014,13,0.26%,9.84,0.0,3726
Energy_Client_SK,ProduktLaunch26_Programmatic,IO_ProduktLaunch26_Display,LI_Display_Retarget,20260924,Desktop,Bratislavský kraj,13827,90,0.65%,29.77,,9569
Energy_Client_SK,ProduktLaunch26_Programmatic,IO_ProduktLaunch26_Display,LI_Display_Retarget,20261019,Tablet,Bratislavský kraj,5430,38,0.7%,11.88,,3842
Energy_Client_SK,ProduktLaunch26_Programmatic,IO_ProduktLaunch26_Video,LI_Audio_Awareness,20260903,Connected TV,Bratislavský kraj,11116,46,0.41%,26.57,0.0,7874
Energy_Client_SK,ProduktLaunch26_Programmatic,IO_ProduktLaunch26_Video,LI_Video_Retarget,20260912,Desktop,Bratislavský kraj,10402,58,0.56%,50.3,,7906
Energy_Client_SK,ProduktLaunch26_Programmatic,IO_ProduktLaunch26_Video,LI_Audio_Awareness,20261008,Connected TV,Bratislavský kraj,6249,29,0.46%,12.15,0.0,4978
Energy_Client_SK,ProduktLaunch26_Programmatic,IO_ProduktLaunch26_Display,LI_Native_Prospecting,20261019,Connected TV,Bratislavský kraj,4628,35,0.75%,15.32,0.0,3322
Energy_Client_SK,ProduktLaunch26_Programmatic,IO_ProduktLaunch26_Video,LI_Video_Prospecting,20260910,Tablet,Bratislavský kraj,7514,37,0.5%,26.01,,5791
Energy_Client_SK,ProduktLaunch26_Programmatic,IO_ProduktLaunch26_Display,LI_Display_Prospecting,20260923,Connected TV,Košický kraj,6126,19,0.32%,14.01,,3776
Energy_Client_SK,ProduktLaunch26_Programmatic,IO_ProduktLaunch26_Display,LI_Native_Prospecting,20260910,Desktop,Košický kraj,4536,22,0.48%,11.97,0.0,3501
Energy_Client_SK,ProduktLaunch26_Programmatic,IO_ProduktLaunch26_Video,LI_Video_Retarget,20261004,Tablet,Bratislavský kraj,6520,49,0.75%,25.93,0.0,4097
Energy_Client_SK,ProduktLaunch26_Programmatic,IO_ProduktLaunch26_Video,LI_Video_Prospecting,20261010,Desktop,Košický kraj,7197,50,0.69%,34.1,,4995
Energy_Client_SK,ProduktLaunch26_Programmatic,IO_ProduktLaunch26_Display,LI_Display_Retarget,20260817,Connected TV,Bratislavský kraj,10370,54,0.52%,27.16,,6499
Energy_Client_SK,ProduktLaunch26_Programmatic,IO_ProduktLaunch26_Video,LI_Video_Retarget,20260927,Desktop,Košický kraj,9938,57,0.57%,36.98,,7808
Energy_Client_SK,ProduktLaunch26_Programmatic,IO_ProduktLaunch26_Display,LI_Display_Retarget,20261017,Mobile,Ostatné SR,8625,43,0.5%,19.0,,5245
Energy_Client_SK,ProduktLaunch26_Programmatic,IO_ProduktLaunch26_Video,LI_Video_Retarget,20260818,Connected TV,Bratislavský kraj,7342,50,0.67%,26.6,,4124
Energy_Client_SK,ProduktLaunch26_Programmatic,IO_ProduktLaunch26_Display,LI_Display_Retarget,20260925,Desktop,Ostatné SR,7300,33,0.45%,20.63,,4853
Energy_Client_SK,ProduktLaunch26_Programmatic,IO_ProduktLaunch26_Display,LI_Display_Retarget,20261020,Mobile,Bratislavský kraj,12910,43,0.33%,42.53,,8836
Energy_Client_SK,ProduktLaunch26_Programmatic,IO_ProduktLaunch26_Display,LI_Display_Retarget,20260929,Tablet,Ostatné SR,5794,19,0.33%,13.63,,4553
Energy_Client_SK,ProduktLaunch26_Programmatic,IO_ProduktLaunch26_Display,LI_Display_Prospecting,20260910,Connected TV,Ostatné SR,4965,29,0.58%,10.56,0.0,3590
Energy_Client_SK,ProduktLaunch26_Programmatic,IO_ProduktLaunch26_Video,LI_Video_Retarget,20261023,Connected TV,Košický kraj,8315,66,0.79%,30.63,0.0,5718
Energy_Client_SK,ProduktLaunch26_Programmatic,IO_ProduktLaunch26_Video,LI_Audio_Awareness,20260904,Connected TV,Košický kraj,2939,7,0.24%,6.94,,2159
Energy_Client_SK,ProduktLaunch26_Programmatic,IO_ProduktLaunch26_Video,LI_Video_Prospecting,20260914,Desktop,Bratislavský kraj,20701,107,0.52%,99.57,,14875
Energy_Client_SK,ProduktLaunch26_Programmatic,IO_ProduktLaunch26_Display,LI_Native_Prospecting,20261025,Connected TV,Bratislavský kraj,7570,45,0.6%,17.92,0.0,4498
Energy_Client_SK,ProduktLaunch26_Programmatic,IO_ProduktLaunch26_Display,LI_Native_Prospecting,20261022,Desktop,Košický kraj,6390,50,0.79%,18.2,,4825
Energy_Client_SK,ProduktLaunch26_Programmatic,IO_ProduktLaunch26_Display,LI_Native_Prospecting,20260912,Tablet,Košický kraj,4458,32,0.71%,10.95,,3163
Energy_Client_SK,ProduktLaunch26_Programmatic,IO_ProduktLaunch26_Display,LI_Native_Prospecting,20261015,Tablet,Košický kraj,2309,14,0.62%,7.64,0.0,1732
Energy_Client_SK,ProduktLaunch26_Programmatic,IO_ProduktLaunch26_Video,LI_Video_Retarget,20261023,Desktop,Košický kraj,11516,111,0.97%,55.43,0.0,9115
Energy_Client_SK,ProduktLaunch26_Programmatic,IO_ProduktLaunch26_Video,LI_Audio_Awareness,20260901,Tablet,Bratislavský kraj,6420,29,0.45%,13.59,0.0,4807
Energy_Client_SK,ProduktLaunch26_Programmatic,IO_ProduktLaunch26_Display,LI_Native_Prospecting,20260906,Tablet,Bratislavský kraj,6452,50,0.77%,16.74,,4802
Energy_Client_SK,ProduktLaunch26_Programmatic,IO_ProduktLaunch26_Video,LI_Audio_Awareness,20261009,Tablet,Bratislavský kraj,4129,9,0.21%,8.8,0.0,3074
Energy_Client_SK,ProduktLaunch26_Programmatic,IO_ProduktLaunch26_Display,LI_Native_Prospecting,20261004,Mobile,Ostatné SR,6625,52,0.79%,24.75,,4810
Energy_Client_SK,ProduktLaunch26_Programmatic,IO_ProduktLaunch26_Video,LI_Video_Prospecting,20260925,Connected TV,Bratislavský kraj,15595,131,0.84%,70.42,0.0,10714
Energy_Client_SK,ProduktLaunch26_Programmatic,IO_ProduktLaunch26_Video,LI_Video_Retarget,20261009,Mobile,Košický kraj,10521,81,0.77%,48.69,,6982
Energy_Client_SK,ProduktLaunch26_Programmatic,IO_ProduktLaunch26_Display,LI_Native_Prospecting,20260827,Tablet,Košický kraj,2815,21,0.75%,7.68,,2022
Energy_Client_SK,ProduktLaunch26_Programmatic,IO_ProduktLaunch26_Video,LI_Video_Retarget,20260921,Mobile,Bratislavský kraj,14712,149,1.01%,77.94,,11202
Energy_Client_SK,ProduktLaunch26_Programmatic,IO_ProduktLaunch26_Display,LI_Display_Retarget,20260916,Desktop,Ostatné SR,7096,46,0.65%,21.58,,5522
Energy_Client_SK,ProduktLaunch26_Programmatic,IO_ProduktLaunch26_Video,LI_Video_Retarget,20261003,Connected TV,Bratislavský kraj,9337,49,0.52%,36.54,,6351
Energy_Client_SK,ProduktLaunch26_Programmatic,IO_ProduktLaunch26_Display,LI_Display_Retarget,20261004,Mobile,Ostatné SR,13541,44,0.32%,46.88,,8740
Energy_Client_SK,ProduktLaunch26_Programmatic,IO_ProduktLaunch26_Video,LI_Video_Prospecting,20260917,Connected TV,Ostatné SR,6876,38,0.55%,31.6,,5083
Energy_Client_SK,ProduktLaunch26_Programmatic,IO_ProduktLaunch26_Display,LI_Display_Prospecting,20260929,Connected TV,Košický kraj,4615,24,0.52%,9.45,,2683
Energy_Client_SK,ProduktLaunch26_Programmatic,IO_ProduktLaunch26_Video,LI_Video_Prospecting,20260816,Tablet,Košický kraj,5881,52,0.88%,29.38,,4015
Energy_Client_SK,ProduktLaunch26_Programmatic,IO_ProduktLaunch26_Display,LI_Display_Retarget,20261005,Connected TV,Ostatné SR,8019,38,0.47%,21.62,,4589
Energy_Client_SK,ProduktLaunch26_Programmatic,IO_ProduktLaunch26_Video,LI_Audio_Awareness,20260820,Connected TV,Ostatné SR,5507,13,0.23%,11.23,0.0,3166
Energy_Client_SK,ProduktLaunch26_Programmatic,IO_ProduktLaunch26_Display,LI_Display_Prospecting,20261027,Connected TV,Košický kraj,5281,16,0.31%,16.15,,3403
Energy_Client_SK,ProduktLaunch26_Programmatic,IO_ProduktLaunch26_Display,LI_Display_Prospecting,20260831,Mobile,Košický kraj,11345,50,0.44%,29.47,0.0,7610
Energy_Client_SK,ProduktLaunch26_Programmatic,IO_ProduktLaunch26_Video,LI_Video_Retarget,20261009,Mobile,Bratislavský kraj,20109,149,0.74%,77.02,0.0,14608
Energy_Client_SK,ProduktLaunch26_Programmatic,IO_ProduktLaunch26_Video,LI_Video_Prospecting,20260907,Mobile,Ostatné SR,19371,100,0.52%,75.91,,12314
Energy_Client_SK,ProduktLaunch26_Programmatic,IO_ProduktLaunch26_Video,LI_Audio_Awareness,20261017,Desktop,Bratislavský kraj,16392,77,0.47%,32.89,0.0,13034
Energy_Client_SK,ProduktLaunch26_Programmatic,IO_ProduktLaunch26_Video,LI_Video_Prospecting,20260925,Connected TV,Košický kraj,6420,44,0.68%,27.36,,4653
Energy_Client_SK,ProduktLaunch26_Programmatic,IO_ProduktLaunch26_Display,LI_Display_Prospecting,20260908,Tablet,Bratislavský kraj,7354,24,0.33%,19.43,,4433
Energy_Client_SK,ProduktLaunch26_Programmatic,IO_ProduktLaunch26_Video,LI_Audio_Awareness,20260920,Tablet,Ostatné SR,3780,9,0.23%,6.13,,2314
Energy_Client_SK,ProduktLaunch26_Programmatic,IO_ProduktLaunch26_Display,LI_Display_Prospecting,20260903,Mobile,Ostatné SR,14306,46,0.32%,45.63,0.0,11353
Energy_Client_SK,ProduktLaunch26_Programmatic,IO_ProduktLaunch26_Display,LI_Display_Retarget,20260924,Connected TV,Ostatné SR,4500,15,0.34%,15.2,0.0,3524
Energy_Client_SK,ProduktLaunch26_Programmatic,IO_ProduktLaunch26_Video,LI_Audio_Awareness,20260928,Tablet,Ostatné SR,5679,26,0.46%,11.69,,4413
Energy_Client_SK,ProduktLaunch26_Programmatic,IO_ProduktLaunch26_Video,LI_Audio_Awareness,20260901,Desktop,Košický kraj,10180,44,0.43%,24.86,,8048
Energy_Client_SK,ProduktLaunch26_Programmatic,IO_ProduktLaunch26_Display,LI_Display_Prospecting,20260905,Mobile,Bratislavský kraj,20325,98,0.48%,59.59,,13251
Energy_Client_SK,ProduktLaunch26_Programmatic,IO_ProduktLaunch26_Display,LI_Display_Prospecting,20260828,Mobile,Košický kraj,11120,51,0.46%,35.02,0.0,6312
Energy_Client_SK,ProduktLaunch26_Programmatic,IO_ProduktLaunch26_Display,LI_Display_Prospecting,20261006,Mobile,Bratislavský kraj,21317,105,0.49%,41.55,0.0,15220
Energy_Client_SK,ProduktLaunch26_Programmatic,IO_ProduktLaunch26_Video,LI_Video_Retarget,20260919,Mobile,Ostatné SR,10556,53,0.5%,36.58,,7649
Energy_Client_SK,ProduktLaunch26_Programmatic,IO_ProduktLaunch26_Video,LI_Audio_Awareness,20260924,Tablet,Košický kraj,3455,7,0.21%,7.63,0.0,1956
Energy_Client_SK,ProduktLaunch26_Programmatic,IO_ProduktLaunch26_Video,LI_Audio_Awareness,20261018,Desktop,Ostatné SR,7827,35,0.45%,20.05,,5640
Energy_Client_SK,ProduktLaunch26_Programmatic,IO_ProduktLaunch26_Video,LI_Audio_Awareness,20260929,Mobile,Košický kraj,8600,32,0.37%,19.72,,4999
Energy_Client_SK,ProduktLaunch26_Programmatic,IO_ProduktLaunch26_Display,LI_Display_Prospecting,20261023,Connected TV,Bratislavský kraj,12458,55,0.44%,29.93,0.0,7503
Energy_Client_SK,ProduktLaunch26_Programmatic,IO_ProduktLaunch26_Display,LI_Display_Prospecting,20261025,Connected TV,Bratislavský kraj,8012,39,0.48%,21.28,,4435
Energy_Client_SK,ProduktLaunch26_Programmatic,IO_ProduktLaunch26_Display,LI_Display_Retarget,20261009,Desktop,Ostatné SR,8226,57,0.7%,20.89,0.0,5383
Energy_Client_SK,ProduktLaunch26_Programmatic,IO_ProduktLaunch26_Video,LI_Video_Prospecting,20261007,Connected TV,Ostatné SR,10280,67,0.65%,44.2,,6283
Energy_Client_SK,ProduktLaunch26_Programmatic,IO_ProduktLaunch26_Video,LI_Audio_Awareness,20260911,Tablet,Bratislavský kraj,6343,17,0.27%,12.16,0.0,3708
Energy_Client_SK,ProduktLaunch26_Programmatic,IO_ProduktLaunch26_Video,LI_Video_Prospecting,20260923,Connected TV,Košický kraj,4848,35,0.73%,19.65,,3433
Energy_Client_SK,ProduktLaunch26_Programmatic,IO_ProduktLaunch26_Video,LI_Video_Prospecting,20260912,Desktop,Košický kraj,12428,77,0.62%,59.72,,7423
Energy_Client_SK,ProduktLaunch26_Programmatic,IO_ProduktLaunch26_Display,LI_Display_Prospecting,20260906,Tablet,Bratislavský kraj,5054,13,0.26%,14.63,0.0,3828
Energy_Client_SK,ProduktLaunch26_Programmatic,IO_ProduktLaunch26_Display,LI_Display_Retarget,20261005,Tablet,Košický kraj,5435,30,0.56%,14.86,,4298
Energy_Client_SK,ProduktLaunch26_Programmatic,IO_ProduktLaunch26_Video,LI_Video_Retarget,20260912,Connected TV,Ostatné SR,10470,111,1.06%,43.8,0.0,5971
Energy_Client_SK,ProduktLaunch26_Programmatic,IO_ProduktLaunch26_Display,LI_Display_Retarget,20261010,Desktop,Ostatné SR,8321,54,0.65%,25.63,0.0,4648
Energy_Client_SK,ProduktLaunch26_Programmatic,IO_ProduktLaunch26_Display,LI_Display_Prospecting,20260912,Tablet,Ostatné SR,5821,26,0.44%,11.7,0.0,3858
Energy_Client_SK,ProduktLaunch26_Programmatic,IO_ProduktLaunch26_Video,LI_Video_Prospecting,20260914,Tablet,Bratislavský kraj,9773,68,0.69%,34.17,0.0,5619
Energy_Client_SK,ProduktLaunch26_Programmatic,IO_ProduktLaunch26_Video,LI_Video_Prospecting,20260824,Desktop,Bratislavský kraj,23482,186,0.79%,113.32,0.0,15101
Energy_Client_SK,ProduktLaunch26_Programmatic,IO_ProduktLaunch26_Video,LI_Video_Prospecting,20261008,Connected TV,Košický kraj,9105,69,0.76%,37.37,0.0,6684
Energy_Client_SK,ProduktLaunch26_Programmatic,IO_ProduktLaunch26_Display,LI_Display_Prospecting,20261021,Tablet,Ostatné SR,6126,35,0.57%,11.33,,3737
Energy_Client_SK,ProduktLaunch26_Programmatic,IO_ProduktLaunch26_Video,LI_Audio_Awareness,20260921,Mobile,Košický kraj,6475,31,0.47%,9.89,0.0,3769
Energy_Client_SK,ProduktLaunch26_Programmatic,IO_ProduktLaunch26_Video,LI_Video_Retarget,20261016,Desktop,Bratislavský kraj,14083,90,0.64%,71.73,,8965
Energy_Client_SK,ProduktLaunch26_Programmatic,IO_ProduktLaunch26_Display,LI_Native_Prospecting,20260818,Desktop,Ostatné SR,6404,45,0.7%,23.23,,4536
Energy_Client_SK,ProduktLaunch26_Programmatic,IO_ProduktLaunch26_Video,LI_Audio_Awareness,20260904,Tablet,Košický kraj,3943,10,0.25%,10.17,0.0,3038
Energy_Client_SK,ProduktLaunch26_Programmatic,IO_ProduktLaunch26_Display,LI_Native_Prospecting,20261016,Mobile,Košický kraj,10188,71,0.7%,33.8,0.0,5993
Energy_Client_SK,ProduktLaunch26_Programmatic,IO_ProduktLaunch26_Video,LI_Audio_Awareness,20260826,Desktop,Bratislavský kraj,11509,56,0.49%,25.57,,8284
Energy_Client_SK,ProduktLaunch26_Programmatic,IO_ProduktLaunch26_Display,LI_Native_Prospecting,20261028,Connected TV,Bratislavský kraj,5476,23,0.41%,12.13,,4040
Energy_Client_SK,ProduktLaunch26_Programmatic,IO_ProduktLaunch26_Display,LI_Native_Prospecting,20260910,Mobile,Ostatné SR,12905,53,0.41%,33.77,,7204
Energy_Client_SK,ProduktLaunch26_Programmatic,IO_ProduktLaunch26_Display,LI_Display_Retarget,20260924,Tablet,Košický kraj,5316,31,0.58%,12.09,,3307
Energy_Client_SK,ProduktLaunch26_Programmatic,IO_ProduktLaunch26_Display,LI_Display_Retarget,20260908,Tablet,Bratislavský kraj,9442,31,0.33%,24.11,,5570
Energy_Client_SK,ProduktLaunch26_Programmatic,IO_ProduktLaunch26_Video,LI_Video_Retarget,20260829,Mobile,Ostatné SR,14751,113,0.77%,53.13,,10258
Energy_Client_SK,ProduktLaunch26_Programmatic,IO_ProduktLaunch26_Display,LI_Native_Prospecting,20261006,Tablet,Košický kraj,3980,18,0.45%,12.45,,2870
Energy_Client_SK,ProduktLaunch26_Programmatic,IO_ProduktLaunch26_Video,LI_Audio_Awareness,20261020,Mobile,Bratislavský kraj,14153,43,0.31%,36.26,0.0,11059
Energy_Client_SK,ProduktLaunch26_Programmatic,IO_ProduktLaunch26_Display,LI_Display_Prospecting,20261005,Tablet,Ostatné SR,3989,16,0.39%,10.77,,3162
Energy_Client_SK,ProduktLaunch26_Programmatic,IO_ProduktLaunch26_Display,LI_Native_Prospecting,20261015,Connected TV,Ostatné SR,4828,33,0.68%,16.67,0.0,2963
Energy_Client_SK,ProduktLaunch26_Programmatic,IO_ProduktLaunch26_Display,LI_Display_Prospecting,20260912,Mobile,Ostatné SR,14097,73,0.52%,40.11,,7804
Energy_Client_SK,ProduktLaunch26_Programmatic,IO_ProduktLaunch26_Video,LI_Video_Prospecting,20260927,Desktop,Ostatné SR,16147,141,0.87%,58.87,0.0,10236
Energy_Client_SK,ProduktLaunch26_Programmatic,IO_ProduktLaunch26_Video,LI_Audio_Awareness,20260912,Tablet,Ostatné SR,3274,8,0.24%,7.0,0.0,1820
Energy_Client_SK,ProduktLaunch26_Programmatic,IO_ProduktLaunch26_Display,LI_Display_Prospecting,20260911,Tablet,Ostatné SR,4415,17,0.39%,9.8,,3466
Energy_Client_SK,ProduktLaunch26_Programmatic,IO_ProduktLaunch26_Display,LI_Display_Retarget,20260831,Connected TV,Košický kraj,5214,22,0.42%,13.94,0.0,3709
Energy_Client_SK,ProduktLaunch26_Programmatic,IO_ProduktLaunch26_Display,LI_Display_Prospecting,20260817,Mobile,Bratislavský kraj,18626,97,0.52%,44.36,,12599
Energy_Client_SK,ProduktLaunch26_Programmatic,IO_ProduktLaunch26_Display,LI_Native_Prospecting,20260908,Connected TV,Bratislavský kraj,8328,39,0.47%,24.04,,5224
Energy_Client_SK,ProduktLaunch26_Programmatic,IO_ProduktLaunch26_Display,LI_Native_Prospecting,20260826,Mobile,Bratislavský kraj,9355,68,0.73%,24.61,0.0,5490
Energy_Client_SK,ProduktLaunch26_Programmatic,IO_ProduktLaunch26_Video,LI_Audio_Awareness,20261001,Desktop,Bratislavský kraj,15346,60,0.39%,29.18,0.0,10742
Energy_Client_SK,ProduktLaunch26_Programmatic,IO_ProduktLaunch26_Display,LI_Native_Prospecting,20260828,Desktop,Košický kraj,9702,57,0.58%,30.64,,7042
Energy_Client_SK,ProduktLaunch26_Programmatic,IO_ProduktLaunch26_Display,LI_Native_Prospecting,20261006,Mobile,Bratislavský kraj,16550,100,0.61%,47.05,0.0,11866
Energy_Client_SK,ProduktLaunch26_Programmatic,IO_ProduktLaunch26_Display,LI_Display_Retarget,20261002,Mobile,Ostatné SR,9560,52,0.55%,29.66,,6921
Energy_Client_SK,ProduktLaunch26_Programmatic,IO_ProduktLaunch26_Video,LI_Video_Retarget,20261017,Connected TV,Ostatné SR,6988,55,0.79%,35.04,0.0,4672
Energy_Client_SK,ProduktLaunch26_Programmatic,IO_ProduktLaunch26_Display,LI_Native_Prospecting,20261027,Desktop,Bratislavský kraj,15272,93,0.61%,46.91,0.0,11580
Energy_Client_SK,ProduktLaunch26_Programmatic,IO_ProduktLaunch26_Video,LI_Video_Prospecting,20260902,Tablet,Ostatné SR,5369,41,0.76%,22.67,,3864
Energy_Client_SK,ProduktLaunch26_Programmatic,IO_ProduktLaunch26_Video,LI_Video_Prospecting,20260907,Mobile,Bratislavský kraj,17782,140,0.79%,56.67,0.0,11828
Energy_Client_SK,ProduktLaunch26_Programmatic,IO_ProduktLaunch26_Display,LI_Display_Prospecting,20260819,Desktop,Ostatné SR,7454,28,0.37%,14.15,0.0,5405
Energy_Client_SK,ProduktLaunch26_Programmatic,IO_ProduktLaunch26_Video,LI_Audio_Awareness,20260819,Connected TV,Košický kraj,6251,26,0.42%,11.43,,4460
Energy_Client_SK,ProduktLaunch26_Programmatic,IO_ProduktLaunch26_Display,LI_Display_Retarget,20261015,Tablet,Bratislavský kraj,5087,30,0.6%,16.98,,3670
Energy_Client_SK,ProduktLaunch26_Programmatic,IO_ProduktLaunch26_Display,LI_Display_Prospecting,20260909,Connected TV,Ostatné SR,8943,45,0.51%,24.93,,5952
Energy_Client_SK,ProduktLaunch26_Programmatic,IO_ProduktLaunch26_Display,LI_Display_Prospecting,20260924,Tablet,Bratislavský kraj,6546,37,0.56%,19.31,0.0,4224
Energy_Client_SK,ProduktLaunch26_Programmatic,IO_ProduktLaunch26_Video,LI_Video_Prospecting,20260822,Tablet,Bratislavský kraj,9267,49,0.53%,43.27,,5430
Energy_Client_SK,ProduktLaunch26_Programmatic,IO_ProduktLaunch26_Display,LI_Native_Prospecting,20261007,Tablet,Košický kraj,4713,21,0.44%,15.34,,2926
Energy_Client_SK,ProduktLaunch26_Programmatic,IO_ProduktLaunch26_Display,LI_Native_Prospecting,20260915,Mobile,Ostatné SR,11302,74,0.65%,33.18,,8102
Energy_Client_SK,ProduktLaunch26_Programmatic,IO_ProduktLaunch26_Display,LI_Native_Prospecting,20260925,Connected TV,Ostatné SR,4678,37,0.78%,10.96,0.0,3720
Energy_Client_SK,ProduktLaunch26_Programmatic,IO_ProduktLaunch26_Video,LI_Video_Prospecting,20260908,Mobile,Bratislavský kraj,26567,219,0.82%,95.37,,17976
Energy_Client_SK,ProduktLaunch26_Programmatic,IO_ProduktLaunch26_Video,LI_Video_Prospecting,20261015,Mobile,Ostatné SR,20026,87,0.44%,77.86,,15160
Energy_Client_SK,ProduktLaunch26_Programmatic,IO_ProduktLaunch26_Display,LI_Native_Prospecting,20260925,Desktop,Bratislavský kraj,15276,89,0.58%,52.66,0.0,10379
Energy_Client_SK,ProduktLaunch26_Programmatic,IO_ProduktLaunch26_Video,LI_Audio_Awareness,20260908,Tablet,Bratislavský kraj,7110,34,0.47%,10.94,,4718
Energy_Client_SK,ProduktLaunch26_Programmatic,IO_ProduktLaunch26_Display,LI_Native_Prospecting,20261004,Connected TV,Ostatné SR,7246,51,0.7%,24.18,0.0,5635
Energy_Client_SK,ProduktLaunch26_Programmatic,IO_ProduktLaunch26_Video,LI_Video_Retarget,20260818,Tablet,Ostatné SR,8103,78,0.96%,28.66,,5674
Energy_Client_SK,ProduktLaunch26_Programmatic,IO_ProduktLaunch26_Display,LI_Display_Prospecting,20261020,Tablet,Ostatné SR,4694,18,0.39%,9.98,0.0,2781
Energy_Client_SK,ProduktLaunch26_Programmatic,IO_ProduktLaunch26_Video,LI_Video_Retarget,20260910,Tablet,Košický kraj,4986,28,0.57%,16.14,0.0,3925
Energy_Client_SK,ProduktLaunch26_Programmatic,IO_ProduktLaunch26_Display,LI_Display_Retarget,20260912,Tablet,Bratislavský kraj,8896,55,0.62%,21.62,,5426
Energy_Client_SK,ProduktLaunch26_Programmatic,IO_ProduktLaunch26_Display,LI_Display_Prospecting,20260901,Mobile,Ostatné SR,8061,29,0.36%,14.83,0.0,6023
Energy_Client_SK,ProduktLaunch26_Programmatic,IO_ProduktLaunch26_Video,LI_Video_Prospecting,20261006,Desktop,Košický kraj,14642,119,0.81%,47.11,,8669
Energy_Client_SK,ProduktLaunch26_Programmatic,IO_ProduktLaunch26_Video,LI_Video_Retarget,20260827,Connected TV,Košický kraj,6438,51,0.8%,34.01,,3961
Energy_Client_SK,ProduktLaunch26_Programmatic,IO_ProduktLaunch26_Video,LI_Video_Retarget,20260905,Mobile,Bratislavský kraj,13614,94,0.69%,47.15,0.0,7580
Energy_Client_SK,ProduktLaunch26_Programmatic,IO_ProduktLaunch26_Display,LI_Display_Prospecting,20261018,Tablet,Bratislavský kraj,6655,30,0.45%,13.83,0.0,4489
Energy_Client_SK,ProduktLaunch26_Programmatic,IO_ProduktLaunch26_Display,LI_Native_Prospecting,20261014,Mobile,Košický kraj,9121,70,0.77%,28.9,,5875
Energy_Client_SK,ProduktLaunch26_Programmatic,IO_ProduktLaunch26_Video,LI_Audio_Awareness,20261007,Mobile,Bratislavský kraj,9565,43,0.45%,15.73,,7632
Energy_Client_SK,ProduktLaunch26_Programmatic,IO_ProduktLaunch26_Display,LI_Native_Prospecting,20261024,Desktop,Bratislavský kraj,13453,100,0.74%,43.92,0.0,10262
Energy_Client_SK,ProduktLaunch26_Programmatic,IO_ProduktLaunch26_Video,LI_Audio_Awareness,20260906,Connected TV,Košický kraj,4567,11,0.24%,10.11,,2686
Energy_Client_SK,ProduktLaunch26_Programmatic,IO_ProduktLaunch26_Display,LI_Display_Prospecting,20261004,Tablet,Košický kraj,3249,19,0.59%,7.38,0.0,2205
Energy_Client_SK,ProduktLaunch26_Programmatic,IO_ProduktLaunch26_Display,LI_Display_Prospecting,20261020,Connected TV,Bratislavský kraj,11322,41,0.36%,26.13,,6701
Energy_Client_SK,ProduktLaunch26_Programmatic,IO_ProduktLaunch26_Display,LI_Native_Prospecting,20260924,Desktop,Bratislavský kraj,7613,33,0.43%,28.49,0.0,5690
Energy_Client_SK,ProduktLaunch26_Programmatic,IO_ProduktLaunch26_Video,LI_Audio_Awareness,20260828,Desktop,Ostatné SR,6188,14,0.23%,10.61,0.0,4446
Energy_Client_SK,ProduktLaunch26_Programmatic,IO_ProduktLaunch26_Display,LI_Display_Retarget,20260915,Mobile,Ostatné SR,12433,40,0.32%,33.76,0.0,9809
Energy_Client_SK,ProduktLaunch26_Programmatic,IO_ProduktLaunch26_Display,LI_Display_Prospecting,20260903,Connected TV,Bratislavský kraj,7933,30,0.38%,23.6,0.0,5168
Energy_Client_SK,ProduktLaunch26_Programmatic,IO_ProduktLaunch26_Display,LI_Display_Prospecting,20260821,Desktop,Košický kraj,7520,43,0.58%,20.25,0.0,5045
Energy_Client_SK,ProduktLaunch26_Programmatic,IO_ProduktLaunch26_Video,LI_Video_Retarget,20260926,Mobile,Košický kraj,7447,43,0.58%,25.81,0.0,4700
Energy_Client_SK,ProduktLaunch26_Programmatic,IO_ProduktLaunch26_Display,LI_Display_Retarget,20260925,Tablet,Košický kraj,3627,16,0.45%,7.7,0.0,2636
Energy_Client_SK,ProduktLaunch26_Programmatic,IO_ProduktLaunch26_Display,LI_Display_Retarget,20260825,Tablet,Košický kraj,4786,27,0.57%,16.7,0.0,2913
Energy_Client_SK,ProduktLaunch26_Programmatic,IO_ProduktLaunch26_Video,LI_Video_Retarget,20260907,Desktop,Košický kraj,6114,48,0.78%,23.56,0.0,3883
Energy_Client_SK,ProduktLaunch26_Programmatic,IO_ProduktLaunch26_Display,LI_Display_Retarget,20260923,Desktop,Bratislavský kraj,11287,39,0.34%,34.31,0.0,7488
Energy_Client_SK,ProduktLaunch26_Programmatic,IO_ProduktLaunch26_Display,LI_Display_Prospecting,20260822,Desktop,Košický kraj,9820,27,0.28%,30.1,,6297
Energy_Client_SK,ProduktLaunch26_Programmatic,IO_ProduktLaunch26_Video,LI_Video_Prospecting,20260826,Tablet,Bratislavský kraj,11820,101,0.86%,48.37,,8859
Energy_Client_SK,ProduktLaunch26_Programmatic,IO_ProduktLaunch26_Display,LI_Display_Prospecting,20260910,Connected TV,Bratislavský kraj,13434,66,0.49%,26.16,,8024
Energy_Client_SK,ProduktLaunch26_Programmatic,IO_ProduktLaunch26_Display,LI_Display_Prospecting,20260915,Tablet,Ostatné SR,6806,36,0.53%,19.7,,4112
Energy_Client_SK,ProduktLaunch26_Programmatic,IO_ProduktLaunch26_Video,LI_Video_Prospecting,20261024,Mobile,Bratislavský kraj,18051,78,0.43%,59.04,0.0,10852
Energy_Client_SK,ProduktLaunch26_Programmatic,IO_ProduktLaunch26_Display,LI_Display_Retarget,20260909,Tablet,Ostatné SR,6140,42,0.68%,16.6,0.0,3498
Energy_Client_SK,ProduktLaunch26_Programmatic,IO_ProduktLaunch26_Display,LI_Display_Prospecting,20260821,Connected TV,Bratislavský kraj,12838,46,0.36%,26.65,,10105
Energy_Client_SK,ProduktLaunch26_Programmatic,IO_ProduktLaunch26_Video,LI_Video_Retarget,20260903,Desktop,Ostatné SR,12972,113,0.87%,57.89,,10025
Energy_Client_SK,ProduktLaunch26_Programmatic,IO_ProduktLaunch26_Video,LI_Audio_Awareness,20260902,Desktop,Košický kraj,8178,36,0.44%,14.51,0.0,6056
Energy_Client_SK,ProduktLaunch26_Programmatic,IO_ProduktLaunch26_Display,LI_Native_Prospecting,20260905,Mobile,Bratislavský kraj,8517,60,0.71%,29.54,0.0,6391
Energy_Client_SK,ProduktLaunch26_Programmatic,IO_ProduktLaunch26_Video,LI_Video_Retarget,20260820,Mobile,Bratislavský kraj,21146,216,1.02%,79.32,0.0,15652
Energy_Client_SK,ProduktLaunch26_Programmatic,IO_ProduktLaunch26_Display,LI_Native_Prospecting,20261011,Mobile,Bratislavský kraj,9523,56,0.59%,27.17,,5280
Energy_Client_SK,ProduktLaunch26_Programmatic,IO_ProduktLaunch26_Video,LI_Audio_Awareness,20261016,Desktop,Bratislavský kraj,11887,39,0.33%,18.9,0.0,6682
Energy_Client_SK,ProduktLaunch26_Programmatic,IO_ProduktLaunch26_Display,LI_Native_Prospecting,20261019,Connected TV,Ostatné SR,7667,35,0.46%,24.03,,5723
Energy_Client_SK,ProduktLaunch26_Programmatic,IO_ProduktLaunch26_Display,LI_Native_Prospecting,20260917,Desktop,Ostatné SR,5810,27,0.46%,19.35,,4243
Energy_Client_SK,ProduktLaunch26_Programmatic,IO_ProduktLaunch26_Display,LI_Display_Prospecting,20260915,Connected TV,Ostatné SR,9778,32,0.33%,20.79,,6548
Energy_Client_SK,ProduktLaunch26_Programmatic,IO_ProduktLaunch26_Display,LI_Display_Retarget,20260826,Tablet,Bratislavský kraj,6459,43,0.66%,19.14,,4114
Energy_Client_SK,ProduktLaunch26_Programmatic,IO_ProduktLaunch26_Display,LI_Display_Retarget,20261016,Connected TV,Košický kraj,3787,16,0.43%,12.22,,2722
Energy_Client_SK,ProduktLaunch26_Programmatic,IO_ProduktLaunch26_Video,LI_Video_Retarget,20260906,Tablet,Košický kraj,6523,38,0.58%,30.61,0.0,3893
Energy_Client_SK,ProduktLaunch26_Programmatic,IO_ProduktLaunch26_Video,LI_Video_Prospecting,20260819,Mobile,Ostatné SR,12156,91,0.75%,59.8,0.0,8904
Energy_Client_SK,ProduktLaunch26_Programmatic,IO_ProduktLaunch26_Display,LI_Display_Retarget,20260818,Mobile,Bratislavský kraj,15392,72,0.47%,39.94,0.0,10429
Energy_Client_SK,ProduktLaunch26_Programmatic,IO_ProduktLaunch26_Display,LI_Native_Prospecting,20261002,Connected TV,Bratislavský kraj,8876,69,0.78%,26.69,0.0,5986
Energy_Client_SK,ProduktLaunch26_Programmatic,IO_ProduktLaunch26_Video,LI_Audio_Awareness,20260905,Connected TV,Ostatné SR,6184,23,0.37%,11.18,,3718
Energy_Client_SK,ProduktLaunch26_Programmatic,IO_ProduktLaunch26_Display,LI_Display_Retarget,20261025,Tablet,Ostatné SR,5720,22,0.38%,17.18,0.0,3615
Energy_Client_SK,ProduktLaunch26_Programmatic,IO_ProduktLaunch26_Video,LI_Video_Prospecting,20261014,Tablet,Bratislavský kraj,7403,37,0.5%,32.84,,5810
Energy_Client_SK,ProduktLaunch26_Programmatic,IO_ProduktLaunch26_Video,LI_Video_Retarget,20260819,Connected TV,Ostatné SR,9210,98,1.07%,46.97,,6981
Energy_Client_SK,ProduktLaunch26_Programmatic,IO_ProduktLaunch26_Video,LI_Video_Retarget,20261008,Desktop,Ostatné SR,13535,88,0.65%,65.95,0.0,10375
Energy_Client_SK,ProduktLaunch26_Programmatic,IO_ProduktLaunch26_Display,LI_Display_Prospecting,20261021,Connected TV,Bratislavský kraj,10962,63,0.57%,21.44,,8180
Energy_Client_SK,ProduktLaunch26_Programmatic,IO_ProduktLaunch26_Display,LI_Display_Prospecting,20261011,Tablet,Ostatné SR,3661,10,0.27%,7.88,,2492
Energy_Client_SK,ProduktLaunch26_Programmatic,IO_ProduktLaunch26_Display,LI_Display_Prospecting,20261021,Connected TV,Košický kraj,5256,23,0.44%,14.52,0.0,3939
Energy_Client_SK,ProduktLaunch26_Programmatic,IO_ProduktLaunch26_Display,LI_Display_Prospecting,20260818,Mobile,Ostatné SR,12840,74,0.58%,26.45,0.0,9194
Energy_Client_SK,ProduktLaunch26_Programmatic,IO_ProduktLaunch26_Video,LI_Video_Prospecting,20261005,Mobile,Košický kraj,9229,61,0.66%,29.38,0.0,6445
Energy_Client_SK,ProduktLaunch26_Programmatic,IO_ProduktLaunch26_Display,LI_Native_Prospecting,20260922,Mobile,Ostatné SR,11352,77,0.68%,39.96,,8278
Energy_Client_SK,ProduktLaunch26_Programmatic,IO_ProduktLaunch26_Display,LI_Native_Prospecting,20261013,Tablet,Ostatné SR,5332,31,0.57%,14.89,,3961
Energy_Client_SK,ProduktLaunch26_Programmatic,IO_ProduktLaunch26_Display,LI_Native_Prospecting,20260908,Mobile,Ostatné SR,5901,39,0.67%,17.12,,3417
Energy_Client_SK,ProduktLaunch26_Programmatic,IO_ProduktLaunch26_Video,LI_Video_Prospecting,20260927,Connected TV,Bratislavský kraj,16453,69,0.42%,57.07,,9534
Energy_Client_SK,ProduktLaunch26_Programmatic,IO_ProduktLaunch26_Display,LI_Display_Retarget,20260926,Mobile,Ostatné SR,13819,83,0.6%,40.43,,7790
Energy_Client_SK,ProduktLaunch26_Programmatic,IO_ProduktLaunch26_Display,LI_Display_Prospecting,20261005,Connected TV,Ostatné SR,10103,56,0.56%,22.84,,7392
Energy_Client_SK,ProduktLaunch26_Programmatic,IO_ProduktLaunch26_Display,LI_Display_Retarget,20260926,Tablet,Košický kraj,4371,14,0.33%,13.14,,3322
Energy_Client_SK,ProduktLaunch26_Programmatic,IO_ProduktLaunch26_Display,LI_Display_Prospecting,20261019,Desktop,Košický kraj,10663,37,0.35%,30.51,,7658
Energy_Client_SK,ProduktLaunch26_Programmatic,IO_ProduktLaunch26_Video,LI_Audio_Awareness,20261008,Mobile,Bratislavský kraj,16012,38,0.23%,32.23,,11567
Energy_Client_SK,ProduktLaunch26_Programmatic,IO_ProduktLaunch26_Video,LI_Audio_Awareness,20261028,Desktop,Košický kraj,7592,18,0.24%,18.48,,4555
Energy_Client_SK,ProduktLaunch26_Programmatic,IO_ProduktLaunch26_Display,LI_Display_Prospecting,20261007,Tablet,Košický kraj,5409,22,0.4%,17.04,0.0,3940
Energy_Client_SK,ProduktLaunch26_Programmatic,IO_ProduktLaunch26_Display,LI_Display_Retarget,20260907,Connected TV,Košický kraj,3436,18,0.53%,10.12,0.0,2269
Energy_Client_SK,ProduktLaunch26_Programmatic,IO_ProduktLaunch26_Video,LI_Audio_Awareness,20260923,Mobile,Bratislavský kraj,16566,46,0.28%,39.36,0.0,13116
Energy_Client_SK,ProduktLaunch26_Programmatic,IO_ProduktLaunch26_Display,LI_Display_Prospecting,20260820,Tablet,Košický kraj,4174,17,0.41%,9.58,,2581
Energy_Client_SK,ProduktLaunch26_Programmatic,IO_ProduktLaunch26_Display,LI_Display_Retarget,20261025,Mobile,Bratislavský kraj,21272,112,0.53%,43.76,,15742
Energy_Client_SK,ProduktLaunch26_Programmatic,IO_ProduktLaunch26_Video,LI_Video_Retarget,20260822,Desktop,Bratislavský kraj,11447,108,0.94%,49.55,,8842
Energy_Client_SK,ProduktLaunch26_Programmatic,IO_ProduktLaunch26_Video,LI_Video_Prospecting,20260827,Desktop,Ostatné SR,12943,99,0.76%,56.1,0.0,10229
Energy_Client_SK,ProduktLaunch26_Programmatic,IO_ProduktLaunch26_Video,LI_Video_Retarget,20260919,Tablet,Košický kraj,6249,51,0.81%,21.57,0.0,3731
Energy_Client_SK,ProduktLaunch26_Programmatic,IO_ProduktLaunch26_Display,LI_Display_Retarget,20261022,Desktop,Ostatné SR,10055,34,0.34%,28.39,,7452
Energy_Client_SK,ProduktLaunch26_Programmatic,IO_ProduktLaunch26_Display,LI_Native_Prospecting,20260918,Desktop,Ostatné SR,11876,91,0.77%,40.12,0.0,7432
Energy_Client_SK,ProduktLaunch26_Programmatic,IO_ProduktLaunch26_Display,LI_Display_Retarget,20260923,Connected TV,Košický kraj,6027,34,0.57%,17.59,,3630
Energy_Client_SK,ProduktLaunch26_Programmatic,IO_ProduktLaunch26_Display,LI_Display_Prospecting,20260908,Desktop,Bratislavský kraj,13537,56,0.42%,24.7,,7579
Energy_Client_SK,ProduktLaunch26_Programmatic,IO_ProduktLaunch26_Display,LI_Native_Prospecting,20261016,Connected TV,Ostatné SR,6658,35,0.53%,23.32,0.0,5260
Energy_Client_SK,ProduktLaunch26_Programmatic,IO_ProduktLaunch26_Video,LI_Audio_Awareness,20260925,Tablet,Bratislavský kraj,7524,18,0.24%,16.65,,4532
Energy_Client_SK,ProduktLaunch26_Programmatic,IO_ProduktLaunch26_Video,LI_Video_Prospecting,20260820,Connected TV,Bratislavský kraj,8200,43,0.53%,30.05,,5795
Energy_Client_SK,ProduktLaunch26_Programmatic,IO_ProduktLaunch26_Video,LI_Video_Retarget,20260920,Desktop,Ostatné SR,15388,147,0.95%,59.35,,9905
Energy_Client_SK,ProduktLaunch26_Programmatic,IO_ProduktLaunch26_Video,LI_Video_Retarget,20261014,Tablet,Košický kraj,3488,25,0.72%,12.78,,2474
Energy_Client_SK,ProduktLaunch26_Programmatic,IO_ProduktLaunch26_Video,LI_Video_Prospecting,20261009,Connected TV,Košický kraj,5765,48,0.84%,24.23,0.0,3253
Energy_Client_SK,ProduktLaunch26_Programmatic,IO_ProduktLaunch26_Display,LI_Display_Retarget,20261023,Connected TV,Ostatné SR,8418,28,0.33%,19.11,,4672
Energy_Client_SK,ProduktLaunch26_Programmatic,IO_ProduktLaunch26_Display,LI_Native_Prospecting,20261017,Desktop,Bratislavský kraj,9966,76,0.76%,27.6,0.0,5897
Energy_Client_SK,ProduktLaunch26_Programmatic,IO_ProduktLaunch26_Video,LI_Video_Retarget,20260822,Desktop,Košický kraj,11876,102,0.86%,60.8,,7866
Energy_Client_SK,ProduktLaunch26_Programmatic,IO_ProduktLaunch26_Display,LI_Display_Prospecting,20260913,Mobile,Ostatné SR,15715,52,0.33%,42.36,,8658
Energy_Client_SK,ProduktLaunch26_Programmatic,IO_ProduktLaunch26_Display,LI_Display_Retarget,20261003,Mobile,Ostatné SR,15988,85,0.53%,43.69,0.0,11803
Energy_Client_SK,ProduktLaunch26_Programmatic,IO_ProduktLaunch26_Display,LI_Display_Retarget,20261002,Connected TV,Ostatné SR,8275,29,0.34%,22.36,,4898
Energy_Client_SK,ProduktLaunch26_Programmatic,IO_ProduktLaunch26_Video,LI_Video_Prospecting,20260929,Connected TV,Ostatné SR,7649,42,0.55%,35.07,,5263
Energy_Client_SK,ProduktLaunch26_Programmatic,IO_ProduktLaunch26_Display,LI_Display_Prospecting,20260923,Mobile,Ostatné SR,8639,40,0.47%,21.61,,5048
Energy_Client_SK,ProduktLaunch26_Programmatic,IO_ProduktLaunch26_Video,LI_Video_Retarget,20261028,Connected TV,Ostatné SR,8772,66,0.75%,35.97,0.0,5534
Energy_Client_SK,ProduktLaunch26_Programmatic,IO_ProduktLaunch26_Display,LI_Native_Prospecting,20260910,Tablet,Bratislavský kraj,5226,23,0.43%,17.59,,2995
Energy_Client_SK,ProduktLaunch26_Programmatic,IO_ProduktLaunch26_Display,LI_Display_Prospecting,20260918,Connected TV,Ostatné SR,6660,17,0.26%,12.2,0.0,4036
Energy_Client_SK,ProduktLaunch26_Programmatic,IO_ProduktLaunch26_Display,LI_Native_Prospecting,20260829,Connected TV,Košický kraj,3002,21,0.71%,10.16,,1991
Energy_Client_SK,ProduktLaunch26_Programmatic,IO_ProduktLaunch26_Video,LI_Audio_Awareness,20260920,Mobile,Košický kraj,8123,27,0.33%,19.79,0.0,5584
Energy_Client_SK,ProduktLaunch26_Programmatic,IO_ProduktLaunch26_Display,LI_Native_Prospecting,20261024,Tablet,Košický kraj,2676,18,0.66%,9.91,,1735
Energy_Client_SK,ProduktLaunch26_Programmatic,IO_ProduktLaunch26_Video,LI_Video_Prospecting,20261023,Mobile,Bratislavský kraj,15861,90,0.56%,71.74,0.0,9856
Energy_Client_SK,ProduktLaunch26_Programmatic,IO_ProduktLaunch26_Video,LI_Video_Retarget,20260906,Tablet,Ostatné SR,6458,60,0.93%,28.88,0.0,4713
Energy_Client_SK,ProduktLaunch26_Programmatic,IO_ProduktLaunch26_Video,LI_Audio_Awareness,20260915,Mobile,Bratislavský kraj,12274,56,0.45%,28.4,,8548
Energy_Client_SK,ProduktLaunch26_Programmatic,IO_ProduktLaunch26_Display,LI_Native_Prospecting,20261016,Mobile,Bratislavský kraj,11755,60,0.51%,41.33,,6687
Energy_Client_SK,ProduktLaunch26_Programmatic,IO_ProduktLaunch26_Display,LI_Display_Prospecting,20260904,Desktop,Košický kraj,5572,20,0.35%,12.44,0.0,3589
Energy_Client_SK,ProduktLaunch26_Programmatic,IO_ProduktLaunch26_Display,LI_Display_Prospecting,20260925,Connected TV,Bratislavský kraj,7902,27,0.34%,20.12,0.0,4860
Energy_Client_SK,ProduktLaunch26_Programmatic,IO_ProduktLaunch26_Video,LI_Video_Prospecting,20261004,Mobile,Košický kraj,16773,105,0.62%,79.3,,9850
Energy_Client_SK,ProduktLaunch26_Programmatic,IO_ProduktLaunch26_Video,LI_Audio_Awareness,20260929,Desktop,Košický kraj,4734,13,0.27%,7.99,,2762
Energy_Client_SK,ProduktLaunch26_Programmatic,IO_ProduktLaunch26_Video,LI_Video_Prospecting,20260914,Connected TV,Bratislavský kraj,8004,50,0.62%,39.03,,4431
Energy_Client_SK,ProduktLaunch26_Programmatic,IO_ProduktLaunch26_Video,LI_Audio_Awareness,20260927,Connected TV,Ostatné SR,6885,27,0.39%,14.41,,3833
Energy_Client_SK,ProduktLaunch26_Programmatic,IO_ProduktLaunch26_Display,LI_Display_Prospecting,20261004,Desktop,Bratislavský kraj,19693,69,0.35%,54.13,,14744
Energy_Client_SK,ProduktLaunch26_Programmatic,IO_ProduktLaunch26_Video,LI_Audio_Awareness,20261020,Tablet,Bratislavský kraj,8298,17,0.2%,15.93,,6543
Energy_Client_SK,ProduktLaunch26_Programmatic,IO_ProduktLaunch26_Video,LI_Video_Retarget,20261013,Desktop,Bratislavský kraj,13510,117,0.86%,61.33,0.0,7838
Energy_Client_SK,ProduktLaunch26_Programmatic,IO_ProduktLaunch26_Display,LI_Native_Prospecting,20260815,Connected TV,Bratislavský kraj,6043,43,0.71%,15.52,,4798
Energy_Client_SK,ProduktLaunch26_Programmatic,IO_ProduktLaunch26_Display,LI_Native_Prospecting,20260823,Mobile,Bratislavský kraj,13047,75,0.58%,43.26,,9918
Energy_Client_SK,ProduktLaunch26_Programmatic,IO_ProduktLaunch26_Display,LI_Display_Prospecting,20261005,Mobile,Bratislavský kraj,23654,112,0.48%,58.15,,17068
Energy_Client_SK,ProduktLaunch26_Programmatic,IO_ProduktLaunch26_Video,LI_Audio_Awareness,20261010,Connected TV,Košický kraj,3776,15,0.39%,7.52,,2702
Energy_Client_SK,ProduktLaunch26_Programmatic,IO_ProduktLaunch26_Display,LI_Display_Retarget,20260918,Desktop,Ostatné SR,7100,22,0.32%,18.49,0.0,5425
Energy_Client_SK,ProduktLaunch26_Programmatic,IO_ProduktLaunch26_Display,LI_Native_Prospecting,20260914,Connected TV,Ostatné SR,6460,50,0.77%,24.47,,4118
Energy_Client_SK,ProduktLaunch26_Programmatic,IO_ProduktLaunch26_Display,LI_Display_Retarget,20260829,Tablet,Ostatné SR,3718,16,0.42%,10.82,0.0,2501
Energy_Client_SK,ProduktLaunch26_Programmatic,IO_ProduktLaunch26_Display,LI_Native_Prospecting,20260918,Mobile,Ostatné SR,11326,61,0.53%,34.81,0.0,8625
Energy_Client_SK,ProduktLaunch26_Programmatic,IO_ProduktLaunch26_Video,LI_Video_Retarget,20260903,Mobile,Košický kraj,7900,84,1.07%,28.22,,5823
Energy_Client_SK,ProduktLaunch26_Programmatic,IO_ProduktLaunch26_Video,LI_Video_Prospecting,20260815,Mobile,Košický kraj,8268,42,0.5%,28.02,,5230
Energy_Client_SK,ProduktLaunch26_Programmatic,IO_ProduktLaunch26_Video,LI_Audio_Awareness,20260905,Tablet,Bratislavský kraj,3961,13,0.33%,7.53,0.0,2927
Energy_Client_SK,ProduktLaunch26_Programmatic,IO_ProduktLaunch26_Video,LI_Video_Prospecting,20261017,Desktop,Bratislavský kraj,19585,125,0.64%,69.28,0.0,14980
Energy_Client_SK,ProduktLaunch26_Programmatic,IO_ProduktLaunch26_Display,LI_Native_Prospecting,20260817,Tablet,Košický kraj,4473,26,0.58%,11.04,0.0,2806
Energy_Client_SK,ProduktLaunch26_Programmatic,IO_ProduktLaunch26_Video,LI_Video_Retarget,20260914,Desktop,Bratislavský kraj,17616,190,1.08%,70.15,0.0,9855
Energy_Client_SK,ProduktLaunch26_Programmatic,IO_ProduktLaunch26_Video,LI_Video_Retarget,20260922,Desktop,Ostatné SR,10424,63,0.6%,37.69,0.0,8320
Energy_Client_SK,ProduktLaunch26_Programmatic,IO_ProduktLaunch26_Video,LI_Video_Prospecting,20260818,Mobile,Bratislavský kraj,16804,90,0.54%,73.76,0.0,9270
Energy_Client_SK,ProduktLaunch26_Programmatic,IO_ProduktLaunch26_Video,LI_Video_Prospecting,20261024,Connected TV,Bratislavský kraj,8858,46,0.52%,30.71,0.0,4950
Energy_Client_SK,ProduktLaunch26_Programmatic,IO_ProduktLaunch26_Display,LI_Native_Prospecting,20261013,Desktop,Košický kraj,6136,44,0.71%,20.91,,4807
Energy_Client_SK,ProduktLaunch26_Programmatic,IO_ProduktLaunch26_Video,LI_Audio_Awareness,20260909,Mobile,Bratislavský kraj,11035,24,0.21%,23.88,,8508
Energy_Client_SK,ProduktLaunch26_Programmatic,IO_ProduktLaunch26_Video,LI_Audio_Awareness,20261012,Desktop,Ostatné SR,9773,39,0.4%,21.35,,5399
Energy_Client_SK,ProduktLaunch26_Programmatic,IO_ProduktLaunch26_Video,LI_Audio_Awareness,20260914,Mobile,Košický kraj,6161,20,0.32%,12.56,0.0,3643
Energy_Client_SK,ProduktLaunch26_Programmatic,IO_ProduktLaunch26_Display,LI_Display_Prospecting,20260828,Desktop,Bratislavský kraj,12223,33,0.27%,38.07,,9686
Energy_Client_SK,ProduktLaunch26_Programmatic,IO_ProduktLaunch26_Display,LI_Display_Retarget,20260907,Desktop,Ostatné SR,8115,24,0.3%,19.71,0.0,5324
Energy_Client_SK,ProduktLaunch26_Programmatic,IO_ProduktLaunch26_Display,LI_Display_Prospecting,20260925,Desktop,Košický kraj,8177,30,0.37%,21.11,0.0,5888
Energy_Client_SK,ProduktLaunch26_Programmatic,IO_ProduktLaunch26_Display,LI_Display_Retarget,20261011,Desktop,Košický kraj,8177,49,0.6%,23.01,,5393
Energy_Client_SK,ProduktLaunch26_Programmatic,IO_ProduktLaunch26_Display,LI_Native_Prospecting,20261021,Connected TV,Bratislavský kraj,6867,37,0.54%,23.79,0.0,4232
Energy_Client_SK,ProduktLaunch26_Programmatic,IO_ProduktLaunch26_Display,LI_Native_Prospecting,20260922,Connected TV,Bratislavský kraj,8640,69,0.8%,20.9,0.0,5470
Energy_Client_SK,ProduktLaunch26_Programmatic,IO_ProduktLaunch26_Video,LI_Video_Prospecting,20260816,Connected TV,Bratislavský kraj,11236,82,0.73%,53.72,0.0,6655
Energy_Client_SK,ProduktLaunch26_Programmatic,IO_ProduktLaunch26_Display,LI_Native_Prospecting,20261007,Mobile,Košický kraj,7665,37,0.49%,29.02,,5858
Energy_Client_SK,ProduktLaunch26_Programmatic,IO_ProduktLaunch26_Video,LI_Audio_Awareness,20260930,Mobile,Ostatné SR,13581,29,0.22%,33.82,,8388
Energy_Client_SK,ProduktLaunch26_Programmatic,IO_ProduktLaunch26_Video,LI_Video_Retarget,20260920,Mobile,Košický kraj,14816,92,0.62%,64.07,,9438
Energy_Client_SK,ProduktLaunch26_Programmatic,IO_ProduktLaunch26_Display,LI_Display_Prospecting,20260906,Desktop,Bratislavský kraj,17672,46,0.26%,51.87,0.0,13920
Energy_Client_SK,ProduktLaunch26_Programmatic,IO_ProduktLaunch26_Video,LI_Video_Retarget,20261006,Desktop,Ostatné SR,14706,83,0.56%,51.83,0.0,9193
Energy_Client_SK,ProduktLaunch26_Programmatic,IO_ProduktLaunch26_Display,LI_Native_Prospecting,20260820,Desktop,Ostatné SR,11560,53,0.45%,29.66,,8973
Energy_Client_SK,ProduktLaunch26_Programmatic,IO_ProduktLaunch26_Video,LI_Audio_Awareness,20260913,Connected TV,Bratislavský kraj,7516,18,0.25%,15.06,,4164
Energy_Client_SK,ProduktLaunch26_Programmatic,IO_ProduktLaunch26_Video,LI_Video_Retarget,20261026,Mobile,Bratislavský kraj,16211,129,0.79%,77.82,0.0,12934
Energy_Client_SK,ProduktLaunch26_Programmatic,IO_ProduktLaunch26_Video,LI_Video_Prospecting,20260822,Desktop,Bratislavský kraj,13996,113,0.81%,45.94,,7918
Energy_Client_SK,ProduktLaunch26_Programmatic,IO_ProduktLaunch26_Video,LI_Video_Prospecting,20260910,Desktop,Bratislavský kraj,22004,105,0.48%,101.97,,16048
Energy_Client_SK,ProduktLaunch26_Programmatic,IO_ProduktLaunch26_Video,LI_Video_Retarget,20260818,Connected TV,Košický kraj,5064,47,0.92%,20.61,,3747
Energy_Client_SK,ProduktLaunch26_Programmatic,IO_ProduktLaunch26_Display,LI_Display_Retarget,20260928,Connected TV,Košický kraj,5258,17,0.33%,12.19,0.0,3562
Energy_Client_SK,ProduktLaunch26_Programmatic,IO_ProduktLaunch26_Video,LI_Audio_Awareness,20261023,Desktop,Ostatné SR,12215,29,0.24%,24.16,0.0,7225
Energy_Client_SK,ProduktLaunch26_Programmatic,IO_ProduktLaunch26_Video,LI_Video_Prospecting,20260913,Connected TV,Košický kraj,8928,63,0.7%,35.24,,6757
Energy_Client_SK,ProduktLaunch26_Programmatic,IO_ProduktLaunch26_Video,LI_Video_Prospecting,20261002,Connected TV,Bratislavský kraj,10510,43,0.41%,43.04,0.0,8125
Energy_Client_SK,ProduktLaunch26_Programmatic,IO_ProduktLaunch26_Video,LI_Video_Prospecting,20260901,Desktop,Košický kraj,8273,73,0.88%,27.13,,5293
Energy_Client_SK,ProduktLaunch26_Programmatic,IO_ProduktLaunch26_Video,LI_Audio_Awareness,20260913,Tablet,Bratislavský kraj,7847,18,0.23%,19.72,,5727
Energy_Client_SK,ProduktLaunch26_Programmatic,IO_ProduktLaunch26_Video,LI_Video_Prospecting,20260901,Tablet,Košický kraj,6782,47,0.69%,20.62,,5194
Energy_Client_SK,ProduktLaunch26_Programmatic,IO_ProduktLaunch26_Video,LI_Video_Prospecting,20261021,Tablet,Košický kraj,4463,26,0.58%,16.5,0.0,2587
Energy_Client_SK,ProduktLaunch26_Programmatic,IO_ProduktLaunch26_Display,LI_Display_Retarget,20260831,Tablet,Bratislavský kraj,6409,23,0.36%,15.76,0.0,4607
Energy_Client_SK,ProduktLaunch26_Programmatic,IO_ProduktLaunch26_Display,LI_Display_Prospecting,20260826,Desktop,Ostatné SR,13695,63,0.46%,36.25,0.0,10634
Energy_Client_SK,ProduktLaunch26_Programmatic,IO_ProduktLaunch26_Video,LI_Audio_Awareness,20260817,Connected TV,Bratislavský kraj,7096,22,0.31%,16.28,0.0,4335
Energy_Client_SK,ProduktLaunch26_Programmatic,IO_ProduktLaunch26_Display,LI_Native_Prospecting,20260819,Mobile,Košický kraj,7866,52,0.66%,29.24,0.0,4747
Energy_Client_SK,ProduktLaunch26_Programmatic,IO_ProduktLaunch26_Display,LI_Native_Prospecting,20261018,Connected TV,Bratislavský kraj,8731,36,0.42%,21.82,0.0,5301
Energy_Client_SK,ProduktLaunch26_Programmatic,IO_ProduktLaunch26_Display,LI_Native_Prospecting,20260910,Desktop,Ostatné SR,10636,51,0.48%,23.62,0.0,7526
Energy_Client_SK,ProduktLaunch26_Programmatic,IO_ProduktLaunch26_Display,LI_Native_Prospecting,20260830,Tablet,Ostatné SR,3567,22,0.61%,9.82,0.0,2509
Energy_Client_SK,ProduktLaunch26_Programmatic,IO_ProduktLaunch26_Display,LI_Display_Retarget,20261020,Connected TV,Košický kraj,6033,42,0.7%,16.51,,4774
Energy_Client_SK,ProduktLaunch26_Programmatic,IO_ProduktLaunch26_Display,LI_Display_Prospecting,20261010,Tablet,Košický kraj,3525,11,0.32%,8.35,0.0,2632
Energy_Client_SK,ProduktLaunch26_Programmatic,IO_ProduktLaunch26_Video,LI_Video_Retarget,20260928,Desktop,Ostatné SR,16032,123,0.77%,67.92,0.0,11367
Energy_Client_SK,ProduktLaunch26_Programmatic,IO_ProduktLaunch26_Display,LI_Display_Retarget,20260916,Connected TV,Košický kraj,7104,40,0.56%,16.14,0.0,5660
Energy_Client_SK,ProduktLaunch26_Programmatic,IO_ProduktLaunch26_Video,LI_Audio_Awareness,20260927,Desktop,Košický kraj,5172,21,0.41%,9.01,,3935
Energy_Client_SK,ProduktLaunch26_Programmatic,IO_ProduktLaunch26_Video,LI_Video_Retarget,20261022,Mobile,Košický kraj,15504,79,0.51%,50.02,0.0,10588
Energy_Client_SK,ProduktLaunch26_Programmatic,IO_ProduktLaunch26_Display,LI_Native_Prospecting,20261010,Desktop,Ostatné SR,9247,74,0.8%,28.79,0.0,5310
Energy_Client_SK,ProduktLaunch26_Programmatic,IO_ProduktLaunch26_Video,LI_Video_Prospecting,20261009,Mobile,Bratislavský kraj,26760,178,0.66%,110.5,,19249
Energy_Client_SK,ProduktLaunch26_Programmatic,IO_ProduktLaunch26_Video,LI_Video_Prospecting,20260901,Desktop,Bratislavský kraj,12999,67,0.51%,52.44,0.0,9535
Energy_Client_SK,ProduktLaunch26_Programmatic,IO_ProduktLaunch26_Display,LI_Display_Retarget,20260819,Desktop,Bratislavský kraj,15339,85,0.55%,35.48,,10597
Energy_Client_SK,ProduktLaunch26_Programmatic,IO_ProduktLaunch26_Video,LI_Audio_Awareness,20260930,Connected TV,Ostatné SR,8240,19,0.23%,18.01,,6072
Energy_Client_SK,ProduktLaunch26_Programmatic,IO_ProduktLaunch26_Video,LI_Video_Prospecting,20260824,Mobile,Košický kraj,15802,136,0.86%,73.18,,11015
Energy_Client_SK,ProduktLaunch26_Programmatic,IO_ProduktLaunch26_Display,LI_Display_Prospecting,20260917,Desktop,Košický kraj,10740,29,0.27%,26.2,,6726
Energy_Client_SK,ProduktLaunch26_Programmatic,IO_ProduktLaunch26_Display,LI_Native_Prospecting,20261014,Connected TV,Ostatné SR,4876,26,0.53%,15.25,,2905
Energy_Client_SK,ProduktLaunch26_Programmatic,IO_ProduktLaunch26_Video,LI_Video_Prospecting,20261004,Connected TV,Bratislavský kraj,14248,75,0.53%,59.56,0.0,10842
Energy_Client_SK,ProduktLaunch26_Programmatic,IO_ProduktLaunch26_Display,LI_Display_Prospecting,20260925,Connected TV,Ostatné SR,7993,27,0.34%,17.94,0.0,6010
Energy_Client_SK,ProduktLaunch26_Programmatic,IO_ProduktLaunch26_Display,LI_Display_Retarget,20261009,Connected TV,Ostatné SR,4352,28,0.64%,10.2,,3043
Energy_Client_SK,ProduktLaunch26_Programmatic,IO_ProduktLaunch26_Display,LI_Native_Prospecting,20260923,Mobile,Bratislavský kraj,12602,97,0.77%,29.33,,8453
Energy_Client_SK,ProduktLaunch26_Programmatic,IO_ProduktLaunch26_Video,LI_Audio_Awareness,20260830,Desktop,Bratislavský kraj,16939,56,0.33%,36.44,,13539
Energy_Client_SK,ProduktLaunch26_Programmatic,IO_ProduktLaunch26_Display,LI_Native_Prospecting,20260928,Mobile,Bratislavský kraj,15731,72,0.46%,42.45,,9927
Energy_Client_SK,ProduktLaunch26_Programmatic,IO_ProduktLaunch26_Video,LI_Video_Retarget,20260923,Tablet,Košický kraj,3625,30,0.83%,19.1,0.0,1996
Energy_Client_SK,ProduktLaunch26_Programmatic,IO_ProduktLaunch26_Display,LI_Native_Prospecting,20260816,Tablet,Košický kraj,2642,15,0.56%,7.29,,1573
Energy_Client_SK,ProduktLaunch26_Programmatic,IO_ProduktLaunch26_Display,LI_Display_Retarget,20260818,Desktop,Košický kraj,10033,49,0.49%,30.53,,5629
Energy_Client_SK,ProduktLaunch26_Programmatic,IO_ProduktLaunch26_Video,LI_Video_Retarget,20260819,Mobile,Košický kraj,13038,69,0.53%,52.03,0.0,7229
Energy_Client_SK,ProduktLaunch26_Programmatic,IO_ProduktLaunch26_Video,LI_Video_Retarget,20260912,Connected TV,Bratislavský kraj,7992,49,0.61%,28.19,,4914
Energy_Client_SK,ProduktLaunch26_Programmatic,IO_ProduktLaunch26_Video,LI_Audio_Awareness,20260919,Connected TV,Bratislavský kraj,9828,27,0.27%,18.67,0.0,6268
Energy_Client_SK,ProduktLaunch26_Programmatic,IO_ProduktLaunch26_Display,LI_Display_Retarget,20260930,Tablet,Ostatné SR,4053,23,0.58%,11.23,,2308
Energy_Client_SK,ProduktLaunch26_Programmatic,IO_ProduktLaunch26_Display,LI_Display_Retarget,20260830,Desktop,Bratislavský kraj,12254,54,0.44%,37.93,,9694
Energy_Client_SK,ProduktLaunch26_Programmatic,IO_ProduktLaunch26_Display,LI_Display_Prospecting,20261016,Mobile,Košický kraj,6328,19,0.31%,13.65,0.0,4433
Energy_Client_SK,ProduktLaunch26_Programmatic,IO_ProduktLaunch26_Display,LI_Display_Retarget,20260905,Tablet,Košický kraj,2825,11,0.4%,8.04,,1924
Energy_Client_SK,ProduktLaunch26_Programmatic,IO_ProduktLaunch26_Display,LI_Display_Prospecting,20260824,Connected TV,Bratislavský kraj,12451,57,0.46%,31.18,,8339
Energy_Client_SK,ProduktLaunch26_Programmatic,IO_ProduktLaunch26_Video,LI_Video_Prospecting,20260926,Desktop,Košický kraj,13392,108,0.81%,51.74,0.0,9757
Energy_Client_SK,ProduktLaunch26_Programmatic,IO_ProduktLaunch26_Video,LI_Video_Retarget,20261025,Mobile,Košický kraj,8881,62,0.7%,28.43,,5533
Energy_Client_SK,ProduktLaunch26_Programmatic,IO_ProduktLaunch26_Display,LI_Display_Prospecting,20261026,Mobile,Bratislavský kraj,18721,89,0.47%,58.91,0.0,14006
Energy_Client_SK,ProduktLaunch26_Programmatic,IO_ProduktLaunch26_Video,LI_Audio_Awareness,20261005,Tablet,Ostatné SR,3418,13,0.38%,7.6,,1969
Energy_Client_SK,ProduktLaunch26_Programmatic,IO_ProduktLaunch26_Display,LI_Native_Prospecting,20261026,Connected TV,Bratislavský kraj,9712,47,0.48%,31.47,,6533
Energy_Client_SK,ProduktLaunch26_Programmatic,IO_ProduktLaunch26_Video,LI_Video_Prospecting,20260821,Tablet,Košický kraj,7324,38,0.51%,22.75,0.0,5400
Energy_Client_SK,ProduktLaunch26_Programmatic,IO_ProduktLaunch26_Display,LI_Display_Retarget,20261023,Desktop,Ostatné SR,12545,49,0.39%,36.38,0.0,7759
Energy_Client_SK,ProduktLaunch26_Programmatic,IO_ProduktLaunch26_Display,LI_Display_Retarget,20261014,Mobile,Košický kraj,6489,24,0.37%,18.33,,3908
Energy_Client_SK,ProduktLaunch26_Programmatic,IO_ProduktLaunch26_Video,LI_Video_Retarget,20260913,Tablet,Ostatné SR,5656,39,0.69%,27.9,,4304
Energy_Client_SK,ProduktLaunch26_Programmatic,IO_ProduktLaunch26_Video,LI_Video_Prospecting,20261027,Desktop,Košický kraj,9826,41,0.41%,46.14,,5637
Energy_Client_SK,ProduktLaunch26_Programmatic,IO_ProduktLaunch26_Video,LI_Video_Prospecting,20261002,Tablet,Ostatné SR,6425,28,0.44%,30.99,0.0,4647
Energy_Client_SK,ProduktLaunch26_Programmatic,IO_ProduktLaunch26_Display,LI_Native_Prospecting,20260828,Mobile,Ostatné SR,13664,100,0.73%,38.39,,7671
Energy_Client_SK,ProduktLaunch26_Programmatic,IO_ProduktLaunch26_Video,LI_Video_Retarget,20261027,Desktop,Košický kraj,12501,130,1.04%,61.06,,9571
Energy_Client_SK,ProduktLaunch26_Programmatic,IO_ProduktLaunch26_Display,LI_Display_Retarget,20260817,Mobile,Bratislavský kraj,11312,63,0.56%,37.95,,8774
Energy_Client_SK,ProduktLaunch26_Programmatic,IO_ProduktLaunch26_Display,LI_Native_Prospecting,20260830,Tablet,Košický kraj,3910,28,0.7%,9.68,,2782
Energy_Client_SK,ProduktLaunch26_Programmatic,IO_ProduktLaunch26_Video,LI_Video_Prospecting,20260921,Mobile,Košický kraj,10886,60,0.55%,47.26,0.0,8681
Energy_Client_SK,ProduktLaunch26_Programmatic,IO_ProduktLaunch26_Video,LI_Video_Retarget,20260820,Connected TV,Bratislavský kraj,10238,76,0.74%,36.97,0.0,6960
Energy_Client_SK,ProduktLaunch26_Programmatic,IO_ProduktLaunch26_Video,LI_Video_Prospecting,20261002,Mobile,Bratislavský kraj,22705,133,0.59%,103.31,0.0,16037
Energy_Client_SK,ProduktLaunch26_Programmatic,IO_ProduktLaunch26_Display,LI_Display_Retarget,20260824,Desktop,Bratislavský kraj,15512,94,0.6%,31.34,,11450
Energy_Client_SK,ProduktLaunch26_Programmatic,IO_ProduktLaunch26_Display,LI_Display_Retarget,20260910,Mobile,Ostatné SR,7464,37,0.49%,25.08,0.0,4147
Energy_Client_SK,ProduktLaunch26_Programmatic,IO_ProduktLaunch26_Display,LI_Display_Prospecting,20260908,Tablet,Košický kraj,4001,23,0.56%,12.67,,2992
Energy_Client_SK,ProduktLaunch26_Programmatic,IO_ProduktLaunch26_Video,LI_Video_Retarget,20260830,Tablet,Košický kraj,3741,33,0.88%,13.66,0.0,2698
Energy_Client_SK,ProduktLaunch26_Programmatic,IO_ProduktLaunch26_Display,LI_Display_Prospecting,20261026,Tablet,Bratislavský kraj,4742,13,0.27%,10.05,,2748
Energy_Client_SK,ProduktLaunch26_Programmatic,IO_ProduktLaunch26_Display,LI_Display_Prospecting,20260924,Mobile,Bratislavský kraj,13519,61,0.45%,31.73,0.0,10038
Energy_Client_SK,ProduktLaunch26_Programmatic,IO_ProduktLaunch26_Display,LI_Display_Retarget,20261008,Desktop,Bratislavský kraj,9860,37,0.38%,26.71,0.0,7626
Energy_Client_SK,ProduktLaunch26_Programmatic,IO_ProduktLaunch26_Video,LI_Audio_Awareness,20260919,Mobile,Košický kraj,5646,21,0.38%,9.35,0.0,4266
Energy_Client_SK,ProduktLaunch26_Programmatic,IO_ProduktLaunch26_Display,LI_Native_Prospecting,20261017,Desktop,Ostatné SR,5933,43,0.72%,19.53,,4453
Energy_Client_SK,ProduktLaunch26_Programmatic,IO_ProduktLaunch26_Display,LI_Display_Retarget,20260901,Connected TV,Ostatné SR,4552,14,0.32%,10.25,,3512
Energy_Client_SK,ProduktLaunch26_Programmatic,IO_ProduktLaunch26_Video,LI_Video_Retarget,20260906,Connected TV,Bratislavský kraj,8730,68,0.78%,44.41,,6851
Energy_Client_SK,ProduktLaunch26_Programmatic,IO_ProduktLaunch26_Display,LI_Native_Prospecting,20260907,Tablet,Bratislavský kraj,3916,28,0.71%,9.46,,2624
Energy_Client_SK,ProduktLaunch26_Programmatic,IO_ProduktLaunch26_Display,LI_Display_Prospecting,20260823,Tablet,Košický kraj,2746,9,0.31%,8.36,,1711
Energy_Client_SK,ProduktLaunch26_Programmatic,IO_ProduktLaunch26_Display,LI_Display_Retarget,20260825,Mobile,Bratislavský kraj,19565,111,0.57%,54.81,0.0,14220
Energy_Client_SK,ProduktLaunch26_Programmatic,IO_ProduktLaunch26_Display,LI_Native_Prospecting,20261013,Mobile,Košický kraj,9198,56,0.61%,32.73,0.0,7314
Energy_Client_SK,ProduktLaunch26_Programmatic,IO_ProduktLaunch26_Display,LI_Display_Prospecting,20261016,Desktop,Bratislavský kraj,16084,44,0.27%,35.66,,9153
Energy_Client_SK,ProduktLaunch26_Programmatic,IO_ProduktLaunch26_Video,LI_Video_Retarget,20260901,Connected TV,Bratislavský kraj,9336,96,1.02%,44.61,,6716
Energy_Client_SK,ProduktLaunch26_Programmatic,IO_ProduktLaunch26_Video,LI_Audio_Awareness,20261004,Tablet,Ostatné SR,6176,21,0.34%,10.64,,4575
Energy_Client_SK,ProduktLaunch26_Programmatic,IO_ProduktLaunch26_Video,LI_Audio_Awareness,20260917,Mobile,Bratislavský kraj,11339,31,0.27%,17.39,0.0,8029
Energy_Client_SK,ProduktLaunch26_Programmatic,IO_ProduktLaunch26_Video,LI_Video_Prospecting,20260817,Mobile,Ostatné SR,13806,92,0.67%,56.48,0.0,8383
Energy_Client_SK,ProduktLaunch26_Programmatic,IO_ProduktLaunch26_Video,LI_Audio_Awareness,20260923,Connected TV,Košický kraj,5940,12,0.2%,9.9,0.0,4093
Energy_Client_SK,ProduktLaunch26_Programmatic,IO_ProduktLaunch26_Display,LI_Display_Retarget,20260922,Connected TV,Košický kraj,4307,18,0.41%,13.95,,3360
Energy_Client_SK,ProduktLaunch26_Programmatic,IO_ProduktLaunch26_Display,LI_Display_Prospecting,20261014,Tablet,Bratislavský kraj,10251,27,0.26%,24.32,0.0,6105
Energy_Client_SK,ProduktLaunch26_Programmatic,IO_ProduktLaunch26_Display,LI_Native_Prospecting,20260901,Tablet,Ostatné SR,4117,22,0.52%,10.9,0.0,3192
Energy_Client_SK,ProduktLaunch26_Programmatic,IO_ProduktLaunch26_Video,LI_Video_Prospecting,20260822,Tablet,Košický kraj,3576,22,0.61%,13.72,,2081
Energy_Client_SK,ProduktLaunch26_Programmatic,IO_ProduktLaunch26_Video,LI_Video_Retarget,20261002,Desktop,Ostatné SR,9077,96,1.06%,36.63,,6278
Energy_Client_SK,ProduktLaunch26_Programmatic,IO_ProduktLaunch26_Display,LI_Display_Prospecting,20260826,Tablet,Bratislavský kraj,7244,30,0.41%,20.49,0.0,4863
Energy_Client_SK,ProduktLaunch26_Programmatic,IO_ProduktLaunch26_Display,LI_Display_Prospecting,20261020,Connected TV,Košický kraj,4867,13,0.26%,10.3,,3388
Energy_Client_SK,ProduktLaunch26_Programmatic,IO_ProduktLaunch26_Display,LI_Display_Prospecting,20261010,Connected TV,Košický kraj,8250,35,0.43%,18.3,0.0,5723
Energy_Client_SK,ProduktLaunch26_Programmatic,IO_ProduktLaunch26_Display,LI_Display_Retarget,20261025,Desktop,Bratislavský kraj,12472,68,0.55%,27.25,0.0,7466
Energy_Client_SK,ProduktLaunch26_Programmatic,IO_ProduktLaunch26_Video,LI_Video_Retarget,20260823,Desktop,Bratislavský kraj,10704,61,0.57%,34.97,,6260
Energy_Client_SK,ProduktLaunch26_Programmatic,IO_ProduktLaunch26_Display,LI_Display_Retarget,20260911,Mobile,Ostatné SR,10074,40,0.4%,32.98,0.0,7688
Energy_Client_SK,ProduktLaunch26_Programmatic,IO_ProduktLaunch26_Display,LI_Display_Prospecting,20260820,Desktop,Bratislavský kraj,10389,27,0.26%,26.09,,7822
Energy_Client_SK,ProduktLaunch26_Programmatic,IO_ProduktLaunch26_Video,LI_Video_Retarget,20260919,Desktop,Ostatné SR,10879,58,0.53%,44.85,,6953
Energy_Client_SK,ProduktLaunch26_Programmatic,IO_ProduktLaunch26_Display,LI_Native_Prospecting,20261019,Tablet,Ostatné SR,2655,20,0.76%,8.03,,1533
Energy_Client_SK,ProduktLaunch26_Programmatic,IO_ProduktLaunch26_Video,LI_Video_Prospecting,20261019,Connected TV,Ostatné SR,9244,71,0.76%,33.98,,5455
Energy_Client_SK,ProduktLaunch26_Programmatic,IO_ProduktLaunch26_Video,LI_Video_Prospecting,20260827,Desktop,Bratislavský kraj,12864,114,0.88%,45.44,,7168
Energy_Client_SK,ProduktLaunch26_Programmatic,IO_ProduktLaunch26_Display,LI_Display_Prospecting,20261028,Tablet,Ostatné SR,4749,25,0.53%,9.21,0.0,2800
Energy_Client_SK,ProduktLaunch26_Programmatic,IO_ProduktLaunch26_Video,LI_Video_Prospecting,20260907,Desktop,Bratislavský kraj,21205,157,0.74%,70.71,0.0,14924
Energy_Client_SK,ProduktLaunch26_Programmatic,IO_ProduktLaunch26_Display,LI_Native_Prospecting,20261024,Connected TV,Košický kraj,4914,31,0.63%,12.36,,2996
Energy_Client_SK,ProduktLaunch26_Programmatic,IO_ProduktLaunch26_Video,LI_Audio_Awareness,20260819,Connected TV,Bratislavský kraj,8884,40,0.45%,17.24,0.0,5035
Energy_Client_SK,ProduktLaunch26_Programmatic,IO_ProduktLaunch26_Video,LI_Audio_Awareness,20260825,Mobile,Košický kraj,6544,15,0.24%,12.76,,5212
Energy_Client_SK,ProduktLaunch26_Programmatic,IO_ProduktLaunch26_Video,LI_Video_Retarget,20260911,Tablet,Bratislavský kraj,7650,41,0.53%,26.18,,4438
Energy_Client_SK,ProduktLaunch26_Programmatic,IO_ProduktLaunch26_Video,LI_Audio_Awareness,20261012,Connected TV,Ostatné SR,7917,16,0.21%,17.29,,5826
Energy_Client_SK,ProduktLaunch26_Programmatic,IO_ProduktLaunch26_Video,LI_Video_Prospecting,20260822,Desktop,Ostatné SR,13964,87,0.62%,43.09,,9941
Energy_Client_SK,ProduktLaunch26_Programmatic,IO_ProduktLaunch26_Video,LI_Audio_Awareness,20260905,Tablet,Košický kraj,4816,24,0.5%,9.69,0.0,2706
Energy_Client_SK,ProduktLaunch26_Programmatic,IO_ProduktLaunch26_Video,LI_Audio_Awareness,20261028,Connected TV,Košický kraj,3912,12,0.29%,9.9,,2235
Energy_Client_SK,ProduktLaunch26_Programmatic,IO_ProduktLaunch26_Video,LI_Video_Retarget,20261002,Desktop,Košický kraj,5968,64,1.07%,30.39,,3895
Energy_Client_SK,ProduktLaunch26_Programmatic,IO_ProduktLaunch26_Display,LI_Display_Prospecting,20260914,Tablet,Košický kraj,5766,30,0.52%,18.02,0.0,4286
Energy_Client_SK,ProduktLaunch26_Programmatic,IO_ProduktLaunch26_Video,LI_Video_Retarget,20261015,Desktop,Bratislavský kraj,13676,72,0.53%,62.82,,9533
Energy_Client_SK,ProduktLaunch26_Programmatic,IO_ProduktLaunch26_Display,LI_Native_Prospecting,20260817,Desktop,Košický kraj,8307,43,0.52%,21.33,,5506
Energy_Client_SK,ProduktLaunch26_Programmatic,IO_ProduktLaunch26_Video,LI_Video_Retarget,20261027,Desktop,Ostatné SR,11994,120,1.0%,40.17,0.0,7993
Energy_Client_SK,ProduktLaunch26_Programmatic,IO_ProduktLaunch26_Display,LI_Native_Prospecting,20260912,Desktop,Bratislavský kraj,16066,70,0.44%,44.28,,12663
Energy_Client_SK,ProduktLaunch26_Programmatic,IO_ProduktLaunch26_Display,LI_Native_Prospecting,20261002,Mobile,Košický kraj,10214,52,0.51%,24.49,,6066
Energy_Client_SK,ProduktLaunch26_Programmatic,IO_ProduktLaunch26_Video,LI_Audio_Awareness,20261008,Desktop,Košický kraj,8781,37,0.42%,14.51,,4861
Energy_Client_SK,ProduktLaunch26_Programmatic,IO_ProduktLaunch26_Display,LI_Display_Prospecting,20260924,Mobile,Košický kraj,14038,78,0.56%,35.43,0.0,10175
Energy_Client_SK,ProduktLaunch26_Programmatic,IO_ProduktLaunch26_Video,LI_Video_Prospecting,20261021,Desktop,Košický kraj,12974,59,0.45%,54.86,,7658
Energy_Client_SK,ProduktLaunch26_Programmatic,IO_ProduktLaunch26_Display,LI_Display_Prospecting,20260819,Tablet,Ostatné SR,4279,23,0.55%,9.97,,2948
Energy_Client_SK,ProduktLaunch26_Programmatic,IO_ProduktLaunch26_Display,LI_Display_Prospecting,20261004,Connected TV,Bratislavský kraj,13298,77,0.58%,25.66,0.0,9728
Energy_Client_SK,ProduktLaunch26_Programmatic,IO_ProduktLaunch26_Display,LI_Display_Retarget,20260907,Mobile,Košický kraj,7561,49,0.65%,22.89,0.0,4725
Energy_Client_SK,ProduktLaunch26_Programmatic,IO_ProduktLaunch26_Display,LI_Display_Prospecting,20261027,Mobile,Bratislavský kraj,16077,45,0.28%,46.94,0.0,11664
Energy_Client_SK,ProduktLaunch26_Programmatic,IO_ProduktLaunch26_Video,LI_Video_Retarget,20261027,Connected TV,Ostatné SR,9608,84,0.88%,35.19,0.0,5355
Energy_Client_SK,ProduktLaunch26_Programmatic,IO_ProduktLaunch26_Video,LI_Video_Retarget,20261014,Mobile,Ostatné SR,11423,64,0.56%,57.69,0.0,8889
Energy_Client_SK,ProduktLaunch26_Programmatic,IO_ProduktLaunch26_Video,LI_Video_Prospecting,20260907,Connected TV,Košický kraj,4745,35,0.73%,15.55,,2902
Energy_Client_SK,ProduktLaunch26_Programmatic,IO_ProduktLaunch26_Display,LI_Display_Retarget,20260820,Tablet,Bratislavský kraj,7655,41,0.53%,26.57,,5993
Energy_Client_SK,ProduktLaunch26_Programmatic,IO_ProduktLaunch26_Video,LI_Video_Prospecting,20261006,Connected TV,Ostatné SR,7698,63,0.82%,34.46,,4625
Energy_Client_SK,ProduktLaunch26_Programmatic,IO_ProduktLaunch26_Display,LI_Native_Prospecting,20260827,Mobile,Košický kraj,8420,40,0.48%,18.97,,6543
Energy_Client_SK,ProduktLaunch26_Programmatic,IO_ProduktLaunch26_Video,LI_Audio_Awareness,20260825,Connected TV,Košický kraj,4934,20,0.41%,10.15,,3427
Energy_Client_SK,ProduktLaunch26_Programmatic,IO_ProduktLaunch26_Display,LI_Native_Prospecting,20261009,Tablet,Bratislavský kraj,6983,30,0.43%,25.3,0.0,3902
Energy_Client_SK,ProduktLaunch26_Programmatic,IO_ProduktLaunch26_Display,LI_Native_Prospecting,20261020,Connected TV,Bratislavský kraj,6152,34,0.55%,20.64,,4236
Energy_Client_SK,ProduktLaunch26_Programmatic,IO_ProduktLaunch26_Video,LI_Audio_Awareness,20260930,Connected TV,Košický kraj,6294,29,0.45%,15.3,0.0,4092
Energy_Client_SK,ProduktLaunch26_Programmatic,IO_ProduktLaunch26_Video,LI_Video_Prospecting,20261010,Connected TV,Bratislavský kraj,13794,104,0.75%,63.39,0.0,8950
Energy_Client_SK,ProduktLaunch26_Programmatic,IO_ProduktLaunch26_Video,LI_Video_Prospecting,20261022,Mobile,Ostatné SR,18432,112,0.61%,62.79,,11891
Energy_Client_SK,ProduktLaunch26_Programmatic,IO_ProduktLaunch26_Video,LI_Video_Prospecting,20261010,Tablet,Bratislavský kraj,11598,90,0.78%,47.97,,6453
Energy_Client_SK,ProduktLaunch26_Programmatic,IO_ProduktLaunch26_Video,LI_Video_Retarget,20261022,Connected TV,Ostatné SR,6541,66,1.0%,31.4,,4748
Energy_Client_SK,ProduktLaunch26_Programmatic,IO_ProduktLaunch26_Video,LI_Video_Retarget,20260916,Connected TV,Košický kraj,7125,40,0.56%,34.57,0.0,5102
Energy_Client_SK,ProduktLaunch26_Programmatic,IO_ProduktLaunch26_Display,LI_Native_Prospecting,20261024,Mobile,Ostatné SR,11753,70,0.6%,40.78,,8857
Energy_Client_SK,ProduktLaunch26_Programmatic,IO_ProduktLaunch26_Display,LI_Display_Prospecting,20260904,Tablet,Košický kraj,3606,19,0.52%,8.2,,2867
Energy_Client_SK,ProduktLaunch26_Programmatic,IO_ProduktLaunch26_Video,LI_Video_Retarget,20260925,Mobile,Ostatné SR,16561,138,0.83%,71.71,0.0,9173
Energy_Client_SK,ProduktLaunch26_Programmatic,IO_ProduktLaunch26_Video,LI_Audio_Awareness,20261020,Mobile,Ostatné SR,9136,22,0.24%,23.71,0.0,6188
Energy_Client_SK,ProduktLaunch26_Programmatic,IO_ProduktLaunch26_Video,LI_Video_Retarget,20260913,Tablet,Bratislavský kraj,5633,55,0.98%,19.7,,4281
Energy_Client_SK,ProduktLaunch26_Programmatic,IO_ProduktLaunch26_Video,LI_Audio_Awareness,20260919,Desktop,Bratislavský kraj,11710,58,0.5%,18.67,0.0,7428
Energy_Client_SK,ProduktLaunch26_Programmatic,IO_ProduktLaunch26_Video,LI_Audio_Awareness,20261006,Connected TV,Ostatné SR,6925,31,0.45%,12.79,0.0,5195
Energy_Client_SK,ProduktLaunch26_Programmatic,IO_ProduktLaunch26_Video,LI_Video_Retarget,20261003,Connected TV,Košický kraj,5335,37,0.7%,24.1,,3453
Energy_Client_SK,ProduktLaunch26_Programmatic,IO_ProduktLaunch26_Display,LI_Display_Prospecting,20260922,Mobile,Bratislavský kraj,23433,127,0.54%,42.34,0.0,15371
Energy_Client_SK,ProduktLaunch26_Programmatic,IO_ProduktLaunch26_Display,LI_Display_Prospecting,20260907,Mobile,Ostatné SR,14223,73,0.51%,42.36,0.0,10071
Energy_Client_SK,ProduktLaunch26_Programmatic,IO_ProduktLaunch26_Video,LI_Video_Prospecting,20260909,Mobile,Košický kraj,15378,80,0.52%,46.22,0.0,10034
Energy_Client_SK,ProduktLaunch26_Programmatic,IO_ProduktLaunch26_Display,LI_Display_Retarget,20261013,Connected TV,Bratislavský kraj,11414,51,0.45%,25.19,,8757
Energy_Client_SK,ProduktLaunch26_Programmatic,IO_ProduktLaunch26_Video,LI_Audio_Awareness,20260918,Desktop,Bratislavský kraj,17087,84,0.49%,34.33,0.0,10711
Energy_Client_SK,ProduktLaunch26_Programmatic,IO_ProduktLaunch26_Display,LI_Display_Retarget,20260816,Tablet,Košický kraj,4958,32,0.65%,16.02,,3443
Energy_Client_SK,ProduktLaunch26_Programmatic,IO_ProduktLaunch26_Display,LI_Native_Prospecting,20260817,Mobile,Ostatné SR,10841,82,0.75%,28.88,0.0,7540
Energy_Client_SK,ProduktLaunch26_Programmatic,IO_ProduktLaunch26_Display,LI_Display_Prospecting,20260828,Tablet,Košický kraj,5626,27,0.48%,11.96,,3817
Energy_Client_SK,ProduktLaunch26_Programmatic,IO_ProduktLaunch26_Video,LI_Audio_Awareness,20260923,Desktop,Košický kraj,7304,31,0.42%,17.63,,5436
Energy_Client_SK,ProduktLaunch26_Programmatic,IO_ProduktLaunch26_Display,LI_Display_Retarget,20260831,Mobile,Košický kraj,7481,42,0.56%,21.88,0.0,4377
Energy_Client_SK,ProduktLaunch26_Programmatic,IO_ProduktLaunch26_Display,LI_Display_Retarget,20260826,Connected TV,Ostatné SR,7596,32,0.41%,16.32,0.0,5804
Energy_Client_SK,ProduktLaunch26_Programmatic,IO_ProduktLaunch26_Video,LI_Video_Prospecting,20260825,Tablet,Bratislavský kraj,7901,54,0.69%,35.47,0.0,5699
Energy_Client_SK,ProduktLaunch26_Programmatic,IO_ProduktLaunch26_Display,LI_Native_Prospecting,20261001,Desktop,Ostatné SR,6103,32,0.53%,18.12,,3647
Energy_Client_SK,ProduktLaunch26_Programmatic,IO_ProduktLaunch26_Display,LI_Display_Retarget,20260918,Tablet,Ostatné SR,4333,27,0.61%,13.76,,3296
Energy_Client_SK,ProduktLaunch26_Programmatic,IO_ProduktLaunch26_Display,LI_Display_Prospecting,20260827,Mobile,Bratislavský kraj,15680,87,0.55%,37.37,0.0,12247
Energy_Client_SK,ProduktLaunch26_Programmatic,IO_ProduktLaunch26_Video,LI_Audio_Awareness,20260927,Tablet,Košický kraj,4051,10,0.25%,8.18,,2364
Energy_Client_SK,ProduktLaunch26_Programmatic,IO_ProduktLaunch26_Display,LI_Display_Retarget,20261016,Mobile,Ostatné SR,9580,49,0.51%,27.64,0.0,7183
Energy_Client_SK,ProduktLaunch26_Programmatic,IO_ProduktLaunch26_Display,LI_Native_Prospecting,20260906,Desktop,Košický kraj,8610,58,0.67%,30.15,0.0,6189
Energy_Client_SK,ProduktLaunch26_Programmatic,IO_ProduktLaunch26_Display,LI_Display_Retarget,20260902,Mobile,Ostatné SR,15189,103,0.68%,48.6,,9597
Energy_Client_SK,ProduktLaunch26_Programmatic,IO_ProduktLaunch26_Video,LI_Audio_Awareness,20260928,Connected TV,Ostatné SR,4246,12,0.27%,6.83,0.0,3188
Energy_Client_SK,ProduktLaunch26_Programmatic,IO_ProduktLaunch26_Video,LI_Audio_Awareness,20260902,Connected TV,Košický kraj,3402,9,0.26%,6.52,,2006
Energy_Client_SK,ProduktLaunch26_Programmatic,IO_ProduktLaunch26_Video,LI_Video_Prospecting,20261001,Tablet,Košický kraj,4570,21,0.46%,16.92,,2730
Energy_Client_SK,ProduktLaunch26_Programmatic,IO_ProduktLaunch26_Video,LI_Video_Prospecting,20260816,Mobile,Bratislavský kraj,26657,224,0.84%,121.91,,15122
Energy_Client_SK,ProduktLaunch26_Programmatic,IO_ProduktLaunch26_Display,LI_Native_Prospecting,20260917,Tablet,Ostatné SR,4236,33,0.77%,15.44,0.0,3119
Energy_Client_SK,ProduktLaunch26_Programmatic,IO_ProduktLaunch26_Display,LI_Native_Prospecting,20261028,Mobile,Ostatné SR,8148,62,0.76%,20.74,,5546
Energy_Client_SK,ProduktLaunch26_Programmatic,IO_ProduktLaunch26_Video,LI_Video_Retarget,20260903,Desktop,Košický kraj,11962,109,0.91%,38.72,0.0,7927
