Campaign name,Ad set name,Ad name,Day,Age,Gender,Impressions,Reach,Frequency,Clicks (All),Link clicks,CTR (link click-through rate),CPC (cost per link click) (EUR),Amount spent (EUR),Results,Cost per results,Result type
SK_ProduktLaunch26_META,SK_ProduktLaunch26_META_Reels,Reels_v1,2026-10-23,45-54,Male,2226,1462.0,1.52,61,34,1.55,0.52,17.68,1.0,17.68,Website purchases
SK_ProduktLaunch26_META,SK_ProduktLaunch26_META_Stories,Stories_v1,2026-08-19,55-64,Male,945,464.0,2.04,24,16,1.73,0.56,8.96,0.0,,Website purchases
SK_ProduktLaunch26_META,SK_ProduktLaunch26_META_Reels,Reels_v1,2026-08-30,35-44,Female,3877,1773.0,2.19,134,87,2.24,0.35,30.45,3.0,10.15,Website purchases
SK_BrandAwareness_Leto26_META,SK_BrandAwareness_Leto26_META_Reels,Reels_v1,2026-06-12,25-34,Female,3527,2173.0,1.62,117,59,1.67,0.54,31.86,,,
SK_BrandAwareness_Leto26_META,SK_BrandAwareness_Leto26_META_Carousel,Carousel_v1,2026-07-15,65+,Female,865,497.0,1.74,34,17,2.02,0.42,7.14,,,
SK_BrandAwareness_Leto26_META,SK_BrandAwareness_Leto26_META_Video,Video_v1,2026-06-06,55-64,Male,1436,823.0,1.74,23,12,0.83,0.35,4.2,,,
SK_ProduktLaunch26_META,SK_ProduktLaunch26_META_Stories,Stories_v1,2026-10-26,35-44,Female,2365,1538.0,1.54,91,51,2.14,0.33,16.83,1.0,16.83,Website purchases
SK_BrandAwareness_Leto26_META,SK_BrandAwareness_Leto26_META_Video,Video_v1,2026-06-29,45-54,Female,1655,934.0,1.77,50,27,1.66,0.48,12.96,,,
SK_BrandAwareness_Leto26_META,SK_BrandAwareness_Leto26_META_Video,Video_v1,2026-06-22,65+,Female,1615,814.0,1.98,55,24,1.48,0.4,9.6,,,
SK_BrandAwareness_Leto26_META,SK_BrandAwareness_Leto26_META_Carousel,Carousel_v1,2026-07-12,55-64,Female,1691,844.0,2.0,65,34,2.03,0.68,23.12,,,
SK_ProduktLaunch26_META,SK_ProduktLaunch26_META_Feed,Feed_v1,2026-08-20,25-34,Female,1768,1025.0,1.72,57,29,1.61,0.48,13.92,1.0,13.92,Website purchases
SK_ProduktLaunch26_META,SK_ProduktLaunch26_META_Reels,Reels_v1,2026-10-19,55-64,Female,1747,831.0,2.1,49,30,1.72,0.46,13.8,1.0,13.8,Website purchases
SK_ProduktLaunch26_META,SK_ProduktLaunch26_META_Feed,Feed_v1,2026-09-25,55-64,Female,1346,1003.0,1.34,34,18,1.37,0.41,7.38,0.0,,Website purchases
SK_BrandAwareness_Leto26_META,SK_BrandAwareness_Leto26_META_Reels,Reels_v1,2026-06-25,25-34,Female,2360,1453.0,1.62,74,40,1.7,0.53,21.2,,,
SK_BrandAwareness_Leto26_META,SK_BrandAwareness_Leto26_META_Carousel,Carousel_v1,2026-07-05,45-54,Female,1880,1067.0,1.76,49,30,1.58,0.42,12.6,,,
SK_BrandAwareness_Leto26_META,SK_BrandAwareness_Leto26_META_Reels,Reels_v1,2026-06-12,18-24,Male,2164,1052.0,2.06,50,29,1.32,0.35,10.15,,,
SK_ProduktLaunch26_META,SK_ProduktLaunch26_META_Stories,Stories_v1,2026-10-11,45-54,Male,2162,1554.0,1.39,60,40,1.86,0.37,14.8,1.0,14.8,Website purchases
SK_ProduktLaunch26_META,SK_ProduktLaunch26_META_Stories,Stories_v1,2026-10-01,55-64,Female,869,465.0,1.87,33,18,2.12,0.33,5.94,1.0,5.94,Website purchases
SK_ProduktLaunch26_META,SK_ProduktLaunch26_META_Feed,Feed_v1,2026-08-26,55-64,Male,1480,827.0,1.79,22,15,1.02,0.44,6.6,0.0,,Website purchases
SK_ProduktLaunch26_META,SK_ProduktLaunch26_META_Stories,Stories_v1,2026-09-02,25-34,Female,1857,892.0,2.08,47,22,1.16,0.37,8.14,1.0,8.14,Website purchases
SK_BrandAwareness_Leto26_META,SK_BrandAwareness_Leto26_META_Video,Video_v1,2026-06-06,18-24,Male,2853,1306.0,2.18,78,46,1.62,0.49,22.54,,,
SK_BrandAwareness_Leto26_META,SK_BrandAwareness_Leto26_META_Reels,Reels_v1,2026-06-03,45-54,Female,3498,1807.0,1.94,123,65,1.85,0.36,23.4,,,
SK_ProduktLaunch26_META,SK_ProduktLaunch26_META_Stories,Stories_v1,2026-10-24,45-54,Male,1153,729.0,1.58,30,16,1.36,0.54,8.64,0.0,,Website purchases
SK_ProduktLaunch26_META,SK_ProduktLaunch26_META_Reels,Reels_v1,2026-08-15,35-44,Male,2980,1370.0,2.18,85,45,1.49,0.38,17.1,1.0,17.1,Website purchases
SK_BrandAwareness_Leto26_META,SK_BrandAwareness_Leto26_META_Reels,Reels_v1,2026-06-19,18-24,Female,2435,1739.0,1.4,36,25,1.03,0.46,11.5,,,
SK_ProduktLaunch26_META,SK_ProduktLaunch26_META_Stories,Stories_v1,2026-10-22,45-54,Male,1796,1117.0,1.61,83,39,2.17,0.47,18.33,1.0,18.33,Website purchases
SK_ProduktLaunch26_META,SK_ProduktLaunch26_META_Feed,Feed_v1,2026-08-31,35-44,Female,2191,1081.0,2.03,71,31,1.42,0.48,14.88,1.0,14.88,Website purchases
SK_BrandAwareness_Leto26_META,SK_BrandAwareness_Leto26_META_Reels,Reels_v1,2026-07-23,45-54,Female,1728,817.0,2.12,62,32,1.88,0.39,12.48,,,
SK_BrandAwareness_Leto26_META,SK_BrandAwareness_Leto26_META_Reels,Reels_v1,2026-07-10,18-24,Female,1592,1206.0,1.32,58,26,1.61,0.52,13.52,,,
SK_ProduktLaunch26_META,SK_ProduktLaunch26_META_Feed,Feed_v1,2026-08-22,35-44,Male,2056,1117.0,1.84,85,40,1.92,0.5,20.0,1.0,20.0,Website purchases
SK_BrandAwareness_Leto26_META,SK_BrandAwareness_Leto26_META_Reels,Reels_v1,2026-06-16,18-24,Male,2941,1716.0,1.71,94,41,1.4,0.41,16.81,,,
SK_ProduktLaunch26_META,SK_ProduktLaunch26_META_Stories,Stories_v1,2026-09-28,18-24,Female,1129,652.0,1.73,26,15,1.32,0.32,4.8,0.0,,Website purchases
SK_BrandAwareness_Leto26_META,SK_BrandAwareness_Leto26_META_Video,Video_v1,2026-06-10,25-34,Female,2184,1579.0,1.38,50,30,1.39,0.43,12.9,,,
SK_ProduktLaunch26_META,SK_ProduktLaunch26_META_Stories,Stories_v1,2026-08-15,35-44,Male,1531,1036.0,1.48,62,34,2.2,0.37,12.58,1.0,12.58,Website purchases
SK_ProduktLaunch26_META,SK_ProduktLaunch26_META_Feed,Feed_v1,2026-10-15,25-34,Female,2252,1172.0,1.92,66,44,1.97,0.39,17.16,1.0,17.16,Website purchases
SK_ProduktLaunch26_META,SK_ProduktLaunch26_META_Reels,Reels_v1,2026-08-27,55-64,Female,1459,917.0,1.59,62,28,1.92,0.4,11.2,1.0,11.2,Website purchases
SK_ProduktLaunch26_META,SK_ProduktLaunch26_META_Stories,Stories_v1,2026-09-25,65+,Female,699,529.0,1.32,26,13,1.88,0.36,4.68,0.0,,Website purchases
SK_ProduktLaunch26_META,SK_ProduktLaunch26_META_Reels,Reels_v1,2026-08-31,35-44,Female,3331,1916.0,1.74,113,64,1.93,0.46,29.44,2.0,14.72,Website purchases
SK_ProduktLaunch26_META,SK_ProduktLaunch26_META_Reels,Reels_v1,2026-08-27,35-44,Female,2955,1608.0,1.84,103,50,1.7,0.3,15.0,2.0,7.5,Website purchases
SK_BrandAwareness_Leto26_META,SK_BrandAwareness_Leto26_META_Video_V2,Video_v1,2026-07-24,18-24,Female,1847,1162.0,1.59,35,18,0.99,0.53,9.54,,,
SK_ProduktLaunch26_META,SK_ProduktLaunch26_META_Stories,Stories_v1,2026-09-16,18-24,Female,1953,1323.0,1.48,46,24,1.24,0.42,10.08,1.0,10.08,Website purchases
SK_BrandAwareness_Leto26_META,SK_BrandAwareness_Leto26_META_Carousel,Carousel_v1,2026-06-06,25-34,Male,2945,1539.0,1.91,77,34,1.15,0.7,23.8,,,
SK_ProduktLaunch26_META,SK_ProduktLaunch26_META_Reels,Reels_v1,2026-09-21,25-34,Female,2198,1324.0,1.66,112,49,2.23,0.32,15.68,1.0,15.68,Website purchases
SK_BrandAwareness_Leto26_META,SK_BrandAwareness_Leto26_META_Carousel,Carousel_v1,2026-07-20,45-54,Male,1973,1063.0,1.86,61,34,1.73,0.68,23.12,,,
SK_ProduktLaunch26_META,SK_ProduktLaunch26_META_Stories,Stories_v1,2026-09-29,45-54,Female,1616,1212.0,1.33,49,28,1.72,0.57,15.96,1.0,15.96,Website purchases
SK_BrandAwareness_Leto26_META,SK_BrandAwareness_Leto26_META_Video_V2,Video_v1,2026-07-13,35-44,Male,2470,1655.0,1.49,49,26,1.04,0.38,9.88,,,
SK_BrandAwareness_Leto26_META,SK_BrandAwareness_Leto26_META_Reels,Reels_v1,2026-08-10,55-64,Male,1726,867.0,1.99,43,31,1.81,0.42,13.02,,,
SK_BrandAwareness_Leto26_META,SK_BrandAwareness_Leto26_META_Carousel,Carousel_v1,2026-08-07,65+,Female,865,614.0,1.41,20,9,1.07,0.67,6.03,,,
SK_BrandAwareness_Leto26_META,SK_BrandAwareness_Leto26_META_Reels,Reels_v1,2026-07-10,25-34,Female,4182,2120.0,1.97,82,54,1.29,0.52,28.08,,,
SK_ProduktLaunch26_META,SK_ProduktLaunch26_META_Feed,Feed_v1,2026-10-17,45-54,Female,2527,1197.0,2.11,51,29,1.16,0.5,14.5,1.0,14.5,Website purchases
SK_ProduktLaunch26_META,SK_ProduktLaunch26_META_Stories,Stories_v1,2026-09-22,65+,Male,1110,710.0,1.56,27,19,1.74,0.43,8.17,1.0,8.17,Website purchases
SK_ProduktLaunch26_META,SK_ProduktLaunch26_META_Feed,Feed_v1,2026-09-07,18-24,Male,2476,1680.0,1.47,39,27,1.1,0.49,13.23,1.0,13.23,Website purchases
SK_ProduktLaunch26_META,SK_ProduktLaunch26_META_Feed,Feed_v1,2026-10-27,18-24,Male,1585,925.0,1.71,32,17,1.07,0.53,9.01,0.0,,Website purchases
SK_ProduktLaunch26_META,SK_ProduktLaunch26_META_Feed,Feed_v1,2026-10-03,18-24,Male,2686,1263.0,2.13,45,27,1.01,0.45,12.15,1.0,12.15,Website purchases
SK_ProduktLaunch26_META,SK_ProduktLaunch26_META_Reels,Reels_v1,2026-09-28,45-54,Male,3221,2158.0,1.49,107,47,1.44,0.34,15.98,1.0,15.98,Website purchases
SK_BrandAwareness_Leto26_META,SK_BrandAwareness_Leto26_META_Video,Video_v1,2026-06-08,25-34,Female,2768,1302.0,2.13,36,23,0.81,0.61,14.03,,,
SK_BrandAwareness_Leto26_META,SK_BrandAwareness_Leto26_META_Reels,Reels_v1,2026-06-15,25-34,Female,2292,1417.0,1.62,59,28,1.21,0.55,15.4,,,
SK_BrandAwareness_Leto26_META,SK_BrandAwareness_Leto26_META_Video,Video_v1,2026-06-05,45-54,Female,2333,1063.0,2.19,62,40,1.72,0.4,16.0,,,
SK_BrandAwareness_Leto26_META,SK_BrandAwareness_Leto26_META_Video,Video_v1,2026-06-17,25-34,Female,2835,1913.0,1.48,38,26,0.91,0.54,14.04,,,
SK_ProduktLaunch26_META,SK_ProduktLaunch26_META_Feed,Feed_v1,2026-10-21,35-44,Female,2152,1321.0,1.63,43,24,1.13,0.4,9.6,1.0,9.6,Website purchases
SK_ProduktLaunch26_META,SK_ProduktLaunch26_META_Feed,Feed_v1,2026-09-14,18-24,Male,2051,1336.0,1.54,81,36,1.74,0.44,15.84,1.0,15.84,Website purchases
SK_BrandAwareness_Leto26_META,SK_BrandAwareness_Leto26_META_Reels,Reels_v1,2026-08-11,25-34,Female,4003,2423.0,1.65,77,41,1.02,0.4,16.4,,,
SK_BrandAwareness_Leto26_META,SK_BrandAwareness_Leto26_META_Carousel,Carousel_v1,2026-06-02,55-64,Male,1775,1140.0,1.56,71,35,1.99,0.64,22.4,,,
SK_ProduktLaunch26_META,SK_ProduktLaunch26_META_Reels,Reels_v1,2026-08-24,35-44,Female,4314,2914.0,1.48,142,85,1.98,0.46,39.1,3.0,13.03,Website purchases
SK_BrandAwareness_Leto26_META,SK_BrandAwareness_Leto26_META_Reels,Reels_v1,2026-06-15,35-44,Female,4210,2402.0,1.75,111,67,1.59,0.31,20.77,,,
SK_BrandAwareness_Leto26_META,SK_BrandAwareness_Leto26_META_Carousel,Carousel_v1,2026-06-28,55-64,Male,1341,1021.0,1.31,44,20,1.47,0.59,11.8,,,
SK_ProduktLaunch26_META,SK_ProduktLaunch26_META_Stories,Stories_v1,2026-09-01,55-64,Male,856,486.0,1.76,21,14,1.67,0.55,7.7,0.0,,Website purchases
SK_BrandAwareness_Leto26_META,SK_BrandAwareness_Leto26_META_Video_V2,Video_v1,2026-07-21,35-44,Female,3216,1849.0,1.74,99,57,1.76,0.49,27.93,,,
SK_ProduktLaunch26_META,SK_ProduktLaunch26_META_Feed,Feed_v1,2026-09-16,55-64,Male,2177,1079.0,2.02,90,41,1.88,0.36,14.76,1.0,14.76,Website purchases
SK_ProduktLaunch26_META,SK_ProduktLaunch26_META_Stories,Stories_v1,2026-09-20,45-54,Female,1145,581.0,1.97,37,21,1.79,0.53,11.13,1.0,11.13,Website purchases
SK_BrandAwareness_Leto26_META,SK_BrandAwareness_Leto26_META_Carousel,Carousel_v1,2026-07-25,35-44,Female,1420,713.0,1.99,59,30,2.14,0.66,19.8,,,
SK_ProduktLaunch26_META,SK_ProduktLaunch26_META_Stories,Stories_v1,2026-10-03,35-44,Male,1783,1040.0,1.71,60,39,2.2,0.41,15.99,1.0,15.99,Website purchases
SK_BrandAwareness_Leto26_META,SK_BrandAwareness_Leto26_META_Reels,Reels_v1,2026-06-08,18-24,Male,3654,2723.0,1.34,138,62,1.7,0.32,19.84,,,
SK_ProduktLaunch26_META,SK_ProduktLaunch26_META_Reels,Reels_v1,2026-08-17,45-54,Female,1562,717.0,2.18,34,21,1.32,0.41,8.61,1.0,8.61,Website purchases
SK_BrandAwareness_Leto26_META,SK_BrandAwareness_Leto26_META_Carousel,Carousel_v1,2026-07-23,65+,Female,1000,590.0,1.69,29,19,1.94,0.7,13.3,,,
SK_BrandAwareness_Leto26_META,SK_BrandAwareness_Leto26_META_Reels,Reels_v1,2026-07-12,45-54,Male,2719,1242.0,2.19,62,37,1.36,0.52,19.24,,,
SK_BrandAwareness_Leto26_META,SK_BrandAwareness_Leto26_META_Carousel,Carousel_v1,2026-06-09,25-34,Female,2798,1963.0,1.43,75,44,1.58,0.7,30.8,,,
SK_ProduktLaunch26_META,SK_ProduktLaunch26_META_Feed,Feed_v1,2026-10-12,65+,Male,1131,710.0,1.59,36,17,1.48,0.48,8.16,0.0,,Website purchases
SK_ProduktLaunch26_META,SK_ProduktLaunch26_META_Feed,Feed_v1,2026-09-26,45-54,Male,1954,1137.0,1.72,47,28,1.43,0.47,13.16,1.0,13.16,Website purchases
SK_ProduktLaunch26_META,SK_ProduktLaunch26_META_Feed,Feed_v1,2026-08-31,45-54,Female,1268,684.0,1.85,48,25,1.97,0.51,12.75,1.0,12.75,Website purchases
SK_ProduktLaunch26_META,SK_ProduktLaunch26_META_Reels,Reels_v1,2026-08-19,65+,Female,1247,602.0,2.07,38,18,1.47,0.55,9.9,1.0,9.9,Website purchases
SK_BrandAwareness_Leto26_META,SK_BrandAwareness_Leto26_META_Carousel,Carousel_v1,2026-08-04,25-34,Male,1498,791.0,1.89,39,17,1.12,0.49,8.33,,,
SK_BrandAwareness_Leto26_META,SK_BrandAwareness_Leto26_META_Carousel,Carousel_v1,2026-08-06,55-64,Male,1463,831.0,1.76,49,31,2.1,0.7,21.7,,,
SK_BrandAwareness_Leto26_META,SK_BrandAwareness_Leto26_META_Video_V2,Video_v1,2026-07-27,35-44,Female,2144,1279.0,1.68,76,37,1.72,0.44,16.28,,,
SK_BrandAwareness_Leto26_META,SK_BrandAwareness_Leto26_META_Reels,Reels_v1,2026-07-11,25-34,Female,2473,1273.0,1.94,75,34,1.36,0.47,15.98,,,
SK_BrandAwareness_Leto26_META,SK_BrandAwareness_Leto26_META_Carousel,Carousel_v1,2026-07-01,45-54,Female,1070,557.0,1.92,20,11,1.05,0.58,6.38,,,
SK_BrandAwareness_Leto26_META,SK_BrandAwareness_Leto26_META_Carousel,Carousel_v1,2026-07-22,35-44,Female,1293,673.0,1.92,43,21,1.64,0.45,9.45,,,
SK_BrandAwareness_Leto26_META,SK_BrandAwareness_Leto26_META_Carousel,Carousel_v1,2026-07-13,25-34,Male,1764,1145.0,1.54,55,27,1.5,0.52,14.04,,,
SK_BrandAwareness_Leto26_META,SK_BrandAwareness_Leto26_META_Reels,Reels_v1,2026-07-20,55-64,Male,2840,1569.0,1.81,69,34,1.2,0.5,17.0,,,
SK_BrandAwareness_Leto26_META,SK_BrandAwareness_Leto26_META_Video_V2,Video_v1,2026-07-10,25-34,Female,3009,1791.0,1.68,104,49,1.63,0.37,18.13,,,
SK_ProduktLaunch26_META,SK_ProduktLaunch26_META_Feed,Feed_v1,2026-10-27,35-44,Female,1881,1038.0,1.81,41,21,1.11,0.54,11.34,1.0,11.34,Website purchases
SK_ProduktLaunch26_META,SK_ProduktLaunch26_META_Stories,Stories_v1,2026-08-25,45-54,Male,1103,538.0,2.05,43,19,1.68,0.36,6.84,1.0,6.84,Website purchases
SK_BrandAwareness_Leto26_META,SK_BrandAwareness_Leto26_META_Video_V2,Video_v1,2026-07-14,25-34,Male,2253,1334.0,1.69,64,32,1.41,0.35,11.2,,,
SK_BrandAwareness_Leto26_META,SK_BrandAwareness_Leto26_META_Carousel,Carousel_v1,2026-06-20,18-24,Female,1857,944.0,1.97,61,30,1.62,0.63,18.9,,,
SK_BrandAwareness_Leto26_META,SK_BrandAwareness_Leto26_META_Carousel,Carousel_v1,2026-07-21,55-64,Male,1000,757.0,1.32,29,14,1.37,0.63,8.82,,,
SK_BrandAwareness_Leto26_META,SK_BrandAwareness_Leto26_META_Reels,Reels_v1,2026-06-20,18-24,Male,3573,2469.0,1.45,97,64,1.81,0.31,19.84,,,
SK_BrandAwareness_Leto26_META,SK_BrandAwareness_Leto26_META_Carousel,Carousel_v1,2026-06-01,35-44,Male,2894,1860.0,1.56,63,38,1.33,0.48,18.24,,,
SK_ProduktLaunch26_META,SK_ProduktLaunch26_META_Stories,Stories_v1,2026-09-26,25-34,Male,1412,872.0,1.62,42,21,1.51,0.35,7.35,1.0,7.35,Website purchases
SK_ProduktLaunch26_META,SK_ProduktLaunch26_META_Stories,Stories_v1,2026-10-06,18-24,Female,915,557.0,1.64,25,15,1.69,0.51,7.65,0.0,,Website purchases
SK_ProduktLaunch26_META,SK_ProduktLaunch26_META_Stories,Stories_v1,2026-08-27,55-64,Female,1040,597.0,1.74,33,19,1.86,0.33,6.27,1.0,6.27,Website purchases
SK_ProduktLaunch26_META,SK_ProduktLaunch26_META_Stories,Stories_v1,2026-09-02,35-44,Female,1166,588.0,1.98,45,21,1.76,0.41,8.61,1.0,8.61,Website purchases
SK_BrandAwareness_Leto26_META,SK_BrandAwareness_Leto26_META_Video_V2,Video_v1,2026-07-06,65+,Female,907,489.0,1.85,22,16,1.72,0.38,6.08,,,
SK_BrandAwareness_Leto26_META,SK_BrandAwareness_Leto26_META_Reels,Reels_v1,2026-07-25,18-24,Male,2085,1113.0,1.87,52,36,1.71,0.48,17.28,,,
SK_BrandAwareness_Leto26_META,SK_BrandAwareness_Leto26_META_Carousel,Carousel_v1,2026-07-22,18-24,Male,2174,1164.0,1.87,106,47,2.15,0.69,32.43,,,
SK_BrandAwareness_Leto26_META,SK_BrandAwareness_Leto26_META_Video_V2,Video_v1,2026-08-05,65+,Female,908,526.0,1.73,31,14,1.59,0.56,7.84,,,
SK_ProduktLaunch26_META,SK_ProduktLaunch26_META_Reels,Reels_v1,2026-09-17,25-34,Female,4746,2739.0,1.73,224,118,2.48,0.3,35.4,4.0,8.85,Website purchases
SK_BrandAwareness_Leto26_META,SK_BrandAwareness_Leto26_META_Carousel,Carousel_v1,2026-06-24,45-54,Male,1862,1012.0,1.84,54,28,1.48,0.61,17.08,,,
SK_ProduktLaunch26_META,SK_ProduktLaunch26_META_Stories,Stories_v1,2026-09-19,18-24,Male,1385,,,58,30,2.17,0.45,13.5,1.0,13.5,Website purchases
SK_BrandAwareness_Leto26_META,SK_BrandAwareness_Leto26_META_Reels,Reels_v1,2026-06-24,65+,Male,1056,618.0,1.71,21,12,1.16,0.33,3.96,,,
SK_BrandAwareness_Leto26_META,SK_BrandAwareness_Leto26_META_Reels,Reels_v1,2026-07-13,18-24,Male,1754,1083.0,1.62,40,22,1.26,0.48,10.56,,,
SK_BrandAwareness_Leto26_META,SK_BrandAwareness_Leto26_META_Reels,Reels_v1,2026-06-07,18-24,Male,2324,1696.0,1.37,65,40,1.73,0.4,16.0,,,
SK_BrandAwareness_Leto26_META,SK_BrandAwareness_Leto26_META_Reels,Reels_v1,2026-06-22,35-44,Male,4756,3025.0,1.57,100,44,0.93,0.41,18.04,,,
SK_ProduktLaunch26_META,SK_ProduktLaunch26_META_Stories,Stories_v1,2026-10-09,35-44,Male,1688,822.0,2.05,47,24,1.41,0.4,9.6,1.0,9.6,Website purchases
SK_BrandAwareness_Leto26_META,SK_BrandAwareness_Leto26_META_Reels,Reels_v1,2026-06-03,45-54,Male,2831,1782.0,1.59,84,53,1.88,0.53,28.09,,,
SK_BrandAwareness_Leto26_META,SK_BrandAwareness_Leto26_META_Video_V2,Video_v1,2026-07-30,35-44,Female,3235,1634.0,1.98,102,57,1.76,0.37,21.09,,,
SK_ProduktLaunch26_META,SK_ProduktLaunch26_META_Stories,Stories_v1,2026-08-30,65+,Female,926,521.0,1.78,28,13,1.42,0.36,4.68,0.0,,Website purchases
SK_BrandAwareness_Leto26_META,SK_BrandAwareness_Leto26_META_Reels,Reels_v1,2026-08-05,18-24,Female,2223,1595.0,1.39,57,34,1.51,0.5,17.0,,,
SK_BrandAwareness_Leto26_META,SK_BrandAwareness_Leto26_META_Carousel,Carousel_v1,2026-07-07,45-54,Male,1088,535.0,2.03,33,22,1.99,0.6,13.2,,,
SK_ProduktLaunch26_META,SK_ProduktLaunch26_META_Reels,Reels_v1,2026-08-18,25-34,Female,3672,1856.0,1.98,145,84,2.3,0.41,34.44,3.0,11.48,Website purchases
SK_ProduktLaunch26_META,SK_ProduktLaunch26_META_Feed,Feed_v1,2026-09-20,25-34,Female,2660,1585.0,1.68,80,51,1.91,0.55,28.05,1.0,28.05,Website purchases
SK_ProduktLaunch26_META,SK_ProduktLaunch26_META_Feed,Feed_v1,2026-10-16,25-34,Female,2883,1320.0,2.18,70,38,1.31,0.56,21.28,1.0,21.28,Website purchases
SK_BrandAwareness_Leto26_META,SK_BrandAwareness_Leto26_META_Carousel,Carousel_v1,2026-08-09,55-64,Male,1927,1297.0,1.49,65,33,1.71,0.43,14.19,,,
SK_ProduktLaunch26_META,SK_ProduktLaunch26_META_Stories,Stories_v1,2026-10-16,65+,Male,1037,564.0,1.84,40,22,2.16,0.55,12.1,1.0,12.1,Website purchases
SK_BrandAwareness_Leto26_META,SK_BrandAwareness_Leto26_META_Reels,Reels_v1,2026-07-20,35-44,Female,3946,2081.0,1.9,158,73,1.86,0.4,29.2,,,
SK_ProduktLaunch26_META,SK_ProduktLaunch26_META_Feed,Feed_v1,2026-10-06,45-54,Female,2163,1178.0,1.84,46,27,1.27,0.49,13.23,1.0,13.23,Website purchases
SK_BrandAwareness_Leto26_META,SK_BrandAwareness_Leto26_META_Carousel,Carousel_v1,2026-06-25,55-64,Male,1918,987.0,1.94,35,21,1.09,0.58,12.18,,,
SK_ProduktLaunch26_META,SK_ProduktLaunch26_META_Feed,Feed_v1,2026-10-02,25-34,Female,3017,1804.0,1.67,114,56,1.84,0.51,28.56,1.0,28.56,Website purchases
SK_ProduktLaunch26_META,SK_ProduktLaunch26_META_Feed,Feed_v1,2026-08-27,18-24,Male,1385,679.0,2.04,34,15,1.08,0.53,7.95,0.0,,Website purchases
SK_BrandAwareness_Leto26_META,SK_BrandAwareness_Leto26_META_Video_V2,Video_v1,2026-07-08,35-44,Male,2602,1353.0,1.92,60,34,1.3,0.54,18.36,,,
SK_BrandAwareness_Leto26_META,SK_BrandAwareness_Leto26_META_Carousel,Carousel_v1,2026-07-13,25-34,Female,2263,1449.0,1.56,65,35,1.53,0.55,19.25,,,
SK_ProduktLaunch26_META,SK_ProduktLaunch26_META_Stories,Stories_v1,2026-09-03,55-64,Female,1359,830.0,1.64,44,23,1.66,0.57,13.11,1.0,13.11,Website purchases
SK_ProduktLaunch26_META,SK_ProduktLaunch26_META_Feed,Feed_v1,2026-10-19,35-44,Male,1613,797.0,2.02,36,23,1.41,0.58,13.34,1.0,13.34,Website purchases
SK_BrandAwareness_Leto26_META,SK_BrandAwareness_Leto26_META_Reels,Reels_v1,2026-08-04,25-34,Female,2404,1700.0,1.41,45,25,1.03,0.34,8.5,,,
SK_BrandAwareness_Leto26_META,SK_BrandAwareness_Leto26_META_Video,Video_v1,2026-06-21,45-54,Female,2513,1342.0,1.87,59,30,1.2,0.36,10.8,,,
SK_BrandAwareness_Leto26_META,SK_BrandAwareness_Leto26_META_Video,Video_v1,2026-06-20,45-54,Female,1717,951.0,1.81,55,26,1.53,0.53,13.78,,,
SK_BrandAwareness_Leto26_META,SK_BrandAwareness_Leto26_META_Reels,Reels_v1,2026-07-25,45-54,Female,1695,1006.0,1.68,49,25,1.46,0.52,13.0,,,
SK_ProduktLaunch26_META,SK_ProduktLaunch26_META_Reels,Reels_v1,2026-09-11,55-64,Female,2405,1205.0,2.0,113,60,2.49,0.49,29.4,2.0,14.7,Website purchases
SK_ProduktLaunch26_META,SK_ProduktLaunch26_META_Reels,Reels_v1,2026-10-20,35-44,Female,2971,1513.0,1.96,106,64,2.15,0.45,28.8,2.0,14.4,Website purchases
SK_ProduktLaunch26_META,SK_ProduktLaunch26_META_Reels,Reels_v1,2026-09-18,25-34,Male,4586,2342.0,1.96,173,86,1.87,0.45,38.7,3.0,12.9,Website purchases
SK_ProduktLaunch26_META,SK_ProduktLaunch26_META_Stories,Stories_v1,2026-09-30,55-64,Male,1753,1040.0,1.69,62,32,1.81,0.49,15.68,1.0,15.68,Website purchases
SK_BrandAwareness_Leto26_META,SK_BrandAwareness_Leto26_META_Reels,Reels_v1,2026-06-02,35-44,Male,3587,2058.0,1.74,60,37,1.04,0.49,18.13,,,
SK_BrandAwareness_Leto26_META,SK_BrandAwareness_Leto26_META_Carousel,Carousel_v1,2026-06-27,18-24,Male,2147,1363.0,1.58,69,33,1.53,0.52,17.16,,,
SK_ProduktLaunch26_META,SK_ProduktLaunch26_META_Feed,Feed_v1,2026-09-11,65+,Female,1052,652.0,1.61,45,20,1.88,0.44,8.8,0.0,,Website purchases
SK_BrandAwareness_Leto26_META,SK_BrandAwareness_Leto26_META_Video_V2,Video_v1,2026-07-30,25-34,Male,3027,1418.0,2.13,106,53,1.74,0.56,29.68,,,
SK_BrandAwareness_Leto26_META,SK_BrandAwareness_Leto26_META_Carousel,Carousel_v1,2026-08-04,55-64,Male,1106,508.0,2.18,51,23,2.11,0.42,9.66,,,
SK_BrandAwareness_Leto26_META,SK_BrandAwareness_Leto26_META_Reels,Reels_v1,2026-06-15,55-64,Male,2390,1782.0,1.34,53,26,1.09,0.49,12.74,,,
SK_ProduktLaunch26_META,SK_ProduktLaunch26_META_Feed,Feed_v1,2026-09-23,65+,Female,862,450.0,1.92,28,14,1.62,0.35,4.9,0.0,,Website purchases
SK_BrandAwareness_Leto26_META,SK_BrandAwareness_Leto26_META_Video,Video_v1,2026-06-27,45-54,Male,3052,1462.0,2.09,65,35,1.15,0.52,18.2,,,
SK_ProduktLaunch26_META,SK_ProduktLaunch26_META_Stories,Stories_v1,2026-09-15,45-54,Male,2183,,,81,36,1.67,0.36,12.96,1.0,12.96,Website purchases
SK_ProduktLaunch26_META,SK_ProduktLaunch26_META_Stories,Stories_v1,2026-10-11,55-64,Female,909,444.0,2.05,26,13,1.38,0.34,4.42,0.0,,Website purchases
SK_ProduktLaunch26_META,SK_ProduktLaunch26_META_Reels,Reels_v1,2026-09-17,18-24,Male,1940,1103.0,1.76,40,25,1.3,0.52,13.0,1.0,13.0,Website purchases
SK_ProduktLaunch26_META,SK_ProduktLaunch26_META_Stories,Stories_v1,2026-09-23,65+,Male,1079,522.0,2.07,24,12,1.14,0.55,6.6,0.0,,Website purchases
SK_BrandAwareness_Leto26_META,SK_BrandAwareness_Leto26_META_Video,Video_v1,2026-06-01,35-44,Female,3331,1823.0,1.83,100,56,1.69,0.54,30.24,,,
SK_ProduktLaunch26_META,SK_ProduktLaunch26_META_Reels,Reels_v1,2026-09-02,65+,Female,1484,912.0,1.63,45,22,1.51,0.55,12.1,1.0,12.1,Website purchases
SK_BrandAwareness_Leto26_META,SK_BrandAwareness_Leto26_META_Video_V2,Video_v1,2026-07-14,45-54,Male,1514,844.0,1.79,34,23,1.53,0.38,8.74,,,
SK_ProduktLaunch26_META,SK_ProduktLaunch26_META_Reels,Reels_v1,2026-10-14,25-34,Male,3707,2545.0,1.46,180,92,2.47,0.44,40.48,3.0,13.49,Website purchases
SK_BrandAwareness_Leto26_META,SK_BrandAwareness_Leto26_META_Reels,Reels_v1,2026-06-02,35-44,Female,2765,2003.0,1.38,69,49,1.79,0.54,26.46,,,
SK_BrandAwareness_Leto26_META,SK_BrandAwareness_Leto26_META_Reels,Reels_v1,2026-06-03,55-64,Female,1675,910.0,1.84,52,25,1.47,0.41,10.25,,,
SK_BrandAwareness_Leto26_META,SK_BrandAwareness_Leto26_META_Video_V2,Video_v1,2026-08-14,35-44,Female,3203,2033.0,1.58,92,56,1.76,0.5,28.0,,,
SK_ProduktLaunch26_META,SK_ProduktLaunch26_META_Feed,Feed_v1,2026-09-10,35-44,Male,3343,1799.0,1.86,90,43,1.28,0.37,15.91,1.0,15.91,Website purchases
SK_ProduktLaunch26_META,SK_ProduktLaunch26_META_Reels,Reels_v1,2026-10-18,45-54,Male,2322,1354.0,1.71,106,56,2.4,0.33,18.48,2.0,9.24,Website purchases
SK_ProduktLaunch26_META,SK_ProduktLaunch26_META_Stories,Stories_v1,2026-10-15,45-54,Female,1869,1330.0,1.41,66,37,1.99,0.35,12.95,1.0,12.95,Website purchases
SK_BrandAwareness_Leto26_META,SK_BrandAwareness_Leto26_META_Video_V2,Video_v1,2026-07-11,35-44,Male,2405,1753.0,1.37,50,23,0.94,0.61,14.03,,,
SK_BrandAwareness_Leto26_META,SK_BrandAwareness_Leto26_META_Carousel,Carousel_v1,2026-07-31,45-54,Male,1451,751.0,1.93,39,18,1.27,0.53,9.54,,,
SK_ProduktLaunch26_META,SK_ProduktLaunch26_META_Stories,Stories_v1,2026-09-22,18-24,Male,1867,1000.0,1.87,61,41,2.2,0.43,17.63,1.0,17.63,Website purchases
SK_BrandAwareness_Leto26_META,SK_BrandAwareness_Leto26_META_Carousel,Carousel_v1,2026-06-28,65+,Male,531,279.0,1.9,19,9,1.76,0.67,6.03,,,
SK_ProduktLaunch26_META,SK_ProduktLaunch26_META_Feed,Feed_v1,2026-10-17,25-34,Male,3569,2487.0,1.44,54,38,1.05,0.37,14.06,1.0,14.06,Website purchases
SK_BrandAwareness_Leto26_META,SK_BrandAwareness_Leto26_META_Video,Video_v1,2026-06-03,65+,Female,955,582.0,1.64,29,16,1.71,0.59,9.44,,,
SK_BrandAwareness_Leto26_META,SK_BrandAwareness_Leto26_META_Video_V2,Video_v1,2026-08-01,35-44,Female,2259,1633.0,1.38,39,21,0.92,0.65,13.65,,,
SK_BrandAwareness_Leto26_META,SK_BrandAwareness_Leto26_META_Video,Video_v1,2026-06-24,25-34,Male,2537,1307.0,1.94,61,27,1.05,0.52,14.04,,,
SK_ProduktLaunch26_META,SK_ProduktLaunch26_META_Feed,Feed_v1,2026-08-17,18-24,Female,1318,739.0,1.78,27,17,1.28,0.48,8.16,0.0,,Website purchases
SK_ProduktLaunch26_META,SK_ProduktLaunch26_META_Feed,Feed_v1,2026-10-10,45-54,Female,2591,1300.0,1.99,53,32,1.22,0.54,17.28,1.0,17.28,Website purchases
SK_ProduktLaunch26_META,SK_ProduktLaunch26_META_Stories,Stories_v1,2026-10-15,35-44,Female,1250,749.0,1.67,45,24,1.92,0.51,12.24,1.0,12.24,Website purchases
SK_ProduktLaunch26_META,SK_ProduktLaunch26_META_Reels,Reels_v1,2026-09-21,35-44,Female,2061,1121.0,1.84,43,28,1.35,0.45,12.6,1.0,12.6,Website purchases
SK_ProduktLaunch26_META,SK_ProduktLaunch26_META_Feed,Feed_v1,2026-10-17,18-24,Male,1856,921.0,2.02,52,28,1.49,0.44,12.32,1.0,12.32,Website purchases
SK_ProduktLaunch26_META,SK_ProduktLaunch26_META_Reels,Reels_v1,2026-08-31,25-34,Female,2168,1315.0,1.65,93,43,2.0,0.43,18.49,1.0,18.49,Website purchases
SK_ProduktLaunch26_META,SK_ProduktLaunch26_META_Reels,Reels_v1,2026-10-22,65+,Female,1575,867.0,1.82,71,37,2.33,0.5,18.5,1.0,18.5,Website purchases
SK_ProduktLaunch26_META,SK_ProduktLaunch26_META_Stories,Stories_v1,2026-09-01,35-44,Female,1981,1054.0,1.88,70,36,1.8,0.51,18.36,1.0,18.36,Website purchases
SK_BrandAwareness_Leto26_META,SK_BrandAwareness_Leto26_META_Carousel,Carousel_v1,2026-06-26,18-24,Female,1716,802.0,2.14,40,26,1.52,0.43,11.18,,,
SK_BrandAwareness_Leto26_META,SK_BrandAwareness_Leto26_META_Video,Video_v1,2026-06-07,55-64,Male,2100,1186.0,1.77,53,37,1.78,0.46,17.02,,,
SK_ProduktLaunch26_META,SK_ProduktLaunch26_META_Reels,Reels_v1,2026-10-25,55-64,Female,2290,1238.0,1.85,102,48,2.11,0.37,17.76,1.0,17.76,Website purchases
SK_BrandAwareness_Leto26_META,SK_BrandAwareness_Leto26_META_Video_V2,Video_v1,2026-07-30,18-24,Female,2687,1247.0,2.15,52,28,1.04,0.36,10.08,,,
SK_BrandAwareness_Leto26_META,SK_BrandAwareness_Leto26_META_Video,Video_v1,2026-06-10,25-34,Male,3828,2870.0,1.33,82,49,1.27,0.65,31.85,,,
SK_BrandAwareness_Leto26_META,SK_BrandAwareness_Leto26_META_Reels,Reels_v1,2026-07-23,25-34,Male,2821,1562.0,1.81,112,54,1.93,0.42,22.68,,,
SK_BrandAwareness_Leto26_META,SK_BrandAwareness_Leto26_META_Video,Video_v1,2026-06-21,25-34,Female,2828,1852.0,1.53,65,35,1.24,0.45,15.75,,,
SK_ProduktLaunch26_META,SK_ProduktLaunch26_META_Stories,Stories_v1,2026-08-19,55-64,Female,879,472.0,1.86,28,16,1.87,0.52,8.32,0.0,,Website purchases
SK_BrandAwareness_Leto26_META,SK_BrandAwareness_Leto26_META_Carousel,Carousel_v1,2026-06-15,55-64,Male,1420,956.0,1.49,47,30,2.14,0.57,17.1,,,
SK_BrandAwareness_Leto26_META,SK_BrandAwareness_Leto26_META_Carousel,Carousel_v1,2026-07-24,35-44,Male,1574,863.0,1.82,29,18,1.16,0.61,10.98,,,
SK_BrandAwareness_Leto26_META,SK_BrandAwareness_Leto26_META_Video_V2,Video_v1,2026-07-14,35-44,Female,2328,1513.0,1.54,68,37,1.59,0.38,14.06,,,
SK_BrandAwareness_Leto26_META,SK_BrandAwareness_Leto26_META_Carousel,Carousel_v1,2026-06-13,35-44,Male,2994,1904.0,1.57,83,39,1.29,0.52,20.28,,,
SK_ProduktLaunch26_META,SK_ProduktLaunch26_META_Stories,Stories_v1,2026-09-27,35-44,Female,1279,702.0,1.82,26,16,1.28,0.42,6.72,0.0,,Website purchases
SK_BrandAwareness_Leto26_META,SK_BrandAwareness_Leto26_META_Video,Video_v1,2026-06-03,55-64,Female,2330,1152.0,2.02,63,36,1.55,0.55,19.8,,,
SK_ProduktLaunch26_META,SK_ProduktLaunch26_META_Reels,Reels_v1,2026-09-25,25-34,Male,5128,2813.0,1.82,211,115,2.24,0.52,59.8,3.0,19.93,Website purchases
SK_BrandAwareness_Leto26_META,SK_BrandAwareness_Leto26_META_Reels,Reels_v1,2026-08-13,65+,Male,1789,1148.0,1.56,56,34,1.89,0.39,13.26,,,
SK_BrandAwareness_Leto26_META,SK_BrandAwareness_Leto26_META_Reels,Reels_v1,2026-06-16,55-64,Male,2949,2165.0,1.36,59,30,1.01,0.48,14.4,,,
SK_BrandAwareness_Leto26_META,SK_BrandAwareness_Leto26_META_Video,Video_v1,2026-06-26,45-54,Male,3007,2175.0,1.38,82,52,1.73,0.42,21.84,,,
SK_BrandAwareness_Leto26_META,SK_BrandAwareness_Leto26_META_Reels,Reels_v1,2026-08-06,45-54,Female,2273,1599.0,1.42,80,38,1.67,0.43,16.34,,,
SK_BrandAwareness_Leto26_META,SK_BrandAwareness_Leto26_META_Carousel,Carousel_v1,2026-08-10,65+,Male,1151,724.0,1.59,33,15,1.31,0.62,9.3,,,
SK_ProduktLaunch26_META,SK_ProduktLaunch26_META_Feed,Feed_v1,2026-09-22,18-24,Male,1743,1117.0,1.56,39,23,1.3,0.53,12.19,1.0,12.19,Website purchases
SK_BrandAwareness_Leto26_META,SK_BrandAwareness_Leto26_META_Reels,Reels_v1,2026-08-01,35-44,Male,4051,2870.0,1.41,75,40,0.99,0.54,21.6,,,
SK_BrandAwareness_Leto26_META,SK_BrandAwareness_Leto26_META_Carousel,Carousel_v1,2026-07-09,18-24,Female,1499,848.0,1.77,48,29,1.96,0.58,16.82,,,
SK_BrandAwareness_Leto26_META,SK_BrandAwareness_Leto26_META_Video_V2,Video_v1,2026-07-27,25-34,Male,4329,2264.0,1.91,126,55,1.27,0.55,30.25,,,
SK_ProduktLaunch26_META,SK_ProduktLaunch26_META_Feed,Feed_v1,2026-09-01,55-64,Female,1142,709.0,1.61,18,12,1.05,0.57,6.84,0.0,,Website purchases
SK_ProduktLaunch26_META,SK_ProduktLaunch26_META_Reels,Reels_v1,2026-10-18,45-54,Female,3573,2382.0,1.5,124,87,2.43,0.5,43.5,3.0,14.5,Website purchases
SK_BrandAwareness_Leto26_META,SK_BrandAwareness_Leto26_META_Video_V2,Video_v1,2026-08-02,35-44,Male,2728,1592.0,1.71,50,35,1.3,0.46,16.1,,,
SK_ProduktLaunch26_META,SK_ProduktLaunch26_META_Feed,Feed_v1,2026-09-28,55-64,Male,1619,1018.0,1.59,53,26,1.62,0.41,10.66,1.0,10.66,Website purchases
SK_BrandAwareness_Leto26_META,SK_BrandAwareness_Leto26_META_Carousel,Carousel_v1,2026-07-26,25-34,Male,1393,670.0,2.08,44,26,1.84,0.44,11.44,,,
SK_ProduktLaunch26_META,SK_ProduktLaunch26_META_Stories,Stories_v1,2026-09-29,35-44,Female,2037,1031.0,1.98,68,30,1.49,0.37,11.1,1.0,11.1,Website purchases
SK_ProduktLaunch26_META,SK_ProduktLaunch26_META_Stories,Stories_v1,2026-10-14,25-34,Male,3265,1861.0,1.75,126,58,1.78,0.37,21.46,2.0,10.73,Website purchases
SK_BrandAwareness_Leto26_META,SK_BrandAwareness_Leto26_META_Carousel,Carousel_v1,2026-06-08,65+,Female,630,433.0,1.45,22,11,1.83,0.61,6.71,,,
SK_ProduktLaunch26_META,SK_ProduktLaunch26_META_Stories,Stories_v1,2026-09-23,18-24,Male,2036,1190.0,1.71,67,31,1.52,0.42,13.02,1.0,13.02,Website purchases
SK_ProduktLaunch26_META,SK_ProduktLaunch26_META_Feed,Feed_v1,2026-09-23,25-34,Male,2272,1404.0,1.62,70,45,1.99,0.43,19.35,1.0,19.35,Website purchases
SK_BrandAwareness_Leto26_META,SK_BrandAwareness_Leto26_META_Video,Video_v1,2026-06-26,55-64,Male,1407,700.0,2.01,36,18,1.31,0.45,8.1,,,
SK_BrandAwareness_Leto26_META,SK_BrandAwareness_Leto26_META_Video,Video_v1,2026-06-01,18-24,Female,2147,1248.0,1.72,48,29,1.37,0.52,15.08,,,
SK_ProduktLaunch26_META,SK_ProduktLaunch26_META_Stories,Stories_v1,2026-09-22,55-64,Male,1445,702.0,2.06,29,21,1.43,0.48,10.08,1.0,10.08,Website purchases
SK_BrandAwareness_Leto26_META,SK_BrandAwareness_Leto26_META_Video,Video_v1,2026-06-16,55-64,Female,2185,1321.0,1.65,55,36,1.66,0.57,20.52,,,
SK_ProduktLaunch26_META,SK_ProduktLaunch26_META_Reels,Reels_v1,2026-10-24,55-64,Male,1780,886.0,2.01,94,44,2.44,0.5,22.0,1.0,22.0,Website purchases
SK_ProduktLaunch26_META,SK_ProduktLaunch26_META_Stories,Stories_v1,2026-08-30,25-34,Female,2810,2152.0,1.31,79,41,1.47,0.33,13.53,1.0,13.53,Website purchases
SK_ProduktLaunch26_META,SK_ProduktLaunch26_META_Stories,Stories_v1,2026-09-27,65+,Female,638,393.0,1.62,17,12,1.95,0.57,6.84,0.0,,Website purchases
SK_BrandAwareness_Leto26_META,SK_BrandAwareness_Leto26_META_Reels,Reels_v1,2026-08-10,45-54,Female,3221,1993.0,1.62,64,31,0.95,0.49,15.19,,,
SK_BrandAwareness_Leto26_META,SK_BrandAwareness_Leto26_META_Video,Video_v1,2026-06-19,25-34,Male,3918,2822.0,1.39,121,68,1.74,0.39,26.52,,,
SK_BrandAwareness_Leto26_META,SK_BrandAwareness_Leto26_META_Reels,Reels_v1,2026-06-06,55-64,Female,1302,599.0,2.17,39,21,1.58,0.5,10.5,,,
SK_BrandAwareness_Leto26_META,SK_BrandAwareness_Leto26_META_Reels,Reels_v1,2026-06-12,35-44,Male,3201,1835.0,1.74,115,53,1.64,0.49,25.97,,,
SK_ProduktLaunch26_META,SK_ProduktLaunch26_META_Stories,Stories_v1,2026-10-24,25-34,Male,1876,903.0,2.08,60,30,1.61,0.39,11.7,1.0,11.7,Website purchases
SK_ProduktLaunch26_META,SK_ProduktLaunch26_META_Feed,Feed_v1,2026-10-18,55-64,Male,1087,704.0,1.54,28,13,1.15,0.57,7.41,0.0,,Website purchases
SK_ProduktLaunch26_META,SK_ProduktLaunch26_META_Reels,Reels_v1,2026-09-30,55-64,Female,1813,954.0,1.9,54,33,1.81,0.44,14.52,1.0,14.52,Website purchases
SK_BrandAwareness_Leto26_META,SK_BrandAwareness_Leto26_META_Reels,Reels_v1,2026-07-27,35-44,Female,2987,2259.0,1.32,104,54,1.81,0.45,24.3,,,
SK_ProduktLaunch26_META,SK_ProduktLaunch26_META_Stories,Stories_v1,2026-08-23,35-44,Male,2571,1568.0,1.64,77,35,1.35,0.42,14.7,1.0,14.7,Website purchases
SK_BrandAwareness_Leto26_META,SK_BrandAwareness_Leto26_META_Reels,Reels_v1,2026-06-13,55-64,Male,2125,1082.0,1.96,49,24,1.12,0.34,8.16,,,
SK_BrandAwareness_Leto26_META,SK_BrandAwareness_Leto26_META_Video_V2,Video_v1,2026-07-24,35-44,Male,2584,1892.0,1.37,37,21,0.82,0.63,13.23,,,
SK_BrandAwareness_Leto26_META,SK_BrandAwareness_Leto26_META_Carousel,Carousel_v1,2026-06-16,65+,Male,1027,525.0,1.96,25,14,1.32,0.57,7.98,,,
SK_ProduktLaunch26_META,SK_ProduktLaunch26_META_Feed,Feed_v1,2026-09-15,18-24,Male,2399,1350.0,1.78,60,31,1.29,0.55,17.05,1.0,17.05,Website purchases
SK_BrandAwareness_Leto26_META,SK_BrandAwareness_Leto26_META_Video_V2,Video_v1,2026-07-17,35-44,Male,2460,1290.0,1.91,44,21,0.87,0.38,7.98,,,
SK_BrandAwareness_Leto26_META,SK_BrandAwareness_Leto26_META_Video_V2,Video_v1,2026-08-06,55-64,Female,1869,1339.0,1.4,57,32,1.72,0.5,16.0,,,
SK_ProduktLaunch26_META,SK_ProduktLaunch26_META_Feed,Feed_v1,2026-10-16,35-44,Female,2506,1712.0,1.46,59,31,1.22,0.35,10.85,1.0,10.85,Website purchases
SK_BrandAwareness_Leto26_META,SK_BrandAwareness_Leto26_META_Video_V2,Video_v1,2026-08-03,25-34,Female,2867,2068.0,1.39,109,50,1.76,0.45,22.5,,,
SK_BrandAwareness_Leto26_META,SK_BrandAwareness_Leto26_META_Reels,Reels_v1,2026-07-06,55-64,Male,1849,1245.0,1.49,54,30,1.62,0.38,11.4,,,
SK_BrandAwareness_Leto26_META,SK_BrandAwareness_Leto26_META_Reels,Reels_v1,2026-07-02,45-54,Female,3080,1457.0,2.11,67,33,1.07,0.36,11.88,,,
SK_ProduktLaunch26_META,SK_ProduktLaunch26_META_Stories,Stories_v1,2026-08-15,65+,Female,496,307.0,1.62,16,9,1.76,0.44,3.96,0.0,,Website purchases
SK_BrandAwareness_Leto26_META,SK_BrandAwareness_Leto26_META_Video,Video_v1,2026-06-13,18-24,Female,1852,887.0,2.09,39,22,1.18,0.56,12.32,,,
SK_ProduktLaunch26_META,SK_ProduktLaunch26_META_Stories,Stories_v1,2026-08-27,65+,Male,593,417.0,1.42,17,12,2.0,0.36,4.32,0.0,,Website purchases
SK_ProduktLaunch26_META,SK_ProduktLaunch26_META_Reels,Reels_v1,2026-09-30,25-34,Female,3307,2476.0,1.34,134,62,1.88,0.48,29.76,2.0,14.88,Website purchases
SK_BrandAwareness_Leto26_META,SK_BrandAwareness_Leto26_META_Carousel,Carousel_v1,2026-07-19,45-54,Male,1418,823.0,1.72,45,20,1.42,0.52,10.4,,,
SK_BrandAwareness_Leto26_META,SK_BrandAwareness_Leto26_META_Reels,Reels_v1,2026-06-20,18-24,Female,2669,1419.0,1.88,78,39,1.47,0.4,15.6,,,
SK_BrandAwareness_Leto26_META,SK_BrandAwareness_Leto26_META_Video_V2,Video_v1,2026-07-24,45-54,Male,1573,823.0,1.91,33,23,1.47,0.59,13.57,,,
SK_BrandAwareness_Leto26_META,SK_BrandAwareness_Leto26_META_Reels,Reels_v1,2026-08-10,55-64,Female,1838,1265.0,1.45,48,28,1.54,0.3,8.4,,,
SK_BrandAwareness_Leto26_META,SK_BrandAwareness_Leto26_META_Video_V2,Video_v1,2026-07-20,55-64,Female,2133,1601.0,1.33,69,36,1.68,0.48,17.28,,,
SK_BrandAwareness_Leto26_META,SK_BrandAwareness_Leto26_META_Carousel,Carousel_v1,2026-07-15,25-34,Female,2552,1474.0,1.73,57,35,1.36,0.46,16.1,,,
SK_BrandAwareness_Leto26_META,SK_BrandAwareness_Leto26_META_Video_V2,Video_v1,2026-07-08,35-44,Female,2200,1165.0,1.89,59,36,1.62,0.51,18.36,,,
SK_ProduktLaunch26_META,SK_ProduktLaunch26_META_Feed,Feed_v1,2026-10-14,25-34,Male,3224,1709.0,1.89,102,58,1.8,0.54,31.32,1.0,31.32,Website purchases
SK_BrandAwareness_Leto26_META,SK_BrandAwareness_Leto26_META_Video_V2,Video_v1,2026-07-11,25-34,Female,4268,2825.0,1.51,99,64,1.51,0.4,25.6,,,
SK_ProduktLaunch26_META,SK_ProduktLaunch26_META_Stories,Stories_v1,2026-08-18,55-64,Male,818,392.0,2.09,24,13,1.59,0.37,4.81,0.0,,Website purchases
SK_ProduktLaunch26_META,SK_ProduktLaunch26_META_Feed,Feed_v1,2026-09-09,18-24,Male,1948,1104.0,1.76,47,23,1.19,0.56,12.88,1.0,12.88,Website purchases
SK_BrandAwareness_Leto26_META,SK_BrandAwareness_Leto26_META_Video_V2,Video_v1,2026-07-23,55-64,Male,2670,1340.0,1.99,52,28,1.05,0.57,15.96,,,
SK_BrandAwareness_Leto26_META,SK_BrandAwareness_Leto26_META_Video,Video_v1,2026-07-01,45-54,Male,2897,2044.0,1.42,65,45,1.57,0.59,26.55,,,
SK_ProduktLaunch26_META,SK_ProduktLaunch26_META_Feed,Feed_v1,2026-08-28,65+,Male,1422,,,50,22,1.53,0.38,8.36,1.0,8.36,Website purchases
SK_ProduktLaunch26_META,SK_ProduktLaunch26_META_Feed,Feed_v1,2026-09-14,55-64,Male,1248,763.0,1.64,31,21,1.69,0.37,7.77,1.0,7.77,Website purchases
SK_ProduktLaunch26_META,SK_ProduktLaunch26_META_Reels,Reels_v1,2026-09-05,35-44,Female,2412,1350.0,1.79,75,34,1.41,0.33,11.22,1.0,11.22,Website purchases
SK_BrandAwareness_Leto26_META,SK_BrandAwareness_Leto26_META_Video,Video_v1,2026-07-01,35-44,Male,3931,2749.0,1.43,103,48,1.23,0.42,20.16,,,
SK_BrandAwareness_Leto26_META,SK_BrandAwareness_Leto26_META_Video,Video_v1,2026-07-03,45-54,Male,3332,2253.0,1.48,62,33,1.0,0.49,16.17,,,
SK_ProduktLaunch26_META,SK_ProduktLaunch26_META_Feed,Feed_v1,2026-09-06,65+,Female,788,415.0,1.9,26,13,1.66,0.52,6.76,0.0,,Website purchases
SK_ProduktLaunch26_META,SK_ProduktLaunch26_META_Reels,Reels_v1,2026-08-21,65+,Female,1722,943.0,1.83,30,21,1.22,0.49,10.29,1.0,10.29,Website purchases
SK_BrandAwareness_Leto26_META,SK_BrandAwareness_Leto26_META_Reels,Reels_v1,2026-08-10,18-24,Male,2423,1456.0,1.66,48,32,1.33,0.44,14.08,,,
SK_BrandAwareness_Leto26_META,SK_BrandAwareness_Leto26_META_Reels,Reels_v1,2026-06-07,65+,Male,1856,997.0,1.86,63,33,1.8,0.45,14.85,,,
SK_BrandAwareness_Leto26_META,SK_BrandAwareness_Leto26_META_Reels,Reels_v1,2026-07-28,55-64,Female,2475,1174.0,2.11,61,37,1.5,0.37,13.69,,,
SK_BrandAwareness_Leto26_META,SK_BrandAwareness_Leto26_META_Reels,Reels_v1,2026-07-13,35-44,Female,2700,1440.0,1.88,43,31,1.16,0.31,9.61,,,
SK_ProduktLaunch26_META,SK_ProduktLaunch26_META_Reels,Reels_v1,2026-10-04,65+,Male,1779,1128.0,1.58,48,29,1.62,0.55,15.95,1.0,15.95,Website purchases
SK_ProduktLaunch26_META,SK_ProduktLaunch26_META_Reels,Reels_v1,2026-10-10,55-64,Female,2465,1130.0,2.18,117,58,2.36,0.44,25.52,2.0,12.76,Website purchases
SK_BrandAwareness_Leto26_META,SK_BrandAwareness_Leto26_META_Reels,Reels_v1,2026-07-01,55-64,Male,2704,1980.0,1.37,71,39,1.44,0.45,17.55,,,
SK_BrandAwareness_Leto26_META,SK_BrandAwareness_Leto26_META_Reels,Reels_v1,2026-06-23,55-64,Female,1901,938.0,2.03,37,20,1.07,0.36,7.2,,,
SK_BrandAwareness_Leto26_META,SK_BrandAwareness_Leto26_META_Carousel,Carousel_v1,2026-06-13,35-44,Female,2307,1295.0,1.78,59,39,1.67,0.6,23.4,,,
SK_BrandAwareness_Leto26_META,SK_BrandAwareness_Leto26_META_Carousel,Carousel_v1,2026-07-23,18-24,Male,1477,1051.0,1.41,44,31,2.1,0.45,13.95,,,
SK_ProduktLaunch26_META,SK_ProduktLaunch26_META_Reels,Reels_v1,2026-08-25,65+,Female,1276,722.0,1.77,51,26,2.04,0.32,8.32,1.0,8.32,Website purchases
SK_BrandAwareness_Leto26_META,SK_BrandAwareness_Leto26_META_Reels,Reels_v1,2026-07-03,25-34,Female,3627,1723.0,2.11,90,47,1.28,0.5,23.5,,,
SK_ProduktLaunch26_META,SK_ProduktLaunch26_META_Reels,Reels_v1,2026-10-19,65+,Male,1674,1218.0,1.37,65,35,2.08,0.4,14.0,1.0,14.0,Website purchases
SK_BrandAwareness_Leto26_META,SK_BrandAwareness_Leto26_META_Reels,Reels_v1,2026-06-19,25-34,Male,3353,2433.0,1.38,88,47,1.4,0.39,18.33,,,
SK_ProduktLaunch26_META,SK_ProduktLaunch26_META_Feed,Feed_v1,2026-10-18,25-34,Female,2755,1910.0,1.44,76,46,1.67,0.52,23.92,1.0,23.92,Website purchases
SK_ProduktLaunch26_META,SK_ProduktLaunch26_META_Reels,Reels_v1,2026-08-16,35-44,Male,4455,2833.0,1.57,148,101,2.27,0.39,39.39,3.0,13.13,Website purchases
SK_BrandAwareness_Leto26_META,SK_BrandAwareness_Leto26_META_Video_V2,Video_v1,2026-07-29,35-44,Male,2343,1707.0,1.37,72,33,1.42,0.37,12.21,,,
SK_BrandAwareness_Leto26_META,SK_BrandAwareness_Leto26_META_Video,Video_v1,2026-06-29,18-24,Female,2311,1346.0,1.72,66,40,1.72,0.56,22.4,,,
SK_ProduktLaunch26_META,SK_ProduktLaunch26_META_Stories,Stories_v1,2026-10-06,25-34,Male,1463,954.0,1.53,50,28,1.89,0.4,11.2,1.0,11.2,Website purchases
SK_ProduktLaunch26_META,SK_ProduktLaunch26_META_Feed,Feed_v1,2026-09-14,65+,Male,1127,655.0,1.72,31,22,1.92,0.49,10.78,1.0,10.78,Website purchases
SK_BrandAwareness_Leto26_META,SK_BrandAwareness_Leto26_META_Carousel,Carousel_v1,2026-08-11,45-54,Male,2107,1229.0,1.71,59,35,1.66,0.66,23.1,,,
SK_BrandAwareness_Leto26_META,SK_BrandAwareness_Leto26_META_Video,Video_v1,2026-06-08,45-54,Female,1886,931.0,2.03,62,33,1.77,0.59,19.47,,,
SK_BrandAwareness_Leto26_META,SK_BrandAwareness_Leto26_META_Video_V2,Video_v1,2026-07-06,35-44,Male,2038,1020.0,2.0,52,30,1.48,0.49,14.7,,,
SK_ProduktLaunch26_META,SK_ProduktLaunch26_META_Reels,Reels_v1,2026-09-09,65+,Female,1805,924.0,1.95,90,44,2.43,0.33,14.52,1.0,14.52,Website purchases
SK_ProduktLaunch26_META,SK_ProduktLaunch26_META_Feed,Feed_v1,2026-10-22,35-44,Female,2423,1258.0,1.93,64,29,1.19,0.46,13.34,1.0,13.34,Website purchases
SK_BrandAwareness_Leto26_META,SK_BrandAwareness_Leto26_META_Video_V2,Video_v1,2026-07-28,45-54,Female,2479,,,83,36,1.44,0.63,22.68,,,
SK_BrandAwareness_Leto26_META,SK_BrandAwareness_Leto26_META_Carousel,Carousel_v1,2026-06-07,18-24,Female,1655,961.0,1.72,37,23,1.39,0.5,11.5,,,
SK_BrandAwareness_Leto26_META,SK_BrandAwareness_Leto26_META_Reels,Reels_v1,2026-07-15,65+,Male,1405,754.0,1.86,20,13,0.93,0.45,5.85,,,
SK_BrandAwareness_Leto26_META,SK_BrandAwareness_Leto26_META_Carousel,Carousel_v1,2026-07-29,55-64,Female,756,420.0,1.8,27,15,2.03,0.49,7.35,,,
SK_BrandAwareness_Leto26_META,SK_BrandAwareness_Leto26_META_Reels,Reels_v1,2026-07-09,65+,Male,2086,1311.0,1.59,49,26,1.25,0.46,11.96,,,
SK_BrandAwareness_Leto26_META,SK_BrandAwareness_Leto26_META_Carousel,Carousel_v1,2026-06-20,65+,Female,1047,492.0,2.13,41,19,1.79,0.7,13.3,,,
SK_ProduktLaunch26_META,SK_ProduktLaunch26_META_Reels,Reels_v1,2026-10-09,35-44,Female,3685,2290.0,1.61,168,84,2.27,0.34,28.56,3.0,9.52,Website purchases
SK_BrandAwareness_Leto26_META,SK_BrandAwareness_Leto26_META_Video_V2,Video_v1,2026-08-11,25-34,Female,2215,1299.0,1.71,51,34,1.51,0.45,15.3,,,
SK_ProduktLaunch26_META,SK_ProduktLaunch26_META_Stories,Stories_v1,2026-09-10,55-64,Female,905,550.0,1.65,40,19,2.11,0.46,8.74,1.0,8.74,Website purchases
SK_ProduktLaunch26_META,SK_ProduktLaunch26_META_Stories,Stories_v1,2026-10-10,35-44,Female,1222,898.0,1.36,59,28,2.28,0.56,15.68,1.0,15.68,Website purchases
SK_ProduktLaunch26_META,SK_ProduktLaunch26_META_Reels,Reels_v1,2026-09-10,25-34,Male,3675,1953.0,1.88,199,91,2.48,0.54,49.14,3.0,16.38,Website purchases
SK_BrandAwareness_Leto26_META,SK_BrandAwareness_Leto26_META_Reels,Reels_v1,2026-07-21,55-64,Female,2532,1208.0,2.1,73,47,1.87,0.52,24.44,,,
SK_BrandAwareness_Leto26_META,SK_BrandAwareness_Leto26_META_Video_V2,Video_v1,2026-07-09,25-34,Male,3781,2077.0,1.82,94,57,1.5,0.64,36.48,,,
SK_ProduktLaunch26_META,SK_ProduktLaunch26_META_Feed,Feed_v1,2026-08-18,65+,Male,677,342.0,1.98,15,7,1.05,0.57,3.99,0.0,,Website purchases
SK_ProduktLaunch26_META,SK_ProduktLaunch26_META_Stories,Stories_v1,2026-08-25,18-24,Male,1185,540.0,2.19,29,18,1.51,0.57,10.26,1.0,10.26,Website purchases
SK_ProduktLaunch26_META,SK_ProduktLaunch26_META_Feed,Feed_v1,2026-10-28,45-54,Female,2283,1193.0,1.91,58,26,1.12,0.39,10.14,1.0,10.14,Website purchases
SK_BrandAwareness_Leto26_META,SK_BrandAwareness_Leto26_META_Reels,Reels_v1,2026-06-22,65+,Female,1313,704.0,1.87,30,17,1.3,0.37,6.29,,,
SK_BrandAwareness_Leto26_META,SK_BrandAwareness_Leto26_META_Video,Video_v1,2026-06-18,65+,Male,1512,1009.0,1.5,38,23,1.52,0.38,8.74,,,
SK_BrandAwareness_Leto26_META,SK_BrandAwareness_Leto26_META_Video_V2,Video_v1,2026-08-02,25-34,Male,3839,2672.0,1.44,117,60,1.56,0.64,38.4,,,
SK_ProduktLaunch26_META,SK_ProduktLaunch26_META_Feed,Feed_v1,2026-10-19,55-64,Male,2261,1413.0,1.6,32,23,1.01,0.52,11.96,1.0,11.96,Website purchases
SK_ProduktLaunch26_META,SK_ProduktLaunch26_META_Reels,Reels_v1,2026-10-23,25-34,Male,4544,2252.0,2.02,97,57,1.26,0.49,27.93,2.0,13.96,Website purchases
SK_ProduktLaunch26_META,SK_ProduktLaunch26_META_Stories,Stories_v1,2026-09-15,65+,Male,1084,668.0,1.62,19,13,1.17,0.51,6.63,0.0,,Website purchases
SK_ProduktLaunch26_META,SK_ProduktLaunch26_META_Stories,Stories_v1,2026-10-16,18-24,Female,1067,805.0,1.33,47,23,2.15,0.41,9.43,1.0,9.43,Website purchases
SK_BrandAwareness_Leto26_META,SK_BrandAwareness_Leto26_META_Carousel,Carousel_v1,2026-08-12,35-44,Female,2654,1406.0,1.89,80,52,1.96,0.54,28.08,,,
SK_ProduktLaunch26_META,SK_ProduktLaunch26_META_Reels,Reels_v1,2026-10-07,35-44,Female,4312,2048.0,2.11,150,83,1.94,0.47,39.01,2.0,19.5,Website purchases
SK_BrandAwareness_Leto26_META,SK_BrandAwareness_Leto26_META_Video,Video_v1,2026-06-06,25-34,Female,4315,2090.0,2.06,106,74,1.73,0.55,40.7,,,
SK_ProduktLaunch26_META,SK_ProduktLaunch26_META_Stories,Stories_v1,2026-09-27,45-54,Female,1740,896.0,1.94,71,35,2.0,0.34,11.9,1.0,11.9,Website purchases
SK_ProduktLaunch26_META,SK_ProduktLaunch26_META_Feed,Feed_v1,2026-08-16,35-44,Male,2562,1556.0,1.65,53,35,1.36,0.46,16.1,1.0,16.1,Website purchases
SK_BrandAwareness_Leto26_META,SK_BrandAwareness_Leto26_META_Video,Video_v1,2026-06-30,35-44,Female,2025,1425.0,1.42,65,31,1.51,0.64,19.84,,,
SK_BrandAwareness_Leto26_META,SK_BrandAwareness_Leto26_META_Reels,Reels_v1,2026-06-18,55-64,Male,1734,1131.0,1.53,43,19,1.1,0.38,7.22,,,
SK_BrandAwareness_Leto26_META,SK_BrandAwareness_Leto26_META_Video_V2,Video_v1,2026-07-16,18-24,Female,2042,934.0,2.19,39,19,0.94,0.42,7.98,,,
SK_ProduktLaunch26_META,SK_ProduktLaunch26_META_Reels,Reels_v1,2026-08-20,35-44,Female,3950,1823.0,2.17,100,67,1.71,0.5,33.5,2.0,16.75,Website purchases
SK_BrandAwareness_Leto26_META,SK_BrandAwareness_Leto26_META_Video_V2,Video_v1,2026-07-16,25-34,Female,3256,1562.0,2.08,106,51,1.57,0.47,23.97,,,
SK_BrandAwareness_Leto26_META,SK_BrandAwareness_Leto26_META_Video,Video_v1,2026-07-04,65+,Male,909,635.0,1.43,25,15,1.6,0.54,8.1,,,
SK_BrandAwareness_Leto26_META,SK_BrandAwareness_Leto26_META_Video_V2,Video_v1,2026-08-04,45-54,Female,1841,1129.0,1.63,30,17,0.93,0.64,10.88,,,
SK_BrandAwareness_Leto26_META,SK_BrandAwareness_Leto26_META_Reels,Reels_v1,2026-06-24,18-24,Male,2900,2041.0,1.42,63,35,1.22,0.41,14.35,,,
SK_BrandAwareness_Leto26_META,SK_BrandAwareness_Leto26_META_Video_V2,Video_v1,2026-07-23,25-34,Female,3798,2572.0,1.48,90,64,1.68,0.49,31.36,,,
SK_BrandAwareness_Leto26_META,SK_BrandAwareness_Leto26_META_Reels,Reels_v1,2026-08-03,25-34,Male,2633,1277.0,2.06,56,39,1.49,0.52,20.28,,,
SK_BrandAwareness_Leto26_META,SK_BrandAwareness_Leto26_META_Video_V2,Video_v1,2026-07-19,25-34,Female,3746,2417.0,1.55,122,53,1.4,0.52,27.56,,,
SK_BrandAwareness_Leto26_META,SK_BrandAwareness_Leto26_META_Carousel,Carousel_v1,2026-07-21,45-54,Female,1138,746.0,1.53,42,24,2.13,0.49,11.76,,,
SK_BrandAwareness_Leto26_META,SK_BrandAwareness_Leto26_META_Video,Video_v1,2026-06-15,35-44,Male,3306,1673.0,1.98,124,54,1.63,0.48,25.92,,,
SK_ProduktLaunch26_META,SK_ProduktLaunch26_META_Stories,Stories_v1,2026-10-21,18-24,Male,1219,585.0,2.08,55,27,2.19,0.36,9.72,1.0,9.72,Website purchases
SK_ProduktLaunch26_META,SK_ProduktLaunch26_META_Feed,Feed_v1,2026-09-05,35-44,Male,2499,1359.0,1.84,53,29,1.14,0.59,17.11,1.0,17.11,Website purchases
SK_BrandAwareness_Leto26_META,SK_BrandAwareness_Leto26_META_Reels,Reels_v1,2026-07-17,55-64,Male,2508,1720.0,1.46,37,24,0.97,0.55,13.2,,,
SK_BrandAwareness_Leto26_META,SK_BrandAwareness_Leto26_META_Carousel,Carousel_v1,2026-07-10,65+,Male,1211,735.0,1.65,36,17,1.37,0.66,11.22,,,
SK_ProduktLaunch26_META,SK_ProduktLaunch26_META_Reels,Reels_v1,2026-09-01,65+,Female,1488,1037.0,1.43,36,24,1.61,0.4,9.6,1.0,9.6,Website purchases
SK_BrandAwareness_Leto26_META,SK_BrandAwareness_Leto26_META_Carousel,Carousel_v1,2026-07-04,25-34,Male,1511,777.0,1.94,35,23,1.54,0.45,10.35,,,
SK_ProduktLaunch26_META,SK_ProduktLaunch26_META_Stories,Stories_v1,2026-08-16,25-34,Female,2429,1449.0,1.68,101,46,1.88,0.47,21.62,1.0,21.62,Website purchases
SK_ProduktLaunch26_META,SK_ProduktLaunch26_META_Reels,Reels_v1,2026-08-31,55-64,Male,3008,1983.0,1.52,112,66,2.18,0.51,33.66,2.0,16.83,Website purchases
SK_ProduktLaunch26_META,SK_ProduktLaunch26_META_Stories,Stories_v1,2026-10-25,65+,Male,578,304.0,1.9,17,8,1.36,0.5,4.0,0.0,,Website purchases
SK_BrandAwareness_Leto26_META,SK_BrandAwareness_Leto26_META_Video,Video_v1,2026-06-21,25-34,Male,2295,1294.0,1.77,54,31,1.36,0.48,14.88,,,
SK_BrandAwareness_Leto26_META,SK_BrandAwareness_Leto26_META_Video_V2,Video_v1,2026-08-11,65+,Female,1501,947.0,1.59,38,25,1.69,0.61,15.25,,,
SK_BrandAwareness_Leto26_META,SK_BrandAwareness_Leto26_META_Carousel,Carousel_v1,2026-07-25,18-24,Female,1456,727.0,2.0,32,17,1.17,0.68,11.56,,,
SK_BrandAwareness_Leto26_META,SK_BrandAwareness_Leto26_META_Reels,Reels_v1,2026-06-18,18-24,Male,1814,1015.0,1.79,30,18,0.99,0.53,9.54,,,
SK_BrandAwareness_Leto26_META,SK_BrandAwareness_Leto26_META_Video,Video_v1,2026-06-02,25-34,Male,3028,1827.0,1.66,75,43,1.42,0.43,18.49,,,
SK_ProduktLaunch26_META,SK_ProduktLaunch26_META_Stories,Stories_v1,2026-08-15,18-24,Female,984,600.0,1.64,27,15,1.5,0.53,7.95,0.0,,Website purchases
SK_ProduktLaunch26_META,SK_ProduktLaunch26_META_Feed,Feed_v1,2026-08-21,25-34,Male,2757,1334.0,2.07,66,46,1.67,0.44,20.24,1.0,20.24,Website purchases
SK_BrandAwareness_Leto26_META,SK_BrandAwareness_Leto26_META_Reels,Reels_v1,2026-07-06,45-54,Female,2774,1846.0,1.5,84,49,1.76,0.52,25.48,,,
SK_ProduktLaunch26_META,SK_ProduktLaunch26_META_Reels,Reels_v1,2026-08-17,25-34,Male,2657,2043.0,1.3,68,34,1.3,0.34,11.56,1.0,11.56,Website purchases
SK_ProduktLaunch26_META,SK_ProduktLaunch26_META_Reels,Reels_v1,2026-10-04,25-34,Male,4586,2446.0,1.87,128,76,1.65,0.35,26.6,2.0,13.3,Website purchases
SK_BrandAwareness_Leto26_META,SK_BrandAwareness_Leto26_META_Video,Video_v1,2026-06-02,25-34,Female,2513,1509.0,1.67,62,38,1.53,0.51,19.38,,,
SK_BrandAwareness_Leto26_META,SK_BrandAwareness_Leto26_META_Carousel,Carousel_v1,2026-06-08,65+,Male,1203,627.0,1.92,51,26,2.18,0.64,16.64,,,
SK_BrandAwareness_Leto26_META,SK_BrandAwareness_Leto26_META_Video,Video_v1,2026-06-03,55-64,Male,2537,1877.0,1.35,73,45,1.76,0.42,18.9,,,
SK_ProduktLaunch26_META,SK_ProduktLaunch26_META_Reels,Reels_v1,2026-08-22,25-34,Female,4542,2073.0,2.19,96,61,1.35,0.55,33.55,2.0,16.77,Website purchases
SK_BrandAwareness_Leto26_META,SK_BrandAwareness_Leto26_META_Reels,Reels_v1,2026-07-27,65+,Male,1952,1250.0,1.56,72,38,1.96,0.45,17.1,,,
SK_BrandAwareness_Leto26_META,SK_BrandAwareness_Leto26_META_Video,Video_v1,2026-06-05,35-44,Female,2457,1326.0,1.85,52,28,1.15,0.54,15.12,,,
SK_ProduktLaunch26_META,SK_ProduktLaunch26_META_Reels,Reels_v1,2026-09-22,55-64,Female,2822,,,94,55,1.93,0.38,20.9,2.0,10.45,Website purchases
SK_ProduktLaunch26_META,SK_ProduktLaunch26_META_Stories,Stories_v1,2026-08-16,65+,Female,1053,513.0,2.05,44,22,2.13,0.4,8.8,1.0,8.8,Website purchases
SK_BrandAwareness_Leto26_META,SK_BrandAwareness_Leto26_META_Reels,Reels_v1,2026-08-14,18-24,Male,3694,1763.0,2.1,119,65,1.75,0.43,27.95,,,
SK_BrandAwareness_Leto26_META,SK_BrandAwareness_Leto26_META_Reels,Reels_v1,2026-06-16,65+,Female,1608,1127.0,1.43,66,32,1.99,0.38,12.16,,,
SK_BrandAwareness_Leto26_META,SK_BrandAwareness_Leto26_META_Video,Video_v1,2026-06-17,45-54,Female,2547,1682.0,1.51,49,26,1.01,0.38,9.88,,,
SK_BrandAwareness_Leto26_META,SK_BrandAwareness_Leto26_META_Video,Video_v1,2026-06-23,35-44,Male,3387,1867.0,1.81,117,55,1.62,0.55,30.25,,,
SK_ProduktLaunch26_META,SK_ProduktLaunch26_META_Feed,Feed_v1,2026-10-11,25-34,Female,3441,1569.0,2.19,70,46,1.34,0.41,18.86,1.0,18.86,Website purchases
SK_BrandAwareness_Leto26_META,SK_BrandAwareness_Leto26_META_Reels,Reels_v1,2026-07-27,18-24,Female,2734,1544.0,1.77,58,26,0.94,0.48,12.48,,,
SK_ProduktLaunch26_META,SK_ProduktLaunch26_META_Stories,Stories_v1,2026-09-02,45-54,Male,2145,1195.0,1.79,79,37,1.73,0.43,15.91,1.0,15.91,Website purchases
SK_BrandAwareness_Leto26_META,SK_BrandAwareness_Leto26_META_Video_V2,Video_v1,2026-07-31,55-64,Female,1659,934.0,1.78,33,21,1.27,0.44,9.24,,,
SK_ProduktLaunch26_META,SK_ProduktLaunch26_META_Reels,Reels_v1,2026-10-28,45-54,Female,2959,2216.0,1.34,145,67,2.25,0.45,30.15,2.0,15.07,Website purchases
SK_ProduktLaunch26_META,SK_ProduktLaunch26_META_Feed,Feed_v1,2026-10-24,45-54,Female,2555,1251.0,2.04,84,51,1.99,0.5,25.5,1.0,25.5,Website purchases
SK_BrandAwareness_Leto26_META,SK_BrandAwareness_Leto26_META_Video_V2,Video_v1,2026-08-02,65+,Male,992,505.0,1.96,31,16,1.63,0.44,7.04,,,
SK_ProduktLaunch26_META,SK_ProduktLaunch26_META_Feed,Feed_v1,2026-10-17,45-54,Male,2635,1368.0,1.93,68,33,1.26,0.54,17.82,1.0,17.82,Website purchases
SK_BrandAwareness_Leto26_META,SK_BrandAwareness_Leto26_META_Reels,Reels_v1,2026-06-05,55-64,Male,2775,1478.0,1.88,76,39,1.42,0.42,16.38,,,
SK_BrandAwareness_Leto26_META,SK_BrandAwareness_Leto26_META_Reels,Reels_v1,2026-06-20,35-44,Female,2123,1444.0,1.47,47,33,1.56,0.31,10.23,,,
SK_BrandAwareness_Leto26_META,SK_BrandAwareness_Leto26_META_Reels,Reels_v1,2026-06-22,25-34,Female,3340,1657.0,2.02,82,53,1.6,0.38,20.14,,,
SK_BrandAwareness_Leto26_META,SK_BrandAwareness_Leto26_META_Video,Video_v1,2026-07-02,18-24,Male,1994,1040.0,1.92,55,25,1.23,0.46,11.5,,,
SK_BrandAwareness_Leto26_META,SK_BrandAwareness_Leto26_META_Reels,Reels_v1,2026-08-09,35-44,Male,3617,2127.0,1.7,69,36,0.98,0.52,18.72,,,
SK_BrandAwareness_Leto26_META,SK_BrandAwareness_Leto26_META_Carousel,Carousel_v1,2026-08-13,25-34,Female,1819,1352.0,1.35,56,36,1.97,0.59,21.24,,,
SK_ProduktLaunch26_META,SK_ProduktLaunch26_META_Feed,Feed_v1,2026-10-24,18-24,Female,2152,1463.0,1.47,51,36,1.66,0.37,13.32,1.0,13.32,Website purchases
SK_ProduktLaunch26_META,SK_ProduktLaunch26_META_Reels,Reels_v1,2026-09-27,35-44,Female,3230,2005.0,1.61,94,43,1.34,0.31,13.33,1.0,13.33,Website purchases
SK_BrandAwareness_Leto26_META,SK_BrandAwareness_Leto26_META_Reels,Reels_v1,2026-07-04,35-44,Male,4679,3385.0,1.38,141,64,1.36,0.32,20.48,,,
SK_ProduktLaunch26_META,SK_ProduktLaunch26_META_Stories,Stories_v1,2026-09-17,35-44,Male,2753,1487.0,1.85,90,62,2.25,0.42,26.04,2.0,13.02,Website purchases
SK_ProduktLaunch26_META,SK_ProduktLaunch26_META_Reels,Reels_v1,2026-09-22,65+,Female,997,540.0,1.85,26,15,1.48,0.33,4.95,0.0,,Website purchases
SK_ProduktLaunch26_META,SK_ProduktLaunch26_META_Reels,Reels_v1,2026-10-07,18-24,Female,84760,972.0,2.18,54,33,1.55,0.34,11.22,1.0,11.22,Website purchases
SK_BrandAwareness_Leto26_META,SK_BrandAwareness_Leto26_META_Video,Video_v1,2026-06-09,25-34,Male,2743,1401.0,1.96,64,35,1.26,0.48,16.8,,,
SK_BrandAwareness_Leto26_META,SK_BrandAwareness_Leto26_META_Reels,Reels_v1,2026-06-05,18-24,Male,2311,1102.0,2.1,42,25,1.09,0.43,10.75,,,
SK_BrandAwareness_Leto26_META,SK_BrandAwareness_Leto26_META_Video_V2,Video_v1,2026-07-28,45-54,Male,1565,1181.0,1.33,34,22,1.41,0.57,12.54,,,
SK_BrandAwareness_Leto26_META,SK_BrandAwareness_Leto26_META_Reels,Reels_v1,2026-06-23,65+,Female,1173,794.0,1.48,18,11,0.93,0.52,5.72,,,
SK_BrandAwareness_Leto26_META,SK_BrandAwareness_Leto26_META_Reels,Reels_v1,2026-07-25,55-64,Male,2469,1202.0,2.05,72,48,1.94,0.37,17.76,,,
SK_BrandAwareness_Leto26_META,SK_BrandAwareness_Leto26_META_Reels,Reels_v1,2026-06-20,45-54,Female,2407,1209.0,1.99,80,39,1.6,0.34,13.26,,,
SK_ProduktLaunch26_META,SK_ProduktLaunch26_META_Stories,Stories_v1,2026-10-14,45-54,Female,1495,720.0,2.08,58,30,2.01,0.32,9.6,1.0,9.6,Website purchases
SK_BrandAwareness_Leto26_META,SK_BrandAwareness_Leto26_META_Reels,Reels_v1,2026-07-31,45-54,Male,3721,2310.0,1.61,102,55,1.48,0.34,18.7,,,
SK_ProduktLaunch26_META,SK_ProduktLaunch26_META_Stories,Stories_v1,2026-10-03,45-54,Female,1649,763.0,2.16,54,31,1.88,0.37,11.47,1.0,11.47,Website purchases
SK_ProduktLaunch26_META,SK_ProduktLaunch26_META_Reels,Reels_v1,2026-09-12,55-64,Female,1680,1122.0,1.5,54,26,1.56,0.54,14.04,1.0,14.04,Website purchases
SK_ProduktLaunch26_META,SK_ProduktLaunch26_META_Reels,Reels_v1,2026-09-09,25-34,Male,3273,1811.0,1.81,129,60,1.84,0.42,25.2,2.0,12.6,Website purchases
SK_BrandAwareness_Leto26_META,SK_BrandAwareness_Leto26_META_Reels,Reels_v1,2026-07-12,25-34,Male,4193,2528.0,1.66,67,38,0.9,0.34,12.92,,,
SK_ProduktLaunch26_META,SK_ProduktLaunch26_META_Feed,Feed_v1,2026-09-21,55-64,Male,1777,874.0,2.03,45,27,1.51,0.54,14.58,1.0,14.58,Website purchases
SK_ProduktLaunch26_META,SK_ProduktLaunch26_META_Reels,Reels_v1,2026-08-18,65+,Female,1711,1219.0,1.4,52,37,2.16,0.35,12.95,1.0,12.95,Website purchases
SK_ProduktLaunch26_META,SK_ProduktLaunch26_META_Reels,Reels_v1,2026-10-16,25-34,Female,4247,3263.0,1.3,183,100,2.36,0.41,41.0,3.0,13.67,Website purchases
SK_BrandAwareness_Leto26_META,SK_BrandAwareness_Leto26_META_Reels,Reels_v1,2026-06-20,65+,Male,1801,1058.0,1.7,69,32,1.8,0.36,11.52,,,
SK_ProduktLaunch26_META,SK_ProduktLaunch26_META_Stories,Stories_v1,2026-09-04,55-64,Female,1572,928.0,1.69,38,23,1.48,0.56,12.88,1.0,12.88,Website purchases
SK_BrandAwareness_Leto26_META,SK_BrandAwareness_Leto26_META_Video_V2,Video_v1,2026-07-09,45-54,Female,2916,1435.0,2.03,56,30,1.02,0.54,16.2,,,
SK_ProduktLaunch26_META,SK_ProduktLaunch26_META_Feed,Feed_v1,2026-10-22,65+,Male,851,525.0,1.62,22,14,1.67,0.35,4.9,0.0,,Website purchases
SK_ProduktLaunch26_META,SK_ProduktLaunch26_META_Feed,Feed_v1,2026-09-12,18-24,Male,1638,872.0,1.88,62,30,1.83,0.5,15.0,1.0,15.0,Website purchases
SK_BrandAwareness_Leto26_META,SK_BrandAwareness_Leto26_META_Reels,Reels_v1,2026-06-21,65+,Male,994,758.0,1.31,19,11,1.14,0.42,4.62,,,
SK_BrandAwareness_Leto26_META,SK_BrandAwareness_Leto26_META_Carousel,Carousel_v1,2026-08-10,25-34,Male,2635,1519.0,1.73,102,50,1.9,0.41,20.5,,,
SK_ProduktLaunch26_META,SK_ProduktLaunch26_META_Reels,Reels_v1,2026-10-13,55-64,Male,1514,835.0,1.81,59,29,1.89,0.55,15.95,1.0,15.95,Website purchases
SK_ProduktLaunch26_META,SK_ProduktLaunch26_META_Feed,Feed_v1,2026-08-28,45-54,Female,1466,891.0,1.65,38,19,1.33,0.4,7.6,0.0,,Website purchases
SK_BrandAwareness_Leto26_META,SK_BrandAwareness_Leto26_META_Reels,Reels_v1,2026-08-07,25-34,Male,4699,3561.0,1.32,71,48,1.03,0.42,20.16,,,
SK_ProduktLaunch26_META,SK_ProduktLaunch26_META_Feed,Feed_v1,2026-10-14,55-64,Male,1827,1345.0,1.36,58,28,1.54,0.5,14.0,1.0,14.0,Website purchases
SK_ProduktLaunch26_META,SK_ProduktLaunch26_META_Reels,Reels_v1,2026-09-05,55-64,Female,1886,950.0,1.99,63,28,1.47,0.33,9.24,1.0,9.24,Website purchases
SK_BrandAwareness_Leto26_META,SK_BrandAwareness_Leto26_META_Video_V2,Video_v1,2026-08-07,25-34,Male,2126,1508.0,1.41,77,34,1.61,0.36,12.24,,,
SK_ProduktLaunch26_META,SK_ProduktLaunch26_META_Reels,Reels_v1,2026-08-30,18-24,Male,3066,1683.0,1.82,79,37,1.21,0.45,16.65,1.0,16.65,Website purchases
SK_ProduktLaunch26_META,SK_ProduktLaunch26_META_Stories,Stories_v1,2026-10-07,45-54,Male,1853,861.0,2.15,44,22,1.17,0.37,8.14,1.0,8.14,Website purchases
SK_ProduktLaunch26_META,SK_ProduktLaunch26_META_Stories,Stories_v1,2026-09-03,25-34,Male,1396,964.0,1.45,32,16,1.16,0.47,7.52,0.0,,Website purchases
SK_ProduktLaunch26_META,SK_ProduktLaunch26_META_Feed,Feed_v1,2026-08-24,25-34,Male,2871,1993.0,1.44,86,56,1.94,0.51,28.56,1.0,28.56,Website purchases
SK_BrandAwareness_Leto26_META,SK_BrandAwareness_Leto26_META_Carousel,Carousel_v1,2026-07-11,45-54,Female,1782,970.0,1.84,67,38,2.15,0.49,18.62,,,
SK_BrandAwareness_Leto26_META,SK_BrandAwareness_Leto26_META_Video,Video_v1,2026-06-22,35-44,Male,1928,1380.0,1.4,57,31,1.59,0.38,11.78,,,
SK_ProduktLaunch26_META,SK_ProduktLaunch26_META_Reels,Reels_v1,2026-08-17,65+,Female,1829,1037.0,1.76,65,33,1.82,0.55,18.15,1.0,18.15,Website purchases
SK_BrandAwareness_Leto26_META,SK_BrandAwareness_Leto26_META_Reels,Reels_v1,2026-07-26,25-34,Female,3176,2417.0,1.31,65,31,0.99,0.47,14.57,,,
SK_ProduktLaunch26_META,SK_ProduktLaunch26_META_Reels,Reels_v1,2026-08-17,25-34,Female,3545,1678.0,2.11,124,73,2.05,0.53,38.69,2.0,19.34,Website purchases
SK_BrandAwareness_Leto26_META,SK_BrandAwareness_Leto26_META_Video_V2,Video_v1,2026-08-03,45-54,Male,3021,1393.0,2.17,50,30,1.0,0.4,12.0,,,
SK_ProduktLaunch26_META,SK_ProduktLaunch26_META_Feed,Feed_v1,2026-09-15,65+,Female,1251,694.0,1.8,43,22,1.78,0.47,10.34,1.0,10.34,Website purchases
SK_BrandAwareness_Leto26_META,SK_BrandAwareness_Leto26_META_Carousel,Carousel_v1,2026-07-26,65+,Male,1235,596.0,2.07,33,19,1.54,0.41,7.79,,,
SK_ProduktLaunch26_META,SK_ProduktLaunch26_META_Stories,Stories_v1,2026-10-04,65+,Male,1069,821.0,1.3,33,15,1.44,0.36,5.4,0.0,,Website purchases
SK_ProduktLaunch26_META,SK_ProduktLaunch26_META_Feed,Feed_v1,2026-10-13,35-44,Female,2449,1420.0,1.72,92,46,1.9,0.54,24.84,1.0,24.84,Website purchases
SK_BrandAwareness_Leto26_META,SK_BrandAwareness_Leto26_META_Reels,Reels_v1,2026-08-05,18-24,Male,1999,923.0,2.17,58,32,1.6,0.45,14.4,,,
SK_BrandAwareness_Leto26_META,SK_BrandAwareness_Leto26_META_Video,Video_v1,2026-06-30,55-64,Female,1882,1215.0,1.55,72,32,1.71,0.62,19.84,,,
SK_BrandAwareness_Leto26_META,SK_BrandAwareness_Leto26_META_Reels,Reels_v1,2026-06-15,45-54,Male,3600,1686.0,2.14,80,37,1.03,0.41,15.17,,,
SK_ProduktLaunch26_META,SK_ProduktLaunch26_META_Reels,Reels_v1,2026-08-16,45-54,Male,2480,1197.0,2.07,98,58,2.32,0.45,26.1,2.0,13.05,Website purchases
SK_BrandAwareness_Leto26_META,SK_BrandAwareness_Leto26_META_Reels,Reels_v1,2026-07-09,65+,Female,1694,778.0,2.18,57,31,1.83,0.48,14.88,,,
SK_ProduktLaunch26_META,SK_ProduktLaunch26_META_Reels,Reels_v1,2026-09-11,25-34,Female,3740,1877.0,1.99,156,89,2.39,0.39,34.71,3.0,11.57,Website purchases
SK_ProduktLaunch26_META,SK_ProduktLaunch26_META_Stories,Stories_v1,2026-08-31,65+,Female,568,399.0,1.42,17,9,1.53,0.45,4.05,0.0,,Website purchases
SK_ProduktLaunch26_META,SK_ProduktLaunch26_META_Reels,Reels_v1,2026-09-10,18-24,Male,2006,1143.0,1.76,104,50,2.47,0.37,18.5,2.0,9.25,Website purchases
SK_BrandAwareness_Leto26_META,SK_BrandAwareness_Leto26_META_Carousel,Carousel_v1,2026-07-07,35-44,Male,1900,1056.0,1.8,58,27,1.42,0.49,13.23,,,
SK_BrandAwareness_Leto26_META,SK_BrandAwareness_Leto26_META_Carousel,Carousel_v1,2026-08-05,65+,Female,1115,647.0,1.72,18,12,1.12,0.46,5.52,,,
SK_BrandAwareness_Leto26_META,SK_BrandAwareness_Leto26_META_Video_V2,Video_v1,2026-08-04,18-24,Female,2210,1033.0,2.14,33,21,0.95,0.37,7.77,,,
SK_BrandAwareness_Leto26_META,SK_BrandAwareness_Leto26_META_Reels,Reels_v1,2026-07-05,35-44,Male,3036,1508.0,2.01,58,40,1.31,0.48,19.2,,,
SK_BrandAwareness_Leto26_META,SK_BrandAwareness_Leto26_META_Carousel,Carousel_v1,2026-06-23,18-24,Male,2092,962.0,2.17,38,27,1.28,0.56,15.12,,,
SK_ProduktLaunch26_META,SK_ProduktLaunch26_META_Reels,Reels_v1,2026-08-24,25-34,Male,4892,2897.0,1.69,204,117,2.4,0.54,63.18,4.0,15.79,Website purchases
SK_ProduktLaunch26_META,SK_ProduktLaunch26_META_Reels,Reels_v1,2026-09-26,18-24,Female,2134,1181.0,1.81,64,33,1.56,0.5,16.5,1.0,16.5,Website purchases
SK_BrandAwareness_Leto26_META,SK_BrandAwareness_Leto26_META_Reels,Reels_v1,2026-08-13,25-34,Male,2641,1794.0,1.47,59,30,1.14,0.36,10.8,,,
SK_ProduktLaunch26_META,SK_ProduktLaunch26_META_Stories,Stories_v1,2026-08-22,25-34,Female,2214,1608.0,1.38,68,45,2.01,0.56,25.2,1.0,25.2,Website purchases
SK_BrandAwareness_Leto26_META,SK_BrandAwareness_Leto26_META_Reels,Reels_v1,2026-06-20,25-34,Female,2530,1393.0,1.82,79,41,1.63,0.34,13.94,,,
SK_BrandAwareness_Leto26_META,SK_BrandAwareness_Leto26_META_Carousel,Carousel_v1,2026-07-06,65+,Male,749,550.0,1.36,21,11,1.44,0.48,5.28,,,
SK_BrandAwareness_Leto26_META,SK_BrandAwareness_Leto26_META_Reels,Reels_v1,2026-08-04,25-34,Male,3079,1730.0,1.78,108,54,1.76,0.35,18.9,,,
SK_BrandAwareness_Leto26_META,SK_BrandAwareness_Leto26_META_Carousel,Carousel_v1,2026-07-12,18-24,Female,1105,756.0,1.46,43,20,1.83,0.41,8.2,,,
SK_ProduktLaunch26_META,SK_ProduktLaunch26_META_Feed,Feed_v1,2026-08-15,25-34,Male,3882,2836.0,1.37,140,72,1.86,0.44,31.68,2.0,15.84,Website purchases
SK_ProduktLaunch26_META,SK_ProduktLaunch26_META_Feed,Feed_v1,2026-08-20,18-24,Female,1992,1515.0,1.31,43,30,1.48,0.49,14.7,1.0,14.7,Website purchases
SK_BrandAwareness_Leto26_META,SK_BrandAwareness_Leto26_META_Reels,Reels_v1,2026-07-19,55-64,Female,1563,1166.0,1.34,53,26,1.66,0.36,9.36,,,
SK_ProduktLaunch26_META,SK_ProduktLaunch26_META_Feed,Feed_v1,2026-09-16,35-44,Male,2318,1711.0,1.35,78,45,1.93,0.59,26.55,1.0,26.55,Website purchases
SK_ProduktLaunch26_META,SK_ProduktLaunch26_META_Feed,Feed_v1,2026-10-07,35-44,Male,1504,843.0,1.78,35,19,1.27,0.41,7.79,0.0,,Website purchases
SK_ProduktLaunch26_META,SK_ProduktLaunch26_META_Feed,Feed_v1,2026-10-23,25-34,Female,3002,2247.0,1.34,78,46,1.55,0.36,16.56,1.0,16.56,Website purchases
SK_ProduktLaunch26_META,SK_ProduktLaunch26_META_Feed,Feed_v1,2026-10-28,35-44,Female,3150,1763.0,1.79,120,54,1.72,0.5,27.0,1.0,27.0,Website purchases
SK_BrandAwareness_Leto26_META,SK_BrandAwareness_Leto26_META_Reels,Reels_v1,2026-08-06,18-24,Male,3285,1792.0,1.83,142,65,1.98,0.36,23.4,,,
SK_BrandAwareness_Leto26_META,SK_BrandAwareness_Leto26_META_Video_V2,Video_v1,2026-07-24,35-44,Female,1976,948.0,2.08,41,23,1.18,0.37,8.51,,,
SK_ProduktLaunch26_META,SK_ProduktLaunch26_META_Stories,Stories_v1,2026-09-23,35-44,Female,2072,1282.0,1.62,99,47,2.28,0.57,26.79,1.0,26.79,Website purchases
SK_ProduktLaunch26_META,SK_ProduktLaunch26_META_Feed,Feed_v1,2026-08-26,35-44,Male,2483,1380.0,1.8,64,34,1.36,0.41,13.94,1.0,13.94,Website purchases
SK_ProduktLaunch26_META,SK_ProduktLaunch26_META_Reels,Reels_v1,2026-09-28,18-24,Male,3254,1480.0,2.2,63,40,1.24,0.55,22.0,1.0,22.0,Website purchases
SK_ProduktLaunch26_META,SK_ProduktLaunch26_META_Feed,Feed_v1,2026-09-01,25-34,Male,2357,1516.0,1.55,68,38,1.62,0.57,21.66,1.0,21.66,Website purchases
SK_ProduktLaunch26_META,SK_ProduktLaunch26_META_Reels,Reels_v1,2026-10-21,55-64,Female,1794,1056.0,1.7,71,31,1.71,0.45,13.95,1.0,13.95,Website purchases
SK_ProduktLaunch26_META,SK_ProduktLaunch26_META_Reels,Reels_v1,2026-10-01,65+,Female,1102,516.0,2.14,39,26,2.4,0.33,8.58,1.0,8.58,Website purchases
SK_ProduktLaunch26_META,SK_ProduktLaunch26_META_Feed,Feed_v1,2026-09-30,18-24,Female,2346,1089.0,2.15,52,26,1.11,0.6,15.6,1.0,15.6,Website purchases
SK_ProduktLaunch26_META,SK_ProduktLaunch26_META_Stories,Stories_v1,2026-10-17,18-24,Male,1519,818.0,1.86,31,21,1.36,0.55,11.55,1.0,11.55,Website purchases
SK_BrandAwareness_Leto26_META,SK_BrandAwareness_Leto26_META_Carousel,Carousel_v1,2026-07-19,25-34,Male,1984,939.0,2.11,84,41,2.07,0.66,27.06,,,
SK_ProduktLaunch26_META,SK_ProduktLaunch26_META_Reels,Reels_v1,2026-08-26,18-24,Female,3130,1841.0,1.7,73,45,1.45,0.47,21.15,1.0,21.15,Website purchases
SK_ProduktLaunch26_META,SK_ProduktLaunch26_META_Reels,Reels_v1,2026-09-27,45-54,Male,3240,2279.0,1.42,96,43,1.34,0.32,13.76,1.0,13.76,Website purchases
SK_BrandAwareness_Leto26_META,SK_BrandAwareness_Leto26_META_Reels,Reels_v1,2026-06-18,25-34,Male,3113,1941.0,1.6,65,29,0.93,0.38,11.02,,,
SK_BrandAwareness_Leto26_META,SK_BrandAwareness_Leto26_META_Reels,Reels_v1,2026-07-09,55-64,Male,2291,1740.0,1.32,56,25,1.1,0.54,13.5,,,
SK_ProduktLaunch26_META,SK_ProduktLaunch26_META_Feed,Feed_v1,2026-10-23,45-54,Female,1960,978.0,2.0,43,23,1.19,0.4,9.2,1.0,9.2,Website purchases
SK_ProduktLaunch26_META,SK_ProduktLaunch26_META_Reels,Reels_v1,2026-09-07,45-54,Female,1543,778.0,1.98,57,31,2.03,0.44,13.64,1.0,13.64,Website purchases
SK_BrandAwareness_Leto26_META,SK_BrandAwareness_Leto26_META_Video_V2,Video_v1,2026-07-29,35-44,Female,2042,1491.0,1.37,33,22,1.09,0.62,13.64,,,
SK_ProduktLaunch26_META,SK_ProduktLaunch26_META_Stories,Stories_v1,2026-09-10,65+,Female,531,293.0,1.81,23,11,2.13,0.56,6.16,0.0,,Website purchases
SK_ProduktLaunch26_META,SK_ProduktLaunch26_META_Stories,Stories_v1,2026-08-31,35-44,Female,1362,1039.0,1.31,51,29,2.16,0.43,12.47,1.0,12.47,Website purchases
SK_ProduktLaunch26_META,SK_ProduktLaunch26_META_Feed,Feed_v1,2026-09-03,35-44,Male,2195,1076.0,2.04,80,43,1.94,0.41,17.63,1.0,17.63,Website purchases
SK_ProduktLaunch26_META,SK_ProduktLaunch26_META_Stories,Stories_v1,2026-08-21,65+,Male,946,483.0,1.96,40,21,2.25,0.38,7.98,1.0,7.98,Website purchases
SK_BrandAwareness_Leto26_META,SK_BrandAwareness_Leto26_META_Carousel,Carousel_v1,2026-06-26,35-44,Female,1507,914.0,1.65,59,33,2.19,0.48,15.84,,,
SK_BrandAwareness_Leto26_META,SK_BrandAwareness_Leto26_META_Reels,Reels_v1,2026-07-05,45-54,Female,3022,1407.0,2.15,95,42,1.38,0.48,20.16,,,
SK_ProduktLaunch26_META,SK_ProduktLaunch26_META_Feed,Feed_v1,2026-10-24,25-34,Female,2292,1276.0,1.8,96,43,1.88,0.4,17.2,1.0,17.2,Website purchases
SK_BrandAwareness_Leto26_META,SK_BrandAwareness_Leto26_META_Reels,Reels_v1,2026-07-12,18-24,Female,2483,1880.0,1.32,86,49,1.98,0.52,25.48,,,
SK_BrandAwareness_Leto26_META,SK_BrandAwareness_Leto26_META_Carousel,Carousel_v1,2026-06-19,55-64,Female,1471,686.0,2.14,38,19,1.26,0.45,8.55,,,
SK_ProduktLaunch26_META,SK_ProduktLaunch26_META_Reels,Reels_v1,2026-10-07,35-44,Male,4066,2125.0,1.91,202,94,2.31,0.37,34.78,3.0,11.59,Website purchases
SK_ProduktLaunch26_META,SK_ProduktLaunch26_META_Stories,Stories_v1,2026-09-24,35-44,Female,2087,1366.0,1.53,98,44,2.12,0.38,16.72,1.0,16.72,Website purchases
SK_BrandAwareness_Leto26_META,SK_BrandAwareness_Leto26_META_Video_V2,Video_v1,2026-07-09,18-24,Female,1507,888.0,1.7,20,13,0.86,0.59,7.67,,,
SK_BrandAwareness_Leto26_META,SK_BrandAwareness_Leto26_META_Reels,Reels_v1,2026-07-20,45-54,Male,2122,1494.0,1.42,66,31,1.46,0.31,9.61,,,
SK_BrandAwareness_Leto26_META,SK_BrandAwareness_Leto26_META_Video,Video_v1,2026-06-21,55-64,Male,1968,1418.0,1.39,25,16,0.82,0.56,8.96,,,
SK_ProduktLaunch26_META,SK_ProduktLaunch26_META_Feed,Feed_v1,2026-10-24,18-24,Male,1563,845.0,1.85,37,18,1.16,0.59,10.62,0.0,,Website purchases
SK_BrandAwareness_Leto26_META,SK_BrandAwareness_Leto26_META_Video,Video_v1,2026-06-04,45-54,Female,2296,1207.0,1.9,46,23,0.98,0.45,10.35,,,
SK_ProduktLaunch26_META,SK_ProduktLaunch26_META_Reels,Reels_v1,2026-09-24,55-64,Female,1436,656.0,2.19,33,23,1.6,0.54,12.42,1.0,12.42,Website purchases
SK_ProduktLaunch26_META,SK_ProduktLaunch26_META_Reels,Reels_v1,2026-09-11,65+,Female,1805,1158.0,1.56,69,32,1.75,0.53,16.96,1.0,16.96,Website purchases
SK_BrandAwareness_Leto26_META,SK_BrandAwareness_Leto26_META_Carousel,Carousel_v1,2026-07-23,35-44,Female,2597,1540.0,1.69,71,32,1.25,0.63,20.16,,,
SK_ProduktLaunch26_META,SK_ProduktLaunch26_META_Feed,Feed_v1,2026-09-14,55-64,Female,2031,1278.0,1.59,54,32,1.58,0.52,16.64,1.0,16.64,Website purchases
SK_ProduktLaunch26_META,SK_ProduktLaunch26_META_Stories,Stories_v1,2026-09-16,35-44,Female,2407,1316.0,1.83,65,32,1.33,0.51,16.32,1.0,16.32,Website purchases
SK_BrandAwareness_Leto26_META,SK_BrandAwareness_Leto26_META_Carousel,Carousel_v1,2026-08-03,55-64,Male,1260,824.0,1.53,54,25,1.98,0.53,13.25,,,
SK_BrandAwareness_Leto26_META,SK_BrandAwareness_Leto26_META_Reels,Reels_v1,2026-07-04,45-54,Male,2412,1630.0,1.48,82,42,1.74,0.44,18.48,,,
SK_ProduktLaunch26_META,SK_ProduktLaunch26_META_Feed,Feed_v1,2026-08-25,35-44,Female,2560,1330.0,1.92,77,34,1.32,0.39,13.26,1.0,13.26,Website purchases
SK_ProduktLaunch26_META,SK_ProduktLaunch26_META_Feed,Feed_v1,2026-09-08,18-24,Female,1119,563.0,1.99,30,15,1.35,0.55,8.25,0.0,,Website purchases
SK_ProduktLaunch26_META,SK_ProduktLaunch26_META_Reels,Reels_v1,2026-09-05,35-44,Male,3599,1899.0,1.9,126,71,1.97,0.52,36.92,2.0,18.46,Website purchases
SK_BrandAwareness_Leto26_META,SK_BrandAwareness_Leto26_META_Carousel,Carousel_v1,2026-07-16,18-24,Female,1010,763.0,1.32,27,12,1.2,0.51,6.12,,,
SK_ProduktLaunch26_META,SK_ProduktLaunch26_META_Stories,Stories_v1,2026-10-08,18-24,Female,1648,768.0,2.15,45,24,1.45,0.5,12.0,1.0,12.0,Website purchases
SK_BrandAwareness_Leto26_META,SK_BrandAwareness_Leto26_META_Carousel,Carousel_v1,2026-07-18,35-44,Female,2726,1641.0,1.66,47,32,1.18,0.51,16.32,,,
SK_ProduktLaunch26_META,SK_ProduktLaunch26_META_Stories,Stories_v1,2026-09-20,55-64,Male,1366,687.0,1.99,59,28,2.06,0.51,14.28,1.0,14.28,Website purchases
SK_BrandAwareness_Leto26_META,SK_BrandAwareness_Leto26_META_Video_V2,Video_v1,2026-07-11,18-24,Female,2942,2089.0,1.41,64,44,1.49,0.56,24.64,,,
SK_ProduktLaunch26_META,SK_ProduktLaunch26_META_Feed,Feed_v1,2026-10-01,35-44,Female,2360,1681.0,1.4,51,34,1.45,0.5,17.0,1.0,17.0,Website purchases
SK_ProduktLaunch26_META,SK_ProduktLaunch26_META_Reels,Reels_v1,2026-10-08,25-34,Female,4316,2040.0,2.12,159,79,1.83,0.55,43.45,2.0,21.73,Website purchases
SK_ProduktLaunch26_META,SK_ProduktLaunch26_META_Feed,Feed_v1,2026-09-25,65+,Male,1024,710.0,1.44,32,16,1.6,0.59,9.44,0.0,,Website purchases
SK_ProduktLaunch26_META,SK_ProduktLaunch26_META_Stories,Stories_v1,2026-10-10,18-24,Female,1291,624.0,2.07,32,15,1.15,0.49,7.35,0.0,,Website purchases
SK_BrandAwareness_Leto26_META,SK_BrandAwareness_Leto26_META_Video,Video_v1,2026-06-26,35-44,Male,2854,1419.0,2.01,76,46,1.6,0.37,17.02,,,
SK_ProduktLaunch26_META,SK_ProduktLaunch26_META_Stories,Stories_v1,2026-09-01,25-34,Male,2769,1369.0,2.02,72,35,1.27,0.35,12.25,1.0,12.25,Website purchases
SK_ProduktLaunch26_META,SK_ProduktLaunch26_META_Stories,Stories_v1,2026-10-26,18-24,Male,1490,816.0,1.83,47,27,1.8,0.51,13.77,1.0,13.77,Website purchases
SK_ProduktLaunch26_META,SK_ProduktLaunch26_META_Reels,Reels_v1,2026-09-17,65+,Male,1780,810.0,2.2,53,35,1.96,0.37,12.95,1.0,12.95,Website purchases
SK_ProduktLaunch26_META,SK_ProduktLaunch26_META_Reels,Reels_v1,2026-08-26,45-54,Male,2050,1288.0,1.59,73,37,1.78,0.47,17.39,1.0,17.39,Website purchases
SK_BrandAwareness_Leto26_META,SK_BrandAwareness_Leto26_META_Reels,Reels_v1,2026-07-11,35-44,Female,3754,,,72,42,1.11,0.3,12.6,,,
SK_ProduktLaunch26_META,SK_ProduktLaunch26_META_Stories,Stories_v1,2026-08-31,55-64,Female,1630,862.0,1.89,32,19,1.18,0.36,6.84,1.0,6.84,Website purchases
SK_ProduktLaunch26_META,SK_ProduktLaunch26_META_Feed,Feed_v1,2026-08-18,45-54,Male,1434,781.0,1.84,48,24,1.68,0.35,8.4,1.0,8.4,Website purchases
SK_BrandAwareness_Leto26_META,SK_BrandAwareness_Leto26_META_Video,Video_v1,2026-06-03,25-34,Female,3260,2038.0,1.6,88,42,1.28,0.51,21.42,,,
SK_BrandAwareness_Leto26_META,SK_BrandAwareness_Leto26_META_Carousel,Carousel_v1,2026-06-17,35-44,Female,1698,847.0,2.0,47,29,1.72,0.47,13.63,,,
SK_BrandAwareness_Leto26_META,SK_BrandAwareness_Leto26_META_Video,Video_v1,2026-07-03,65+,Female,1001,524.0,1.91,27,18,1.8,0.64,11.52,,,
SK_ProduktLaunch26_META,SK_ProduktLaunch26_META_Feed,Feed_v1,2026-09-19,35-44,Male,1562,916.0,1.71,50,24,1.52,0.36,8.64,1.0,8.64,Website purchases
SK_ProduktLaunch26_META,SK_ProduktLaunch26_META_Stories,Stories_v1,2026-10-03,65+,Male,591,302.0,1.96,15,9,1.51,0.47,4.23,0.0,,Website purchases
SK_ProduktLaunch26_META,SK_ProduktLaunch26_META_Stories,Stories_v1,2026-08-28,35-44,Female,1242,648.0,1.92,45,26,2.1,0.44,11.44,1.0,11.44,Website purchases
SK_ProduktLaunch26_META,SK_ProduktLaunch26_META_Reels,Reels_v1,2026-09-03,55-64,Male,1594,1048.0,1.52,34,22,1.39,0.54,11.88,1.0,11.88,Website purchases
SK_ProduktLaunch26_META,SK_ProduktLaunch26_META_Stories,Stories_v1,2026-10-02,25-34,Female,1593,740.0,2.15,53,34,2.11,0.56,19.04,1.0,19.04,Website purchases
SK_BrandAwareness_Leto26_META,SK_BrandAwareness_Leto26_META_Carousel,Carousel_v1,2026-06-27,18-24,Female,1202,652.0,1.84,48,22,1.84,0.59,12.98,,,
SK_ProduktLaunch26_META,SK_ProduktLaunch26_META_Reels,Reels_v1,2026-10-06,55-64,Male,2967,2233.0,1.33,108,52,1.75,0.55,28.6,2.0,14.3,Website purchases
SK_ProduktLaunch26_META,SK_ProduktLaunch26_META_Feed,Feed_v1,2026-10-10,65+,Female,1045,765.0,1.37,19,12,1.15,0.53,6.36,0.0,,Website purchases
SK_ProduktLaunch26_META,SK_ProduktLaunch26_META_Feed,Feed_v1,2026-08-31,65+,Female,1080,752.0,1.44,28,16,1.51,0.51,8.16,0.0,,Website purchases
SK_BrandAwareness_Leto26_META,SK_BrandAwareness_Leto26_META_Video_V2,Video_v1,2026-08-02,65+,Female,833,573.0,1.45,24,13,1.57,0.55,7.15,,,
SK_BrandAwareness_Leto26_META,SK_BrandAwareness_Leto26_META_Reels,Reels_v1,2026-08-13,25-34,Female,4134,2036.0,2.03,127,72,1.73,0.34,24.48,,,
SK_BrandAwareness_Leto26_META,SK_BrandAwareness_Leto26_META_Carousel,Carousel_v1,2026-06-16,18-24,Female,1538,1176.0,1.31,42,25,1.63,0.47,11.75,,,
SK_ProduktLaunch26_META,SK_ProduktLaunch26_META_Feed,Feed_v1,2026-10-19,45-54,Female,2573,1303.0,1.97,77,39,1.5,0.57,22.23,1.0,22.23,Website purchases
SK_BrandAwareness_Leto26_META,SK_BrandAwareness_Leto26_META_Video,Video_v1,2026-06-27,55-64,Male,1616,858.0,1.88,28,16,1.0,0.64,10.24,,,
SK_ProduktLaunch26_META,SK_ProduktLaunch26_META_Reels,Reels_v1,2026-09-26,35-44,Female,3575,2533.0,1.41,202,88,2.46,0.4,35.2,3.0,11.73,Website purchases
SK_ProduktLaunch26_META,SK_ProduktLaunch26_META_Stories,Stories_v1,2026-08-24,25-34,Female,2497,1152.0,2.17,64,30,1.22,0.33,9.9,1.0,9.9,Website purchases
SK_ProduktLaunch26_META,SK_ProduktLaunch26_META_Feed,Feed_v1,2026-10-09,65+,Female,868,396.0,2.19,25,13,1.45,0.47,6.11,0.0,,Website purchases
SK_BrandAwareness_Leto26_META,SK_BrandAwareness_Leto26_META_Carousel,Carousel_v1,2026-06-23,35-44,Female,1261,804.0,1.57,43,20,1.61,0.59,11.8,,,
SK_BrandAwareness_Leto26_META,SK_BrandAwareness_Leto26_META_Video,Video_v1,2026-06-29,18-24,Male,3023,2110.0,1.43,48,25,0.83,0.48,12.0,,,
SK_BrandAwareness_Leto26_META,SK_BrandAwareness_Leto26_META_Video,Video_v1,2026-06-15,18-24,Male,2937,1528.0,1.92,82,50,1.7,0.38,19.0,,,
SK_BrandAwareness_Leto26_META,SK_BrandAwareness_Leto26_META_Video_V2,Video_v1,2026-07-21,25-34,Female,2152,1186.0,1.81,36,17,0.8,0.5,8.5,,,
SK_ProduktLaunch26_META,SK_ProduktLaunch26_META_Feed,Feed_v1,2026-09-05,18-24,Female,2026,1267.0,1.6,51,26,1.27,0.43,11.18,1.0,11.18,Website purchases
SK_ProduktLaunch26_META,SK_ProduktLaunch26_META_Stories,Stories_v1,2026-10-28,65+,Female,540,337.0,1.6,18,11,2.07,0.38,4.18,0.0,,Website purchases
SK_BrandAwareness_Leto26_META,SK_BrandAwareness_Leto26_META_Reels,Reels_v1,2026-07-16,65+,Male,1630,782.0,2.08,54,25,1.53,0.46,11.5,,,
SK_BrandAwareness_Leto26_META,SK_BrandAwareness_Leto26_META_Carousel,Carousel_v1,2026-08-05,65+,Male,1155,705.0,1.64,34,19,1.66,0.54,10.26,,,
SK_BrandAwareness_Leto26_META,SK_BrandAwareness_Leto26_META_Carousel,Carousel_v1,2026-06-11,25-34,Male,2548,1163.0,2.19,63,39,1.52,0.49,19.11,,,
SK_ProduktLaunch26_META,SK_ProduktLaunch26_META_Stories,Stories_v1,2026-09-11,45-54,Female,1033,624.0,1.66,36,20,1.92,0.36,7.2,1.0,7.2,Website purchases
SK_BrandAwareness_Leto26_META,SK_BrandAwareness_Leto26_META_Video_V2,Video_v1,2026-08-11,18-24,Male,2050,,,42,24,1.18,0.43,10.32,,,
SK_BrandAwareness_Leto26_META,SK_BrandAwareness_Leto26_META_Video_V2,Video_v1,2026-07-13,45-54,Female,1599,907.0,1.76,56,27,1.71,0.59,15.93,,,
SK_BrandAwareness_Leto26_META,SK_BrandAwareness_Leto26_META_Carousel,Carousel_v1,2026-07-06,35-44,Female,2602,1470.0,1.77,80,40,1.54,0.6,24.0,,,
SK_ProduktLaunch26_META,SK_ProduktLaunch26_META_Feed,Feed_v1,2026-09-04,45-54,Female,2102,1058.0,1.99,73,38,1.82,0.46,17.48,1.0,17.48,Website purchases
SK_BrandAwareness_Leto26_META,SK_BrandAwareness_Leto26_META_Reels,Reels_v1,2026-07-01,65+,Female,1794,888.0,2.02,37,24,1.34,0.51,12.24,,,
SK_ProduktLaunch26_META,SK_ProduktLaunch26_META_Reels,Reels_v1,2026-08-19,55-64,Female,1493,,,29,18,1.23,0.42,7.56,1.0,7.56,Website purchases
SK_BrandAwareness_Leto26_META,SK_BrandAwareness_Leto26_META_Carousel,Carousel_v1,2026-07-05,55-64,Female,1532,851.0,1.8,45,24,1.54,0.54,12.96,,,
SK_BrandAwareness_Leto26_META,SK_BrandAwareness_Leto26_META_Video,Video_v1,2026-06-12,45-54,Male,2298,1064.0,2.16,29,20,0.88,0.46,9.2,,,
SK_BrandAwareness_Leto26_META,SK_BrandAwareness_Leto26_META_Reels,Reels_v1,2026-06-16,35-44,Female,2298,1336.0,1.72,61,30,1.31,0.44,13.2,,,
SK_ProduktLaunch26_META,SK_ProduktLaunch26_META_Feed,Feed_v1,2026-10-01,55-64,Female,1796,977.0,1.84,50,28,1.54,0.58,16.24,1.0,16.24,Website purchases
SK_BrandAwareness_Leto26_META,SK_BrandAwareness_Leto26_META_Video,Video_v1,2026-06-19,25-34,Female,2854,1604.0,1.78,80,43,1.5,0.62,26.66,,,
SK_ProduktLaunch26_META,SK_ProduktLaunch26_META_Feed,Feed_v1,2026-08-18,65+,Female,755,372.0,2.03,20,12,1.65,0.37,4.44,0.0,,Website purchases
SK_BrandAwareness_Leto26_META,SK_BrandAwareness_Leto26_META_Reels,Reels_v1,2026-06-28,45-54,Female,3154,1871.0,1.69,94,52,1.65,0.5,26.0,,,
SK_ProduktLaunch26_META,SK_ProduktLaunch26_META_Feed,Feed_v1,2026-09-03,55-64,Female,1263,961.0,1.31,39,24,1.92,0.43,10.32,1.0,10.32,Website purchases
SK_BrandAwareness_Leto26_META,SK_BrandAwareness_Leto26_META_Video_V2,Video_v1,2026-07-12,65+,Female,1002,743.0,1.35,14,9,0.91,0.52,4.68,,,
SK_BrandAwareness_Leto26_META,SK_BrandAwareness_Leto26_META_Reels,Reels_v1,2026-07-14,18-24,Female,1681,857.0,1.96,43,24,1.45,0.55,13.2,,,
SK_BrandAwareness_Leto26_META,SK_BrandAwareness_Leto26_META_Reels,Reels_v1,2026-06-11,45-54,Male,3768,1867.0,2.02,103,67,1.79,0.49,32.83,,,
SK_ProduktLaunch26_META,SK_ProduktLaunch26_META_Stories,Stories_v1,2026-09-26,55-64,Male,1534,1092.0,1.4,45,29,1.91,0.39,11.31,1.0,11.31,Website purchases
SK_BrandAwareness_Leto26_META,SK_BrandAwareness_Leto26_META_Carousel,Carousel_v1,2026-06-18,45-54,Male,2334,1488.0,1.57,60,34,1.47,0.42,14.28,,,
SK_BrandAwareness_Leto26_META,SK_BrandAwareness_Leto26_META_Video,Video_v1,2026-06-15,25-34,Female,3014,1597.0,1.89,66,31,1.03,0.63,19.53,,,
SK_ProduktLaunch26_META,SK_ProduktLaunch26_META_Feed,Feed_v1,2026-08-15,45-54,Male,1741,812.0,2.14,54,26,1.47,0.42,10.92,1.0,10.92,Website purchases
SK_ProduktLaunch26_META,SK_ProduktLaunch26_META_Stories,Stories_v1,2026-10-05,45-54,Female,1767,851.0,2.08,78,39,2.23,0.41,15.99,1.0,15.99,Website purchases
SK_BrandAwareness_Leto26_META,SK_BrandAwareness_Leto26_META_Reels,Reels_v1,2026-06-27,35-44,Male,2633,1972.0,1.34,83,41,1.57,0.46,18.86,,,
SK_BrandAwareness_Leto26_META,SK_BrandAwareness_Leto26_META_Reels,Reels_v1,2026-08-08,35-44,Female,3528,1774.0,1.99,92,45,1.27,0.41,18.45,,,
SK_BrandAwareness_Leto26_META,SK_BrandAwareness_Leto26_META_Video,Video_v1,2026-06-09,18-24,Female,2609,1385.0,1.88,81,37,1.4,0.39,14.43,,,
SK_BrandAwareness_Leto26_META,SK_BrandAwareness_Leto26_META_Reels,Reels_v1,2026-07-11,25-34,Male,5322,2763.0,1.93,129,59,1.11,0.53,31.27,,,
SK_BrandAwareness_Leto26_META,SK_BrandAwareness_Leto26_META_Reels,Reels_v1,2026-08-02,45-54,Female,2893,1922.0,1.51,90,45,1.56,0.34,15.3,,,
SK_ProduktLaunch26_META,SK_ProduktLaunch26_META_Stories,Stories_v1,2026-10-09,45-54,Female,1810,1016.0,1.78,42,22,1.2,0.51,11.22,1.0,11.22,Website purchases
SK_BrandAwareness_Leto26_META,SK_BrandAwareness_Leto26_META_Reels,Reels_v1,2026-07-17,45-54,Male,2749,1385.0,1.98,84,42,1.51,0.38,15.96,,,
SK_ProduktLaunch26_META,SK_ProduktLaunch26_META_Stories,Stories_v1,2026-10-10,45-54,Female,1185,625.0,1.9,29,18,1.48,0.32,5.76,1.0,5.76,Website purchases
SK_BrandAwareness_Leto26_META,SK_BrandAwareness_Leto26_META_Video,Video_v1,2026-06-10,55-64,Female,2161,1431.0,1.51,34,19,0.89,0.63,11.97,,,
SK_BrandAwareness_Leto26_META,SK_BrandAwareness_Leto26_META_Video,Video_v1,2026-06-29,65+,Male,1386,686.0,2.02,32,20,1.44,0.65,13.0,,,
SK_ProduktLaunch26_META,SK_ProduktLaunch26_META_Stories,Stories_v1,2026-08-27,25-34,Male,2607,1585.0,1.64,52,30,1.16,0.38,11.4,1.0,11.4,Website purchases
SK_ProduktLaunch26_META,SK_ProduktLaunch26_META_Feed,Feed_v1,2026-10-19,45-54,Male,1461,1043.0,1.4,48,26,1.81,0.52,13.52,1.0,13.52,Website purchases
SK_BrandAwareness_Leto26_META,SK_BrandAwareness_Leto26_META_Carousel,Carousel_v1,2026-07-31,35-44,Female,1557,751.0,2.07,53,28,1.79,0.48,13.44,,,
SK_ProduktLaunch26_META,SK_ProduktLaunch26_META_Reels,Reels_v1,2026-09-23,65+,Female,1069,570.0,1.88,41,21,1.99,0.44,9.24,1.0,9.24,Website purchases
SK_ProduktLaunch26_META,SK_ProduktLaunch26_META_Reels,Reels_v1,2026-08-24,25-34,Female,3758,2725.0,1.38,174,85,2.26,0.36,30.6,3.0,10.2,Website purchases
SK_ProduktLaunch26_META,SK_ProduktLaunch26_META_Feed,Feed_v1,2026-10-13,25-34,Female,2750,2050.0,1.34,63,44,1.59,0.46,20.24,1.0,20.24,Website purchases
SK_BrandAwareness_Leto26_META,SK_BrandAwareness_Leto26_META_Video,Video_v1,2026-06-22,45-54,Female,2616,1882.0,1.39,31,21,0.82,0.58,12.18,,,
SK_BrandAwareness_Leto26_META,SK_BrandAwareness_Leto26_META_Carousel,Carousel_v1,2026-08-07,35-44,Female,2248,1502.0,1.5,92,41,1.83,0.51,20.91,,,
SK_ProduktLaunch26_META,SK_ProduktLaunch26_META_Reels,Reels_v1,2026-10-01,35-44,Female,2470,1428.0,1.73,62,37,1.48,0.48,17.76,1.0,17.76,Website purchases
SK_BrandAwareness_Leto26_META,SK_BrandAwareness_Leto26_META_Reels,Reels_v1,2026-07-26,35-44,Male,3246,2126.0,1.53,65,43,1.32,0.48,20.64,,,
SK_BrandAwareness_Leto26_META,SK_BrandAwareness_Leto26_META_Carousel,Carousel_v1,2026-07-14,25-34,Female,3007,2056.0,1.46,80,48,1.61,0.64,30.72,,,
SK_BrandAwareness_Leto26_META,SK_BrandAwareness_Leto26_META_Video,Video_v1,2026-06-28,25-34,Male,3805,2022.0,1.88,85,50,1.31,0.58,29.0,,,
SK_BrandAwareness_Leto26_META,SK_BrandAwareness_Leto26_META_Video_V2,Video_v1,2026-08-04,55-64,Male,2327,1227.0,1.9,45,30,1.29,0.41,12.3,,,
SK_BrandAwareness_Leto26_META,SK_BrandAwareness_Leto26_META_Video,Video_v1,2026-06-06,35-44,Female,2508,1210.0,2.07,55,24,0.95,0.56,13.44,,,
SK_ProduktLaunch26_META,SK_ProduktLaunch26_META_Feed,Feed_v1,2026-08-29,45-54,Male,1800,1178.0,1.53,79,36,2.0,0.39,14.04,1.0,14.04,Website purchases
SK_ProduktLaunch26_META,SK_ProduktLaunch26_META_Feed,Feed_v1,2026-10-10,35-44,Male,1668,832.0,2.0,41,18,1.06,0.5,9.0,0.0,,Website purchases
SK_ProduktLaunch26_META,SK_ProduktLaunch26_META_Reels,Reels_v1,2026-10-10,18-24,Male,3514,1813.0,1.94,155,74,2.11,0.4,29.6,2.0,14.8,Website purchases
SK_BrandAwareness_Leto26_META,SK_BrandAwareness_Leto26_META_Carousel,Carousel_v1,2026-06-25,65+,Male,1061,815.0,1.3,38,19,1.78,0.55,10.45,,,
SK_ProduktLaunch26_META,SK_ProduktLaunch26_META_Reels,Reels_v1,2026-10-05,45-54,Female,1538,709.0,2.17,66,37,2.38,0.3,11.1,1.0,11.1,Website purchases
SK_ProduktLaunch26_META,SK_ProduktLaunch26_META_Stories,Stories_v1,2026-10-17,18-24,Female,1462,,,64,29,1.97,0.39,11.31,1.0,11.31,Website purchases
SK_BrandAwareness_Leto26_META,SK_BrandAwareness_Leto26_META_Reels,Reels_v1,2026-07-11,18-24,Male,3247,1952.0,1.66,87,61,1.88,0.37,22.57,,,
SK_BrandAwareness_Leto26_META,SK_BrandAwareness_Leto26_META_Reels,Reels_v1,2026-06-21,25-34,Female,4712,3218.0,1.46,106,46,0.98,0.47,21.62,,,
SK_BrandAwareness_Leto26_META,SK_BrandAwareness_Leto26_META_Carousel,Carousel_v1,2026-07-03,65+,Male,847,644.0,1.32,32,15,1.75,0.44,6.6,,,
SK_ProduktLaunch26_META,SK_ProduktLaunch26_META_Stories,Stories_v1,2026-09-23,55-64,Male,1234,598.0,2.06,33,19,1.51,0.39,7.41,1.0,7.41,Website purchases
SK_ProduktLaunch26_META,SK_ProduktLaunch26_META_Reels,Reels_v1,2026-09-22,25-34,Male,4781,2524.0,1.89,163,79,1.65,0.51,40.29,2.0,20.14,Website purchases
SK_BrandAwareness_Leto26_META,SK_BrandAwareness_Leto26_META_Video,Video_v1,2026-06-07,65+,Male,1016,696.0,1.46,32,18,1.76,0.39,7.02,,,
SK_ProduktLaunch26_META,SK_ProduktLaunch26_META_Stories,Stories_v1,2026-08-19,25-34,Male,1936,1243.0,1.56,50,31,1.6,0.35,10.85,1.0,10.85,Website purchases
SK_ProduktLaunch26_META,SK_ProduktLaunch26_META_Reels,Reels_v1,2026-09-03,18-24,Male,1711,1101.0,1.55,37,26,1.53,0.54,14.04,1.0,14.04,Website purchases
SK_BrandAwareness_Leto26_META,SK_BrandAwareness_Leto26_META_Carousel,Carousel_v1,2026-07-10,55-64,Male,1597,1071.0,1.49,53,26,1.64,0.51,13.26,,,
SK_BrandAwareness_Leto26_META,SK_BrandAwareness_Leto26_META_Reels,Reels_v1,2026-07-29,18-24,Female,1786,978.0,1.83,37,22,1.23,0.43,9.46,,,
SK_ProduktLaunch26_META,SK_ProduktLaunch26_META_Stories,Stories_v1,2026-09-11,25-34,Male,3176,1777.0,1.79,119,72,2.26,0.49,35.28,2.0,17.64,Website purchases
SK_BrandAwareness_Leto26_META,SK_BrandAwareness_Leto26_META_Carousel,Carousel_v1,2026-06-22,35-44,Male,2898,1786.0,1.62,97,49,1.69,0.6,29.4,,,
SK_BrandAwareness_Leto26_META,SK_BrandAwareness_Leto26_META_Reels,Reels_v1,2026-07-18,35-44,Male,3678,1824.0,2.02,134,61,1.66,0.31,18.91,,,
SK_BrandAwareness_Leto26_META,SK_BrandAwareness_Leto26_META_Video,Video_v1,2026-06-29,45-54,Male,3004,1574.0,1.91,90,40,1.34,0.64,25.6,,,
SK_BrandAwareness_Leto26_META,SK_BrandAwareness_Leto26_META_Video,Video_v1,2026-06-22,18-24,Male,1786,1312.0,1.36,38,21,1.16,0.57,11.97,,,
SK_BrandAwareness_Leto26_META,SK_BrandAwareness_Leto26_META_Reels,Reels_v1,2026-07-31,45-54,Female,2680,1799.0,1.49,87,50,1.88,0.37,18.5,,,
SK_BrandAwareness_Leto26_META,SK_BrandAwareness_Leto26_META_Reels,Reels_v1,2026-07-24,65+,Female,1834,1253.0,1.46,65,31,1.68,0.43,13.33,,,
SK_ProduktLaunch26_META,SK_ProduktLaunch26_META_Feed,Feed_v1,2026-09-16,45-54,Female,2422,1703.0,1.42,93,44,1.83,0.49,21.56,1.0,21.56,Website purchases
SK_BrandAwareness_Leto26_META,SK_BrandAwareness_Leto26_META_Video_V2,Video_v1,2026-08-02,25-34,Female,2857,1497.0,1.91,54,30,1.03,0.5,15.0,,,
SK_ProduktLaunch26_META,SK_ProduktLaunch26_META_Stories,Stories_v1,2026-10-10,65+,Male,930,499.0,1.86,29,20,2.11,0.38,7.6,1.0,7.6,Website purchases
SK_BrandAwareness_Leto26_META,SK_BrandAwareness_Leto26_META_Reels,Reels_v1,2026-06-16,18-24,Female,2218,1181.0,1.88,51,35,1.57,0.52,18.2,,,
SK_ProduktLaunch26_META,SK_ProduktLaunch26_META_Feed,Feed_v1,2026-09-05,18-24,Male,1991,1292.0,1.54,55,24,1.19,0.47,11.28,1.0,11.28,Website purchases
SK_ProduktLaunch26_META,SK_ProduktLaunch26_META_Stories,Stories_v1,2026-08-20,45-54,Male,1767,943.0,1.87,77,40,2.26,0.55,22.0,1.0,22.0,Website purchases
SK_ProduktLaunch26_META,SK_ProduktLaunch26_META_Feed,Feed_v1,2026-08-30,45-54,Female,2462,1425.0,1.73,62,32,1.32,0.54,17.28,1.0,17.28,Website purchases
SK_ProduktLaunch26_META,SK_ProduktLaunch26_META_Stories,Stories_v1,2026-09-09,45-54,Male,1168,536.0,2.18,47,23,2.0,0.52,11.96,1.0,11.96,Website purchases
SK_BrandAwareness_Leto26_META,SK_BrandAwareness_Leto26_META_Video_V2,Video_v1,2026-07-25,45-54,Female,2493,1564.0,1.59,53,33,1.31,0.4,13.2,,,
SK_BrandAwareness_Leto26_META,SK_BrandAwareness_Leto26_META_Carousel,Carousel_v1,2026-07-31,65+,Female,1166,549.0,2.12,46,21,1.77,0.42,8.82,,,
SK_BrandAwareness_Leto26_META,SK_BrandAwareness_Leto26_META_Video,Video_v1,2026-06-15,55-64,Male,1513,804.0,1.88,38,23,1.54,0.53,12.19,,,
SK_BrandAwareness_Leto26_META,SK_BrandAwareness_Leto26_META_Reels,Reels_v1,2026-06-12,45-54,Female,2638,1220.0,2.16,73,33,1.26,0.44,14.52,,,
SK_ProduktLaunch26_META,SK_ProduktLaunch26_META_Reels,Reels_v1,2026-10-22,55-64,Female,2616,1784.0,1.47,65,40,1.52,0.4,16.0,1.0,16.0,Website purchases
SK_ProduktLaunch26_META,SK_ProduktLaunch26_META_Feed,Feed_v1,2026-09-28,35-44,Female,1953,1325.0,1.47,72,32,1.63,0.45,14.4,1.0,14.4,Website purchases
SK_BrandAwareness_Leto26_META,SK_BrandAwareness_Leto26_META_Video,Video_v1,2026-06-17,18-24,Female,1503,694.0,2.17,50,24,1.57,0.48,11.52,,,
SK_ProduktLaunch26_META,SK_ProduktLaunch26_META_Reels,Reels_v1,2026-10-19,35-44,Male,3353,1576.0,2.13,108,58,1.73,0.3,17.4,2.0,8.7,Website purchases
SK_ProduktLaunch26_META,SK_ProduktLaunch26_META_Reels,Reels_v1,2026-10-24,45-54,Female,2380,1558.0,1.53,58,29,1.2,0.45,13.05,1.0,13.05,Website purchases
SK_BrandAwareness_Leto26_META,SK_BrandAwareness_Leto26_META_Reels,Reels_v1,2026-07-05,65+,Male,1582,726.0,2.18,66,30,1.88,0.38,11.4,,,
SK_BrandAwareness_Leto26_META,SK_BrandAwareness_Leto26_META_Video,Video_v1,2026-06-15,45-54,Female,1767,821.0,2.15,50,32,1.78,0.36,11.52,,,
SK_ProduktLaunch26_META,SK_ProduktLaunch26_META_Stories,Stories_v1,2026-09-22,55-64,Female,1643,810.0,2.03,28,19,1.16,0.48,9.12,1.0,9.12,Website purchases
SK_BrandAwareness_Leto26_META,SK_BrandAwareness_Leto26_META_Reels,Reels_v1,2026-06-05,18-24,Female,3156,1571.0,2.01,130,61,1.92,0.43,26.23,,,
SK_BrandAwareness_Leto26_META,SK_BrandAwareness_Leto26_META_Reels,Reels_v1,2026-07-07,55-64,Male,1824,1062.0,1.72,56,27,1.5,0.47,12.69,,,
SK_BrandAwareness_Leto26_META,SK_BrandAwareness_Leto26_META_Carousel,Carousel_v1,2026-07-04,45-54,Female,1787,1049.0,1.7,60,30,1.68,0.62,18.6,,,
SK_BrandAwareness_Leto26_META,SK_BrandAwareness_Leto26_META_Video_V2,Video_v1,2026-08-03,35-44,Male,3780,2067.0,1.83,89,49,1.28,0.56,27.44,,,
SK_ProduktLaunch26_META,SK_ProduktLaunch26_META_Stories,Stories_v1,2026-10-13,65+,Female,1016,621.0,1.64,28,15,1.49,0.51,7.65,0.0,,Website purchases
SK_BrandAwareness_Leto26_META,SK_BrandAwareness_Leto26_META_Carousel,Carousel_v1,2026-06-21,65+,Female,760,455.0,1.67,16,11,1.45,0.57,6.27,,,
SK_BrandAwareness_Leto26_META,SK_BrandAwareness_Leto26_META_Carousel,Carousel_v1,2026-07-02,35-44,Male,2209,1269.0,1.74,38,22,1.01,0.56,12.32,,,
SK_BrandAwareness_Leto26_META,SK_BrandAwareness_Leto26_META_Carousel,Carousel_v1,2026-07-14,25-34,Male,1688,949.0,1.78,28,19,1.11,0.48,9.12,,,
SK_BrandAwareness_Leto26_META,SK_BrandAwareness_Leto26_META_Carousel,Carousel_v1,2026-07-07,55-64,Male,1503,1072.0,1.4,47,21,1.41,0.57,11.97,,,
SK_ProduktLaunch26_META,SK_ProduktLaunch26_META_Stories,Stories_v1,2026-08-21,55-64,Male,863,573.0,1.51,22,11,1.29,0.49,5.39,0.0,,Website purchases
SK_ProduktLaunch26_META,SK_ProduktLaunch26_META_Reels,Reels_v1,2026-09-21,65+,Male,2090,1295.0,1.61,53,33,1.57,0.34,11.22,1.0,11.22,Website purchases
SK_BrandAwareness_Leto26_META,SK_BrandAwareness_Leto26_META_Video,Video_v1,2026-07-05,18-24,Female,2867,1420.0,2.02,68,48,1.69,0.64,30.72,,,
SK_ProduktLaunch26_META,SK_ProduktLaunch26_META_Stories,Stories_v1,2026-09-10,25-34,Male,2987,,,68,38,1.26,0.56,21.28,1.0,21.28,Website purchases
SK_BrandAwareness_Leto26_META,SK_BrandAwareness_Leto26_META_Reels,Reels_v1,2026-06-27,35-44,Female,3093,2083.0,1.48,66,33,1.08,0.51,16.83,,,
SK_ProduktLaunch26_META,SK_ProduktLaunch26_META_Feed,Feed_v1,2026-10-26,18-24,Male,1973,905.0,2.18,77,34,1.7,0.45,15.3,1.0,15.3,Website purchases
SK_BrandAwareness_Leto26_META,SK_BrandAwareness_Leto26_META_Carousel,Carousel_v1,2026-07-28,65+,Female,729,450.0,1.62,15,9,1.3,0.45,4.05,,,
SK_ProduktLaunch26_META,SK_ProduktLaunch26_META_Feed,Feed_v1,2026-09-04,18-24,Male,2147,1529.0,1.4,79,38,1.77,0.42,15.96,1.0,15.96,Website purchases
SK_ProduktLaunch26_META,SK_ProduktLaunch26_META_Reels,Reels_v1,2026-10-21,35-44,Female,2478,1442.0,1.72,79,47,1.91,0.45,21.15,1.0,21.15,Website purchases
SK_BrandAwareness_Leto26_META,SK_BrandAwareness_Leto26_META_Video_V2,Video_v1,2026-08-14,45-54,Female,1379,990.0,1.39,45,22,1.59,0.57,12.54,,,
SK_BrandAwareness_Leto26_META,SK_BrandAwareness_Leto26_META_Carousel,Carousel_v1,2026-06-06,65+,Male,720,374.0,1.93,28,13,1.75,0.41,5.33,,,
SK_BrandAwareness_Leto26_META,SK_BrandAwareness_Leto26_META_Reels,Reels_v1,2026-08-13,18-24,Female,1829,1310.0,1.4,32,18,0.96,0.47,8.46,,,
SK_BrandAwareness_Leto26_META,SK_BrandAwareness_Leto26_META_Carousel,Carousel_v1,2026-06-11,65+,Female,796,415.0,1.92,24,15,1.86,0.62,9.3,,,
SK_BrandAwareness_Leto26_META,SK_BrandAwareness_Leto26_META_Carousel,Carousel_v1,2026-06-23,35-44,Male,1958,931.0,2.1,82,42,2.15,0.66,27.72,,,
SK_BrandAwareness_Leto26_META,SK_BrandAwareness_Leto26_META_Carousel,Carousel_v1,2026-06-09,65+,Female,919,443.0,2.07,28,15,1.63,0.62,9.3,,,
SK_ProduktLaunch26_META,SK_ProduktLaunch26_META_Feed,Feed_v1,2026-09-29,65+,Male,872,613.0,1.42,22,10,1.15,0.49,4.9,0.0,,Website purchases
SK_ProduktLaunch26_META,SK_ProduktLaunch26_META_Feed,Feed_v1,2026-10-12,65+,Female,1098,739.0,1.49,27,13,1.17,0.57,7.41,0.0,,Website purchases
SK_ProduktLaunch26_META,SK_ProduktLaunch26_META_Feed,Feed_v1,2026-09-02,45-54,Female,2530,1287.0,1.97,75,42,1.65,0.46,19.32,1.0,19.32,Website purchases
SK_ProduktLaunch26_META,SK_ProduktLaunch26_META_Stories,Stories_v1,2026-10-21,45-54,Female,1847,1234.0,1.5,38,21,1.14,0.38,7.98,1.0,7.98,Website purchases
SK_BrandAwareness_Leto26_META,SK_BrandAwareness_Leto26_META_Carousel,Carousel_v1,2026-06-06,18-24,Female,1303,763.0,1.71,55,24,1.81,0.51,12.24,,,
SK_BrandAwareness_Leto26_META,SK_BrandAwareness_Leto26_META_Carousel,Carousel_v1,2026-08-01,65+,Female,671,441.0,1.52,17,10,1.53,0.59,5.9,,,
SK_BrandAwareness_Leto26_META,SK_BrandAwareness_Leto26_META_Reels,Reels_v1,2026-06-25,35-44,Male,2920,1357.0,2.15,86,39,1.32,0.44,17.16,,,
SK_BrandAwareness_Leto26_META,SK_BrandAwareness_Leto26_META_Reels,Reels_v1,2026-07-09,35-44,Male,4320,3047.0,1.42,103,53,1.23,0.49,25.97,,,
SK_ProduktLaunch26_META,SK_ProduktLaunch26_META_Reels,Reels_v1,2026-09-09,45-54,Female,3000,2244.0,1.34,84,57,1.9,0.5,28.5,2.0,14.25,Website purchases
SK_BrandAwareness_Leto26_META,SK_BrandAwareness_Leto26_META_Reels,Reels_v1,2026-07-02,25-34,Male,3250,1484.0,2.19,57,31,0.96,0.36,11.16,,,
SK_ProduktLaunch26_META,SK_ProduktLaunch26_META_Stories,Stories_v1,2026-09-16,65+,Male,1251,731.0,1.71,31,20,1.64,0.46,9.2,1.0,9.2,Website purchases
SK_BrandAwareness_Leto26_META,SK_BrandAwareness_Leto26_META_Reels,Reels_v1,2026-07-08,35-44,Male,4121,2048.0,2.01,114,68,1.66,0.48,32.64,,,
SK_BrandAwareness_Leto26_META,SK_BrandAwareness_Leto26_META_Carousel,Carousel_v1,2026-06-04,35-44,Male,2152,1556.0,1.38,35,22,1.04,0.57,12.54,,,
SK_ProduktLaunch26_META,SK_ProduktLaunch26_META_Feed,Feed_v1,2026-08-19,25-34,Female,2520,1561.0,1.61,70,40,1.59,0.48,19.2,1.0,19.2,Website purchases
SK_ProduktLaunch26_META,SK_ProduktLaunch26_META_Feed,Feed_v1,2026-10-24,35-44,Male,3298,1578.0,2.09,61,34,1.04,0.48,16.32,1.0,16.32,Website purchases
SK_ProduktLaunch26_META,SK_ProduktLaunch26_META_Reels,Reels_v1,2026-09-15,45-54,Female,1906,957.0,1.99,80,42,2.22,0.39,16.38,1.0,16.38,Website purchases
SK_ProduktLaunch26_META,SK_ProduktLaunch26_META_Feed,Feed_v1,2026-08-25,65+,Male,651,463.0,1.41,11,7,1.11,0.5,3.5,0.0,,Website purchases
SK_BrandAwareness_Leto26_META,SK_BrandAwareness_Leto26_META_Reels,Reels_v1,2026-07-22,45-54,Female,2983,1993.0,1.5,124,54,1.8,0.42,22.68,,,
SK_ProduktLaunch26_META,SK_ProduktLaunch26_META_Feed,Feed_v1,2026-10-18,18-24,Male,1520,1017.0,1.49,23,15,1.01,0.59,8.85,0.0,,Website purchases
SK_ProduktLaunch26_META,SK_ProduktLaunch26_META_Stories,Stories_v1,2026-10-11,65+,Male,884,449.0,1.97,22,14,1.55,0.41,5.74,0.0,,Website purchases
SK_BrandAwareness_Leto26_META,SK_BrandAwareness_Leto26_META_Carousel,Carousel_v1,2026-06-09,55-64,Female,1732,860.0,2.01,45,23,1.35,0.61,14.03,,,
SK_BrandAwareness_Leto26_META,SK_BrandAwareness_Leto26_META_Carousel,Carousel_v1,2026-07-20,25-34,Male,2790,1764.0,1.58,92,59,2.1,0.67,39.53,,,
SK_BrandAwareness_Leto26_META,SK_BrandAwareness_Leto26_META_Video_V2,Video_v1,2026-08-05,55-64,Female,1948,1141.0,1.71,33,21,1.1,0.58,12.18,,,
SK_BrandAwareness_Leto26_META,SK_BrandAwareness_Leto26_META_Reels,Reels_v1,2026-06-17,55-64,Female,2131,975.0,2.19,59,38,1.77,0.46,17.48,,,
SK_ProduktLaunch26_META,SK_ProduktLaunch26_META_Stories,Stories_v1,2026-09-24,18-24,Male,1780,953.0,1.87,58,37,2.07,0.4,14.8,1.0,14.8,Website purchases
SK_ProduktLaunch26_META,SK_ProduktLaunch26_META_Feed,Feed_v1,2026-09-04,35-44,Female,1372,821.0,1.67,37,22,1.63,0.47,10.34,1.0,10.34,Website purchases
SK_ProduktLaunch26_META,SK_ProduktLaunch26_META_Feed,Feed_v1,2026-09-29,65+,Female,790,435.0,1.82,14,10,1.26,0.53,5.3,0.0,,Website purchases
SK_BrandAwareness_Leto26_META,SK_BrandAwareness_Leto26_META_Video,Video_v1,2026-06-28,45-54,Male,1716,1039.0,1.65,45,29,1.71,0.36,10.44,,,
SK_ProduktLaunch26_META,SK_ProduktLaunch26_META_Stories,Stories_v1,2026-08-28,55-64,Female,1627,783.0,2.08,42,24,1.45,0.56,13.44,1.0,13.44,Website purchases
SK_BrandAwareness_Leto26_META,SK_BrandAwareness_Leto26_META_Reels,Reels_v1,2026-07-30,45-54,Female,3474,1753.0,1.98,102,65,1.86,0.43,27.95,,,
SK_ProduktLaunch26_META,SK_ProduktLaunch26_META_Stories,Stories_v1,2026-09-06,35-44,Female,2491,1370.0,1.82,114,52,2.08,0.32,16.64,1.0,16.64,Website purchases
SK_ProduktLaunch26_META,SK_ProduktLaunch26_META_Stories,Stories_v1,2026-08-31,35-44,Male,1336,731.0,1.83,31,21,1.58,0.45,9.45,1.0,9.45,Website purchases
SK_BrandAwareness_Leto26_META,SK_BrandAwareness_Leto26_META_Carousel,Carousel_v1,2026-06-20,55-64,Male,1090,,,26,14,1.28,0.57,7.98,,,
SK_ProduktLaunch26_META,SK_ProduktLaunch26_META_Feed,Feed_v1,2026-09-19,65+,Female,1172,556.0,2.11,29,20,1.68,0.4,8.0,0.0,,Website purchases
SK_BrandAwareness_Leto26_META,SK_BrandAwareness_Leto26_META_Reels,Reels_v1,2026-06-26,65+,Male,2006,925.0,2.17,32,21,1.04,0.35,7.35,,,
SK_BrandAwareness_Leto26_META,SK_BrandAwareness_Leto26_META_Carousel,Carousel_v1,2026-06-10,55-64,Female,1484,760.0,1.95,48,31,2.11,0.69,21.39,,,
SK_BrandAwareness_Leto26_META,SK_BrandAwareness_Leto26_META_Video_V2,Video_v1,2026-08-06,65+,Male,1363,966.0,1.41,26,18,1.33,0.36,6.48,,,
SK_ProduktLaunch26_META,SK_ProduktLaunch26_META_Stories,Stories_v1,2026-09-23,35-44,Male,1374,744.0,1.85,66,30,2.18,0.46,13.8,1.0,13.8,Website purchases
SK_ProduktLaunch26_META,SK_ProduktLaunch26_META_Reels,Reels_v1,2026-08-29,55-64,Female,2493,1332.0,1.87,108,52,2.09,0.42,21.84,2.0,10.92,Website purchases
SK_ProduktLaunch26_META,SK_ProduktLaunch26_META_Feed,Feed_v1,2026-09-17,65+,Female,889,441.0,2.02,17,9,1.02,0.58,5.22,0.0,,Website purchases
SK_BrandAwareness_Leto26_META,SK_BrandAwareness_Leto26_META_Video,Video_v1,2026-06-30,45-54,Male,2872,2057.0,1.4,69,40,1.38,0.61,24.4,,,
SK_BrandAwareness_Leto26_META,SK_BrandAwareness_Leto26_META_Reels,Reels_v1,2026-07-19,25-34,Female,3092,2127.0,1.45,63,40,1.3,0.45,18.0,,,
SK_BrandAwareness_Leto26_META,SK_BrandAwareness_Leto26_META_Reels,Reels_v1,2026-06-06,25-34,Male,3285,1932.0,1.7,81,51,1.57,0.48,24.48,,,
SK_ProduktLaunch26_META,SK_ProduktLaunch26_META_Feed,Feed_v1,2026-09-16,18-24,Female,2176,,,55,27,1.22,0.55,14.85,1.0,14.85,Website purchases
SK_ProduktLaunch26_META,SK_ProduktLaunch26_META_Reels,Reels_v1,2026-10-26,25-34,Female,3603,2248.0,1.6,148,71,1.97,0.4,28.4,2.0,14.2,Website purchases
SK_ProduktLaunch26_META,SK_ProduktLaunch26_META_Feed,Feed_v1,2026-09-12,35-44,Male,1688,1108.0,1.52,70,34,1.99,0.55,18.7,1.0,18.7,Website purchases
SK_ProduktLaunch26_META,SK_ProduktLaunch26_META_Stories,Stories_v1,2026-08-20,25-34,Male,2870,1935.0,1.48,66,33,1.14,0.5,16.5,1.0,16.5,Website purchases
SK_ProduktLaunch26_META,SK_ProduktLaunch26_META_Stories,Stories_v1,2026-10-28,25-34,Female,1689,1200.0,1.41,79,38,2.25,0.41,15.58,1.0,15.58,Website purchases
SK_ProduktLaunch26_META,SK_ProduktLaunch26_META_Stories,Stories_v1,2026-09-24,55-64,Male,1432,1038.0,1.38,29,20,1.38,0.39,7.8,1.0,7.8,Website purchases
SK_BrandAwareness_Leto26_META,SK_BrandAwareness_Leto26_META_Reels,Reels_v1,2026-08-13,55-64,Male,1985,973.0,2.04,41,20,0.99,0.44,8.8,,,
SK_ProduktLaunch26_META,SK_ProduktLaunch26_META_Stories,Stories_v1,2026-10-26,55-64,Female,1549,897.0,1.73,54,35,2.28,0.43,15.05,1.0,15.05,Website purchases
SK_BrandAwareness_Leto26_META,SK_BrandAwareness_Leto26_META_Video,Video_v1,2026-06-04,65+,Male,1236,806.0,1.53,39,19,1.52,0.53,10.07,,,
SK_BrandAwareness_Leto26_META,SK_BrandAwareness_Leto26_META_Video,Video_v1,2026-06-17,18-24,Male,2316,,,77,40,1.74,0.61,24.4,,,
SK_BrandAwareness_Leto26_META,SK_BrandAwareness_Leto26_META_Carousel,Carousel_v1,2026-06-30,65+,Male,1213,735.0,1.65,34,17,1.41,0.46,7.82,,,
SK_BrandAwareness_Leto26_META,SK_BrandAwareness_Leto26_META_Video,Video_v1,2026-06-05,55-64,Female,1075,618.0,1.74,33,17,1.58,0.57,9.69,,,
SK_ProduktLaunch26_META,SK_ProduktLaunch26_META_Stories,Stories_v1,2026-10-15,55-64,Male,1273,855.0,1.49,24,17,1.31,0.34,5.78,0.0,,Website purchases
SK_ProduktLaunch26_META,SK_ProduktLaunch26_META_Stories,Stories_v1,2026-10-01,25-34,Female,2584,1865.0,1.39,74,46,1.78,0.36,16.56,1.0,16.56,Website purchases
SK_BrandAwareness_Leto26_META,SK_BrandAwareness_Leto26_META_Reels,Reels_v1,2026-07-26,45-54,Male,3432,1876.0,1.83,57,33,0.97,0.32,10.56,,,
SK_BrandAwareness_Leto26_META,SK_BrandAwareness_Leto26_META_Carousel,Carousel_v1,2026-06-06,18-24,Male,1487,1103.0,1.35,30,19,1.29,0.68,12.92,,,
SK_ProduktLaunch26_META,SK_ProduktLaunch26_META_Feed,Feed_v1,2026-10-20,18-24,Female,1846,1171.0,1.58,60,28,1.52,0.42,11.76,1.0,11.76,Website purchases
SK_ProduktLaunch26_META,SK_ProduktLaunch26_META_Feed,Feed_v1,2026-10-18,45-54,Female,2613,1633.0,1.6,66,39,1.48,0.45,17.55,1.0,17.55,Website purchases
SK_BrandAwareness_Leto26_META,SK_BrandAwareness_Leto26_META_Reels,Reels_v1,2026-07-26,18-24,Female,2174,1501.0,1.45,65,29,1.35,0.31,8.99,,,
SK_ProduktLaunch26_META,SK_ProduktLaunch26_META_Reels,Reels_v1,2026-08-29,18-24,Male,3554,1875.0,1.9,186,84,2.38,0.34,28.56,3.0,9.52,Website purchases
SK_BrandAwareness_Leto26_META,SK_BrandAwareness_Leto26_META_Video,Video_v1,2026-06-18,45-54,Male,3303,1732.0,1.91,59,35,1.06,0.42,14.7,,,
SK_ProduktLaunch26_META,SK_ProduktLaunch26_META_Reels,Reels_v1,2026-08-20,55-64,Male,2716,2074.0,1.31,68,38,1.41,0.36,13.68,1.0,13.68,Website purchases
SK_ProduktLaunch26_META,SK_ProduktLaunch26_META_Stories,Stories_v1,2026-10-06,18-24,Male,1976,1243.0,1.59,37,26,1.33,0.47,12.22,1.0,12.22,Website purchases
SK_BrandAwareness_Leto26_META,SK_BrandAwareness_Leto26_META_Reels,Reels_v1,2026-06-16,55-64,Female,2099,1487.0,1.41,69,32,1.53,0.33,10.56,,,
SK_ProduktLaunch26_META,SK_ProduktLaunch26_META_Reels,Reels_v1,2026-09-28,65+,Female,1469,758.0,1.94,43,28,1.94,0.34,9.52,1.0,9.52,Website purchases
SK_ProduktLaunch26_META,SK_ProduktLaunch26_META_Feed,Feed_v1,2026-08-23,35-44,Male,2149,1232.0,1.74,59,37,1.71,0.36,13.32,1.0,13.32,Website purchases
SK_BrandAwareness_Leto26_META,SK_BrandAwareness_Leto26_META_Carousel,Carousel_v1,2026-08-01,65+,Male,1303,612.0,2.13,39,17,1.32,0.43,7.31,,,
SK_BrandAwareness_Leto26_META,SK_BrandAwareness_Leto26_META_Reels,Reels_v1,2026-08-09,25-34,Male,2626,1861.0,1.41,54,32,1.2,0.31,9.92,,,
SK_BrandAwareness_Leto26_META,SK_BrandAwareness_Leto26_META_Video,Video_v1,2026-06-25,35-44,Female,2006,1231.0,1.63,35,23,1.16,0.43,9.89,,,
SK_BrandAwareness_Leto26_META,SK_BrandAwareness_Leto26_META_Reels,Reels_v1,2026-06-25,18-24,Female,1633,866.0,1.89,40,18,1.09,0.54,9.72,,,
SK_BrandAwareness_Leto26_META,SK_BrandAwareness_Leto26_META_Carousel,Carousel_v1,2026-07-12,35-44,Male,2777,1491.0,1.86,59,30,1.08,0.44,13.2,,,
SK_BrandAwareness_Leto26_META,SK_BrandAwareness_Leto26_META_Carousel,Carousel_v1,2026-07-15,65+,Male,1115,775.0,1.44,30,15,1.32,0.68,10.2,,,
SK_ProduktLaunch26_META,SK_ProduktLaunch26_META_Reels,Reels_v1,2026-10-22,25-34,Female,4200,2268.0,1.85,160,74,1.76,0.46,34.04,2.0,17.02,Website purchases
SK_ProduktLaunch26_META,SK_ProduktLaunch26_META_Reels,Reels_v1,2026-08-23,45-54,Male,2186,1607.0,1.36,87,38,1.73,0.52,19.76,1.0,19.76,Website purchases
SK_BrandAwareness_Leto26_META,SK_BrandAwareness_Leto26_META_Carousel,Carousel_v1,2026-06-26,45-54,Male,1514,978.0,1.55,69,31,2.05,0.5,15.5,,,
SK_BrandAwareness_Leto26_META,SK_BrandAwareness_Leto26_META_Carousel,Carousel_v1,2026-07-23,45-54,Male,1238,815.0,1.52,27,16,1.27,0.42,6.72,,,
SK_ProduktLaunch26_META,SK_ProduktLaunch26_META_Reels,Reels_v1,2026-08-24,65+,Male,1457,795.0,1.83,50,31,2.11,0.33,10.23,1.0,10.23,Website purchases
SK_BrandAwareness_Leto26_META,SK_BrandAwareness_Leto26_META_Reels,Reels_v1,2026-07-30,35-44,Male,3806,1808.0,2.11,80,35,0.93,0.37,12.95,,,
SK_ProduktLaunch26_META,SK_ProduktLaunch26_META_Reels,Reels_v1,2026-10-26,18-24,Male,2709,1322.0,2.05,103,54,2.0,0.54,29.16,2.0,14.58,Website purchases
SK_ProduktLaunch26_META,SK_ProduktLaunch26_META_Feed,Feed_v1,2026-10-22,45-54,Male,1879,1393.0,1.35,59,33,1.77,0.46,15.18,1.0,15.18,Website purchases
SK_BrandAwareness_Leto26_META,SK_BrandAwareness_Leto26_META_Carousel,Carousel_v1,2026-06-29,18-24,Female,1231,721.0,1.71,55,25,2.05,0.65,16.25,,,
SK_ProduktLaunch26_META,SK_ProduktLaunch26_META_Reels,Reels_v1,2026-10-04,55-64,Male,1424,663.0,2.15,29,20,1.41,0.48,9.6,1.0,9.6,Website purchases
SK_ProduktLaunch26_META,SK_ProduktLaunch26_META_Feed,Feed_v1,2026-10-10,25-34,Female,3124,1484.0,2.11,114,54,1.74,0.51,27.54,1.0,27.54,Website purchases
SK_BrandAwareness_Leto26_META,SK_BrandAwareness_Leto26_META_Reels,Reels_v1,2026-08-13,35-44,Male,4787,3079.0,1.55,110,72,1.5,0.38,27.36,,,
SK_BrandAwareness_Leto26_META,SK_BrandAwareness_Leto26_META_Carousel,Carousel_v1,2026-06-05,45-54,Female,1909,933.0,2.05,51,25,1.3,0.45,11.25,,,
SK_ProduktLaunch26_META,SK_ProduktLaunch26_META_Feed,Feed_v1,2026-09-27,18-24,Female,1848,975.0,1.9,31,20,1.08,0.39,7.8,0.0,,Website purchases
SK_ProduktLaunch26_META,SK_ProduktLaunch26_META_Stories,Stories_v1,2026-10-13,55-64,Male,1838,1391.0,1.32,45,32,1.76,0.55,17.6,1.0,17.6,Website purchases
SK_ProduktLaunch26_META,SK_ProduktLaunch26_META_Feed,Feed_v1,2026-09-08,45-54,Male,1314,952.0,1.38,53,25,1.91,0.51,12.75,1.0,12.75,Website purchases
SK_BrandAwareness_Leto26_META,SK_BrandAwareness_Leto26_META_Carousel,Carousel_v1,2026-08-07,65+,Male,1102,577.0,1.91,29,14,1.23,0.47,6.58,,,
SK_BrandAwareness_Leto26_META,SK_BrandAwareness_Leto26_META_Video,Video_v1,2026-06-09,45-54,Female,3155,1999.0,1.58,70,31,0.97,0.62,19.22,,,
SK_BrandAwareness_Leto26_META,SK_BrandAwareness_Leto26_META_Reels,Reels_v1,2026-06-05,25-34,Male,4616,3239.0,1.43,124,87,1.89,0.37,32.19,,,
SK_BrandAwareness_Leto26_META,SK_BrandAwareness_Leto26_META_Reels,Reels_v1,2026-07-27,25-34,Male,3385,1625.0,2.08,79,47,1.4,0.44,20.68,,,
SK_BrandAwareness_Leto26_META,SK_BrandAwareness_Leto26_META_Video,Video_v1,2026-06-08,18-24,Male,2475,1248.0,1.98,62,27,1.07,0.45,12.15,,,
SK_BrandAwareness_Leto26_META,SK_BrandAwareness_Leto26_META_Carousel,Carousel_v1,2026-08-02,25-34,Male,1741,921.0,1.89,53,31,1.77,0.45,13.95,,,
SK_ProduktLaunch26_META,SK_ProduktLaunch26_META_Stories,Stories_v1,2026-09-27,35-44,Male,2171,1037.0,2.09,68,38,1.74,0.38,14.44,1.0,14.44,Website purchases
SK_ProduktLaunch26_META,SK_ProduktLaunch26_META_Reels,Reels_v1,2026-08-17,18-24,Female,2825,2128.0,1.33,96,45,1.6,0.39,17.55,1.0,17.55,Website purchases
SK_ProduktLaunch26_META,SK_ProduktLaunch26_META_Feed,Feed_v1,2026-09-12,45-54,Female,1176,753.0,1.56,26,13,1.09,0.41,5.33,0.0,,Website purchases
SK_ProduktLaunch26_META,SK_ProduktLaunch26_META_Feed,Feed_v1,2026-10-19,55-64,Female,876,443.0,1.98,34,15,1.72,0.46,6.9,0.0,,Website purchases
SK_ProduktLaunch26_META,SK_ProduktLaunch26_META_Stories,Stories_v1,2026-10-18,35-44,Male,2501,1260.0,1.98,51,32,1.28,0.35,11.2,1.0,11.2,Website purchases
SK_BrandAwareness_Leto26_META,SK_BrandAwareness_Leto26_META_Reels,Reels_v1,2026-07-21,55-64,Male,2618,1300.0,2.01,52,31,1.2,0.48,14.88,,,
SK_ProduktLaunch26_META,SK_ProduktLaunch26_META_Stories,Stories_v1,2026-09-25,25-34,Male,2820,1350.0,2.09,108,48,1.7,0.41,19.68,1.0,19.68,Website purchases
SK_ProduktLaunch26_META,SK_ProduktLaunch26_META_Reels,Reels_v1,2026-09-19,45-54,Female,3134,1440.0,2.18,78,45,1.43,0.53,23.85,1.0,23.85,Website purchases
SK_ProduktLaunch26_META,SK_ProduktLaunch26_META_Feed,Feed_v1,2026-10-28,25-34,Female,3120,2273.0,1.37,61,36,1.16,0.45,16.2,1.0,16.2,Website purchases
SK_BrandAwareness_Leto26_META,SK_BrandAwareness_Leto26_META_Reels,Reels_v1,2026-07-20,45-54,Female,2138,1578.0,1.35,66,36,1.7,0.31,11.16,,,
SK_BrandAwareness_Leto26_META,SK_BrandAwareness_Leto26_META_Carousel,Carousel_v1,2026-06-17,55-64,Male,1330,768.0,1.73,64,28,2.11,0.61,17.08,,,
SK_BrandAwareness_Leto26_META,SK_BrandAwareness_Leto26_META_Video_V2,Video_v1,2026-07-09,45-54,Male,2291,1314.0,1.74,64,33,1.44,0.57,18.81,,,
SK_BrandAwareness_Leto26_META,SK_BrandAwareness_Leto26_META_Carousel,Carousel_v1,2026-07-21,65+,Female,1067,543.0,1.97,41,18,1.72,0.5,9.0,,,
SK_BrandAwareness_Leto26_META,SK_BrandAwareness_Leto26_META_Reels,Reels_v1,2026-08-11,18-24,Male,1924,1349.0,1.43,73,35,1.8,0.55,19.25,,,
SK_ProduktLaunch26_META,SK_ProduktLaunch26_META_Reels,Reels_v1,2026-10-20,45-54,Female,3193,2151.0,1.48,101,65,2.02,0.38,24.7,2.0,12.35,Website purchases
SK_BrandAwareness_Leto26_META,SK_BrandAwareness_Leto26_META_Reels,Reels_v1,2026-06-30,25-34,Male,4160,2182.0,1.91,110,50,1.21,0.32,16.0,,,
SK_BrandAwareness_Leto26_META,SK_BrandAwareness_Leto26_META_Carousel,Carousel_v1,2026-06-14,55-64,Female,1446,975.0,1.48,44,20,1.37,0.48,9.6,,,
SK_BrandAwareness_Leto26_META,SK_BrandAwareness_Leto26_META_Video_V2,Video_v1,2026-08-11,35-44,Male,2963,1566.0,1.89,55,25,0.83,0.37,9.25,,,
SK_BrandAwareness_Leto26_META,SK_BrandAwareness_Leto26_META_Carousel,Carousel_v1,2026-07-18,55-64,Male,1822,1339.0,1.36,53,23,1.26,0.56,12.88,,,
SK_BrandAwareness_Leto26_META,SK_BrandAwareness_Leto26_META_Reels,Reels_v1,2026-08-09,45-54,Male,2119,1482.0,1.43,42,26,1.22,0.36,9.36,,,
SK_BrandAwareness_Leto26_META,SK_BrandAwareness_Leto26_META_Carousel,Carousel_v1,2026-07-29,18-24,Male,2291,1487.0,1.54,105,50,2.18,0.57,28.5,,,
SK_BrandAwareness_Leto26_META,SK_BrandAwareness_Leto26_META_Video,Video_v1,2026-07-04,35-44,Male,4144,2118.0,1.96,85,39,0.94,0.42,16.38,,,
SK_BrandAwareness_Leto26_META,SK_BrandAwareness_Leto26_META_Carousel,Carousel_v1,2026-07-20,55-64,Male,1538,970.0,1.59,52,28,1.79,0.5,14.0,,,
SK_ProduktLaunch26_META,SK_ProduktLaunch26_META_Feed,Feed_v1,2026-09-09,35-44,Male,2739,1416.0,1.93,82,41,1.5,0.54,22.14,1.0,22.14,Website purchases
SK_BrandAwareness_Leto26_META,SK_BrandAwareness_Leto26_META_Carousel,Carousel_v1,2026-06-18,25-34,Male,2371,1125.0,2.11,97,44,1.85,0.69,30.36,,,
SK_ProduktLaunch26_META,SK_ProduktLaunch26_META_Feed,Feed_v1,2026-10-04,18-24,Female,2028,969.0,2.09,49,23,1.11,0.59,13.57,1.0,13.57,Website purchases
SK_ProduktLaunch26_META,SK_ProduktLaunch26_META_Reels,Reels_v1,2026-10-08,55-64,Male,1807,886.0,2.04,50,32,1.78,0.33,10.56,1.0,10.56,Website purchases
SK_ProduktLaunch26_META,SK_ProduktLaunch26_META_Stories,Stories_v1,2026-08-20,35-44,Male,2254,1447.0,1.56,53,28,1.26,0.34,9.52,1.0,9.52,Website purchases
SK_BrandAwareness_Leto26_META,SK_BrandAwareness_Leto26_META_Reels,Reels_v1,2026-08-12,25-34,Male,4455,2482.0,1.79,129,56,1.27,0.39,21.84,,,
SK_BrandAwareness_Leto26_META,SK_BrandAwareness_Leto26_META_Reels,Reels_v1,2026-07-28,18-24,Male,3395,1797.0,1.89,121,63,1.86,0.44,27.72,,,
SK_BrandAwareness_Leto26_META,SK_BrandAwareness_Leto26_META_Carousel,Carousel_v1,2026-07-14,18-24,Female,1244,859.0,1.45,43,22,1.78,0.51,11.22,,,
SK_ProduktLaunch26_META,SK_ProduktLaunch26_META_Stories,Stories_v1,2026-10-14,18-24,Male,1099,684.0,1.61,24,16,1.43,0.34,5.44,0.0,,Website purchases
SK_BrandAwareness_Leto26_META,SK_BrandAwareness_Leto26_META_Carousel,Carousel_v1,2026-06-29,45-54,Male,1453,754.0,1.93,44,22,1.54,0.63,13.86,,,
SK_ProduktLaunch26_META,SK_ProduktLaunch26_META_Stories,Stories_v1,2026-10-11,45-54,Female,1955,1443.0,1.35,67,30,1.54,0.44,13.2,1.0,13.2,Website purchases
SK_BrandAwareness_Leto26_META,SK_BrandAwareness_Leto26_META_Video_V2,Video_v1,2026-08-10,35-44,Male,2330,1322.0,1.76,39,21,0.89,0.59,12.39,,,
SK_ProduktLaunch26_META,SK_ProduktLaunch26_META_Feed,Feed_v1,2026-09-24,55-64,Female,1239,,,36,19,1.53,0.36,6.84,0.0,,Website purchases
SK_BrandAwareness_Leto26_META,SK_BrandAwareness_Leto26_META_Reels,Reels_v1,2026-07-11,55-64,Male,2326,1343.0,1.73,66,46,1.99,0.36,16.56,,,
SK_ProduktLaunch26_META,SK_ProduktLaunch26_META_Reels,Reels_v1,2026-10-02,55-64,Female,2168,1663.0,1.3,96,54,2.48,0.48,25.92,2.0,12.96,Website purchases
SK_ProduktLaunch26_META,SK_ProduktLaunch26_META_Stories,Stories_v1,2026-08-31,55-64,Male,1048,555.0,1.89,48,22,2.12,0.32,7.04,1.0,7.04,Website purchases
SK_BrandAwareness_Leto26_META,SK_BrandAwareness_Leto26_META_Reels,Reels_v1,2026-07-11,65+,Female,1050,547.0,1.92,32,19,1.77,0.47,8.93,,,
SK_ProduktLaunch26_META,SK_ProduktLaunch26_META_Feed,Feed_v1,2026-08-22,65+,Male,899,454.0,1.98,29,17,1.89,0.56,9.52,0.0,,Website purchases
SK_BrandAwareness_Leto26_META,SK_BrandAwareness_Leto26_META_Carousel,Carousel_v1,2026-06-08,35-44,Male,1212,789.0,1.54,27,19,1.57,0.61,11.59,,,
SK_BrandAwareness_Leto26_META,SK_BrandAwareness_Leto26_META_Carousel,Carousel_v1,2026-07-17,45-54,Male,2068,1361.0,1.52,66,34,1.65,0.66,22.44,,,
SK_BrandAwareness_Leto26_META,SK_BrandAwareness_Leto26_META_Reels,Reels_v1,2026-07-01,65+,Male,1382,759.0,1.82,34,20,1.46,0.47,9.4,,,
SK_BrandAwareness_Leto26_META,SK_BrandAwareness_Leto26_META_Reels,Reels_v1,2026-06-12,65+,Female,1674,952.0,1.76,42,24,1.41,0.33,7.92,,,
SK_BrandAwareness_Leto26_META,SK_BrandAwareness_Leto26_META_Video_V2,Video_v1,2026-07-23,35-44,Male,2844,1553.0,1.83,80,39,1.38,0.54,21.06,,,
SK_BrandAwareness_Leto26_META,SK_BrandAwareness_Leto26_META_Reels,Reels_v1,2026-07-10,65+,Female,1229,752.0,1.63,29,18,1.47,0.42,7.56,,,
SK_ProduktLaunch26_META,SK_ProduktLaunch26_META_Stories,Stories_v1,2026-10-07,45-54,Female,1685,862.0,1.95,68,30,1.79,0.32,9.6,1.0,9.6,Website purchases
SK_ProduktLaunch26_META,SK_ProduktLaunch26_META_Stories,Stories_v1,2026-10-02,18-24,Male,1345,839.0,1.6,25,17,1.25,0.44,7.48,0.0,,Website purchases
SK_ProduktLaunch26_META,SK_ProduktLaunch26_META_Stories,Stories_v1,2026-09-03,18-24,Male,2153,1329.0,1.62,46,30,1.39,0.4,12.0,1.0,12.0,Website purchases
SK_ProduktLaunch26_META,SK_ProduktLaunch26_META_Stories,Stories_v1,2026-10-14,45-54,Male,2159,1468.0,1.47,59,30,1.41,0.4,12.0,1.0,12.0,Website purchases
SK_ProduktLaunch26_META,SK_ProduktLaunch26_META_Feed,Feed_v1,2026-10-02,45-54,Female,2309,1337.0,1.73,45,26,1.14,0.45,11.7,1.0,11.7,Website purchases
SK_BrandAwareness_Leto26_META,SK_BrandAwareness_Leto26_META_Video,Video_v1,2026-06-24,18-24,Male,2909,2084.0,1.4,60,33,1.14,0.41,13.53,,,
SK_ProduktLaunch26_META,SK_ProduktLaunch26_META_Feed,Feed_v1,2026-10-04,25-34,Male,3802,2129.0,1.79,72,50,1.32,0.45,22.5,1.0,22.5,Website purchases
SK_ProduktLaunch26_META,SK_ProduktLaunch26_META_Feed,Feed_v1,2026-08-17,35-44,Female,2615,1930.0,1.35,71,39,1.48,0.54,21.06,1.0,21.06,Website purchases
SK_BrandAwareness_Leto26_META,SK_BrandAwareness_Leto26_META_Reels,Reels_v1,2026-08-04,35-44,Female,3202,1992.0,1.61,81,56,1.75,0.42,23.52,,,
SK_BrandAwareness_Leto26_META,SK_BrandAwareness_Leto26_META_Video,Video_v1,2026-06-26,65+,Female,766,354.0,2.16,25,12,1.63,0.56,6.72,,,
SK_ProduktLaunch26_META,SK_ProduktLaunch26_META_Stories,Stories_v1,2026-10-16,25-34,Male,2420,1244.0,1.95,57,32,1.31,0.44,14.08,1.0,14.08,Website purchases
SK_ProduktLaunch26_META,SK_ProduktLaunch26_META_Reels,Reels_v1,2026-10-25,65+,Male,1331,657.0,2.03,35,16,1.24,0.33,5.28,0.0,,Website purchases
SK_ProduktLaunch26_META,SK_ProduktLaunch26_META_Feed,Feed_v1,2026-10-06,25-34,Male,2993,2278.0,1.31,111,53,1.77,0.39,20.67,1.0,20.67,Website purchases
SK_BrandAwareness_Leto26_META,SK_BrandAwareness_Leto26_META_Video_V2,Video_v1,2026-07-25,25-34,Male,4228,1930.0,2.19,62,43,1.03,0.47,20.21,,,
SK_BrandAwareness_Leto26_META,SK_BrandAwareness_Leto26_META_Carousel,Carousel_v1,2026-06-29,35-44,Male,2456,1545.0,1.59,83,38,1.55,0.61,23.18,,,
SK_BrandAwareness_Leto26_META,SK_BrandAwareness_Leto26_META_Reels,Reels_v1,2026-06-05,35-44,Female,4138,2785.0,1.49,126,71,1.71,0.44,31.24,,,
SK_BrandAwareness_Leto26_META,SK_BrandAwareness_Leto26_META_Carousel,Carousel_v1,2026-07-27,35-44,Female,1716,1021.0,1.68,75,33,1.94,0.42,13.86,,,
SK_BrandAwareness_Leto26_META,SK_BrandAwareness_Leto26_META_Reels,Reels_v1,2026-07-08,18-24,Female,2654,1256.0,2.11,41,28,1.06,0.47,13.16,,,
SK_BrandAwareness_Leto26_META,SK_BrandAwareness_Leto26_META_Video,Video_v1,2026-06-17,55-64,Male,1887,1047.0,1.8,30,16,0.84,0.61,9.76,,,
SK_ProduktLaunch26_META,SK_ProduktLaunch26_META_Feed,Feed_v1,2026-09-03,25-34,Male,2497,1195.0,2.09,83,45,1.8,0.59,26.55,1.0,26.55,Website purchases
SK_BrandAwareness_Leto26_META,SK_BrandAwareness_Leto26_META_Reels,Reels_v1,2026-06-10,18-24,Female,2962,1531.0,1.93,52,37,1.26,0.38,14.06,,,
SK_ProduktLaunch26_META,SK_ProduktLaunch26_META_Reels,Reels_v1,2026-10-14,55-64,Male,2792,2033.0,1.37,65,35,1.25,0.38,13.3,1.0,13.3,Website purchases
SK_BrandAwareness_Leto26_META,SK_BrandAwareness_Leto26_META_Reels,Reels_v1,2026-06-13,25-34,Male,4709,2328.0,2.02,132,64,1.36,0.34,21.76,,,
SK_BrandAwareness_Leto26_META,SK_BrandAwareness_Leto26_META_Carousel,Carousel_v1,2026-06-15,35-44,Male,1674,838.0,2.0,30,19,1.12,0.54,10.26,,,
SK_BrandAwareness_Leto26_META,SK_BrandAwareness_Leto26_META_Reels,Reels_v1,2026-06-17,25-34,Female,2766,1333.0,2.08,94,47,1.71,0.53,24.91,,,
SK_ProduktLaunch26_META,SK_ProduktLaunch26_META_Feed,Feed_v1,2026-09-18,65+,Male,1249,771.0,1.62,24,17,1.32,0.49,8.33,0.0,,Website purchases
SK_BrandAwareness_Leto26_META,SK_BrandAwareness_Leto26_META_Reels,Reels_v1,2026-06-12,55-64,Male,2392,1774.0,1.35,71,40,1.66,0.42,16.8,,,
SK_ProduktLaunch26_META,SK_ProduktLaunch26_META_Stories,Stories_v1,2026-10-18,18-24,Male,1728,798.0,2.17,43,23,1.35,0.4,9.2,1.0,9.2,Website purchases
SK_BrandAwareness_Leto26_META,SK_BrandAwareness_Leto26_META_Carousel,Carousel_v1,2026-07-19,18-24,Male,1044,628.0,1.66,20,10,1.01,0.53,5.3,,,
SK_ProduktLaunch26_META,SK_ProduktLaunch26_META_Feed,Feed_v1,2026-09-19,55-64,Male,1086,748.0,1.45,16,11,1.05,0.4,4.4,0.0,,Website purchases
SK_ProduktLaunch26_META,SK_ProduktLaunch26_META_Reels,Reels_v1,2026-10-24,35-44,Male,2150,1060.0,2.03,82,51,2.37,0.4,20.4,2.0,10.2,Website purchases
SK_ProduktLaunch26_META,SK_ProduktLaunch26_META_Feed,Feed_v1,2026-10-20,45-54,Male,2079,1459.0,1.42,62,37,1.8,0.5,18.5,1.0,18.5,Website purchases
SK_ProduktLaunch26_META,SK_ProduktLaunch26_META_Reels,Reels_v1,2026-10-11,18-24,Male,3286,1873.0,1.75,133,68,2.08,0.51,34.68,2.0,17.34,Website purchases
SK_ProduktLaunch26_META,SK_ProduktLaunch26_META_Reels,Reels_v1,2026-09-06,55-64,Female,2171,1435.0,1.51,85,46,2.1,0.44,20.24,1.0,20.24,Website purchases
SK_BrandAwareness_Leto26_META,SK_BrandAwareness_Leto26_META_Carousel,Carousel_v1,2026-08-06,18-24,Female,2085,1153.0,1.81,69,37,1.76,0.54,19.98,,,
SK_BrandAwareness_Leto26_META,SK_BrandAwareness_Leto26_META_Reels,Reels_v1,2026-06-07,35-44,Female,4223,3072.0,1.37,120,74,1.75,0.34,25.16,,,
SK_BrandAwareness_Leto26_META,SK_BrandAwareness_Leto26_META_Video_V2,Video_v1,2026-08-11,35-44,Female,3482,1922.0,1.81,62,35,0.99,0.52,18.2,,,
SK_ProduktLaunch26_META,SK_ProduktLaunch26_META_Feed,Feed_v1,2026-10-08,25-34,Female,2353,1573.0,1.5,68,46,1.97,0.41,18.86,1.0,18.86,Website purchases
SK_ProduktLaunch26_META,SK_ProduktLaunch26_META_Reels,Reels_v1,2026-09-16,55-64,Male,2356,1075.0,2.19,56,37,1.57,0.49,18.13,1.0,18.13,Website purchases
SK_BrandAwareness_Leto26_META,SK_BrandAwareness_Leto26_META_Reels,Reels_v1,2026-07-20,18-24,Male,2029,1154.0,1.76,63,37,1.82,0.45,16.65,,,
SK_ProduktLaunch26_META,SK_ProduktLaunch26_META_Feed,Feed_v1,2026-08-27,65+,Female,1206,585.0,2.06,43,22,1.84,0.58,12.76,1.0,12.76,Website purchases
SK_ProduktLaunch26_META,SK_ProduktLaunch26_META_Stories,Stories_v1,2026-09-17,18-24,Male,1465,836.0,1.75,46,22,1.48,0.33,7.26,1.0,7.26,Website purchases
SK_ProduktLaunch26_META,SK_ProduktLaunch26_META_Feed,Feed_v1,2026-10-01,18-24,Female,1122,590.0,1.9,39,22,1.92,0.48,10.56,1.0,10.56,Website purchases
SK_BrandAwareness_Leto26_META,SK_BrandAwareness_Leto26_META_Video_V2,Video_v1,2026-07-20,45-54,Male,3083,1895.0,1.63,80,47,1.54,0.52,24.44,,,
SK_BrandAwareness_Leto26_META,SK_BrandAwareness_Leto26_META_Reels,Reels_v1,2026-06-03,25-34,Male,4559,2469.0,1.85,159,72,1.58,0.48,34.56,,,
SK_BrandAwareness_Leto26_META,SK_BrandAwareness_Leto26_META_Video_V2,Video_v1,2026-07-17,18-24,Female,2623,1644.0,1.6,73,41,1.55,0.52,21.32,,,
SK_ProduktLaunch26_META,SK_ProduktLaunch26_META_Reels,Reels_v1,2026-09-23,45-54,Male,2426,1241.0,1.95,74,37,1.51,0.43,15.91,1.0,15.91,Website purchases
SK_ProduktLaunch26_META,SK_ProduktLaunch26_META_Reels,Reels_v1,2026-10-11,55-64,Male,1690,943.0,1.79,34,23,1.36,0.38,8.74,1.0,8.74,Website purchases
SK_ProduktLaunch26_META,SK_ProduktLaunch26_META_Feed,Feed_v1,2026-08-31,55-64,Male,1213,587.0,2.07,20,12,1.02,0.51,6.12,0.0,,Website purchases
SK_BrandAwareness_Leto26_META,SK_BrandAwareness_Leto26_META_Video_V2,Video_v1,2026-07-27,25-34,Female,2486,1353.0,1.84,64,34,1.35,0.47,15.98,,,
SK_BrandAwareness_Leto26_META,SK_BrandAwareness_Leto26_META_Reels,Reels_v1,2026-06-26,55-64,Female,1759,1314.0,1.34,57,34,1.92,0.48,16.32,,,
SK_ProduktLaunch26_META,SK_ProduktLaunch26_META_Reels,Reels_v1,2026-10-15,65+,Male,2029,980.0,2.07,37,24,1.2,0.43,10.32,1.0,10.32,Website purchases
SK_BrandAwareness_Leto26_META,SK_BrandAwareness_Leto26_META_Carousel,Carousel_v1,2026-06-17,65+,Female,504,375.0,1.34,11,5,1.05,0.41,2.05,,,
SK_ProduktLaunch26_META,SK_ProduktLaunch26_META_Reels,Reels_v1,2026-08-28,65+,Male,1264,580.0,2.18,48,23,1.82,0.4,9.2,1.0,9.2,Website purchases
SK_BrandAwareness_Leto26_META,SK_BrandAwareness_Leto26_META_Video,Video_v1,2026-06-24,65+,Male,1760,1214.0,1.45,62,30,1.68,0.55,16.5,,,
SK_BrandAwareness_Leto26_META,SK_BrandAwareness_Leto26_META_Reels,Reels_v1,2026-08-12,35-44,Male,4155,2763.0,1.5,78,46,1.12,0.4,18.4,,,
SK_ProduktLaunch26_META,SK_ProduktLaunch26_META_Feed,Feed_v1,2026-10-09,55-64,Male,952,446.0,2.13,20,11,1.17,0.52,5.72,0.0,,Website purchases
SK_BrandAwareness_Leto26_META,SK_BrandAwareness_Leto26_META_Reels,Reels_v1,2026-07-15,45-54,Male,2695,1348.0,2.0,60,33,1.23,0.51,16.83,,,
SK_BrandAwareness_Leto26_META,SK_BrandAwareness_Leto26_META_Carousel,Carousel_v1,2026-07-10,65+,Female,624,468.0,1.33,23,10,1.54,0.58,5.8,,,
SK_BrandAwareness_Leto26_META,SK_BrandAwareness_Leto26_META_Carousel,Carousel_v1,2026-06-29,45-54,Female,1775,934.0,1.9,58,29,1.62,0.6,17.4,,,
SK_ProduktLaunch26_META,SK_ProduktLaunch26_META_Feed,Feed_v1,2026-09-06,35-44,Male,3146,1431.0,2.2,81,42,1.33,0.39,16.38,1.0,16.38,Website purchases
SK_BrandAwareness_Leto26_META,SK_BrandAwareness_Leto26_META_Carousel,Carousel_v1,2026-06-25,45-54,Female,1346,880.0,1.53,49,29,2.16,0.58,16.82,,,
SK_ProduktLaunch26_META,SK_ProduktLaunch26_META_Reels,Reels_v1,2026-09-08,45-54,Male,2700,1573.0,1.72,131,60,2.21,0.42,25.2,2.0,12.6,Website purchases
SK_ProduktLaunch26_META,SK_ProduktLaunch26_META_Stories,Stories_v1,2026-10-13,45-54,Female,1932,1104.0,1.75,73,40,2.06,0.48,19.2,1.0,19.2,Website purchases
SK_BrandAwareness_Leto26_META,SK_BrandAwareness_Leto26_META_Carousel,Carousel_v1,2026-07-13,55-64,Female,1325,685.0,1.93,40,24,1.81,0.66,15.84,,,
SK_BrandAwareness_Leto26_META,SK_BrandAwareness_Leto26_META_Carousel,Carousel_v1,2026-07-28,18-24,Female,1360,907.0,1.5,48,24,1.75,0.57,13.68,,,
SK_BrandAwareness_Leto26_META,SK_BrandAwareness_Leto26_META_Video_V2,Video_v1,2026-07-25,35-44,Female,2798,1312.0,2.13,39,27,0.97,0.54,14.58,,,
SK_ProduktLaunch26_META,SK_ProduktLaunch26_META_Reels,Reels_v1,2026-09-09,65+,Male,1240,917.0,1.35,52,27,2.2,0.33,8.91,1.0,8.91,Website purchases
SK_BrandAwareness_Leto26_META,SK_BrandAwareness_Leto26_META_Carousel,Carousel_v1,2026-07-03,65+,Female,505,280.0,1.8,10,5,1.06,0.47,2.35,,,
SK_BrandAwareness_Leto26_META,SK_BrandAwareness_Leto26_META_Carousel,Carousel_v1,2026-08-05,45-54,Female,2139,1000.0,2.14,64,28,1.32,0.63,17.64,,,
SK_ProduktLaunch26_META,SK_ProduktLaunch26_META_Reels,Reels_v1,2026-10-11,35-44,Female,3878,2873.0,1.35,144,75,1.92,0.37,27.75,2.0,13.88,Website purchases
SK_BrandAwareness_Leto26_META,SK_BrandAwareness_Leto26_META_Reels,Reels_v1,2026-06-25,45-54,Male,2422,1610.0,1.5,66,35,1.43,0.39,13.65,,,
SK_ProduktLaunch26_META,SK_ProduktLaunch26_META_Stories,Stories_v1,2026-08-15,35-44,Female,1401,651.0,2.15,51,23,1.65,0.51,11.73,1.0,11.73,Website purchases
SK_ProduktLaunch26_META,SK_ProduktLaunch26_META_Feed,Feed_v1,2026-08-23,35-44,Female,2943,1994.0,1.48,63,32,1.08,0.52,16.64,1.0,16.64,Website purchases
SK_BrandAwareness_Leto26_META,SK_BrandAwareness_Leto26_META_Reels,Reels_v1,2026-06-28,65+,Male,1172,670.0,1.75,36,16,1.39,0.47,7.52,,,
SK_ProduktLaunch26_META,SK_ProduktLaunch26_META_Feed,Feed_v1,2026-10-06,18-24,Female,2192,1539.0,1.42,39,24,1.09,0.55,13.2,1.0,13.2,Website purchases
SK_ProduktLaunch26_META,SK_ProduktLaunch26_META_Stories,Stories_v1,2026-10-20,25-34,Male,2189,1106.0,1.98,75,39,1.76,0.42,16.38,1.0,16.38,Website purchases
SK_ProduktLaunch26_META,SK_ProduktLaunch26_META_Stories,Stories_v1,2026-09-03,45-54,Female,1682,1073.0,1.57,38,23,1.35,0.38,8.74,1.0,8.74,Website purchases
SK_ProduktLaunch26_META,SK_ProduktLaunch26_META_Reels,Reels_v1,2026-09-08,35-44,Male,2358,1403.0,1.68,81,56,2.37,0.44,24.64,2.0,12.32,Website purchases
SK_ProduktLaunch26_META,SK_ProduktLaunch26_META_Feed,Feed_v1,2026-08-22,35-44,Female,2933,1941.0,1.51,118,58,1.99,0.36,20.88,1.0,20.88,Website purchases
SK_BrandAwareness_Leto26_META,SK_BrandAwareness_Leto26_META_Reels,Reels_v1,2026-07-18,18-24,Female,2010,,,64,30,1.48,0.35,10.5,,,
SK_BrandAwareness_Leto26_META,SK_BrandAwareness_Leto26_META_Video_V2,Video_v1,2026-08-13,65+,Male,1182,654.0,1.81,36,18,1.5,0.63,11.34,,,
SK_BrandAwareness_Leto26_META,SK_BrandAwareness_Leto26_META_Carousel,Carousel_v1,2026-08-10,45-54,Female,2089,1187.0,1.76,69,45,2.15,0.56,25.2,,,
SK_BrandAwareness_Leto26_META,SK_BrandAwareness_Leto26_META_Reels,Reels_v1,2026-07-19,65+,Female,1450,954.0,1.52,29,15,1.05,0.45,6.75,,,
SK_ProduktLaunch26_META,SK_ProduktLaunch26_META_Stories,Stories_v1,2026-10-04,25-34,Male,1994,1312.0,1.52,69,45,2.25,0.49,22.05,1.0,22.05,Website purchases
SK_BrandAwareness_Leto26_META,SK_BrandAwareness_Leto26_META_Carousel,Carousel_v1,2026-07-22,65+,Male,806,,,29,14,1.72,0.61,8.54,,,
SK_ProduktLaunch26_META,SK_ProduktLaunch26_META_Feed,Feed_v1,2026-09-28,25-34,Female,2016,1307.0,1.54,65,34,1.68,0.41,13.94,1.0,13.94,Website purchases
SK_BrandAwareness_Leto26_META,SK_BrandAwareness_Leto26_META_Carousel,Carousel_v1,2026-06-30,35-44,Female,1578,1130.0,1.4,47,28,1.79,0.54,15.12,,,
SK_BrandAwareness_Leto26_META,SK_BrandAwareness_Leto26_META_Video_V2,Video_v1,2026-07-30,55-64,Male,1482,926.0,1.6,42,26,1.75,0.59,15.34,,,
SK_BrandAwareness_Leto26_META,SK_BrandAwareness_Leto26_META_Video_V2,Video_v1,2026-08-09,35-44,Female,2271,1242.0,1.83,67,38,1.65,0.52,19.76,,,
SK_BrandAwareness_Leto26_META,SK_BrandAwareness_Leto26_META_Carousel,Carousel_v1,2026-06-18,65+,Male,1192,828.0,1.44,35,21,1.72,0.44,9.24,,,
SK_ProduktLaunch26_META,SK_ProduktLaunch26_META_Reels,Reels_v1,2026-10-22,35-44,Male,3725,2354.0,1.58,136,72,1.92,0.48,34.56,2.0,17.28,Website purchases
SK_ProduktLaunch26_META,SK_ProduktLaunch26_META_Stories,Stories_v1,2026-09-08,18-24,Male,1862,1370.0,1.36,67,38,2.05,0.54,20.52,1.0,20.52,Website purchases
SK_BrandAwareness_Leto26_META,SK_BrandAwareness_Leto26_META_Video,Video_v1,2026-06-11,55-64,Female,2457,1325.0,1.85,58,41,1.69,0.55,22.55,,,
SK_BrandAwareness_Leto26_META,SK_BrandAwareness_Leto26_META_Carousel,Carousel_v1,2026-08-14,25-34,Male,3315,1583.0,2.09,104,59,1.78,0.57,33.63,,,
SK_ProduktLaunch26_META,SK_ProduktLaunch26_META_Stories,Stories_v1,2026-09-10,25-34,Female,1835,1084.0,1.69,47,24,1.32,0.5,12.0,1.0,12.0,Website purchases
SK_BrandAwareness_Leto26_META,SK_BrandAwareness_Leto26_META_Reels,Reels_v1,2026-06-23,55-64,Male,2531,1515.0,1.67,77,50,1.97,0.33,16.5,,,
SK_BrandAwareness_Leto26_META,SK_BrandAwareness_Leto26_META_Reels,Reels_v1,2026-07-22,65+,Male,1252,697.0,1.8,35,24,1.93,0.53,12.72,,,
SK_ProduktLaunch26_META,SK_ProduktLaunch26_META_Feed,Feed_v1,2026-09-01,65+,Male,1393,740.0,1.88,33,23,1.63,0.39,8.97,1.0,8.97,Website purchases
SK_BrandAwareness_Leto26_META,SK_BrandAwareness_Leto26_META_Video_V2,Video_v1,2026-07-26,45-54,Female,2492,1780.0,1.4,93,42,1.67,0.51,21.42,,,
SK_ProduktLaunch26_META,SK_ProduktLaunch26_META_Reels,Reels_v1,2026-10-14,45-54,Male,2938,1744.0,1.68,99,69,2.35,0.32,22.08,2.0,11.04,Website purchases
SK_BrandAwareness_Leto26_META,SK_BrandAwareness_Leto26_META_Reels,Reels_v1,2026-07-28,65+,Female,913,684.0,1.33,25,17,1.81,0.54,9.18,,,
SK_BrandAwareness_Leto26_META,SK_BrandAwareness_Leto26_META_Carousel,Carousel_v1,2026-06-21,35-44,Male,1314,847.0,1.55,52,28,2.11,0.65,18.2,,,
SK_ProduktLaunch26_META,SK_ProduktLaunch26_META_Stories,Stories_v1,2026-10-18,55-64,Male,1118,817.0,1.37,28,16,1.41,0.58,9.28,0.0,,Website purchases
SK_ProduktLaunch26_META,SK_ProduktLaunch26_META_Feed,Feed_v1,2026-10-25,35-44,Female,1883,1179.0,1.6,37,23,1.23,0.43,9.89,1.0,9.89,Website purchases
SK_ProduktLaunch26_META,SK_ProduktLaunch26_META_Stories,Stories_v1,2026-08-26,35-44,Male,1669,1204.0,1.39,35,22,1.34,0.41,9.02,1.0,9.02,Website purchases
SK_BrandAwareness_Leto26_META,SK_BrandAwareness_Leto26_META_Carousel,Carousel_v1,2026-08-02,35-44,Female,2569,1590.0,1.62,60,40,1.57,0.5,20.0,,,
SK_ProduktLaunch26_META,SK_ProduktLaunch26_META_Reels,Reels_v1,2026-10-13,35-44,Female,3849,2212.0,1.74,160,87,2.26,0.49,42.63,3.0,14.21,Website purchases
SK_ProduktLaunch26_META,SK_ProduktLaunch26_META_Reels,Reels_v1,2026-09-25,65+,Male,1219,673.0,1.81,40,21,1.75,0.36,7.56,1.0,7.56,Website purchases
SK_ProduktLaunch26_META,SK_ProduktLaunch26_META_Stories,Stories_v1,2026-08-18,45-54,Female,1426,723.0,1.97,60,30,2.14,0.39,11.7,1.0,11.7,Website purchases
SK_ProduktLaunch26_META,SK_ProduktLaunch26_META_Feed,Feed_v1,2026-09-27,35-44,Male,2521,1324.0,1.9,52,27,1.06,0.4,10.8,1.0,10.8,Website purchases
SK_BrandAwareness_Leto26_META,SK_BrandAwareness_Leto26_META_Video_V2,Video_v1,2026-07-16,55-64,Male,2153,1611.0,1.34,63,31,1.45,0.48,14.88,,,
SK_BrandAwareness_Leto26_META,SK_BrandAwareness_Leto26_META_Video_V2,Video_v1,2026-07-26,55-64,Female,1670,792.0,2.11,21,15,0.93,0.42,6.3,,,
SK_ProduktLaunch26_META,SK_ProduktLaunch26_META_Stories,Stories_v1,2026-09-11,55-64,Female,1561,710.0,2.2,57,30,1.95,0.55,16.5,1.0,16.5,Website purchases
SK_BrandAwareness_Leto26_META,SK_BrandAwareness_Leto26_META_Reels,Reels_v1,2026-06-30,18-24,Female,2747,1944.0,1.41,76,47,1.7,0.45,21.15,,,
SK_ProduktLaunch26_META,SK_ProduktLaunch26_META_Stories,Stories_v1,2026-10-13,25-34,Female,1633,1019.0,1.6,26,18,1.1,0.44,7.92,1.0,7.92,Website purchases
SK_BrandAwareness_Leto26_META,SK_BrandAwareness_Leto26_META_Reels,Reels_v1,2026-07-25,65+,Male,2096,1199.0,1.75,60,38,1.82,0.4,15.2,,,
SK_ProduktLaunch26_META,SK_ProduktLaunch26_META_Feed,Feed_v1,2026-10-09,25-34,Female,1742,801.0,2.17,51,32,1.86,0.56,17.92,1.0,17.92,Website purchases
SK_ProduktLaunch26_META,SK_ProduktLaunch26_META_Reels,Reels_v1,2026-10-13,65+,Female,1464,848.0,1.73,52,31,2.11,0.48,14.88,1.0,14.88,Website purchases
SK_ProduktLaunch26_META,SK_ProduktLaunch26_META_Stories,Stories_v1,2026-09-08,35-44,Female,2080,1090.0,1.91,95,43,2.09,0.38,16.34,1.0,16.34,Website purchases
SK_BrandAwareness_Leto26_META,SK_BrandAwareness_Leto26_META_Reels,Reels_v1,2026-08-06,65+,Male,1566,1106.0,1.42,20,14,0.92,0.34,4.76,,,
SK_BrandAwareness_Leto26_META,SK_BrandAwareness_Leto26_META_Video_V2,Video_v1,2026-07-25,55-64,Male,1418,922.0,1.54,39,19,1.37,0.37,7.03,,,
SK_BrandAwareness_Leto26_META,SK_BrandAwareness_Leto26_META_Video,Video_v1,2026-06-07,35-44,Female,3742,2042.0,1.83,93,48,1.28,0.57,27.36,,,
SK_ProduktLaunch26_META,SK_ProduktLaunch26_META_Stories,Stories_v1,2026-08-25,65+,Female,1080,691.0,1.56,27,14,1.29,0.47,6.58,0.0,,Website purchases
SK_ProduktLaunch26_META,SK_ProduktLaunch26_META_Feed,Feed_v1,2026-10-12,55-64,Male,1455,764.0,1.9,38,25,1.69,0.38,9.5,1.0,9.5,Website purchases
SK_ProduktLaunch26_META,SK_ProduktLaunch26_META_Stories,Stories_v1,2026-10-03,18-24,Male,1053,628.0,1.68,35,21,1.95,0.51,10.71,1.0,10.71,Website purchases
SK_ProduktLaunch26_META,SK_ProduktLaunch26_META_Reels,Reels_v1,2026-09-16,65+,Male,2062,1365.0,1.51,48,32,1.57,0.5,16.0,1.0,16.0,Website purchases
SK_ProduktLaunch26_META,SK_ProduktLaunch26_META_Feed,Feed_v1,2026-09-27,65+,Female,1352,618.0,2.19,49,24,1.78,0.44,10.56,1.0,10.56,Website purchases
SK_ProduktLaunch26_META,SK_ProduktLaunch26_META_Stories,Stories_v1,2026-10-03,35-44,Female,2207,1340.0,1.65,73,50,2.25,0.43,21.5,1.0,21.5,Website purchases
SK_ProduktLaunch26_META,SK_ProduktLaunch26_META_Stories,Stories_v1,2026-09-21,65+,Male,803,489.0,1.64,21,14,1.73,0.55,7.7,0.0,,Website purchases
SK_BrandAwareness_Leto26_META,SK_BrandAwareness_Leto26_META_Carousel,Carousel_v1,2026-07-16,35-44,Male,2157,1120.0,1.93,60,29,1.32,0.66,19.14,,,
SK_BrandAwareness_Leto26_META,SK_BrandAwareness_Leto26_META_Reels,Reels_v1,2026-07-22,55-64,Male,2164,1541.0,1.4,45,21,0.99,0.52,10.92,,,
SK_ProduktLaunch26_META,SK_ProduktLaunch26_META_Reels,Reels_v1,2026-10-16,25-34,Male,2622,1460.0,1.8,75,52,1.99,0.51,26.52,2.0,13.26,Website purchases
SK_BrandAwareness_Leto26_META,SK_BrandAwareness_Leto26_META_Carousel,Carousel_v1,2026-07-07,25-34,Male,3383,2494.0,1.36,83,47,1.38,0.61,28.67,,,
SK_BrandAwareness_Leto26_META,SK_BrandAwareness_Leto26_META_Carousel,Carousel_v1,2026-08-13,25-34,Male,1849,993.0,1.86,36,23,1.27,0.51,11.73,,,
SK_ProduktLaunch26_META,SK_ProduktLaunch26_META_Stories,Stories_v1,2026-10-06,65+,Female,862,508.0,1.7,19,11,1.3,0.34,3.74,0.0,,Website purchases
SK_BrandAwareness_Leto26_META,SK_BrandAwareness_Leto26_META_Carousel,Carousel_v1,2026-07-31,25-34,Female,1927,893.0,2.16,58,28,1.47,0.48,13.44,,,
SK_BrandAwareness_Leto26_META,SK_BrandAwareness_Leto26_META_Carousel,Carousel_v1,2026-07-02,65+,Male,795,378.0,2.1,15,8,1.01,0.48,3.84,,,
SK_ProduktLaunch26_META,SK_ProduktLaunch26_META_Feed,Feed_v1,2026-10-22,55-64,Male,1868,968.0,1.93,44,20,1.08,0.56,11.2,0.0,,Website purchases
SK_ProduktLaunch26_META,SK_ProduktLaunch26_META_Stories,Stories_v1,2026-09-18,35-44,Female,1614,813.0,1.99,40,25,1.56,0.43,10.75,1.0,10.75,Website purchases
SK_BrandAwareness_Leto26_META,SK_BrandAwareness_Leto26_META_Video,Video_v1,2026-06-14,25-34,Female,2336,1148.0,2.03,58,35,1.48,0.64,22.4,,,
SK_BrandAwareness_Leto26_META,SK_BrandAwareness_Leto26_META_Reels,Reels_v1,2026-07-27,45-54,Female,3165,1513.0,2.09,56,29,0.91,0.42,12.18,,,
SK_BrandAwareness_Leto26_META,SK_BrandAwareness_Leto26_META_Video,Video_v1,2026-06-07,25-34,Male,2900,1720.0,1.69,76,43,1.47,0.41,17.63,,,
SK_ProduktLaunch26_META,SK_ProduktLaunch26_META_Feed,Feed_v1,2026-08-20,45-54,Male,2318,1400.0,1.66,71,33,1.41,0.52,17.16,1.0,17.16,Website purchases
SK_ProduktLaunch26_META,SK_ProduktLaunch26_META_Reels,Reels_v1,2026-09-20,55-64,Female,2287,1231.0,1.86,45,28,1.21,0.42,11.76,1.0,11.76,Website purchases
SK_BrandAwareness_Leto26_META,SK_BrandAwareness_Leto26_META_Video,Video_v1,2026-06-20,55-64,Female,1296,960.0,1.35,19,13,1.03,0.63,8.19,,,
SK_BrandAwareness_Leto26_META,SK_BrandAwareness_Leto26_META_Video_V2,Video_v1,2026-07-19,65+,Female,1042,598.0,1.74,30,16,1.57,0.52,8.32,,,
SK_BrandAwareness_Leto26_META,SK_BrandAwareness_Leto26_META_Video_V2,Video_v1,2026-07-26,45-54,Male,2464,1121.0,2.2,56,32,1.3,0.64,20.48,,,
SK_BrandAwareness_Leto26_META,SK_BrandAwareness_Leto26_META_Carousel,Carousel_v1,2026-08-12,65+,Male,1046,477.0,2.19,39,23,2.17,0.69,15.87,,,
SK_ProduktLaunch26_META,SK_ProduktLaunch26_META_Feed,Feed_v1,2026-08-27,18-24,Female,1055,499.0,2.11,31,17,1.66,0.5,8.5,0.0,,Website purchases
SK_ProduktLaunch26_META,SK_ProduktLaunch26_META_Stories,Stories_v1,2026-08-24,18-24,Female,1880,1134.0,1.66,64,35,1.87,0.54,18.9,1.0,18.9,Website purchases
SK_ProduktLaunch26_META,SK_ProduktLaunch26_META_Feed,Feed_v1,2026-09-14,45-54,Female,1122,818.0,1.37,31,14,1.27,0.54,7.56,0.0,,Website purchases
SK_ProduktLaunch26_META,SK_ProduktLaunch26_META_Stories,Stories_v1,2026-09-06,18-24,Female,1888,1159.0,1.63,55,25,1.35,0.43,10.75,1.0,10.75,Website purchases
SK_BrandAwareness_Leto26_META,SK_BrandAwareness_Leto26_META_Video_V2,Video_v1,2026-08-01,45-54,Male,2782,1828.0,1.52,50,28,1.02,0.56,15.68,,,
SK_BrandAwareness_Leto26_META,SK_BrandAwareness_Leto26_META_Video_V2,Video_v1,2026-07-29,18-24,Female,1402,742.0,1.89,24,14,0.98,0.39,5.46,,,
SK_BrandAwareness_Leto26_META,SK_BrandAwareness_Leto26_META_Reels,Reels_v1,2026-06-01,55-64,Male,3102,1520.0,2.04,117,54,1.75,0.39,21.06,,,
SK_ProduktLaunch26_META,SK_ProduktLaunch26_META_Stories,Stories_v1,2026-09-23,25-34,Female,2647,1372.0,1.93,108,48,1.83,0.54,25.92,1.0,25.92,Website purchases
SK_BrandAwareness_Leto26_META,SK_BrandAwareness_Leto26_META_Reels,Reels_v1,2026-07-24,35-44,Male,2476,1517.0,1.63,63,40,1.6,0.47,18.8,,,
SK_ProduktLaunch26_META,SK_ProduktLaunch26_META_Stories,Stories_v1,2026-09-12,35-44,Female,2486,1330.0,1.87,57,34,1.37,0.35,11.9,1.0,11.9,Website purchases
SK_ProduktLaunch26_META,SK_ProduktLaunch26_META_Reels,Reels_v1,2026-09-09,55-64,Female,1338,748.0,1.79,32,19,1.39,0.46,8.74,1.0,8.74,Website purchases
SK_BrandAwareness_Leto26_META,SK_BrandAwareness_Leto26_META_Reels,Reels_v1,2026-06-03,65+,Male,997,696.0,1.43,45,20,1.99,0.34,6.8,,,
SK_ProduktLaunch26_META,SK_ProduktLaunch26_META_Reels,Reels_v1,2026-10-02,55-64,Male,2738,1280.0,2.14,122,56,2.04,0.35,19.6,2.0,9.8,Website purchases
SK_BrandAwareness_Leto26_META,SK_BrandAwareness_Leto26_META_Reels,Reels_v1,2026-07-27,18-24,Male,2714,1263.0,2.15,52,27,0.98,0.5,13.5,,,
SK_BrandAwareness_Leto26_META,SK_BrandAwareness_Leto26_META_Video_V2,Video_v1,2026-07-20,18-24,Male,1800,858.0,2.1,59,30,1.66,0.44,13.2,,,
SK_BrandAwareness_Leto26_META,SK_BrandAwareness_Leto26_META_Reels,Reels_v1,2026-07-08,65+,Female,1202,560.0,2.15,27,13,1.1,0.38,4.94,,,
SK_BrandAwareness_Leto26_META,SK_BrandAwareness_Leto26_META_Video,Video_v1,2026-06-23,35-44,Female,2011,1298.0,1.55,39,19,0.95,0.6,11.4,,,
SK_ProduktLaunch26_META,SK_ProduktLaunch26_META_Reels,Reels_v1,2026-09-11,18-24,Female,3125,1773.0,1.76,101,71,2.28,0.52,36.92,2.0,18.46,Website purchases
SK_ProduktLaunch26_META,SK_ProduktLaunch26_META_Reels,Reels_v1,2026-09-09,25-34,Female,4027,1898.0,2.12,151,81,2.0,0.35,28.35,2.0,14.18,Website purchases
SK_BrandAwareness_Leto26_META,SK_BrandAwareness_Leto26_META_Reels,Reels_v1,2026-06-25,18-24,Male,3778,,,138,74,1.97,0.51,37.74,,,
SK_ProduktLaunch26_META,SK_ProduktLaunch26_META_Reels,Reels_v1,2026-10-04,35-44,Male,3830,2899.0,1.32,147,83,2.17,0.45,37.35,2.0,18.68,Website purchases
SK_ProduktLaunch26_META,SK_ProduktLaunch26_META_Feed,Feed_v1,2026-09-16,25-34,Male,3564,2031.0,1.75,81,51,1.43,0.51,26.01,1.0,26.01,Website purchases
SK_BrandAwareness_Leto26_META,SK_BrandAwareness_Leto26_META_Carousel,Carousel_v1,2026-06-15,65+,Female,520,295.0,1.76,18,9,1.77,0.56,5.04,,,
SK_BrandAwareness_Leto26_META,SK_BrandAwareness_Leto26_META_Reels,Reels_v1,2026-06-17,35-44,Male,4006,2599.0,1.54,101,57,1.41,0.42,23.94,,,
SK_ProduktLaunch26_META,SK_ProduktLaunch26_META_Reels,Reels_v1,2026-09-18,65+,Female,1023,684.0,1.5,35,24,2.38,0.33,7.92,1.0,7.92,Website purchases
SK_ProduktLaunch26_META,SK_ProduktLaunch26_META_Reels,Reels_v1,2026-10-26,55-64,Female,2069,1475.0,1.4,77,36,1.74,0.43,15.48,1.0,15.48,Website purchases
SK_BrandAwareness_Leto26_META,SK_BrandAwareness_Leto26_META_Reels,Reels_v1,2026-07-28,55-64,Male,2879,1376.0,2.09,82,55,1.9,0.35,19.25,,,
SK_BrandAwareness_Leto26_META,SK_BrandAwareness_Leto26_META_Carousel,Carousel_v1,2026-06-09,18-24,Male,1612,1047.0,1.54,54,28,1.75,0.61,17.08,,,
SK_BrandAwareness_Leto26_META,SK_BrandAwareness_Leto26_META_Video_V2,Video_v1,2026-08-03,18-24,Male,2193,1045.0,2.1,55,33,1.51,0.59,19.47,,,
SK_ProduktLaunch26_META,SK_ProduktLaunch26_META_Stories,Stories_v1,2026-09-01,65+,Female,919,608.0,1.51,22,12,1.32,0.39,4.68,0.0,,Website purchases
SK_BrandAwareness_Leto26_META,SK_BrandAwareness_Leto26_META_Reels,Reels_v1,2026-07-08,25-34,Female,3099,2181.0,1.42,72,35,1.13,0.53,18.55,,,
SK_BrandAwareness_Leto26_META,SK_BrandAwareness_Leto26_META_Reels,Reels_v1,2026-08-03,35-44,Male,4462,2049.0,2.18,141,84,1.89,0.4,33.6,,,
SK_ProduktLaunch26_META,SK_ProduktLaunch26_META_Stories,Stories_v1,2026-09-12,35-44,Male,2549,1380.0,1.85,107,53,2.07,0.39,20.67,1.0,20.67,Website purchases
SK_BrandAwareness_Leto26_META,SK_BrandAwareness_Leto26_META_Video_V2,Video_v1,2026-07-19,18-24,Male,2424,1641.0,1.48,48,33,1.37,0.65,21.45,,,
SK_BrandAwareness_Leto26_META,SK_BrandAwareness_Leto26_META_Carousel,Carousel_v1,2026-07-14,65+,Male,1299,621.0,2.09,38,19,1.48,0.49,9.31,,,
SK_ProduktLaunch26_META,SK_ProduktLaunch26_META_Feed,Feed_v1,2026-10-20,18-24,Male,2280,1496.0,1.52,80,36,1.56,0.52,18.72,1.0,18.72,Website purchases
SK_BrandAwareness_Leto26_META,SK_BrandAwareness_Leto26_META_Carousel,Carousel_v1,2026-06-22,55-64,Male,1848,1297.0,1.42,54,35,1.91,0.56,19.6,,,
SK_BrandAwareness_Leto26_META,SK_BrandAwareness_Leto26_META_Reels,Reels_v1,2026-08-03,35-44,Female,3383,2040.0,1.66,92,50,1.49,0.45,22.5,,,
SK_ProduktLaunch26_META,SK_ProduktLaunch26_META_Feed,Feed_v1,2026-09-21,65+,Female,1085,535.0,2.03,33,19,1.76,0.55,10.45,0.0,,Website purchases
SK_BrandAwareness_Leto26_META,SK_BrandAwareness_Leto26_META_Carousel,Carousel_v1,2026-07-26,45-54,Female,2118,980.0,2.16,64,39,1.84,0.5,19.5,,,
SK_ProduktLaunch26_META,SK_ProduktLaunch26_META_Feed,Feed_v1,2026-08-17,55-64,Female,1410,708.0,1.99,64,28,1.99,0.56,15.68,1.0,15.68,Website purchases
SK_BrandAwareness_Leto26_META,SK_BrandAwareness_Leto26_META_Carousel,Carousel_v1,2026-07-26,35-44,Female,2520,1318.0,1.91,84,49,1.93,0.61,29.89,,,
SK_BrandAwareness_Leto26_META,SK_BrandAwareness_Leto26_META_Video,Video_v1,2026-06-15,65+,Male,790,393.0,2.01,14,7,0.9,0.38,2.66,,,
SK_ProduktLaunch26_META,SK_ProduktLaunch26_META_Reels,Reels_v1,2026-10-22,18-24,Male,2736,1797.0,1.52,122,55,2.02,0.44,24.2,2.0,12.1,Website purchases
SK_ProduktLaunch26_META,SK_ProduktLaunch26_META_Feed,Feed_v1,2026-09-20,35-44,Female,1316,636.0,2.07,23,15,1.11,0.5,7.5,0.0,,Website purchases
SK_BrandAwareness_Leto26_META,SK_BrandAwareness_Leto26_META_Carousel,Carousel_v1,2026-07-11,55-64,Female,1278,898.0,1.42,49,26,2.01,0.63,16.38,,,
SK_BrandAwareness_Leto26_META,SK_BrandAwareness_Leto26_META_Carousel,Carousel_v1,2026-07-16,18-24,Male,1419,1054.0,1.35,32,15,1.08,0.5,7.5,,,
SK_ProduktLaunch26_META,SK_ProduktLaunch26_META_Stories,Stories_v1,2026-08-20,55-64,Male,1830,1078.0,1.7,53,23,1.24,0.48,11.04,1.0,11.04,Website purchases
SK_ProduktLaunch26_META,SK_ProduktLaunch26_META_Feed,Feed_v1,2026-08-15,65+,Female,1183,560.0,2.11,28,19,1.64,0.44,8.36,0.0,,Website purchases
SK_ProduktLaunch26_META,SK_ProduktLaunch26_META_Reels,Reels_v1,2026-10-09,45-54,Male,2457,1877.0,1.31,63,31,1.25,0.48,14.88,1.0,14.88,Website purchases
SK_BrandAwareness_Leto26_META,SK_BrandAwareness_Leto26_META_Video,Video_v1,2026-06-20,55-64,Male,1783,822.0,2.17,71,31,1.73,0.49,15.19,,,
SK_ProduktLaunch26_META,SK_ProduktLaunch26_META_Stories,Stories_v1,2026-08-31,45-54,Male,2265,1089.0,2.08,75,37,1.64,0.43,15.91,1.0,15.91,Website purchases
SK_ProduktLaunch26_META,SK_ProduktLaunch26_META_Reels,Reels_v1,2026-09-12,55-64,Male,1347,,,63,34,2.49,0.39,13.26,1.0,13.26,Website purchases
SK_BrandAwareness_Leto26_META,SK_BrandAwareness_Leto26_META_Carousel,Carousel_v1,2026-06-05,25-34,Male,1460,971.0,1.5,59,28,1.9,0.67,18.76,,,
SK_BrandAwareness_Leto26_META,SK_BrandAwareness_Leto26_META_Video,Video_v1,2026-06-07,55-64,Female,1623,851.0,1.91,38,23,1.43,0.58,13.34,,,
SK_ProduktLaunch26_META,SK_ProduktLaunch26_META_Feed,Feed_v1,2026-09-25,25-34,Female,3161,1662.0,1.9,96,60,1.9,0.53,31.8,2.0,15.9,Website purchases
SK_BrandAwareness_Leto26_META,SK_BrandAwareness_Leto26_META_Video_V2,Video_v1,2026-08-04,55-64,Female,1349,679.0,1.99,27,17,1.23,0.37,6.29,,,
SK_ProduktLaunch26_META,SK_ProduktLaunch26_META_Feed,Feed_v1,2026-10-17,25-34,Female,3028,1410.0,2.15,108,52,1.73,0.55,28.6,1.0,28.6,Website purchases
SK_ProduktLaunch26_META,SK_ProduktLaunch26_META_Stories,Stories_v1,2026-10-25,35-44,Female,2538,1329.0,1.91,89,40,1.57,0.47,18.8,1.0,18.8,Website purchases
SK_BrandAwareness_Leto26_META,SK_BrandAwareness_Leto26_META_Carousel,Carousel_v1,2026-06-16,65+,Female,568,370.0,1.54,24,12,2.2,0.41,4.92,,,
SK_BrandAwareness_Leto26_META,SK_BrandAwareness_Leto26_META_Reels,Reels_v1,2026-07-25,35-44,Female,2061,1214.0,1.7,65,29,1.39,0.3,8.7,,,
SK_BrandAwareness_Leto26_META,SK_BrandAwareness_Leto26_META_Video,Video_v1,2026-06-09,65+,Female,1637,904.0,1.81,40,20,1.23,0.52,10.4,,,
SK_ProduktLaunch26_META,SK_ProduktLaunch26_META_Stories,Stories_v1,2026-09-10,45-54,Female,1060,492.0,2.15,49,23,2.13,0.46,10.58,1.0,10.58,Website purchases
SK_ProduktLaunch26_META,SK_ProduktLaunch26_META_Stories,Stories_v1,2026-08-22,18-24,Male,1573,973.0,1.62,61,31,1.96,0.48,14.88,1.0,14.88,Website purchases
SK_BrandAwareness_Leto26_META,SK_BrandAwareness_Leto26_META_Video,Video_v1,2026-06-11,35-44,Female,3508,1637.0,2.14,70,43,1.24,0.4,17.2,,,
SK_BrandAwareness_Leto26_META,SK_BrandAwareness_Leto26_META_Carousel,Carousel_v1,2026-07-10,55-64,Female,945,450.0,2.1,32,16,1.72,0.51,8.16,,,
SK_ProduktLaunch26_META,SK_ProduktLaunch26_META_Stories,Stories_v1,2026-10-03,65+,Female,651,417.0,1.56,11,8,1.19,0.45,3.6,0.0,,Website purchases
SK_BrandAwareness_Leto26_META,SK_BrandAwareness_Leto26_META_Reels,Reels_v1,2026-08-04,65+,Female,1010,581.0,1.74,22,13,1.28,0.54,7.02,,,
SK_BrandAwareness_Leto26_META,SK_BrandAwareness_Leto26_META_Carousel,Carousel_v1,2026-08-12,18-24,Female,1357,761.0,1.78,36,23,1.67,0.48,11.04,,,
SK_ProduktLaunch26_META,SK_ProduktLaunch26_META_Feed,Feed_v1,2026-08-24,35-44,Female,1624,740.0,2.19,42,19,1.16,0.44,8.36,0.0,,Website purchases
SK_BrandAwareness_Leto26_META,SK_BrandAwareness_Leto26_META_Video_V2,Video_v1,2026-07-18,45-54,Male,2837,2038.0,1.39,72,40,1.42,0.64,25.6,,,
SK_ProduktLaunch26_META,SK_ProduktLaunch26_META_Stories,Stories_v1,2026-10-28,55-64,Male,947,561.0,1.69,41,19,2.0,0.35,6.65,1.0,6.65,Website purchases
SK_ProduktLaunch26_META,SK_ProduktLaunch26_META_Feed,Feed_v1,2026-09-28,65+,Female,1121,627.0,1.79,29,18,1.59,0.52,9.36,0.0,,Website purchases
SK_BrandAwareness_Leto26_META,SK_BrandAwareness_Leto26_META_Video,Video_v1,2026-06-18,35-44,Male,3597,1834.0,1.96,53,34,0.95,0.42,14.28,,,
SK_BrandAwareness_Leto26_META,SK_BrandAwareness_Leto26_META_Carousel,Carousel_v1,2026-06-01,55-64,Female,1551,1118.0,1.39,48,28,1.8,0.55,15.4,,,
SK_BrandAwareness_Leto26_META,SK_BrandAwareness_Leto26_META_Reels,Reels_v1,2026-08-10,45-54,Male,3582,2191.0,1.63,104,51,1.43,0.45,22.95,,,
SK_BrandAwareness_Leto26_META,SK_BrandAwareness_Leto26_META_Carousel,Carousel_v1,2026-07-31,45-54,Female,2114,1117.0,1.89,62,28,1.31,0.5,14.0,,,
SK_BrandAwareness_Leto26_META,SK_BrandAwareness_Leto26_META_Reels,Reels_v1,2026-06-17,35-44,Female,3642,1711.0,2.13,117,52,1.43,0.32,16.64,,,
SK_ProduktLaunch26_META,SK_ProduktLaunch26_META_Feed,Feed_v1,2026-08-19,45-54,Male,1858,880.0,2.11,29,19,1.02,0.37,7.03,0.0,,Website purchases
SK_ProduktLaunch26_META,SK_ProduktLaunch26_META_Reels,Reels_v1,2026-09-27,25-34,Male,4186,3057.0,1.37,96,53,1.26,0.37,19.61,2.0,9.8,Website purchases
SK_BrandAwareness_Leto26_META,SK_BrandAwareness_Leto26_META_Carousel,Carousel_v1,2026-07-26,35-44,Male,2204,1541.0,1.43,101,47,2.12,0.61,28.67,,,
SK_BrandAwareness_Leto26_META,SK_BrandAwareness_Leto26_META_Reels,Reels_v1,2026-06-28,18-24,Female,3080,2031.0,1.52,118,58,1.88,0.46,26.68,,,
SK_ProduktLaunch26_META,SK_ProduktLaunch26_META_Reels,Reels_v1,2026-10-05,35-44,Male,4814,3261.0,1.48,164,96,2.0,0.33,31.68,3.0,10.56,Website purchases
SK_BrandAwareness_Leto26_META,SK_BrandAwareness_Leto26_META_Video,Video_v1,2026-06-07,45-54,Male,3162,2084.0,1.52,98,57,1.8,0.65,37.05,,,
SK_BrandAwareness_Leto26_META,SK_BrandAwareness_Leto26_META_Video_V2,Video_v1,2026-07-26,25-34,Male,3177,1642.0,1.93,71,41,1.28,0.36,14.76,,,
SK_BrandAwareness_Leto26_META,SK_BrandAwareness_Leto26_META_Reels,Reels_v1,2026-06-04,45-54,Female,2403,1184.0,2.03,59,38,1.56,0.46,17.48,,,
SK_ProduktLaunch26_META,SK_ProduktLaunch26_META_Stories,Stories_v1,2026-08-19,65+,Female,927,497.0,1.87,41,20,2.2,0.39,7.8,1.0,7.8,Website purchases
SK_BrandAwareness_Leto26_META,SK_BrandAwareness_Leto26_META_Video,Video_v1,2026-06-15,45-54,Male,2879,1362.0,2.11,71,41,1.41,0.41,16.81,,,
SK_ProduktLaunch26_META,SK_ProduktLaunch26_META_Reels,Reels_v1,2026-10-17,18-24,Female,1707,965.0,1.77,56,37,2.14,0.44,16.28,1.0,16.28,Website purchases
SK_ProduktLaunch26_META,SK_ProduktLaunch26_META_Reels,Reels_v1,2026-09-04,65+,Male,1769,1340.0,1.32,49,23,1.27,0.35,8.05,1.0,8.05,Website purchases
SK_ProduktLaunch26_META,SK_ProduktLaunch26_META_Reels,Reels_v1,2026-10-17,35-44,Female,2073,961.0,2.16,96,50,2.42,0.54,27.0,2.0,13.5,Website purchases
SK_ProduktLaunch26_META,SK_ProduktLaunch26_META_Stories,Stories_v1,2026-08-17,18-24,Male,2096,1507.0,1.39,60,34,1.64,0.42,14.28,1.0,14.28,Website purchases
SK_ProduktLaunch26_META,SK_ProduktLaunch26_META_Feed,Feed_v1,2026-10-28,55-64,Female,1387,728.0,1.91,25,16,1.15,0.37,5.92,0.0,,Website purchases
SK_BrandAwareness_Leto26_META,SK_BrandAwareness_Leto26_META_Carousel,Carousel_v1,2026-06-07,18-24,Male,1897,1439.0,1.32,45,29,1.51,0.55,15.95,,,
SK_ProduktLaunch26_META,SK_ProduktLaunch26_META_Reels,Reels_v1,2026-10-25,45-54,Male,3677,1973.0,1.86,127,72,1.95,0.32,23.04,2.0,11.52,Website purchases
SK_ProduktLaunch26_META,SK_ProduktLaunch26_META_Feed,Feed_v1,2026-08-31,45-54,Male,2148,1043.0,2.06,70,43,1.99,0.56,24.08,1.0,24.08,Website purchases
SK_BrandAwareness_Leto26_META,SK_BrandAwareness_Leto26_META_Video_V2,Video_v1,2026-08-10,25-34,Female,2537,1206.0,2.1,87,40,1.57,0.46,18.4,,,
SK_BrandAwareness_Leto26_META,SK_BrandAwareness_Leto26_META_Video,Video_v1,2026-06-19,45-54,Female,2903,1812.0,1.6,55,39,1.34,0.36,14.04,,,
SK_ProduktLaunch26_META,SK_ProduktLaunch26_META_Feed,Feed_v1,2026-09-19,18-24,Male,2369,1729.0,1.37,81,43,1.83,0.37,15.91,1.0,15.91,Website purchases
SK_ProduktLaunch26_META,SK_ProduktLaunch26_META_Stories,Stories_v1,2026-09-01,25-34,Female,1994,1511.0,1.32,49,25,1.26,0.35,8.75,1.0,8.75,Website purchases
SK_BrandAwareness_Leto26_META,SK_BrandAwareness_Leto26_META_Carousel,Carousel_v1,2026-06-21,45-54,Female,1454,707.0,2.06,28,17,1.15,0.64,10.88,,,
SK_ProduktLaunch26_META,SK_ProduktLaunch26_META_Feed,Feed_v1,2026-10-27,65+,Male,1069,551.0,1.94,40,18,1.66,0.38,6.84,0.0,,Website purchases
SK_BrandAwareness_Leto26_META,SK_BrandAwareness_Leto26_META_Reels,Reels_v1,2026-08-08,25-34,Male,3553,1773.0,2.0,88,52,1.47,0.38,19.76,,,
SK_BrandAwareness_Leto26_META,SK_BrandAwareness_Leto26_META_Reels,Reels_v1,2026-08-13,35-44,Female,4189,2035.0,2.06,186,84,2.0,0.34,28.56,,,
SK_BrandAwareness_Leto26_META,SK_BrandAwareness_Leto26_META_Reels,Reels_v1,2026-08-05,65+,Female,1265,,,26,12,0.92,0.43,5.16,,,
SK_BrandAwareness_Leto26_META,SK_BrandAwareness_Leto26_META_Reels,Reels_v1,2026-06-06,25-34,Female,4679,2212.0,2.12,99,49,1.05,0.33,16.17,,,
SK_ProduktLaunch26_META,SK_ProduktLaunch26_META_Stories,Stories_v1,2026-08-21,35-44,Male,1605,1074.0,1.49,72,36,2.26,0.51,18.36,1.0,18.36,Website purchases
SK_BrandAwareness_Leto26_META,SK_BrandAwareness_Leto26_META_Carousel,Carousel_v1,2026-06-11,45-54,Female,1516,947.0,1.6,28,16,1.06,0.43,6.88,,,
SK_BrandAwareness_Leto26_META,SK_BrandAwareness_Leto26_META_Carousel,Carousel_v1,2026-07-23,55-64,Female,1716,1118.0,1.53,39,21,1.2,0.46,9.66,,,
SK_ProduktLaunch26_META,SK_ProduktLaunch26_META_Stories,Stories_v1,2026-10-21,55-64,Female,975,640.0,1.52,33,17,1.73,0.35,5.95,0.0,,Website purchases
SK_BrandAwareness_Leto26_META,SK_BrandAwareness_Leto26_META_Reels,Reels_v1,2026-07-24,65+,Male,1719,826.0,2.08,41,26,1.5,0.49,12.74,,,
SK_BrandAwareness_Leto26_META,SK_BrandAwareness_Leto26_META_Carousel,Carousel_v1,2026-08-08,65+,Male,1160,560.0,2.07,17,12,1.02,0.46,5.52,,,
SK_BrandAwareness_Leto26_META,SK_BrandAwareness_Leto26_META_Carousel,Carousel_v1,2026-07-12,18-24,Male,2061,1515.0,1.36,73,42,2.02,0.69,28.98,,,
SK_BrandAwareness_Leto26_META,SK_BrandAwareness_Leto26_META_Video,Video_v1,2026-07-05,65+,Female,1084,501.0,2.16,26,12,1.14,0.38,4.56,,,
SK_BrandAwareness_Leto26_META,SK_BrandAwareness_Leto26_META_Carousel,Carousel_v1,2026-06-19,25-34,Female,1726,1178.0,1.47,54,25,1.46,0.6,15.0,,,
SK_BrandAwareness_Leto26_META,SK_BrandAwareness_Leto26_META_Carousel,Carousel_v1,2026-06-01,18-24,Female,1826,1047.0,1.74,58,34,1.85,0.4,13.6,,,
SK_ProduktLaunch26_META,SK_ProduktLaunch26_META_Reels,Reels_v1,2026-09-25,55-64,Female,1828,1001.0,1.83,63,38,2.09,0.47,17.86,1.0,17.86,Website purchases
SK_ProduktLaunch26_META,SK_ProduktLaunch26_META_Stories,Stories_v1,2026-10-24,45-54,Female,1596,789.0,2.02,65,37,2.3,0.51,18.87,1.0,18.87,Website purchases
SK_BrandAwareness_Leto26_META,SK_BrandAwareness_Leto26_META_Video_V2,Video_v1,2026-07-10,35-44,Male,2355,1713.0,1.37,72,32,1.34,0.5,16.0,,,
SK_ProduktLaunch26_META,SK_ProduktLaunch26_META_Reels,Reels_v1,2026-08-27,45-54,Male,3012,1680.0,1.79,123,67,2.24,0.31,20.77,2.0,10.38,Website purchases
SK_ProduktLaunch26_META,SK_ProduktLaunch26_META_Stories,Stories_v1,2026-09-06,45-54,Male,1733,898.0,1.93,73,38,2.17,0.5,19.0,1.0,19.0,Website purchases
SK_ProduktLaunch26_META,SK_ProduktLaunch26_META_Stories,Stories_v1,2026-09-06,25-34,Male,3259,2106.0,1.55,64,44,1.35,0.41,18.04,1.0,18.04,Website purchases
SK_ProduktLaunch26_META,SK_ProduktLaunch26_META_Stories,Stories_v1,2026-10-19,45-54,Male,1795,1265.0,1.42,69,36,2.0,0.34,12.24,1.0,12.24,Website purchases
SK_BrandAwareness_Leto26_META,SK_BrandAwareness_Leto26_META_Video,Video_v1,2026-07-03,35-44,Female,3654,2122.0,1.72,90,45,1.22,0.49,22.05,,,
SK_BrandAwareness_Leto26_META,SK_BrandAwareness_Leto26_META_Carousel,Carousel_v1,2026-06-15,18-24,Female,1611,822.0,1.96,26,17,1.04,0.51,8.67,,,
SK_BrandAwareness_Leto26_META,SK_BrandAwareness_Leto26_META_Video,Video_v1,2026-07-03,25-34,Male,4342,2170.0,2.0,92,54,1.25,0.57,30.78,,,
SK_ProduktLaunch26_META,SK_ProduktLaunch26_META_Reels,Reels_v1,2026-09-13,45-54,Male,3325,2406.0,1.38,156,69,2.07,0.51,35.19,2.0,17.59,Website purchases
SK_BrandAwareness_Leto26_META,SK_BrandAwareness_Leto26_META_Reels,Reels_v1,2026-07-07,25-34,Female,3217,1797.0,1.79,102,45,1.39,0.31,13.95,,,
SK_ProduktLaunch26_META,SK_ProduktLaunch26_META_Feed,Feed_v1,2026-08-28,55-64,Female,1524,849.0,1.8,59,27,1.75,0.37,9.99,1.0,9.99,Website purchases
SK_ProduktLaunch26_META,SK_ProduktLaunch26_META_Feed,Feed_v1,2026-09-26,65+,Female,984,455.0,2.16,17,11,1.12,0.41,4.51,0.0,,Website purchases
SK_ProduktLaunch26_META,SK_ProduktLaunch26_META_Reels,Reels_v1,2026-10-02,18-24,Male,3707,2736.0,1.35,85,51,1.38,0.36,18.36,2.0,9.18,Website purchases
SK_ProduktLaunch26_META,SK_ProduktLaunch26_META_Feed,Feed_v1,2026-10-09,18-24,Male,2709,1604.0,1.69,75,52,1.93,0.49,25.48,1.0,25.48,Website purchases
SK_ProduktLaunch26_META,SK_ProduktLaunch26_META_Stories,Stories_v1,2026-08-22,55-64,Female,763,486.0,1.57,22,15,2.01,0.33,4.95,0.0,,Website purchases
SK_BrandAwareness_Leto26_META,SK_BrandAwareness_Leto26_META_Carousel,Carousel_v1,2026-07-09,65+,Male,660,313.0,2.11,26,13,2.04,0.44,5.72,,,
SK_ProduktLaunch26_META,SK_ProduktLaunch26_META_Feed,Feed_v1,2026-10-22,45-54,Female,1647,1221.0,1.35,59,29,1.79,0.42,12.18,1.0,12.18,Website purchases
SK_BrandAwareness_Leto26_META,SK_BrandAwareness_Leto26_META_Video_V2,Video_v1,2026-08-08,35-44,Female,3662,1742.0,2.1,60,39,1.06,0.6,23.4,,,
SK_ProduktLaunch26_META,SK_ProduktLaunch26_META_Stories,Stories_v1,2026-10-02,65+,Male,810,545.0,1.49,24,14,1.7,0.41,5.74,0.0,,Website purchases
SK_ProduktLaunch26_META,SK_ProduktLaunch26_META_Feed,Feed_v1,2026-10-09,65+,Male,631,477.0,1.32,21,11,1.82,0.43,4.73,0.0,,Website purchases
SK_ProduktLaunch26_META,SK_ProduktLaunch26_META_Stories,Stories_v1,2026-09-17,65+,Male,857,516.0,1.66,17,12,1.35,0.43,5.16,0.0,,Website purchases
SK_ProduktLaunch26_META,SK_ProduktLaunch26_META_Stories,Stories_v1,2026-09-02,45-54,Female,2013,1405.0,1.43,68,42,2.09,0.56,23.52,1.0,23.52,Website purchases
SK_ProduktLaunch26_META,SK_ProduktLaunch26_META_Feed,Feed_v1,2026-09-30,45-54,Female,2298,1062.0,2.16,87,45,1.96,0.53,23.85,1.0,23.85,Website purchases
SK_BrandAwareness_Leto26_META,SK_BrandAwareness_Leto26_META_Reels,Reels_v1,2026-06-01,65+,Male,966,459.0,2.1,21,9,0.97,0.48,4.32,,,
SK_ProduktLaunch26_META,SK_ProduktLaunch26_META_Stories,Stories_v1,2026-10-26,25-34,Female,1898,1077.0,1.76,78,42,2.19,0.36,15.12,1.0,15.12,Website purchases
SK_BrandAwareness_Leto26_META,SK_BrandAwareness_Leto26_META_Reels,Reels_v1,2026-08-07,55-64,Female,2551,1186.0,2.15,48,25,0.96,0.46,11.5,,,
SK_BrandAwareness_Leto26_META,SK_BrandAwareness_Leto26_META_Reels,Reels_v1,2026-06-29,55-64,Female,1919,1111.0,1.73,69,34,1.79,0.33,11.22,,,
SK_BrandAwareness_Leto26_META,SK_BrandAwareness_Leto26_META_Reels,Reels_v1,2026-08-05,45-54,Male,2907,2162.0,1.34,96,54,1.87,0.54,29.16,,,
SK_ProduktLaunch26_META,SK_ProduktLaunch26_META_Feed,Feed_v1,2026-09-10,18-24,Female,2431,1233.0,1.97,52,25,1.04,0.47,11.75,1.0,11.75,Website purchases
SK_BrandAwareness_Leto26_META,SK_BrandAwareness_Leto26_META_Carousel,Carousel_v1,2026-08-08,18-24,Male,1150,665.0,1.73,38,23,1.98,0.68,15.64,,,
SK_BrandAwareness_Leto26_META,SK_BrandAwareness_Leto26_META_Reels,Reels_v1,2026-07-13,55-64,Male,2349,1113.0,2.11,90,44,1.88,0.33,14.52,,,
SK_ProduktLaunch26_META,SK_ProduktLaunch26_META_Feed,Feed_v1,2026-08-25,55-64,Female,1315,655.0,2.01,33,20,1.51,0.4,8.0,0.0,,Website purchases
SK_BrandAwareness_Leto26_META,SK_BrandAwareness_Leto26_META_Video_V2,Video_v1,2026-08-13,45-54,Female,2936,1795.0,1.64,36,25,0.83,0.56,14.0,,,
SK_ProduktLaunch26_META,SK_ProduktLaunch26_META_Feed,Feed_v1,2026-08-28,45-54,Male,1592,868.0,1.83,28,18,1.15,0.47,8.46,0.0,,Website purchases
SK_BrandAwareness_Leto26_META,SK_BrandAwareness_Leto26_META_Carousel,Carousel_v1,2026-07-18,45-54,Female,2147,985.0,2.18,50,31,1.46,0.52,16.12,,,
SK_ProduktLaunch26_META,SK_ProduktLaunch26_META_Feed,Feed_v1,2026-08-29,35-44,Male,1923,1083.0,1.78,36,19,1.01,0.42,7.98,0.0,,Website purchases
SK_BrandAwareness_Leto26_META,SK_BrandAwareness_Leto26_META_Reels,Reels_v1,2026-07-14,25-34,Male,3375,2338.0,1.44,109,57,1.69,0.48,27.36,,,
SK_BrandAwareness_Leto26_META,SK_BrandAwareness_Leto26_META_Carousel,Carousel_v1,2026-07-01,18-24,Female,1690,1205.0,1.4,54,33,1.97,0.5,16.5,,,
SK_BrandAwareness_Leto26_META,SK_BrandAwareness_Leto26_META_Video,Video_v1,2026-06-22,45-54,Male,2815,1494.0,1.88,47,25,0.9,0.52,13.0,,,
SK_ProduktLaunch26_META,SK_ProduktLaunch26_META_Stories,Stories_v1,2026-09-18,55-64,Male,1305,622.0,2.1,39,17,1.34,0.41,6.97,0.0,,Website purchases
SK_ProduktLaunch26_META,SK_ProduktLaunch26_META_Reels,Reels_v1,2026-09-01,18-24,Female,2382,1394.0,1.71,109,55,2.3,0.51,28.05,2.0,14.03,Website purchases
SK_BrandAwareness_Leto26_META,SK_BrandAwareness_Leto26_META_Reels,Reels_v1,2026-08-05,55-64,Male,2472,1194.0,2.07,106,47,1.9,0.35,16.45,,,
SK_BrandAwareness_Leto26_META,SK_BrandAwareness_Leto26_META_Reels,Reels_v1,2026-08-07,55-64,Male,3035,1397.0,2.17,57,28,0.91,0.46,12.88,,,
SK_BrandAwareness_Leto26_META,SK_BrandAwareness_Leto26_META_Carousel,Carousel_v1,2026-06-28,25-34,Male,2769,2112.0,1.31,59,40,1.44,0.56,22.4,,,
SK_ProduktLaunch26_META,SK_ProduktLaunch26_META_Stories,Stories_v1,2026-09-11,18-24,Male,1054,727.0,1.45,46,21,1.95,0.54,11.34,1.0,11.34,Website purchases
SK_ProduktLaunch26_META,SK_ProduktLaunch26_META_Reels,Reels_v1,2026-08-26,35-44,Male,3698,2758.0,1.34,142,70,1.88,0.41,28.7,2.0,14.35,Website purchases
SK_ProduktLaunch26_META,SK_ProduktLaunch26_META_Feed,Feed_v1,2026-10-02,18-24,Female,1444,1058.0,1.36,34,16,1.12,0.53,8.48,0.0,,Website purchases
SK_ProduktLaunch26_META,SK_ProduktLaunch26_META_Reels,Reels_v1,2026-09-02,35-44,Male,2930,1489.0,1.97,116,60,2.04,0.36,21.6,2.0,10.8,Website purchases
SK_ProduktLaunch26_META,SK_ProduktLaunch26_META_Feed,Feed_v1,2026-08-23,45-54,Male,1416,875.0,1.62,43,24,1.71,0.49,11.76,1.0,11.76,Website purchases
SK_BrandAwareness_Leto26_META,SK_BrandAwareness_Leto26_META_Video_V2,Video_v1,2026-08-13,55-64,Female,2428,1239.0,1.96,51,32,1.31,0.36,11.52,,,
SK_ProduktLaunch26_META,SK_ProduktLaunch26_META_Feed,Feed_v1,2026-09-21,65+,Male,679,328.0,2.07,21,13,1.98,0.59,7.67,0.0,,Website purchases
SK_ProduktLaunch26_META,SK_ProduktLaunch26_META_Reels,Reels_v1,2026-10-14,45-54,Female,3532,2048.0,1.72,155,82,2.33,0.52,42.64,2.0,21.32,Website purchases
SK_BrandAwareness_Leto26_META,SK_BrandAwareness_Leto26_META_Video_V2,Video_v1,2026-08-02,45-54,Male,2019,1377.0,1.47,67,34,1.69,0.64,21.76,,,
SK_ProduktLaunch26_META,SK_ProduktLaunch26_META_Stories,Stories_v1,2026-08-20,65+,Male,786,472.0,1.67,15,9,1.14,0.38,3.42,0.0,,Website purchases
SK_BrandAwareness_Leto26_META,SK_BrandAwareness_Leto26_META_Reels,Reels_v1,2026-06-14,18-24,Female,2819,1373.0,2.05,45,26,0.92,0.51,13.26,,,
SK_BrandAwareness_Leto26_META,SK_BrandAwareness_Leto26_META_Reels,Reels_v1,2026-07-22,45-54,Male,3780,1775.0,2.13,79,51,1.34,0.43,21.93,,,
SK_BrandAwareness_Leto26_META,SK_BrandAwareness_Leto26_META_Video_V2,Video_v1,2026-07-24,65+,Female,1192,546.0,2.18,24,16,1.35,0.52,8.32,,,
SK_ProduktLaunch26_META,SK_ProduktLaunch26_META_Reels,Reels_v1,2026-10-07,45-54,Female,3243,2138.0,1.52,116,54,1.67,0.43,23.22,2.0,11.61,Website purchases
SK_ProduktLaunch26_META,SK_ProduktLaunch26_META_Reels,Reels_v1,2026-10-13,18-24,Male,2783,1977.0,1.41,85,54,1.93,0.51,27.54,2.0,13.77,Website purchases
SK_ProduktLaunch26_META,SK_ProduktLaunch26_META_Stories,Stories_v1,2026-09-29,18-24,Female,1155,762.0,1.52,33,18,1.58,0.54,9.72,1.0,9.72,Website purchases
SK_BrandAwareness_Leto26_META,SK_BrandAwareness_Leto26_META_Video,Video_v1,2026-06-21,65+,Female,1278,606.0,2.11,32,16,1.22,0.57,9.12,,,
SK_BrandAwareness_Leto26_META,SK_BrandAwareness_Leto26_META_Carousel,Carousel_v1,2026-08-06,18-24,Male,1251,911.0,1.37,53,24,1.95,0.45,10.8,,,
SK_BrandAwareness_Leto26_META,SK_BrandAwareness_Leto26_META_Video_V2,Video_v1,2026-08-09,55-64,Male,1403,792.0,1.77,49,25,1.79,0.48,12.0,,,
SK_ProduktLaunch26_META,SK_ProduktLaunch26_META_Stories,Stories_v1,2026-10-24,55-64,Male,1141,785.0,1.45,32,20,1.72,0.34,6.8,1.0,6.8,Website purchases
SK_ProduktLaunch26_META,SK_ProduktLaunch26_META_Feed,Feed_v1,2026-09-07,35-44,Female,1952,1154.0,1.69,68,35,1.77,0.46,16.1,1.0,16.1,Website purchases
SK_BrandAwareness_Leto26_META,SK_BrandAwareness_Leto26_META_Reels,Reels_v1,2026-07-29,18-24,Male,3042,1472.0,2.07,101,46,1.52,0.36,16.56,,,
SK_ProduktLaunch26_META,SK_ProduktLaunch26_META_Reels,Reels_v1,2026-10-02,45-54,Female,1822,1202.0,1.52,47,25,1.36,0.32,8.0,1.0,8.0,Website purchases
SK_BrandAwareness_Leto26_META,SK_BrandAwareness_Leto26_META_Carousel,Carousel_v1,2026-06-08,25-34,Female,1624,1027.0,1.58,48,26,1.61,0.68,17.68,,,
SK_BrandAwareness_Leto26_META,SK_BrandAwareness_Leto26_META_Video,Video_v1,2026-06-09,35-44,Female,3468,2306.0,1.5,64,39,1.11,0.61,23.79,,,
SK_ProduktLaunch26_META,SK_ProduktLaunch26_META_Stories,Stories_v1,2026-08-18,25-34,Male,2788,1355.0,2.06,94,62,2.23,0.52,32.24,2.0,16.12,Website purchases
SK_ProduktLaunch26_META,SK_ProduktLaunch26_META_Stories,Stories_v1,2026-08-27,35-44,Female,1419,854.0,1.66,35,25,1.73,0.5,12.5,1.0,12.5,Website purchases
SK_BrandAwareness_Leto26_META,SK_BrandAwareness_Leto26_META_Reels,Reels_v1,2026-06-10,55-64,Male,3132,2066.0,1.52,62,30,0.96,0.52,15.6,,,
SK_ProduktLaunch26_META,SK_ProduktLaunch26_META_Reels,Reels_v1,2026-10-07,55-64,Male,3026,1509.0,2.01,80,51,1.7,0.44,22.44,2.0,11.22,Website purchases
SK_BrandAwareness_Leto26_META,SK_BrandAwareness_Leto26_META_Reels,Reels_v1,2026-07-08,55-64,Female,1375,685.0,2.01,60,26,1.92,0.44,11.44,,,
SK_BrandAwareness_Leto26_META,SK_BrandAwareness_Leto26_META_Reels,Reels_v1,2026-07-29,35-44,Male,3184,2220.0,1.43,45,30,0.94,0.44,13.2,,,
SK_ProduktLaunch26_META,SK_ProduktLaunch26_META_Feed,Feed_v1,2026-09-15,35-44,Male,3195,1974.0,1.62,99,51,1.61,0.47,23.97,1.0,23.97,Website purchases
SK_BrandAwareness_Leto26_META,SK_BrandAwareness_Leto26_META_Carousel,Carousel_v1,2026-06-04,35-44,Female,1522,775.0,1.96,31,18,1.16,0.67,12.06,,,
SK_BrandAwareness_Leto26_META,SK_BrandAwareness_Leto26_META_Carousel,Carousel_v1,2026-07-18,18-24,Male,1802,1231.0,1.46,42,25,1.41,0.52,13.0,,,
SK_ProduktLaunch26_META,SK_ProduktLaunch26_META_Reels,Reels_v1,2026-08-25,55-64,Male,2068,1231.0,1.68,76,41,1.98,0.34,13.94,1.0,13.94,Website purchases
SK_BrandAwareness_Leto26_META,SK_BrandAwareness_Leto26_META_Reels,Reels_v1,2026-08-12,45-54,Female,2675,1340.0,2.0,78,51,1.9,0.52,26.52,,,
SK_BrandAwareness_Leto26_META,SK_BrandAwareness_Leto26_META_Carousel,Carousel_v1,2026-08-08,45-54,Male,1088,625.0,1.74,33,21,1.93,0.62,13.02,,,
SK_ProduktLaunch26_META,SK_ProduktLaunch26_META_Feed,Feed_v1,2026-09-29,55-64,Female,1297,794.0,1.63,31,16,1.22,0.6,9.6,0.0,,Website purchases
SK_BrandAwareness_Leto26_META,SK_BrandAwareness_Leto26_META_Carousel,Carousel_v1,2026-06-18,35-44,Female,1318,945.0,1.39,37,22,1.66,0.5,11.0,,,
SK_ProduktLaunch26_META,SK_ProduktLaunch26_META_Reels,Reels_v1,2026-09-13,55-64,Male,1419,653.0,2.17,79,35,2.5,0.34,11.9,1.0,11.9,Website purchases
SK_ProduktLaunch26_META,SK_ProduktLaunch26_META_Stories,Stories_v1,2026-09-18,45-54,Female,1428,675.0,2.12,27,16,1.15,0.47,7.52,0.0,,Website purchases
SK_ProduktLaunch26_META,SK_ProduktLaunch26_META_Stories,Stories_v1,2026-09-13,45-54,Female,1544,858.0,1.8,41,23,1.46,0.33,7.59,1.0,7.59,Website purchases
SK_BrandAwareness_Leto26_META,SK_BrandAwareness_Leto26_META_Video,Video_v1,2026-07-01,55-64,Male,1937,1157.0,1.67,64,34,1.76,0.56,19.04,,,
SK_BrandAwareness_Leto26_META,SK_BrandAwareness_Leto26_META_Video,Video_v1,2026-06-06,65+,Male,1269,806.0,1.57,31,16,1.24,0.53,8.48,,,
SK_BrandAwareness_Leto26_META,SK_BrandAwareness_Leto26_META_Reels,Reels_v1,2026-06-30,18-24,Male,2395,1369.0,1.75,62,41,1.7,0.55,22.55,,,
SK_ProduktLaunch26_META,SK_ProduktLaunch26_META_Reels,Reels_v1,2026-10-20,25-34,Female,4171,2290.0,1.82,169,94,2.25,0.34,31.96,3.0,10.65,Website purchases
SK_BrandAwareness_Leto26_META,SK_BrandAwareness_Leto26_META_Reels,Reels_v1,2026-07-30,65+,Male,2064,1081.0,1.91,67,30,1.44,0.36,10.8,,,
SK_BrandAwareness_Leto26_META,SK_BrandAwareness_Leto26_META_Video,Video_v1,2026-06-19,45-54,Male,2666,,,75,38,1.42,0.54,20.52,,,
SK_BrandAwareness_Leto26_META,SK_BrandAwareness_Leto26_META_Reels,Reels_v1,2026-06-05,65+,Female,1781,958.0,1.86,58,27,1.49,0.43,11.61,,,
SK_BrandAwareness_Leto26_META,SK_BrandAwareness_Leto26_META_Reels,Reels_v1,2026-07-31,55-64,Male,3009,2228.0,1.35,73,47,1.56,0.32,15.04,,,
SK_BrandAwareness_Leto26_META,SK_BrandAwareness_Leto26_META_Reels,Reels_v1,2026-06-15,25-34,Male,3453,2279.0,1.52,61,33,0.96,0.32,10.56,,,
SK_ProduktLaunch26_META,SK_ProduktLaunch26_META_Feed,Feed_v1,2026-09-04,45-54,Male,2731,1971.0,1.39,85,45,1.66,0.42,18.9,1.0,18.9,Website purchases
SK_BrandAwareness_Leto26_META,SK_BrandAwareness_Leto26_META_Carousel,Carousel_v1,2026-07-02,45-54,Male,2081,986.0,2.11,49,33,1.59,0.69,22.77,,,
SK_BrandAwareness_Leto26_META,SK_BrandAwareness_Leto26_META_Carousel,Carousel_v1,2026-07-11,18-24,Female,1135,868.0,1.31,49,23,2.05,0.62,14.26,,,
SK_ProduktLaunch26_META,SK_ProduktLaunch26_META_Reels,Reels_v1,2026-09-28,18-24,Female,1791,950.0,1.89,69,33,1.86,0.55,18.15,1.0,18.15,Website purchases
SK_BrandAwareness_Leto26_META,SK_BrandAwareness_Leto26_META_Reels,Reels_v1,2026-07-13,25-34,Female,4752,2782.0,1.71,146,68,1.43,0.4,27.2,,,
SK_BrandAwareness_Leto26_META,SK_BrandAwareness_Leto26_META_Video_V2,Video_v1,2026-08-13,45-54,Male,2272,1057.0,2.15,60,39,1.73,0.49,19.11,,,
SK_BrandAwareness_Leto26_META,SK_BrandAwareness_Leto26_META_Carousel,Carousel_v1,2026-07-10,45-54,Female,1444,810.0,1.78,42,19,1.34,0.61,11.59,,,
SK_BrandAwareness_Leto26_META,SK_BrandAwareness_Leto26_META_Reels,Reels_v1,2026-08-07,35-44,Male,2291,1722.0,1.33,58,31,1.37,0.41,12.71,,,
SK_ProduktLaunch26_META,SK_ProduktLaunch26_META_Feed,Feed_v1,2026-08-21,18-24,Male,1368,638.0,2.14,47,23,1.66,0.57,13.11,1.0,13.11,Website purchases
SK_BrandAwareness_Leto26_META,SK_BrandAwareness_Leto26_META_Video,Video_v1,2026-06-14,45-54,Female,3045,1533.0,1.99,90,52,1.7,0.54,28.08,,,
SK_ProduktLaunch26_META,SK_ProduktLaunch26_META_Stories,Stories_v1,2026-08-26,55-64,Female,1320,661.0,2.0,35,23,1.71,0.55,12.65,1.0,12.65,Website purchases
SK_BrandAwareness_Leto26_META,SK_BrandAwareness_Leto26_META_Carousel,Carousel_v1,2026-07-09,55-64,Female,717,394.0,1.82,15,8,1.15,0.61,4.88,,,
SK_ProduktLaunch26_META,SK_ProduktLaunch26_META_Feed,Feed_v1,2026-10-08,65+,Female,1204,643.0,1.87,30,21,1.73,0.56,11.76,1.0,11.76,Website purchases
SK_BrandAwareness_Leto26_META,SK_BrandAwareness_Leto26_META_Carousel,Carousel_v1,2026-07-09,55-64,Male,1797,1228.0,1.46,82,38,2.09,0.44,16.72,,,
SK_BrandAwareness_Leto26_META,SK_BrandAwareness_Leto26_META_Reels,Reels_v1,2026-07-01,18-24,Male,3557,1761.0,2.02,90,43,1.21,0.41,17.63,,,
SK_BrandAwareness_Leto26_META,SK_BrandAwareness_Leto26_META_Video,Video_v1,2026-06-24,45-54,Male,1937,1448.0,1.34,76,34,1.77,0.52,17.68,,,
SK_BrandAwareness_Leto26_META,SK_BrandAwareness_Leto26_META_Reels,Reels_v1,2026-06-05,55-64,Female,2253,1036.0,2.17,53,23,1.02,0.51,11.73,,,
SK_ProduktLaunch26_META,SK_ProduktLaunch26_META_Feed,Feed_v1,2026-10-17,65+,Female,979,541.0,1.81,27,14,1.38,0.49,6.86,0.0,,Website purchases
SK_BrandAwareness_Leto26_META,SK_BrandAwareness_Leto26_META_Video,Video_v1,2026-06-14,65+,Female,1330,680.0,1.96,27,15,1.1,0.36,5.4,,,
SK_BrandAwareness_Leto26_META,SK_BrandAwareness_Leto26_META_Reels,Reels_v1,2026-06-16,45-54,Male,2741,1438.0,1.91,114,54,1.98,0.45,24.3,,,
SK_ProduktLaunch26_META,SK_ProduktLaunch26_META_Feed,Feed_v1,2026-09-25,35-44,Female,1797,1017.0,1.77,38,20,1.11,0.57,11.4,0.0,,Website purchases
SK_ProduktLaunch26_META,SK_ProduktLaunch26_META_Reels,Reels_v1,2026-09-25,35-44,Male,4799,3143.0,1.53,139,91,1.89,0.42,38.22,3.0,12.74,Website purchases
SK_BrandAwareness_Leto26_META,SK_BrandAwareness_Leto26_META_Carousel,Carousel_v1,2026-06-06,45-54,Female,1800,968.0,1.86,62,28,1.54,0.67,18.76,,,
SK_BrandAwareness_Leto26_META,SK_BrandAwareness_Leto26_META_Carousel,Carousel_v1,2026-07-07,55-64,Female,1705,1041.0,1.64,40,22,1.31,0.42,9.24,,,
SK_BrandAwareness_Leto26_META,SK_BrandAwareness_Leto26_META_Carousel,Carousel_v1,2026-07-28,45-54,Female,1826,1116.0,1.64,62,31,1.69,0.49,15.19,,,
SK_ProduktLaunch26_META,SK_ProduktLaunch26_META_Reels,Reels_v1,2026-10-17,45-54,Male,3611,1994.0,1.81,94,59,1.62,0.37,21.83,2.0,10.91,Website purchases
SK_BrandAwareness_Leto26_META,SK_BrandAwareness_Leto26_META_Reels,Reels_v1,2026-08-03,18-24,Female,2288,1324.0,1.73,51,32,1.41,0.3,9.6,,,
SK_ProduktLaunch26_META,SK_ProduktLaunch26_META_Stories,Stories_v1,2026-09-21,55-64,Male,1467,1019.0,1.44,54,26,1.78,0.44,11.44,1.0,11.44,Website purchases
SK_BrandAwareness_Leto26_META,SK_BrandAwareness_Leto26_META_Carousel,Carousel_v1,2026-07-14,35-44,Female,2662,1572.0,1.69,82,57,2.15,0.54,30.78,,,
SK_ProduktLaunch26_META,SK_ProduktLaunch26_META_Feed,Feed_v1,2026-10-21,18-24,Female,1516,848.0,1.79,38,18,1.15,0.38,6.84,0.0,,Website purchases
SK_BrandAwareness_Leto26_META,SK_BrandAwareness_Leto26_META_Video_V2,Video_v1,2026-07-31,65+,Female,1582,976.0,1.62,27,15,0.98,0.61,9.15,,,
SK_BrandAwareness_Leto26_META,SK_BrandAwareness_Leto26_META_Reels,Reels_v1,2026-07-16,25-34,Male,5099,2340.0,2.18,141,92,1.8,0.48,44.16,,,
SK_ProduktLaunch26_META,SK_ProduktLaunch26_META_Stories,Stories_v1,2026-09-10,18-24,Female,1791,1329.0,1.35,36,22,1.24,0.43,9.46,1.0,9.46,Website purchases
SK_ProduktLaunch26_META,SK_ProduktLaunch26_META_Feed,Feed_v1,2026-10-09,45-54,Male,1407,809.0,1.74,39,17,1.22,0.58,9.86,0.0,,Website purchases
SK_BrandAwareness_Leto26_META,SK_BrandAwareness_Leto26_META_Video,Video_v1,2026-06-28,45-54,Female,2049,1045.0,1.96,45,22,1.07,0.64,14.08,,,
SK_ProduktLaunch26_META,SK_ProduktLaunch26_META_Stories,Stories_v1,2026-08-23,18-24,Female,1108,785.0,1.41,33,22,1.94,0.44,9.68,1.0,9.68,Website purchases
SK_ProduktLaunch26_META,SK_ProduktLaunch26_META_Stories,Stories_v1,2026-10-20,55-64,Male,1838,,,66,32,1.74,0.58,18.56,1.0,18.56,Website purchases
SK_BrandAwareness_Leto26_META,SK_BrandAwareness_Leto26_META_Carousel,Carousel_v1,2026-06-18,18-24,Male,2219,1321.0,1.68,43,30,1.34,0.53,15.9,,,
SK_ProduktLaunch26_META,SK_ProduktLaunch26_META_Reels,Reels_v1,2026-10-18,55-64,Female,2562,1516.0,1.69,124,62,2.4,0.41,25.42,2.0,12.71,Website purchases
SK_ProduktLaunch26_META,SK_ProduktLaunch26_META_Feed,Feed_v1,2026-08-15,55-64,Male,1592,1063.0,1.5,60,30,1.91,0.54,16.2,1.0,16.2,Website purchases
SK_ProduktLaunch26_META,SK_ProduktLaunch26_META_Feed,Feed_v1,2026-09-17,18-24,Female,1926,951.0,2.03,50,31,1.63,0.46,14.26,1.0,14.26,Website purchases
SK_ProduktLaunch26_META,SK_ProduktLaunch26_META_Stories,Stories_v1,2026-10-11,55-64,Male,793,582.0,1.36,27,13,1.65,0.35,4.55,0.0,,Website purchases
SK_ProduktLaunch26_META,SK_ProduktLaunch26_META_Stories,Stories_v1,2026-09-24,45-54,Male,1573,1188.0,1.32,54,25,1.56,0.44,11.0,1.0,11.0,Website purchases
SK_ProduktLaunch26_META,SK_ProduktLaunch26_META_Reels,Reels_v1,2026-08-22,65+,Female,1536,730.0,2.1,67,32,2.09,0.45,14.4,1.0,14.4,Website purchases
SK_BrandAwareness_Leto26_META,SK_BrandAwareness_Leto26_META_Reels,Reels_v1,2026-07-10,55-64,Female,1957,1282.0,1.53,57,38,1.96,0.3,11.4,,,
SK_BrandAwareness_Leto26_META,SK_BrandAwareness_Leto26_META_Reels,Reels_v1,2026-06-10,35-44,Male,3692,1987.0,1.86,126,73,1.99,0.41,29.93,,,
SK_ProduktLaunch26_META,SK_ProduktLaunch26_META_Reels,Reels_v1,2026-10-07,18-24,Male,2727,1447.0,1.88,102,54,1.97,0.44,23.76,2.0,11.88,Website purchases
SK_BrandAwareness_Leto26_META,SK_BrandAwareness_Leto26_META_Reels,Reels_v1,2026-06-05,25-34,Female,3252,1519.0,2.14,148,65,1.99,0.38,24.7,,,
SK_BrandAwareness_Leto26_META,SK_BrandAwareness_Leto26_META_Reels,Reels_v1,2026-07-02,18-24,Female,3258,1918.0,1.7,60,30,0.93,0.32,9.6,,,
SK_BrandAwareness_Leto26_META,SK_BrandAwareness_Leto26_META_Video,Video_v1,2026-06-08,35-44,Male,1898,1363.0,1.39,39,19,1.02,0.59,11.21,,,
SK_BrandAwareness_Leto26_META,SK_BrandAwareness_Leto26_META_Video,Video_v1,2026-06-30,45-54,Female,2650,1888.0,1.4,60,38,1.43,0.37,14.06,,,
SK_BrandAwareness_Leto26_META,SK_BrandAwareness_Leto26_META_Reels,Reels_v1,2026-07-29,45-54,Female,1773,1181.0,1.5,47,32,1.8,0.38,12.16,,,
SK_BrandAwareness_Leto26_META,SK_BrandAwareness_Leto26_META_Carousel,Carousel_v1,2026-06-13,18-24,Male,1158,630.0,1.84,47,23,1.97,0.63,14.49,,,
SK_BrandAwareness_Leto26_META,SK_BrandAwareness_Leto26_META_Video_V2,Video_v1,2026-07-21,65+,Female,980,604.0,1.62,29,14,1.47,0.6,8.4,,,
SK_BrandAwareness_Leto26_META,SK_BrandAwareness_Leto26_META_Video_V2,Video_v1,2026-08-07,18-24,Male,1538,716.0,2.15,25,14,0.9,0.63,8.82,,,
SK_ProduktLaunch26_META,SK_ProduktLaunch26_META_Feed,Feed_v1,2026-09-17,25-34,Male,1833,994.0,1.84,34,22,1.17,0.37,8.14,1.0,8.14,Website purchases
SK_ProduktLaunch26_META,SK_ProduktLaunch26_META_Reels,Reels_v1,2026-10-04,35-44,Female,2261,1077.0,2.1,104,47,2.08,0.35,16.45,1.0,16.45,Website purchases
SK_ProduktLaunch26_META,SK_ProduktLaunch26_META_Reels,Reels_v1,2026-08-18,18-24,Male,3274,1498.0,2.19,94,50,1.52,0.46,23.0,2.0,11.5,Website purchases
SK_BrandAwareness_Leto26_META,SK_BrandAwareness_Leto26_META_Carousel,Carousel_v1,2026-06-10,35-44,Male,2570,1325.0,1.94,75,38,1.47,0.43,16.34,,,
SK_ProduktLaunch26_META,SK_ProduktLaunch26_META_Feed,Feed_v1,2026-09-03,45-54,Male,2207,1080.0,2.04,62,41,1.85,0.47,19.27,1.0,19.27,Website purchases
SK_BrandAwareness_Leto26_META,SK_BrandAwareness_Leto26_META_Carousel,Carousel_v1,2026-06-09,35-44,Female,2646,1247.0,2.12,58,32,1.2,0.57,18.24,,,
SK_ProduktLaunch26_META,SK_ProduktLaunch26_META_Stories,Stories_v1,2026-08-17,35-44,Female,1198,608.0,1.97,43,20,1.65,0.46,9.2,1.0,9.2,Website purchases
SK_ProduktLaunch26_META,SK_ProduktLaunch26_META_Feed,Feed_v1,2026-10-11,45-54,Male,1456,714.0,2.04,62,28,1.94,0.35,9.8,1.0,9.8,Website purchases
SK_ProduktLaunch26_META,SK_ProduktLaunch26_META_Reels,Reels_v1,2026-10-19,45-54,Male,2113,1002.0,2.11,64,40,1.89,0.36,14.4,1.0,14.4,Website purchases
SK_BrandAwareness_Leto26_META,SK_BrandAwareness_Leto26_META_Video_V2,Video_v1,2026-07-17,25-34,Female,4063,2240.0,1.81,63,34,0.85,0.63,21.42,,,
SK_ProduktLaunch26_META,SK_ProduktLaunch26_META_Stories,Stories_v1,2026-10-04,55-64,Female,941,620.0,1.52,27,12,1.25,0.56,6.72,0.0,,Website purchases
SK_ProduktLaunch26_META,SK_ProduktLaunch26_META_Feed,Feed_v1,2026-09-09,45-54,Male,1688,845.0,2.0,73,32,1.92,0.55,17.6,1.0,17.6,Website purchases
SK_BrandAwareness_Leto26_META,SK_BrandAwareness_Leto26_META_Carousel,Carousel_v1,2026-07-01,25-34,Female,3031,2107.0,1.44,101,52,1.73,0.53,27.56,,,
SK_BrandAwareness_Leto26_META,SK_BrandAwareness_Leto26_META_Carousel,Carousel_v1,2026-07-20,35-44,Female,1294,674.0,1.92,42,19,1.46,0.66,12.54,,,
SK_BrandAwareness_Leto26_META,SK_BrandAwareness_Leto26_META_Video,Video_v1,2026-07-05,35-44,Female,2181,1057.0,2.06,48,33,1.5,0.36,11.88,,,
SK_ProduktLaunch26_META,SK_ProduktLaunch26_META_Reels,Reels_v1,2026-10-03,35-44,Female,2229,1132.0,1.97,58,28,1.25,0.31,8.68,1.0,8.68,Website purchases
SK_ProduktLaunch26_META,SK_ProduktLaunch26_META_Feed,Feed_v1,2026-09-21,18-24,Female,1055,484.0,2.18,25,15,1.39,0.49,7.35,0.0,,Website purchases
SK_ProduktLaunch26_META,SK_ProduktLaunch26_META_Reels,Reels_v1,2026-10-27,45-54,Female,3502,2542.0,1.38,93,58,1.65,0.47,27.26,2.0,13.63,Website purchases
SK_BrandAwareness_Leto26_META,SK_BrandAwareness_Leto26_META_Video,Video_v1,2026-06-04,45-54,Male,1584,769.0,2.06,37,18,1.16,0.58,10.44,,,
SK_BrandAwareness_Leto26_META,SK_BrandAwareness_Leto26_META_Carousel,Carousel_v1,2026-06-13,18-24,Female,1629,847.0,1.92,53,26,1.57,0.41,10.66,,,
SK_ProduktLaunch26_META,SK_ProduktLaunch26_META_Reels,Reels_v1,2026-10-26,45-54,Male,2271,1048.0,2.17,81,52,2.29,0.42,21.84,2.0,10.92,Website purchases
SK_ProduktLaunch26_META,SK_ProduktLaunch26_META_Stories,Stories_v1,2026-09-14,25-34,Female,2027,1109.0,1.83,42,23,1.15,0.53,12.19,1.0,12.19,Website purchases
SK_ProduktLaunch26_META,SK_ProduktLaunch26_META_Reels,Reels_v1,2026-10-18,35-44,Male,2823,1319.0,2.14,67,41,1.47,0.42,17.22,1.0,17.22,Website purchases
SK_ProduktLaunch26_META,SK_ProduktLaunch26_META_Feed,Feed_v1,2026-09-15,18-24,Female,1864,1390.0,1.34,70,34,1.85,0.44,14.96,1.0,14.96,Website purchases
SK_BrandAwareness_Leto26_META,SK_BrandAwareness_Leto26_META_Carousel,Carousel_v1,2026-06-13,55-64,Female,1334,739.0,1.81,25,14,1.07,0.65,9.1,,,
SK_BrandAwareness_Leto26_META,SK_BrandAwareness_Leto26_META_Reels,Reels_v1,2026-07-13,65+,Female,1848,1069.0,1.73,54,28,1.52,0.4,11.2,,,
SK_ProduktLaunch26_META,SK_ProduktLaunch26_META_Feed,Feed_v1,2026-09-26,25-34,Female,2708,1411.0,1.92,80,35,1.31,0.39,13.65,1.0,13.65,Website purchases
SK_BrandAwareness_Leto26_META,SK_BrandAwareness_Leto26_META_Reels,Reels_v1,2026-08-01,25-34,Female,2692,1910.0,1.41,50,29,1.07,0.45,13.05,,,
SK_ProduktLaunch26_META,SK_ProduktLaunch26_META_Reels,Reels_v1,2026-09-28,35-44,Male,3804,2606.0,1.46,150,87,2.3,0.49,42.63,3.0,14.21,Website purchases
SK_ProduktLaunch26_META,SK_ProduktLaunch26_META_Stories,Stories_v1,2026-10-07,55-64,Male,1050,590.0,1.78,45,22,2.12,0.48,10.56,1.0,10.56,Website purchases
SK_BrandAwareness_Leto26_META,SK_BrandAwareness_Leto26_META_Carousel,Carousel_v1,2026-08-04,65+,Female,500,305.0,1.64,17,8,1.52,0.56,4.48,,,
SK_BrandAwareness_Leto26_META,SK_BrandAwareness_Leto26_META_Video,Video_v1,2026-06-06,55-64,Female,1423,719.0,1.98,27,16,1.14,0.61,9.76,,,
SK_ProduktLaunch26_META,SK_ProduktLaunch26_META_Feed,Feed_v1,2026-10-02,18-24,Male,1841,958.0,1.92,36,23,1.25,0.56,12.88,1.0,12.88,Website purchases
SK_BrandAwareness_Leto26_META,SK_BrandAwareness_Leto26_META_Reels,Reels_v1,2026-06-16,45-54,Female,1930,1245.0,1.55,65,29,1.5,0.45,13.05,,,
SK_BrandAwareness_Leto26_META,SK_BrandAwareness_Leto26_META_Reels,Reels_v1,2026-06-10,65+,Female,1722,862.0,2.0,45,29,1.66,0.32,9.28,,,
SK_BrandAwareness_Leto26_META,SK_BrandAwareness_Leto26_META_Video,Video_v1,2026-06-02,35-44,Female,3808,2850.0,1.34,121,56,1.48,0.39,21.84,,,
SK_ProduktLaunch26_META,SK_ProduktLaunch26_META_Reels,Reels_v1,2026-10-28,35-44,Female,3105,2349.0,1.32,64,41,1.31,0.38,15.58,1.0,15.58,Website purchases
SK_BrandAwareness_Leto26_META,SK_BrandAwareness_Leto26_META_Carousel,Carousel_v1,2026-07-16,65+,Male,1139,525.0,2.17,42,24,2.09,0.56,13.44,,,
SK_BrandAwareness_Leto26_META,SK_BrandAwareness_Leto26_META_Video_V2,Video_v1,2026-08-08,35-44,Male,2044,1214.0,1.68,47,32,1.57,0.65,20.8,,,
SK_BrandAwareness_Leto26_META,SK_BrandAwareness_Leto26_META_Video,Video_v1,2026-06-07,18-24,Female,2846,1694.0,1.68,66,29,1.01,0.42,12.18,,,
SK_ProduktLaunch26_META,SK_ProduktLaunch26_META_Stories,Stories_v1,2026-09-28,65+,Male,532,405.0,1.31,13,9,1.74,0.35,3.15,0.0,,Website purchases
SK_BrandAwareness_Leto26_META,SK_BrandAwareness_Leto26_META_Video_V2,Video_v1,2026-07-28,65+,Female,1624,1167.0,1.39,28,15,0.93,0.41,6.15,,,
SK_ProduktLaunch26_META,SK_ProduktLaunch26_META_Feed,Feed_v1,2026-10-14,35-44,Male,1589,813.0,1.95,38,17,1.05,0.42,7.14,0.0,,Website purchases
SK_BrandAwareness_Leto26_META,SK_BrandAwareness_Leto26_META_Reels,Reels_v1,2026-07-02,65+,Male,1230,631.0,1.95,43,24,1.95,0.35,8.4,,,
SK_ProduktLaunch26_META,SK_ProduktLaunch26_META_Stories,Stories_v1,2026-10-15,45-54,Male,1545,937.0,1.65,59,33,2.16,0.53,17.49,1.0,17.49,Website purchases
SK_ProduktLaunch26_META,SK_ProduktLaunch26_META_Stories,Stories_v1,2026-08-24,35-44,Male,1685,819.0,2.06,30,20,1.16,0.47,9.4,1.0,9.4,Website purchases
SK_ProduktLaunch26_META,SK_ProduktLaunch26_META_Reels,Reels_v1,2026-10-09,25-34,Female,4450,3298.0,1.35,186,84,1.88,0.54,45.36,3.0,15.12,Website purchases
SK_BrandAwareness_Leto26_META,SK_BrandAwareness_Leto26_META_Reels,Reels_v1,2026-06-21,45-54,Female,2462,1728.0,1.42,43,29,1.2,0.48,13.92,,,
SK_BrandAwareness_Leto26_META,SK_BrandAwareness_Leto26_META_Carousel,Carousel_v1,2026-07-30,65+,Male,894,615.0,1.45,27,17,1.87,0.44,7.48,,,
SK_BrandAwareness_Leto26_META,SK_BrandAwareness_Leto26_META_Carousel,Carousel_v1,2026-07-22,45-54,Female,1548,891.0,1.74,60,30,1.96,0.69,20.7,,,
SK_BrandAwareness_Leto26_META,SK_BrandAwareness_Leto26_META_Carousel,Carousel_v1,2026-06-29,65+,Female,580,272.0,2.13,11,7,1.19,0.46,3.22,,,
SK_BrandAwareness_Leto26_META,SK_BrandAwareness_Leto26_META_Carousel,Carousel_v1,2026-08-02,45-54,Male,2024,1469.0,1.38,38,27,1.34,0.63,17.01,,,
SK_BrandAwareness_Leto26_META,SK_BrandAwareness_Leto26_META_Video_V2,Video_v1,2026-08-11,65+,Male,1719,809.0,2.12,39,20,1.19,0.45,9.0,,,
SK_ProduktLaunch26_META,SK_ProduktLaunch26_META_Reels,Reels_v1,2026-09-27,65+,Female,1634,1150.0,1.42,54,27,1.63,0.35,9.45,1.0,9.45,Website purchases
SK_BrandAwareness_Leto26_META,SK_BrandAwareness_Leto26_META_Carousel,Carousel_v1,2026-07-06,25-34,Female,2542,1496.0,1.7,53,32,1.25,0.7,22.4,,,
SK_ProduktLaunch26_META,SK_ProduktLaunch26_META_Reels,Reels_v1,2026-09-22,45-54,Male,3656,2146.0,1.7,126,75,2.04,0.53,39.75,2.0,19.88,Website purchases
SK_BrandAwareness_Leto26_META,SK_BrandAwareness_Leto26_META_Reels,Reels_v1,2026-06-28,35-44,Male,4359,3027.0,1.44,94,55,1.25,0.32,17.6,,,
SK_BrandAwareness_Leto26_META,SK_BrandAwareness_Leto26_META_Carousel,Carousel_v1,2026-06-17,25-34,Male,2502,1512.0,1.65,55,25,1.02,0.56,14.0,,,
SK_BrandAwareness_Leto26_META,SK_BrandAwareness_Leto26_META_Carousel,Carousel_v1,2026-07-22,25-34,Male,2753,1713.0,1.61,80,36,1.29,0.48,17.28,,,
SK_ProduktLaunch26_META,SK_ProduktLaunch26_META_Reels,Reels_v1,2026-08-30,35-44,Male,2348,1410.0,1.67,102,48,2.04,0.51,24.48,1.0,24.48,Website purchases
SK_ProduktLaunch26_META,SK_ProduktLaunch26_META_Stories,Stories_v1,2026-10-24,55-64,Female,1542,988.0,1.56,68,33,2.15,0.38,12.54,1.0,12.54,Website purchases
SK_ProduktLaunch26_META,SK_ProduktLaunch26_META_Stories,Stories_v1,2026-09-19,55-64,Female,1523,1118.0,1.36,48,25,1.65,0.43,10.75,1.0,10.75,Website purchases
SK_BrandAwareness_Leto26_META,SK_BrandAwareness_Leto26_META_Reels,Reels_v1,2026-06-28,25-34,Male,5449,3741.0,1.46,104,54,1.0,0.37,19.98,,,
SK_ProduktLaunch26_META,SK_ProduktLaunch26_META_Stories,Stories_v1,2026-08-18,18-24,Female,880,422.0,2.09,32,18,2.02,0.37,6.66,1.0,6.66,Website purchases
SK_BrandAwareness_Leto26_META,SK_BrandAwareness_Leto26_META_Video_V2,Video_v1,2026-07-19,55-64,Male,2062,,,59,28,1.37,0.35,9.8,,,
SK_BrandAwareness_Leto26_META,SK_BrandAwareness_Leto26_META_Carousel,Carousel_v1,2026-07-17,55-64,Female,782,429.0,1.82,30,14,1.81,0.45,6.3,,,
SK_ProduktLaunch26_META,SK_ProduktLaunch26_META_Reels,Reels_v1,2026-10-23,18-24,Male,3189,1528.0,2.09,106,67,2.1,0.5,33.5,2.0,16.75,Website purchases
SK_ProduktLaunch26_META,SK_ProduktLaunch26_META_Feed,Feed_v1,2026-10-13,25-34,Male,2162,1535.0,1.41,71,38,1.74,0.47,17.86,1.0,17.86,Website purchases
SK_BrandAwareness_Leto26_META,SK_BrandAwareness_Leto26_META_Video_V2,Video_v1,2026-08-01,35-44,Male,2823,1655.0,1.71,79,38,1.33,0.62,23.56,,,
SK_ProduktLaunch26_META,SK_ProduktLaunch26_META_Stories,Stories_v1,2026-10-18,35-44,Female,1281,618.0,2.07,24,15,1.15,0.36,5.4,0.0,,Website purchases
SK_BrandAwareness_Leto26_META,SK_BrandAwareness_Leto26_META_Reels,Reels_v1,2026-08-03,55-64,Male,2308,1162.0,1.99,66,40,1.75,0.3,12.0,,,
SK_ProduktLaunch26_META,SK_ProduktLaunch26_META_Stories,Stories_v1,2026-08-26,65+,Male,836,568.0,1.47,22,12,1.38,0.39,4.68,0.0,,Website purchases
SK_ProduktLaunch26_META,SK_ProduktLaunch26_META_Feed,Feed_v1,2026-10-13,65+,Male,1242,856.0,1.45,39,20,1.65,0.43,8.6,0.0,,Website purchases
SK_BrandAwareness_Leto26_META,SK_BrandAwareness_Leto26_META_Reels,Reels_v1,2026-06-12,45-54,Male,3556,2099.0,1.69,95,55,1.55,0.32,17.6,,,
SK_BrandAwareness_Leto26_META,SK_BrandAwareness_Leto26_META_Video_V2,Video_v1,2026-07-08,25-34,Female,3233,2346.0,1.38,64,34,1.05,0.45,15.3,,,
SK_BrandAwareness_Leto26_META,SK_BrandAwareness_Leto26_META_Reels,Reels_v1,2026-07-22,35-44,Female,3127,1998.0,1.57,61,36,1.16,0.39,14.04,,,
SK_BrandAwareness_Leto26_META,SK_BrandAwareness_Leto26_META_Video,Video_v1,2026-06-04,65+,Female,859,432.0,1.99,19,12,1.41,0.37,4.44,,,
SK_ProduktLaunch26_META,SK_ProduktLaunch26_META_Reels,Reels_v1,2026-10-10,35-44,Male,3831,2320.0,1.65,150,70,1.83,0.32,22.4,2.0,11.2,Website purchases
SK_ProduktLaunch26_META,SK_ProduktLaunch26_META_Feed,Feed_v1,2026-10-20,55-64,Male,1430,1050.0,1.36,36,16,1.11,0.51,8.16,0.0,,Website purchases
SK_ProduktLaunch26_META,SK_ProduktLaunch26_META_Feed,Feed_v1,2026-09-02,35-44,Female,2705,1684.0,1.61,95,50,1.86,0.52,26.0,1.0,26.0,Website purchases
SK_BrandAwareness_Leto26_META,SK_BrandAwareness_Leto26_META_Reels,Reels_v1,2026-07-15,35-44,Female,2307,1320.0,1.75,61,36,1.56,0.34,12.24,,,
SK_ProduktLaunch26_META,SK_ProduktLaunch26_META_Reels,Reels_v1,2026-10-10,65+,Female,1776,1244.0,1.43,98,43,2.44,0.38,16.34,1.0,16.34,Website purchases
SK_ProduktLaunch26_META,SK_ProduktLaunch26_META_Reels,Reels_v1,2026-10-01,65+,Male,1061,792.0,1.34,46,23,2.15,0.33,7.59,1.0,7.59,Website purchases
SK_BrandAwareness_Leto26_META,SK_BrandAwareness_Leto26_META_Reels,Reels_v1,2026-06-25,55-64,Female,2695,1550.0,1.74,59,34,1.26,0.54,18.36,,,
SK_BrandAwareness_Leto26_META,SK_BrandAwareness_Leto26_META_Carousel,Carousel_v1,2026-06-07,65+,Male,989,510.0,1.94,22,11,1.13,0.63,6.93,,,
SK_ProduktLaunch26_META,SK_ProduktLaunch26_META_Stories,Stories_v1,2026-10-25,25-34,Female,2477,1205.0,2.06,74,47,1.9,0.5,23.5,1.0,23.5,Website purchases
SK_BrandAwareness_Leto26_META,SK_BrandAwareness_Leto26_META_Carousel,Carousel_v1,2026-06-26,45-54,Female,1440,754.0,1.91,50,23,1.59,0.61,14.03,,,
SK_BrandAwareness_Leto26_META,SK_BrandAwareness_Leto26_META_Video_V2,Video_v1,2026-08-12,45-54,Female,2119,1395.0,1.52,38,25,1.18,0.37,9.25,,,
SK_ProduktLaunch26_META,SK_ProduktLaunch26_META_Feed,Feed_v1,2026-09-06,55-64,Female,1027,741.0,1.39,35,16,1.53,0.51,8.16,0.0,,Website purchases
SK_BrandAwareness_Leto26_META,SK_BrandAwareness_Leto26_META_Carousel,Carousel_v1,2026-08-13,35-44,Female,1205,690.0,1.75,51,24,2.02,0.58,13.92,,,
SK_BrandAwareness_Leto26_META,SK_BrandAwareness_Leto26_META_Video_V2,Video_v1,2026-07-10,55-64,Female,2071,1330.0,1.56,65,32,1.55,0.47,15.04,,,
SK_BrandAwareness_Leto26_META,SK_BrandAwareness_Leto26_META_Reels,Reels_v1,2026-06-29,55-64,Male,2323,1402.0,1.66,48,24,1.03,0.36,8.64,,,
SK_BrandAwareness_Leto26_META,SK_BrandAwareness_Leto26_META_Carousel,Carousel_v1,2026-07-16,45-54,Male,1826,1227.0,1.49,70,39,2.14,0.69,26.91,,,
SK_BrandAwareness_Leto26_META,SK_BrandAwareness_Leto26_META_Carousel,Carousel_v1,2026-06-04,55-64,Female,1605,1001.0,1.6,68,35,2.19,0.51,17.85,,,
SK_ProduktLaunch26_META,SK_ProduktLaunch26_META_Reels,Reels_v1,2026-09-29,45-54,Female,3556,2089.0,1.7,149,73,2.04,0.44,32.12,2.0,16.06,Website purchases
SK_BrandAwareness_Leto26_META,SK_BrandAwareness_Leto26_META_Video,Video_v1,2026-07-02,55-64,Female,1308,629.0,2.08,25,14,1.11,0.64,8.96,,,
SK_ProduktLaunch26_META,SK_ProduktLaunch26_META_Feed,Feed_v1,2026-09-27,45-54,Female,2282,1661.0,1.37,85,45,1.99,0.58,26.1,1.0,26.1,Website purchases
SK_ProduktLaunch26_META,SK_ProduktLaunch26_META_Reels,Reels_v1,2026-08-18,35-44,Female,2398,1495.0,1.6,58,31,1.31,0.46,14.26,1.0,14.26,Website purchases
SK_ProduktLaunch26_META,SK_ProduktLaunch26_META_Stories,Stories_v1,2026-08-28,35-44,Male,2544,1861.0,1.37,41,28,1.11,0.47,13.16,1.0,13.16,Website purchases
SK_ProduktLaunch26_META,SK_ProduktLaunch26_META_Reels,Reels_v1,2026-10-17,55-64,Male,1415,829.0,1.71,34,22,1.54,0.54,11.88,1.0,11.88,Website purchases
SK_ProduktLaunch26_META,SK_ProduktLaunch26_META_Stories,Stories_v1,2026-10-11,35-44,Female,1885,1345.0,1.4,48,29,1.54,0.48,13.92,1.0,13.92,Website purchases
SK_ProduktLaunch26_META,SK_ProduktLaunch26_META_Stories,Stories_v1,2026-10-25,45-54,Female,2126,974.0,2.18,65,39,1.82,0.53,20.67,1.0,20.67,Website purchases
SK_ProduktLaunch26_META,SK_ProduktLaunch26_META_Stories,Stories_v1,2026-08-26,45-54,Male,1389,922.0,1.51,49,25,1.78,0.56,14.0,1.0,14.0,Website purchases
SK_BrandAwareness_Leto26_META,SK_BrandAwareness_Leto26_META_Video_V2,Video_v1,2026-08-07,35-44,Male,3698,1909.0,1.94,70,35,0.96,0.47,16.45,,,
SK_ProduktLaunch26_META,SK_ProduktLaunch26_META_Stories,Stories_v1,2026-10-05,25-34,Male,3165,2189.0,1.45,115,69,2.19,0.42,28.98,2.0,14.49,Website purchases
SK_ProduktLaunch26_META,SK_ProduktLaunch26_META_Feed,Feed_v1,2026-09-24,35-44,Male,2346,1083.0,2.17,62,40,1.7,0.52,20.8,1.0,20.8,Website purchases
SK_BrandAwareness_Leto26_META,SK_BrandAwareness_Leto26_META_Reels,Reels_v1,2026-07-16,18-24,Male,3414,2476.0,1.38,104,62,1.83,0.37,22.94,,,
SK_BrandAwareness_Leto26_META,SK_BrandAwareness_Leto26_META_Carousel,Carousel_v1,2026-08-11,25-34,Male,2362,1336.0,1.77,57,39,1.65,0.41,15.99,,,
SK_BrandAwareness_Leto26_META,SK_BrandAwareness_Leto26_META_Video_V2,Video_v1,2026-07-24,65+,Male,1029,571.0,1.8,24,12,1.18,0.44,5.28,,,
SK_BrandAwareness_Leto26_META,SK_BrandAwareness_Leto26_META_Carousel,Carousel_v1,2026-07-04,18-24,Female,1594,780.0,2.04,26,16,1.01,0.67,10.72,,,
SK_BrandAwareness_Leto26_META,SK_BrandAwareness_Leto26_META_Carousel,Carousel_v1,2026-06-30,45-54,Male,1201,906.0,1.33,34,23,1.89,0.65,14.95,,,
SK_ProduktLaunch26_META,SK_ProduktLaunch26_META_Feed,Feed_v1,2026-08-20,65+,Female,1031,710.0,1.45,34,19,1.8,0.59,11.21,0.0,,Website purchases
SK_BrandAwareness_Leto26_META,SK_BrandAwareness_Leto26_META_Carousel,Carousel_v1,2026-06-19,18-24,Male,1306,623.0,2.1,53,24,1.82,0.66,15.84,,,
SK_ProduktLaunch26_META,SK_ProduktLaunch26_META_Stories,Stories_v1,2026-10-03,25-34,Male,1723,1239.0,1.39,57,34,1.97,0.47,15.98,1.0,15.98,Website purchases
SK_ProduktLaunch26_META,SK_ProduktLaunch26_META_Feed,Feed_v1,2026-08-20,18-24,Male,1160,873.0,1.33,20,14,1.21,0.48,6.72,0.0,,Website purchases
SK_BrandAwareness_Leto26_META,SK_BrandAwareness_Leto26_META_Video_V2,Video_v1,2026-07-21,18-24,Male,2132,1412.0,1.51,55,25,1.16,0.52,13.0,,,
SK_ProduktLaunch26_META,SK_ProduktLaunch26_META_Reels,Reels_v1,2026-10-06,25-34,Female,2737,1573.0,1.74,139,66,2.41,0.44,29.04,2.0,14.52,Website purchases
SK_ProduktLaunch26_META,SK_ProduktLaunch26_META_Reels,Reels_v1,2026-10-18,18-24,Male,1884,1027.0,1.83,45,30,1.57,0.43,12.9,1.0,12.9,Website purchases
SK_BrandAwareness_Leto26_META,SK_BrandAwareness_Leto26_META_Reels,Reels_v1,2026-06-27,65+,Male,956,443.0,2.16,32,15,1.57,0.49,7.35,,,
SK_ProduktLaunch26_META,SK_ProduktLaunch26_META_Stories,Stories_v1,2026-09-03,45-54,Male,2043,986.0,2.07,42,25,1.2,0.46,11.5,1.0,11.5,Website purchases
SK_BrandAwareness_Leto26_META,SK_BrandAwareness_Leto26_META_Video,Video_v1,2026-06-28,65+,Male,1547,706.0,2.19,27,17,1.07,0.56,9.52,,,
SK_ProduktLaunch26_META,SK_ProduktLaunch26_META_Feed,Feed_v1,2026-10-06,35-44,Male,1845,1026.0,1.8,53,27,1.47,0.41,11.07,1.0,11.07,Website purchases
SK_BrandAwareness_Leto26_META,SK_BrandAwareness_Leto26_META_Video,Video_v1,2026-07-02,25-34,Male,2450,1172.0,2.09,76,37,1.51,0.45,16.65,,,
SK_BrandAwareness_Leto26_META,SK_BrandAwareness_Leto26_META_Carousel,Carousel_v1,2026-07-15,25-34,Male,1464,714.0,2.05,45,24,1.66,0.52,12.48,,,
SK_ProduktLaunch26_META,SK_ProduktLaunch26_META_Feed,Feed_v1,2026-10-02,55-64,Male,1688,1014.0,1.66,32,18,1.04,0.5,9.0,0.0,,Website purchases
SK_BrandAwareness_Leto26_META,SK_BrandAwareness_Leto26_META_Video,Video_v1,2026-06-07,65+,Female,1560,710.0,2.2,43,24,1.51,0.51,12.24,,,
SK_ProduktLaunch26_META,SK_ProduktLaunch26_META_Reels,Reels_v1,2026-09-18,65+,Male,1260,874.0,1.44,52,28,2.22,0.43,12.04,1.0,12.04,Website purchases
SK_BrandAwareness_Leto26_META,SK_BrandAwareness_Leto26_META_Video_V2,Video_v1,2026-08-06,65+,Female,991,652.0,1.52,13,9,0.95,0.44,3.96,,,
SK_BrandAwareness_Leto26_META,SK_BrandAwareness_Leto26_META_Carousel,Carousel_v1,2026-06-30,55-64,Male,1807,1192.0,1.52,51,27,1.47,0.48,12.96,,,
SK_BrandAwareness_Leto26_META,SK_BrandAwareness_Leto26_META_Reels,Reels_v1,2026-06-13,35-44,Male,3023,1376.0,2.2,94,60,1.99,0.39,23.4,,,
SK_ProduktLaunch26_META,SK_ProduktLaunch26_META_Reels,Reels_v1,2026-09-06,65+,Female,1506,1061.0,1.42,62,28,1.88,0.47,13.16,1.0,13.16,Website purchases
SK_ProduktLaunch26_META,SK_ProduktLaunch26_META_Feed,Feed_v1,2026-08-23,55-64,Female,1110,643.0,1.73,32,17,1.5,0.36,6.12,0.0,,Website purchases
SK_BrandAwareness_Leto26_META,SK_BrandAwareness_Leto26_META_Carousel,Carousel_v1,2026-06-09,18-24,Female,974,550.0,1.77,24,13,1.37,0.69,8.97,,,
SK_BrandAwareness_Leto26_META,SK_BrandAwareness_Leto26_META_Carousel,Carousel_v1,2026-07-06,55-64,Male,1832,1034.0,1.77,28,20,1.07,0.62,12.4,,,
SK_BrandAwareness_Leto26_META,SK_BrandAwareness_Leto26_META_Video_V2,Video_v1,2026-07-06,25-34,Female,2619,1325.0,1.98,66,29,1.1,0.56,16.24,,,
SK_ProduktLaunch26_META,SK_ProduktLaunch26_META_Reels,Reels_v1,2026-09-12,18-24,Female,3033,1460.0,2.08,169,75,2.47,0.54,40.5,2.0,20.25,Website purchases
SK_ProduktLaunch26_META,SK_ProduktLaunch26_META_Reels,Reels_v1,2026-10-09,18-24,Female,1668,830.0,2.01,64,33,2.0,0.5,16.5,1.0,16.5,Website purchases
SK_BrandAwareness_Leto26_META,SK_BrandAwareness_Leto26_META_Carousel,Carousel_v1,2026-06-29,55-64,Male,1021,688.0,1.48,25,13,1.27,0.49,6.37,,,
SK_BrandAwareness_Leto26_META,SK_BrandAwareness_Leto26_META_Video,Video_v1,2026-06-02,18-24,Male,2624,1310.0,2.0,75,34,1.28,0.39,13.26,,,
SK_BrandAwareness_Leto26_META,SK_BrandAwareness_Leto26_META_Video_V2,Video_v1,2026-07-26,18-24,Male,3233,2240.0,1.44,70,36,1.12,0.57,20.52,,,
SK_BrandAwareness_Leto26_META,SK_BrandAwareness_Leto26_META_Video_V2,Video_v1,2026-08-12,18-24,Female,2178,1203.0,1.81,68,39,1.79,0.61,23.79,,,
SK_BrandAwareness_Leto26_META,SK_BrandAwareness_Leto26_META_Reels,Reels_v1,2026-06-17,65+,Male,1586,789.0,2.01,43,26,1.63,0.4,10.4,,,
SK_ProduktLaunch26_META,SK_ProduktLaunch26_META_Reels,Reels_v1,2026-08-21,55-64,Female,2833,1526.0,1.86,76,54,1.91,0.32,17.28,2.0,8.64,Website purchases
SK_ProduktLaunch26_META,SK_ProduktLaunch26_META_Feed,Feed_v1,2026-09-14,18-24,Female,2440,1610.0,1.52,81,45,1.86,0.42,18.9,1.0,18.9,Website purchases
SK_ProduktLaunch26_META,SK_ProduktLaunch26_META_Stories,Stories_v1,2026-09-28,25-34,Male,1762,1212.0,1.45,50,25,1.41,0.54,13.5,1.0,13.5,Website purchases
SK_ProduktLaunch26_META,SK_ProduktLaunch26_META_Stories,Stories_v1,2026-09-26,35-44,Male,2650,1549.0,1.71,76,45,1.69,0.32,14.4,1.0,14.4,Website purchases
SK_ProduktLaunch26_META,SK_ProduktLaunch26_META_Reels,Reels_v1,2026-10-20,65+,Male,1054,715.0,1.47,41,18,1.69,0.48,8.64,1.0,8.64,Website purchases
SK_BrandAwareness_Leto26_META,SK_BrandAwareness_Leto26_META_Video_V2,Video_v1,2026-08-03,55-64,Male,2396,1107.0,2.16,48,28,1.19,0.56,15.68,,,
SK_BrandAwareness_Leto26_META,SK_BrandAwareness_Leto26_META_Reels,Reels_v1,2026-06-02,65+,Male,1942,1234.0,1.57,56,29,1.5,0.44,12.76,,,
SK_ProduktLaunch26_META,SK_ProduktLaunch26_META_Stories,Stories_v1,2026-08-18,25-34,Female,2609,1306.0,2.0,56,35,1.35,0.5,17.5,1.0,17.5,Website purchases
SK_BrandAwareness_Leto26_META,SK_BrandAwareness_Leto26_META_Carousel,Carousel_v1,2026-07-11,25-34,Female,1412,667.0,2.12,32,15,1.04,0.43,6.45,,,
SK_ProduktLaunch26_META,SK_ProduktLaunch26_META_Feed,Feed_v1,2026-08-29,55-64,Female,876,,,29,16,1.88,0.48,7.68,0.0,,Website purchases
SK_ProduktLaunch26_META,SK_ProduktLaunch26_META_Reels,Reels_v1,2026-08-29,18-24,Female,1579,1175.0,1.34,77,37,2.32,0.35,12.95,1.0,12.95,Website purchases
SK_BrandAwareness_Leto26_META,SK_BrandAwareness_Leto26_META_Video,Video_v1,2026-06-09,45-54,Male,2457,1619.0,1.52,31,22,0.89,0.58,12.76,,,
SK_ProduktLaunch26_META,SK_ProduktLaunch26_META_Feed,Feed_v1,2026-09-24,18-24,Female,1338,978.0,1.37,51,23,1.7,0.57,13.11,1.0,13.11,Website purchases
SK_ProduktLaunch26_META,SK_ProduktLaunch26_META_Feed,Feed_v1,2026-09-04,55-64,Female,1777,1270.0,1.4,64,31,1.76,0.58,17.98,1.0,17.98,Website purchases
SK_BrandAwareness_Leto26_META,SK_BrandAwareness_Leto26_META_Reels,Reels_v1,2026-08-14,55-64,Female,1965,1076.0,1.83,45,22,1.14,0.35,7.7,,,
SK_BrandAwareness_Leto26_META,SK_BrandAwareness_Leto26_META_Reels,Reels_v1,2026-06-24,25-34,Female,2956,1824.0,1.62,81,48,1.63,0.41,19.68,,,
SK_BrandAwareness_Leto26_META,SK_BrandAwareness_Leto26_META_Carousel,Carousel_v1,2026-06-12,45-54,Female,1119,548.0,2.04,27,14,1.23,0.66,9.24,,,
SK_BrandAwareness_Leto26_META,SK_BrandAwareness_Leto26_META_Carousel,Carousel_v1,2026-08-02,35-44,Male,2852,1797.0,1.59,98,46,1.61,0.51,23.46,,,
SK_ProduktLaunch26_META,SK_ProduktLaunch26_META_Feed,Feed_v1,2026-10-16,65+,Male,806,501.0,1.61,24,11,1.38,0.39,4.29,0.0,,Website purchases
SK_ProduktLaunch26_META,SK_ProduktLaunch26_META_Feed,Feed_v1,2026-10-03,55-64,Male,1664,1005.0,1.66,29,20,1.23,0.43,8.6,0.0,,Website purchases
SK_BrandAwareness_Leto26_META,SK_BrandAwareness_Leto26_META_Video_V2,Video_v1,2026-07-14,55-64,Male,1433,722.0,1.98,37,17,1.19,0.45,7.65,,,
SK_ProduktLaunch26_META,SK_ProduktLaunch26_META_Feed,Feed_v1,2026-09-12,18-24,Female,1030,677.0,1.52,37,20,1.94,0.53,10.6,0.0,,Website purchases
SK_BrandAwareness_Leto26_META,SK_BrandAwareness_Leto26_META_Video_V2,Video_v1,2026-07-29,25-34,Female,3039,2203.0,1.38,105,46,1.52,0.58,26.68,,,
SK_BrandAwareness_Leto26_META,SK_BrandAwareness_Leto26_META_Reels,Reels_v1,2026-06-11,65+,Male,1741,835.0,2.09,45,20,1.16,0.37,7.4,,,
SK_ProduktLaunch26_META,SK_ProduktLaunch26_META_Feed,Feed_v1,2026-10-18,65+,Female,1245,727.0,1.71,52,24,1.96,0.45,10.8,1.0,10.8,Website purchases
SK_BrandAwareness_Leto26_META,SK_BrandAwareness_Leto26_META_Reels,Reels_v1,2026-07-07,18-24,Male,3362,2535.0,1.33,43,30,0.9,0.48,14.4,,,
SK_BrandAwareness_Leto26_META,SK_BrandAwareness_Leto26_META_Video_V2,Video_v1,2026-07-25,55-64,Female,2229,1023.0,2.18,53,27,1.22,0.5,13.5,,,
SK_BrandAwareness_Leto26_META,SK_BrandAwareness_Leto26_META_Video,Video_v1,2026-06-02,45-54,Male,2297,1083.0,2.12,55,25,1.07,0.43,10.75,,,
SK_BrandAwareness_Leto26_META,SK_BrandAwareness_Leto26_META_Reels,Reels_v1,2026-08-06,55-64,Male,2517,,,63,39,1.56,0.31,12.09,,,
SK_BrandAwareness_Leto26_META,SK_BrandAwareness_Leto26_META_Video,Video_v1,2026-06-01,65+,Female,1298,778.0,1.67,40,19,1.47,0.58,11.02,,,
SK_BrandAwareness_Leto26_META,SK_BrandAwareness_Leto26_META_Reels,Reels_v1,2026-07-05,55-64,Female,2845,1390.0,2.05,110,49,1.72,0.43,21.07,,,
SK_BrandAwareness_Leto26_META,SK_BrandAwareness_Leto26_META_Reels,Reels_v1,2026-06-01,45-54,Female,3099,1443.0,2.15,60,41,1.31,0.52,21.32,,,
SK_BrandAwareness_Leto26_META,SK_BrandAwareness_Leto26_META_Reels,Reels_v1,2026-07-14,45-54,Female,3161,1545.0,2.05,126,55,1.75,0.39,21.45,,,
SK_ProduktLaunch26_META,SK_ProduktLaunch26_META_Feed,Feed_v1,2026-08-18,55-64,Female,1895,897.0,2.11,76,34,1.81,0.42,14.28,1.0,14.28,Website purchases
SK_ProduktLaunch26_META,SK_ProduktLaunch26_META_Stories,Stories_v1,2026-10-15,55-64,Female,951,553.0,1.72,19,11,1.19,0.37,4.07,0.0,,Website purchases
SK_BrandAwareness_Leto26_META,SK_BrandAwareness_Leto26_META_Video,Video_v1,2026-06-03,35-44,Male,3684,2793.0,1.32,114,50,1.36,0.38,19.0,,,
SK_ProduktLaunch26_META,SK_ProduktLaunch26_META_Reels,Reels_v1,2026-08-20,18-24,Male,1670,1200.0,1.39,47,24,1.42,0.54,12.96,1.0,12.96,Website purchases
SK_BrandAwareness_Leto26_META,SK_BrandAwareness_Leto26_META_Carousel,Carousel_v1,2026-06-19,35-44,Male,1467,680.0,2.16,30,21,1.42,0.62,13.02,,,
SK_BrandAwareness_Leto26_META,SK_BrandAwareness_Leto26_META_Carousel,Carousel_v1,2026-08-08,25-34,Male,2689,1247.0,2.16,80,39,1.46,0.69,26.91,,,
SK_BrandAwareness_Leto26_META,SK_BrandAwareness_Leto26_META_Carousel,Carousel_v1,2026-08-03,25-34,Male,1797,1065.0,1.69,56,38,2.14,0.5,19.0,,,
SK_ProduktLaunch26_META,SK_ProduktLaunch26_META_Stories,Stories_v1,2026-09-26,55-64,Female,758,389.0,1.95,23,14,1.84,0.38,5.32,0.0,,Website purchases
SK_ProduktLaunch26_META,SK_ProduktLaunch26_META_Reels,Reels_v1,2026-09-22,45-54,Female,2195,1460.0,1.5,82,43,1.95,0.39,16.77,1.0,16.77,Website purchases
SK_BrandAwareness_Leto26_META,SK_BrandAwareness_Leto26_META_Reels,Reels_v1,2026-06-22,55-64,Male,2071,1213.0,1.71,61,36,1.74,0.53,19.08,,,
SK_ProduktLaunch26_META,SK_ProduktLaunch26_META_Reels,Reels_v1,2026-09-07,55-64,Male,2253,1034.0,2.18,72,40,1.76,0.3,12.0,1.0,12.0,Website purchases
SK_ProduktLaunch26_META,SK_ProduktLaunch26_META_Feed,Feed_v1,2026-08-23,18-24,Female,1806,1173.0,1.54,46,30,1.67,0.38,11.4,1.0,11.4,Website purchases
SK_ProduktLaunch26_META,SK_ProduktLaunch26_META_Stories,Stories_v1,2026-09-22,18-24,Female,1972,958.0,2.06,87,45,2.27,0.33,14.85,1.0,14.85,Website purchases
SK_BrandAwareness_Leto26_META,SK_BrandAwareness_Leto26_META_Video_V2,Video_v1,2026-08-14,55-64,Male,2663,1300.0,2.05,65,33,1.24,0.47,15.51,,,
SK_ProduktLaunch26_META,SK_ProduktLaunch26_META_Feed,Feed_v1,2026-08-15,65+,Male,830,577.0,1.44,19,10,1.18,0.56,5.6,0.0,,Website purchases
SK_ProduktLaunch26_META,SK_ProduktLaunch26_META_Reels,Reels_v1,2026-10-12,45-54,Male,2296,1086.0,2.11,77,53,2.32,0.38,20.14,2.0,10.07,Website purchases
SK_ProduktLaunch26_META,SK_ProduktLaunch26_META_Reels,Reels_v1,2026-08-23,25-34,Male,2443,1400.0,1.75,85,45,1.85,0.37,16.65,1.0,16.65,Website purchases
SK_ProduktLaunch26_META,SK_ProduktLaunch26_META_Stories,Stories_v1,2026-08-25,35-44,Female,1928,1333.0,1.45,54,27,1.41,0.44,11.88,1.0,11.88,Website purchases
SK_BrandAwareness_Leto26_META,SK_BrandAwareness_Leto26_META_Carousel,Carousel_v1,2026-08-09,18-24,Male,1586,1119.0,1.42,49,28,1.78,0.65,18.2,,,
SK_BrandAwareness_Leto26_META,SK_BrandAwareness_Leto26_META_Reels,Reels_v1,2026-08-09,35-44,Female,2411,1547.0,1.56,57,30,1.25,0.48,14.4,,,
SK_BrandAwareness_Leto26_META,SK_BrandAwareness_Leto26_META_Reels,Reels_v1,2026-07-08,45-54,Female,2463,1343.0,1.83,57,27,1.09,0.44,11.88,,,
SK_BrandAwareness_Leto26_META,SK_BrandAwareness_Leto26_META_Reels,Reels_v1,2026-06-12,65+,Male,1960,1047.0,1.87,35,22,1.11,0.44,9.68,,,
SK_ProduktLaunch26_META,SK_ProduktLaunch26_META_Stories,Stories_v1,2026-09-05,45-54,Female,1749,1100.0,1.59,45,26,1.5,0.38,9.88,1.0,9.88,Website purchases
SK_ProduktLaunch26_META,SK_ProduktLaunch26_META_Feed,Feed_v1,2026-09-12,25-34,Female,2080,1029.0,2.02,37,25,1.2,0.5,12.5,1.0,12.5,Website purchases
SK_BrandAwareness_Leto26_META,SK_BrandAwareness_Leto26_META_Video_V2,Video_v1,2026-08-04,18-24,Male,1999,1044.0,1.91,51,35,1.73,0.63,22.05,,,
SK_BrandAwareness_Leto26_META,SK_BrandAwareness_Leto26_META_Carousel,Carousel_v1,2026-06-25,18-24,Male,1267,579.0,2.19,33,16,1.28,0.46,7.36,,,
SK_ProduktLaunch26_META,SK_ProduktLaunch26_META_Reels,Reels_v1,2026-10-18,25-34,Male,4881,3412.0,1.43,89,63,1.29,0.42,26.46,2.0,13.23,Website purchases
SK_ProduktLaunch26_META,SK_ProduktLaunch26_META_Feed,Feed_v1,2026-10-21,35-44,Male,2941,2089.0,1.41,73,35,1.18,0.53,18.55,1.0,18.55,Website purchases
SK_BrandAwareness_Leto26_META,SK_BrandAwareness_Leto26_META_Carousel,Carousel_v1,2026-06-26,35-44,Male,1684,1167.0,1.44,33,18,1.04,0.41,7.38,,,
SK_ProduktLaunch26_META,SK_ProduktLaunch26_META_Reels,Reels_v1,2026-08-25,25-34,Female,4868,2282.0,2.13,167,103,2.12,0.55,56.65,3.0,18.88,Website purchases
SK_BrandAwareness_Leto26_META,SK_BrandAwareness_Leto26_META_Carousel,Carousel_v1,2026-07-08,25-34,Male,1901,878.0,2.17,38,25,1.31,0.41,10.25,,,
SK_BrandAwareness_Leto26_META,SK_BrandAwareness_Leto26_META_Video,Video_v1,2026-06-02,55-64,Female,2461,1734.0,1.42,87,39,1.6,0.52,20.28,,,
SK_ProduktLaunch26_META,SK_ProduktLaunch26_META_Stories,Stories_v1,2026-09-29,25-34,Female,2266,1035.0,2.19,72,38,1.66,0.36,13.68,1.0,13.68,Website purchases
SK_ProduktLaunch26_META,SK_ProduktLaunch26_META_Feed,Feed_v1,2026-10-01,25-34,Male,2882,,,58,33,1.16,0.6,19.8,1.0,19.8,Website purchases
SK_ProduktLaunch26_META,SK_ProduktLaunch26_META_Stories,Stories_v1,2026-08-24,45-54,Male,1125,700.0,1.61,36,20,1.78,0.51,10.2,1.0,10.2,Website purchases
SK_ProduktLaunch26_META,SK_ProduktLaunch26_META_Feed,Feed_v1,2026-09-09,55-64,Male,1609,1128.0,1.43,43,22,1.37,0.59,12.98,1.0,12.98,Website purchases
SK_BrandAwareness_Leto26_META,SK_BrandAwareness_Leto26_META_Reels,Reels_v1,2026-06-27,18-24,Male,2537,1488.0,1.7,55,24,0.93,0.36,8.64,,,
SK_BrandAwareness_Leto26_META,SK_BrandAwareness_Leto26_META_Video_V2,Video_v1,2026-08-05,65+,Male,1619,938.0,1.73,38,19,1.2,0.39,7.41,,,
SK_ProduktLaunch26_META,SK_ProduktLaunch26_META_Reels,Reels_v1,2026-10-28,18-24,Female,2295,1611.0,1.42,63,35,1.54,0.4,14.0,1.0,14.0,Website purchases
SK_ProduktLaunch26_META,SK_ProduktLaunch26_META_Reels,Reels_v1,2026-09-19,25-34,Female,4223,2058.0,2.05,118,62,1.46,0.55,34.1,2.0,17.05,Website purchases
SK_BrandAwareness_Leto26_META,SK_BrandAwareness_Leto26_META_Reels,Reels_v1,2026-07-01,25-34,Female,4741,3058.0,1.55,140,88,1.85,0.32,28.16,,,
SK_BrandAwareness_Leto26_META,SK_BrandAwareness_Leto26_META_Carousel,Carousel_v1,2026-07-29,35-44,Male,1293,856.0,1.51,36,21,1.63,0.67,14.07,,,
SK_BrandAwareness_Leto26_META,SK_BrandAwareness_Leto26_META_Reels,Reels_v1,2026-08-02,35-44,Male,3483,2461.0,1.42,95,48,1.38,0.44,21.12,,,
SK_ProduktLaunch26_META,SK_ProduktLaunch26_META_Stories,Stories_v1,2026-10-19,25-34,Female,1517,828.0,1.83,49,25,1.62,0.37,9.25,1.0,9.25,Website purchases
SK_BrandAwareness_Leto26_META,SK_BrandAwareness_Leto26_META_Carousel,Carousel_v1,2026-07-07,18-24,Female,1227,850.0,1.44,37,21,1.71,0.47,9.87,,,
SK_ProduktLaunch26_META,SK_ProduktLaunch26_META_Reels,Reels_v1,2026-08-26,45-54,Female,1646,798.0,2.06,58,29,1.76,0.46,13.34,1.0,13.34,Website purchases
SK_BrandAwareness_Leto26_META,SK_BrandAwareness_Leto26_META_Reels,Reels_v1,2026-08-14,18-24,Female,2297,1413.0,1.63,77,38,1.64,0.54,20.52,,,
SK_ProduktLaunch26_META,SK_ProduktLaunch26_META_Stories,Stories_v1,2026-10-21,65+,Female,478,220.0,2.17,12,8,1.65,0.57,4.56,0.0,,Website purchases
SK_ProduktLaunch26_META,SK_ProduktLaunch26_META_Stories,Stories_v1,2026-09-20,18-24,Female,1317,647.0,2.04,45,23,1.71,0.53,12.19,1.0,12.19,Website purchases
SK_ProduktLaunch26_META,SK_ProduktLaunch26_META_Stories,Stories_v1,2026-09-30,25-34,Female,1268,892.0,1.42,38,24,1.86,0.37,8.88,1.0,8.88,Website purchases
SK_BrandAwareness_Leto26_META,SK_BrandAwareness_Leto26_META_Video_V2,Video_v1,2026-08-02,18-24,Male,2521,1614.0,1.56,52,30,1.17,0.47,14.1,,,
SK_BrandAwareness_Leto26_META,SK_BrandAwareness_Leto26_META_Reels,Reels_v1,2026-06-27,18-24,Female,2488,1169.0,2.13,54,24,0.96,0.45,10.8,,,
SK_BrandAwareness_Leto26_META,SK_BrandAwareness_Leto26_META_Carousel,Carousel_v1,2026-08-06,25-34,Female,2749,1961.0,1.4,81,36,1.31,0.41,14.76,,,
SK_BrandAwareness_Leto26_META,SK_BrandAwareness_Leto26_META_Video,Video_v1,2026-06-04,25-34,Female,3581,2221.0,1.61,77,45,1.26,0.45,20.25,,,
SK_BrandAwareness_Leto26_META,SK_BrandAwareness_Leto26_META_Reels,Reels_v1,2026-07-14,65+,Female,1007,730.0,1.38,21,15,1.44,0.42,6.3,,,
SK_BrandAwareness_Leto26_META,SK_BrandAwareness_Leto26_META_Carousel,Carousel_v1,2026-07-10,25-34,Female,3008,1656.0,1.82,111,49,1.64,0.64,31.36,,,
SK_ProduktLaunch26_META,SK_ProduktLaunch26_META_Reels,Reels_v1,2026-09-18,45-54,Male,1944,1219.0,1.59,73,39,2.02,0.48,18.72,1.0,18.72,Website purchases
SK_ProduktLaunch26_META,SK_ProduktLaunch26_META_Feed,Feed_v1,2026-08-18,25-34,Male,3049,1849.0,1.65,80,41,1.34,0.38,15.58,1.0,15.58,Website purchases
SK_ProduktLaunch26_META,SK_ProduktLaunch26_META_Reels,Reels_v1,2026-09-05,45-54,Female,1664,1092.0,1.52,62,28,1.67,0.53,14.84,1.0,14.84,Website purchases
SK_BrandAwareness_Leto26_META,SK_BrandAwareness_Leto26_META_Carousel,Carousel_v1,2026-08-04,45-54,Female,2142,985.0,2.17,56,30,1.4,0.47,14.1,,,
SK_BrandAwareness_Leto26_META,SK_BrandAwareness_Leto26_META_Reels,Reels_v1,2026-06-17,45-54,Male,2807,1563.0,1.8,94,52,1.85,0.45,23.4,,,
SK_ProduktLaunch26_META,SK_ProduktLaunch26_META_Stories,Stories_v1,2026-09-14,65+,Female,724,339.0,2.14,16,8,1.16,0.39,3.12,0.0,,Website purchases
SK_ProduktLaunch26_META,SK_ProduktLaunch26_META_Stories,Stories_v1,2026-09-30,45-54,Male,1156,559.0,2.07,29,13,1.14,0.5,6.5,0.0,,Website purchases
SK_BrandAwareness_Leto26_META,SK_BrandAwareness_Leto26_META_Video,Video_v1,2026-07-01,65+,Male,1540,706.0,2.18,21,14,0.93,0.48,6.72,,,
SK_ProduktLaunch26_META,SK_ProduktLaunch26_META_Reels,Reels_v1,2026-10-15,55-64,Female,1251,789.0,1.59,55,31,2.46,0.51,15.81,1.0,15.81,Website purchases
SK_ProduktLaunch26_META,SK_ProduktLaunch26_META_Reels,Reels_v1,2026-10-28,45-54,Male,2547,1319.0,1.93,49,31,1.22,0.37,11.47,1.0,11.47,Website purchases
SK_BrandAwareness_Leto26_META,SK_BrandAwareness_Leto26_META_Carousel,Carousel_v1,2026-07-03,45-54,Male,1240,901.0,1.38,52,25,2.02,0.48,12.0,,,
SK_BrandAwareness_Leto26_META,SK_BrandAwareness_Leto26_META_Carousel,Carousel_v1,2026-07-13,35-44,Female,1503,764.0,1.97,36,21,1.36,0.44,9.24,,,
SK_ProduktLaunch26_META,SK_ProduktLaunch26_META_Stories,Stories_v1,2026-10-26,45-54,Female,1595,1010.0,1.58,38,22,1.37,0.38,8.36,1.0,8.36,Website purchases
SK_ProduktLaunch26_META,SK_ProduktLaunch26_META_Reels,Reels_v1,2026-09-25,45-54,Male,2213,1011.0,2.19,43,30,1.35,0.31,9.3,1.0,9.3,Website purchases
SK_ProduktLaunch26_META,SK_ProduktLaunch26_META_Stories,Stories_v1,2026-09-18,25-34,Male,1859,1311.0,1.42,51,26,1.39,0.38,9.88,1.0,9.88,Website purchases
SK_BrandAwareness_Leto26_META,SK_BrandAwareness_Leto26_META_Carousel,Carousel_v1,2026-08-09,65+,Male,652,343.0,1.9,17,10,1.58,0.48,4.8,,,
SK_BrandAwareness_Leto26_META,SK_BrandAwareness_Leto26_META_Video,Video_v1,2026-06-13,45-54,Female,2943,1621.0,1.82,70,34,1.15,0.44,14.96,,,
SK_ProduktLaunch26_META,SK_ProduktLaunch26_META_Stories,Stories_v1,2026-08-17,55-64,Female,729,399.0,1.83,15,10,1.43,0.43,4.3,0.0,,Website purchases
SK_BrandAwareness_Leto26_META,SK_BrandAwareness_Leto26_META_Reels,Reels_v1,2026-07-20,25-34,Male,4512,2768.0,1.63,167,79,1.76,0.36,28.44,,,
SK_BrandAwareness_Leto26_META,SK_BrandAwareness_Leto26_META_Video,Video_v1,2026-06-30,55-64,Male,2465,1259.0,1.96,54,25,1.0,0.5,12.5,,,
SK_ProduktLaunch26_META,SK_ProduktLaunch26_META_Reels,Reels_v1,2026-09-12,45-54,Female,3268,1586.0,2.06,151,71,2.18,0.51,36.21,2.0,18.11,Website purchases
SK_ProduktLaunch26_META,SK_ProduktLaunch26_META_Feed,Feed_v1,2026-08-15,45-54,Female,2014,1022.0,1.97,35,23,1.14,0.5,11.5,1.0,11.5,Website purchases
SK_ProduktLaunch26_META,SK_ProduktLaunch26_META_Stories,Stories_v1,2026-10-22,35-44,Male,2049,1357.0,1.51,68,42,2.03,0.35,14.7,1.0,14.7,Website purchases
SK_BrandAwareness_Leto26_META,SK_BrandAwareness_Leto26_META_Carousel,Carousel_v1,2026-07-22,45-54,Male,2184,1547.0,1.41,46,31,1.4,0.56,17.36,,,
SK_BrandAwareness_Leto26_META,SK_BrandAwareness_Leto26_META_Video,Video_v1,2026-06-13,18-24,Male,1535,1153.0,1.33,36,21,1.39,0.65,13.65,,,
SK_ProduktLaunch26_META,SK_ProduktLaunch26_META_Reels,Reels_v1,2026-09-27,18-24,Female,3089,1531.0,2.02,153,77,2.49,0.53,40.81,2.0,20.41,Website purchases
SK_ProduktLaunch26_META,SK_ProduktLaunch26_META_Reels,Reels_v1,2026-08-16,65+,Male,1235,817.0,1.51,29,20,1.62,0.48,9.6,1.0,9.6,Website purchases
SK_ProduktLaunch26_META,SK_ProduktLaunch26_META_Stories,Stories_v1,2026-10-24,18-24,Female,927,470.0,1.97,30,16,1.73,0.41,6.56,0.0,,Website purchases
SK_ProduktLaunch26_META,SK_ProduktLaunch26_META_Stories,Stories_v1,2026-08-22,55-64,Male,1153,813.0,1.42,30,13,1.16,0.58,7.54,0.0,,Website purchases
SK_BrandAwareness_Leto26_META,SK_BrandAwareness_Leto26_META_Video_V2,Video_v1,2026-08-12,55-64,Female,2218,1235.0,1.8,36,23,1.03,0.42,9.66,,,
SK_ProduktLaunch26_META,SK_ProduktLaunch26_META_Feed,Feed_v1,2026-09-26,35-44,Male,2584,1205.0,2.14,113,51,1.95,0.55,28.05,1.0,28.05,Website purchases
SK_ProduktLaunch26_META,SK_ProduktLaunch26_META_Stories,Stories_v1,2026-08-27,35-44,Male,2629,1294.0,2.03,57,31,1.16,0.4,12.4,1.0,12.4,Website purchases
SK_BrandAwareness_Leto26_META,SK_BrandAwareness_Leto26_META_Video,Video_v1,2026-06-03,25-34,Male,2757,1503.0,1.83,58,29,1.06,0.48,13.92,,,
SK_BrandAwareness_Leto26_META,SK_BrandAwareness_Leto26_META_Video_V2,Video_v1,2026-07-07,18-24,Male,1608,749.0,2.15,54,27,1.68,0.6,16.2,,,
SK_ProduktLaunch26_META,SK_ProduktLaunch26_META_Stories,Stories_v1,2026-09-13,55-64,Male,1607,828.0,1.94,60,29,1.83,0.51,14.79,1.0,14.79,Website purchases
SK_BrandAwareness_Leto26_META,SK_BrandAwareness_Leto26_META_Carousel,Carousel_v1,2026-08-11,35-44,Female,2675,1234.0,2.17,81,56,2.11,0.57,31.92,,,
SK_BrandAwareness_Leto26_META,SK_BrandAwareness_Leto26_META_Reels,Reels_v1,2026-07-07,65+,Female,1479,875.0,1.69,29,18,1.2,0.45,8.1,,,
SK_ProduktLaunch26_META,SK_ProduktLaunch26_META_Reels,Reels_v1,2026-09-13,35-44,Female,1900,1032.0,1.84,60,30,1.59,0.46,13.8,1.0,13.8,Website purchases
SK_ProduktLaunch26_META,SK_ProduktLaunch26_META_Feed,Feed_v1,2026-08-25,45-54,Female,2134,1339.0,1.59,67,35,1.62,0.37,12.95,1.0,12.95,Website purchases
SK_BrandAwareness_Leto26_META,SK_BrandAwareness_Leto26_META_Reels,Reels_v1,2026-07-29,65+,Male,1432,1062.0,1.35,37,22,1.55,0.46,10.12,,,
SK_ProduktLaunch26_META,SK_ProduktLaunch26_META_Feed,Feed_v1,2026-09-22,25-34,Male,2078,1123.0,1.85,38,26,1.26,0.36,9.36,1.0,9.36,Website purchases
SK_BrandAwareness_Leto26_META,SK_BrandAwareness_Leto26_META_Video,Video_v1,2026-06-12,35-44,Male,3690,1990.0,1.85,88,39,1.07,0.44,17.16,,,
SK_BrandAwareness_Leto26_META,SK_BrandAwareness_Leto26_META_Reels,Reels_v1,2026-08-14,25-34,Female,2542,1262.0,2.01,61,39,1.54,0.3,11.7,,,
SK_ProduktLaunch26_META,SK_ProduktLaunch26_META_Stories,Stories_v1,2026-10-23,18-24,Female,1682,815.0,2.06,80,39,2.3,0.42,16.38,1.0,16.38,Website purchases
SK_ProduktLaunch26_META,SK_ProduktLaunch26_META_Stories,Stories_v1,2026-10-01,65+,Male,821,527.0,1.56,23,16,1.89,0.58,9.28,0.0,,Website purchases
SK_BrandAwareness_Leto26_META,SK_BrandAwareness_Leto26_META_Reels,Reels_v1,2026-06-02,25-34,Male,3958,1805.0,2.19,98,64,1.63,0.51,32.64,,,
SK_ProduktLaunch26_META,SK_ProduktLaunch26_META_Reels,Reels_v1,2026-08-21,45-54,Male,2106,1440.0,1.46,72,41,1.95,0.34,13.94,1.0,13.94,Website purchases
SK_ProduktLaunch26_META,SK_ProduktLaunch26_META_Feed,Feed_v1,2026-10-13,55-64,Male,1987,941.0,2.11,41,21,1.05,0.55,11.55,1.0,11.55,Website purchases
SK_ProduktLaunch26_META,SK_ProduktLaunch26_META_Reels,Reels_v1,2026-09-18,45-54,Female,2127,1483.0,1.43,68,39,1.82,0.4,15.6,1.0,15.6,Website purchases
SK_BrandAwareness_Leto26_META,SK_BrandAwareness_Leto26_META_Video,Video_v1,2026-06-22,55-64,Female,1937,936.0,2.07,41,22,1.14,0.38,8.36,,,
SK_ProduktLaunch26_META,SK_ProduktLaunch26_META_Stories,Stories_v1,2026-09-09,45-54,Female,1127,670.0,1.68,39,19,1.68,0.44,8.36,1.0,8.36,Website purchases
SK_BrandAwareness_Leto26_META,SK_BrandAwareness_Leto26_META_Video,Video_v1,2026-06-11,45-54,Female,2531,1205.0,2.1,68,36,1.4,0.63,22.68,,,
SK_BrandAwareness_Leto26_META,SK_BrandAwareness_Leto26_META_Reels,Reels_v1,2026-07-04,35-44,Female,2942,1440.0,2.04,69,49,1.66,0.46,22.54,,,
SK_ProduktLaunch26_META,SK_ProduktLaunch26_META_Feed,Feed_v1,2026-09-21,55-64,Female,968,638.0,1.52,35,16,1.69,0.42,6.72,0.0,,Website purchases
SK_BrandAwareness_Leto26_META,SK_BrandAwareness_Leto26_META_Carousel,Carousel_v1,2026-07-17,35-44,Male,2489,1754.0,1.42,66,34,1.37,0.67,22.78,,,
SK_BrandAwareness_Leto26_META,SK_BrandAwareness_Leto26_META_Carousel,Carousel_v1,2026-06-21,65+,Male,918,519.0,1.77,21,14,1.52,0.62,8.68,,,
SK_ProduktLaunch26_META,SK_ProduktLaunch26_META_Reels,Reels_v1,2026-10-07,65+,Male,1155,554.0,2.08,22,14,1.25,0.46,6.44,0.0,,Website purchases
SK_BrandAwareness_Leto26_META,SK_BrandAwareness_Leto26_META_Video,Video_v1,2026-07-03,65+,Male,1545,983.0,1.57,28,16,1.06,0.38,6.08,,,
SK_ProduktLaunch26_META,SK_ProduktLaunch26_META_Feed,Feed_v1,2026-10-28,18-24,Female,1560,1049.0,1.49,56,29,1.86,0.39,11.31,1.0,11.31,Website purchases
SK_ProduktLaunch26_META,SK_ProduktLaunch26_META_Stories,Stories_v1,2026-10-19,18-24,Male,1718,1209.0,1.42,73,34,1.98,0.36,12.24,1.0,12.24,Website purchases
SK_BrandAwareness_Leto26_META,SK_BrandAwareness_Leto26_META_Reels,Reels_v1,2026-08-14,45-54,Female,2614,1539.0,1.7,85,40,1.52,0.43,17.2,,,
SK_BrandAwareness_Leto26_META,SK_BrandAwareness_Leto26_META_Carousel,Carousel_v1,2026-06-11,25-34,Female,2492,1653.0,1.51,76,50,2.01,0.43,21.5,,,
SK_BrandAwareness_Leto26_META,SK_BrandAwareness_Leto26_META_Carousel,Carousel_v1,2026-08-03,18-24,Female,1046,480.0,2.18,27,18,1.73,0.58,10.44,,,
SK_BrandAwareness_Leto26_META,SK_BrandAwareness_Leto26_META_Video_V2,Video_v1,2026-07-13,65+,Male,1328,617.0,2.15,42,19,1.44,0.36,6.84,,,
SK_ProduktLaunch26_META,SK_ProduktLaunch26_META_Reels,Reels_v1,2026-09-10,45-54,Male,1977,,,56,28,1.41,0.34,9.52,1.0,9.52,Website purchases
SK_ProduktLaunch26_META,SK_ProduktLaunch26_META_Stories,Stories_v1,2026-10-12,18-24,Male,1983,944.0,2.1,66,38,1.93,0.43,16.34,1.0,16.34,Website purchases
SK_ProduktLaunch26_META,SK_ProduktLaunch26_META_Stories,Stories_v1,2026-09-26,35-44,Female,1903,904.0,2.11,71,44,2.29,0.51,22.44,1.0,22.44,Website purchases
SK_ProduktLaunch26_META,SK_ProduktLaunch26_META_Stories,Stories_v1,2026-09-18,65+,Female,635,360.0,1.76,32,15,2.3,0.49,7.35,0.0,,Website purchases
SK_BrandAwareness_Leto26_META,SK_BrandAwareness_Leto26_META_Video,Video_v1,2026-06-21,18-24,Male,2531,1782.0,1.42,73,32,1.26,0.41,13.12,,,
SK_ProduktLaunch26_META,SK_ProduktLaunch26_META_Reels,Reels_v1,2026-08-28,35-44,Female,3827,2497.0,1.53,183,94,2.46,0.4,37.6,3.0,12.53,Website purchases
SK_ProduktLaunch26_META,SK_ProduktLaunch26_META_Reels,Reels_v1,2026-08-18,55-64,Male,1572,1065.0,1.48,58,26,1.68,0.33,8.58,1.0,8.58,Website purchases
SK_BrandAwareness_Leto26_META,SK_BrandAwareness_Leto26_META_Video_V2,Video_v1,2026-07-31,18-24,Female,1704,1158.0,1.47,45,24,1.43,0.45,10.8,,,
SK_BrandAwareness_Leto26_META,SK_BrandAwareness_Leto26_META_Carousel,Carousel_v1,2026-07-15,18-24,Male,1097,558.0,1.97,29,14,1.23,0.5,7.0,,,
SK_BrandAwareness_Leto26_META,SK_BrandAwareness_Leto26_META_Video_V2,Video_v1,2026-07-31,35-44,Female,2568,1736.0,1.48,57,26,1.03,0.5,13.0,,,
SK_ProduktLaunch26_META,SK_ProduktLaunch26_META_Reels,Reels_v1,2026-10-25,45-54,Female,1847,900.0,2.05,71,39,2.09,0.32,12.48,1.0,12.48,Website purchases
SK_BrandAwareness_Leto26_META,SK_BrandAwareness_Leto26_META_Reels,Reels_v1,2026-06-30,35-44,Male,3396,1709.0,1.99,93,49,1.45,0.31,15.19,,,
SK_BrandAwareness_Leto26_META,SK_BrandAwareness_Leto26_META_Reels,Reels_v1,2026-06-09,45-54,Male,2307,1426.0,1.62,63,35,1.51,0.37,12.95,,,
SK_BrandAwareness_Leto26_META,SK_BrandAwareness_Leto26_META_Carousel,Carousel_v1,2026-06-11,18-24,Female,910,476.0,1.91,20,14,1.53,0.59,8.26,,,
SK_BrandAwareness_Leto26_META,SK_BrandAwareness_Leto26_META_Video,Video_v1,2026-06-15,55-64,Female,1457,944.0,1.54,44,20,1.35,0.39,7.8,,,
SK_BrandAwareness_Leto26_META,SK_BrandAwareness_Leto26_META_Video_V2,Video_v1,2026-07-13,35-44,Female,2577,1252.0,2.06,63,40,1.56,0.4,16.0,,,
SK_ProduktLaunch26_META,SK_ProduktLaunch26_META_Feed,Feed_v1,2026-10-21,18-24,Male,2221,1405.0,1.58,40,24,1.08,0.53,12.72,1.0,12.72,Website purchases
SK_ProduktLaunch26_META,SK_ProduktLaunch26_META_Stories,Stories_v1,2026-10-06,35-44,Male,1613,773.0,2.09,62,28,1.76,0.36,10.08,1.0,10.08,Website purchases
SK_ProduktLaunch26_META,SK_ProduktLaunch26_META_Feed,Feed_v1,2026-10-14,18-24,Female,2178,1248.0,1.75,54,38,1.74,0.44,16.72,1.0,16.72,Website purchases
SK_BrandAwareness_Leto26_META,SK_BrandAwareness_Leto26_META_Carousel,Carousel_v1,2026-07-07,65+,Female,720,330.0,2.18,17,8,1.05,0.64,5.12,,,
SK_ProduktLaunch26_META,SK_ProduktLaunch26_META_Reels,Reels_v1,2026-08-30,25-34,Male,5106,3295.0,1.55,195,122,2.4,0.37,45.14,4.0,11.29,Website purchases
SK_BrandAwareness_Leto26_META,SK_BrandAwareness_Leto26_META_Video,Video_v1,2026-06-19,18-24,Male,2141,986.0,2.17,45,21,0.99,0.4,8.4,,,
SK_BrandAwareness_Leto26_META,SK_BrandAwareness_Leto26_META_Carousel,Carousel_v1,2026-08-04,35-44,Male,2738,1495.0,1.83,52,28,1.03,0.46,12.88,,,
SK_BrandAwareness_Leto26_META,SK_BrandAwareness_Leto26_META_Video,Video_v1,2026-06-09,35-44,Male,3399,2602.0,1.31,61,35,1.02,0.43,15.05,,,
SK_BrandAwareness_Leto26_META,SK_BrandAwareness_Leto26_META_Video_V2,Video_v1,2026-08-14,45-54,Male,1717,974.0,1.76,39,22,1.29,0.46,10.12,,,
SK_BrandAwareness_Leto26_META,SK_BrandAwareness_Leto26_META_Carousel,Carousel_v1,2026-08-14,55-64,Male,1004,722.0,1.39,44,20,2.0,0.58,11.6,,,
SK_BrandAwareness_Leto26_META,SK_BrandAwareness_Leto26_META_Video_V2,Video_v1,2026-07-25,25-34,Female,2499,1819.0,1.37,63,37,1.47,0.43,15.91,,,
SK_BrandAwareness_Leto26_META,SK_BrandAwareness_Leto26_META_Carousel,Carousel_v1,2026-07-27,55-64,Female,1353,698.0,1.94,22,15,1.14,0.54,8.1,,,
SK_BrandAwareness_Leto26_META,SK_BrandAwareness_Leto26_META_Carousel,Carousel_v1,2026-07-17,55-64,Male,1415,854.0,1.66,45,29,2.08,0.66,19.14,,,
SK_ProduktLaunch26_META,SK_ProduktLaunch26_META_Feed,Feed_v1,2026-10-17,55-64,Male,1860,1022.0,1.82,54,31,1.68,0.51,15.81,1.0,15.81,Website purchases
SK_BrandAwareness_Leto26_META,SK_BrandAwareness_Leto26_META_Reels,Reels_v1,2026-06-29,35-44,Female,2511,1716.0,1.46,87,39,1.54,0.33,12.87,,,
SK_BrandAwareness_Leto26_META,SK_BrandAwareness_Leto26_META_Reels,Reels_v1,2026-08-09,65+,Male,1295,777.0,1.67,25,15,1.13,0.3,4.5,,,
SK_BrandAwareness_Leto26_META,SK_BrandAwareness_Leto26_META_Carousel,Carousel_v1,2026-07-05,25-34,Female,2709,1320.0,2.05,127,59,2.18,0.43,25.37,,,
SK_ProduktLaunch26_META,SK_ProduktLaunch26_META_Stories,Stories_v1,2026-10-18,45-54,Female,2060,1190.0,1.73,93,45,2.19,0.39,17.55,1.0,17.55,Website purchases
SK_ProduktLaunch26_META,SK_ProduktLaunch26_META_Stories,Stories_v1,2026-10-11,25-34,Female,1641,759.0,2.16,59,29,1.78,0.45,13.05,1.0,13.05,Website purchases
SK_BrandAwareness_Leto26_META,SK_BrandAwareness_Leto26_META_Reels,Reels_v1,2026-06-01,45-54,Male,3411,2022.0,1.69,66,32,0.94,0.44,14.08,,,
SK_ProduktLaunch26_META,SK_ProduktLaunch26_META_Feed,Feed_v1,2026-08-17,25-34,Male,2062,1325.0,1.56,82,38,1.86,0.53,20.14,1.0,20.14,Website purchases
SK_BrandAwareness_Leto26_META,SK_BrandAwareness_Leto26_META_Reels,Reels_v1,2026-08-05,35-44,Female,3853,2548.0,1.51,67,38,0.98,0.32,12.16,,,
SK_ProduktLaunch26_META,SK_ProduktLaunch26_META_Stories,Stories_v1,2026-10-20,25-34,Female,1377,810.0,1.7,38,17,1.21,0.36,6.12,0.0,,Website purchases
SK_ProduktLaunch26_META,SK_ProduktLaunch26_META_Reels,Reels_v1,2026-10-28,55-64,Female,1631,983.0,1.66,46,32,1.99,0.39,12.48,1.0,12.48,Website purchases
SK_ProduktLaunch26_META,SK_ProduktLaunch26_META_Stories,Stories_v1,2026-08-18,55-64,Female,1671,846.0,1.98,52,33,1.95,0.41,13.53,1.0,13.53,Website purchases
SK_ProduktLaunch26_META,SK_ProduktLaunch26_META_Stories,Stories_v1,2026-09-28,55-64,Female,1645,752.0,2.19,53,28,1.72,0.35,9.8,1.0,9.8,Website purchases
SK_ProduktLaunch26_META,SK_ProduktLaunch26_META_Stories,Stories_v1,2026-09-20,65+,Male,581,291.0,2.0,23,11,1.87,0.54,5.94,0.0,,Website purchases
SK_BrandAwareness_Leto26_META,SK_BrandAwareness_Leto26_META_Video,Video_v1,2026-06-05,65+,Male,1084,739.0,1.47,36,19,1.73,0.45,8.55,,,
SK_BrandAwareness_Leto26_META,SK_BrandAwareness_Leto26_META_Carousel,Carousel_v1,2026-08-06,35-44,Female,2142,1085.0,1.97,66,33,1.55,0.47,15.51,,,
SK_BrandAwareness_Leto26_META,SK_BrandAwareness_Leto26_META_Reels,Reels_v1,2026-06-14,45-54,Male,1894,900.0,2.1,31,19,0.98,0.43,8.17,,,
SK_ProduktLaunch26_META,SK_ProduktLaunch26_META_Reels,Reels_v1,2026-09-12,35-44,Female,2263,1655.0,1.37,62,44,1.96,0.49,21.56,1.0,21.56,Website purchases
SK_ProduktLaunch26_META,SK_ProduktLaunch26_META_Stories,Stories_v1,2026-10-17,65+,Female,758,436.0,1.74,23,14,1.9,0.57,7.98,0.0,,Website purchases
SK_ProduktLaunch26_META,SK_ProduktLaunch26_META_Feed,Feed_v1,2026-10-20,65+,Male,1267,911.0,1.39,27,17,1.34,0.4,6.8,0.0,,Website purchases
SK_ProduktLaunch26_META,SK_ProduktLaunch26_META_Reels,Reels_v1,2026-09-21,25-34,Male,2507,1802.0,1.39,46,31,1.25,0.47,14.57,1.0,14.57,Website purchases
SK_BrandAwareness_Leto26_META,SK_BrandAwareness_Leto26_META_Carousel,Carousel_v1,2026-06-24,55-64,Male,1883,1000.0,1.88,48,24,1.25,0.59,14.16,,,
SK_BrandAwareness_Leto26_META,SK_BrandAwareness_Leto26_META_Reels,Reels_v1,2026-08-11,25-34,Male,2476,1234.0,2.01,86,44,1.77,0.49,21.56,,,
SK_BrandAwareness_Leto26_META,SK_BrandAwareness_Leto26_META_Carousel,Carousel_v1,2026-06-13,65+,Female,1185,909.0,1.3,36,20,1.71,0.59,11.8,,,
SK_BrandAwareness_Leto26_META,SK_BrandAwareness_Leto26_META_Reels,Reels_v1,2026-07-07,35-44,Female,3967,2587.0,1.53,126,66,1.67,0.45,29.7,,,
SK_ProduktLaunch26_META,SK_ProduktLaunch26_META_Stories,Stories_v1,2026-09-18,35-44,Male,2125,1602.0,1.33,42,27,1.28,0.33,8.91,1.0,8.91,Website purchases
SK_ProduktLaunch26_META,SK_ProduktLaunch26_META_Feed,Feed_v1,2026-09-08,35-44,Male,3065,1410.0,2.17,103,45,1.45,0.53,23.85,1.0,23.85,Website purchases
SK_BrandAwareness_Leto26_META,SK_BrandAwareness_Leto26_META_Carousel,Carousel_v1,2026-06-11,35-44,Female,2696,1946.0,1.39,91,54,1.99,0.63,34.02,,,
SK_BrandAwareness_Leto26_META,SK_BrandAwareness_Leto26_META_Reels,Reels_v1,2026-06-26,55-64,Male,1435,722.0,1.99,55,24,1.64,0.43,10.32,,,
SK_ProduktLaunch26_META,SK_ProduktLaunch26_META_Stories,Stories_v1,2026-09-14,18-24,Male,1374,730.0,1.88,23,15,1.11,0.48,7.2,0.0,,Website purchases
SK_ProduktLaunch26_META,SK_ProduktLaunch26_META_Stories,Stories_v1,2026-09-04,25-34,Female,1289,630.0,2.05,39,19,1.44,0.41,7.79,1.0,7.79,Website purchases
SK_BrandAwareness_Leto26_META,SK_BrandAwareness_Leto26_META_Video,Video_v1,2026-06-05,18-24,Male,2003,1104.0,1.81,43,21,1.04,0.46,9.66,,,
SK_BrandAwareness_Leto26_META,SK_BrandAwareness_Leto26_META_Reels,Reels_v1,2026-06-26,35-44,Female,3071,1834.0,1.67,97,46,1.51,0.53,24.38,,,
SK_ProduktLaunch26_META,SK_ProduktLaunch26_META_Reels,Reels_v1,2026-10-14,65+,Female,1116,779.0,1.43,39,23,2.03,0.43,9.89,1.0,9.89,Website purchases
SK_BrandAwareness_Leto26_META,SK_BrandAwareness_Leto26_META_Reels,Reels_v1,2026-07-25,65+,Female,1258,801.0,1.57,41,20,1.61,0.38,7.6,,,
SK_ProduktLaunch26_META,SK_ProduktLaunch26_META_Reels,Reels_v1,2026-09-08,55-64,Female,1923,907.0,2.12,73,41,2.13,0.45,18.45,1.0,18.45,Website purchases
SK_ProduktLaunch26_META,SK_ProduktLaunch26_META_Stories,Stories_v1,2026-10-22,45-54,Female,1926,1009.0,1.91,68,38,1.96,0.55,20.9,1.0,20.9,Website purchases
SK_ProduktLaunch26_META,SK_ProduktLaunch26_META_Stories,Stories_v1,2026-09-30,18-24,Male,1793,1222.0,1.47,50,29,1.62,0.43,12.47,1.0,12.47,Website purchases
SK_ProduktLaunch26_META,SK_ProduktLaunch26_META_Feed,Feed_v1,2026-08-23,25-34,Male,3139,1869.0,1.68,63,32,1.01,0.47,15.04,1.0,15.04,Website purchases
SK_BrandAwareness_Leto26_META,SK_BrandAwareness_Leto26_META_Video,Video_v1,2026-06-14,65+,Male,1588,760.0,2.09,23,16,1.01,0.39,6.24,,,
SK_BrandAwareness_Leto26_META,SK_BrandAwareness_Leto26_META_Carousel,Carousel_v1,2026-06-28,65+,Female,1024,754.0,1.36,17,11,1.06,0.57,6.27,,,
SK_BrandAwareness_Leto26_META,SK_BrandAwareness_Leto26_META_Video,Video_v1,2026-06-21,55-64,Female,2448,1134.0,2.16,61,33,1.34,0.51,16.83,,,
SK_ProduktLaunch26_META,SK_ProduktLaunch26_META_Stories,Stories_v1,2026-10-22,18-24,Male,1106,667.0,1.66,25,14,1.27,0.52,7.28,0.0,,Website purchases
SK_BrandAwareness_Leto26_META,SK_BrandAwareness_Leto26_META_Reels,Reels_v1,2026-07-05,18-24,Male,3485,2334.0,1.49,59,35,1.01,0.51,17.85,,,
SK_BrandAwareness_Leto26_META,SK_BrandAwareness_Leto26_META_Carousel,Carousel_v1,2026-07-30,25-34,Male,2530,1229.0,2.06,74,34,1.33,0.5,17.0,,,
SK_BrandAwareness_Leto26_META,SK_BrandAwareness_Leto26_META_Carousel,Carousel_v1,2026-06-22,55-64,Female,947,718.0,1.32,34,17,1.79,0.67,11.39,,,
SK_ProduktLaunch26_META,SK_ProduktLaunch26_META_Feed,Feed_v1,2026-10-18,35-44,Female,1801,931.0,1.93,69,34,1.89,0.53,18.02,1.0,18.02,Website purchases
SK_BrandAwareness_Leto26_META,SK_BrandAwareness_Leto26_META_Carousel,Carousel_v1,2026-07-14,55-64,Female,740,406.0,1.82,32,16,2.17,0.62,9.92,,,
SK_ProduktLaunch26_META,SK_ProduktLaunch26_META_Reels,Reels_v1,2026-10-07,55-64,Female,2626,1628.0,1.61,61,34,1.28,0.52,17.68,1.0,17.68,Website purchases
SK_ProduktLaunch26_META,SK_ProduktLaunch26_META_Stories,Stories_v1,2026-10-12,25-34,Female,1775,1071.0,1.66,41,24,1.38,0.34,8.16,1.0,8.16,Website purchases
SK_ProduktLaunch26_META,SK_ProduktLaunch26_META_Feed,Feed_v1,2026-09-20,35-44,Male,2854,1950.0,1.46,67,33,1.15,0.4,13.2,1.0,13.2,Website purchases
SK_ProduktLaunch26_META,SK_ProduktLaunch26_META_Stories,Stories_v1,2026-10-09,35-44,Female,1435,897.0,1.6,56,30,2.12,0.35,10.5,1.0,10.5,Website purchases
SK_ProduktLaunch26_META,SK_ProduktLaunch26_META_Feed,Feed_v1,2026-09-22,25-34,Female,1799,1302.0,1.38,60,27,1.52,0.42,11.34,1.0,11.34,Website purchases
SK_ProduktLaunch26_META,SK_ProduktLaunch26_META_Reels,Reels_v1,2026-10-01,25-34,Female,4675,3268.0,1.43,162,91,1.94,0.41,37.31,3.0,12.44,Website purchases
SK_BrandAwareness_Leto26_META,SK_BrandAwareness_Leto26_META_Carousel,Carousel_v1,2026-07-01,65+,Male,1031,498.0,2.07,21,15,1.46,0.7,10.5,,,
SK_ProduktLaunch26_META,SK_ProduktLaunch26_META_Feed,Feed_v1,2026-09-04,18-24,Female,1837,1055.0,1.74,33,20,1.07,0.57,11.4,0.0,,Website purchases
SK_ProduktLaunch26_META,SK_ProduktLaunch26_META_Stories,Stories_v1,2026-10-05,25-34,Female,1389,782.0,1.78,56,31,2.21,0.51,15.81,1.0,15.81,Website purchases
SK_BrandAwareness_Leto26_META,SK_BrandAwareness_Leto26_META_Carousel,Carousel_v1,2026-08-07,25-34,Male,1771,927.0,1.91,54,28,1.57,0.63,17.64,,,
SK_ProduktLaunch26_META,SK_ProduktLaunch26_META_Feed,Feed_v1,2026-09-15,55-64,Female,1859,1026.0,1.81,71,36,1.93,0.57,20.52,1.0,20.52,Website purchases
SK_ProduktLaunch26_META,SK_ProduktLaunch26_META_Stories,Stories_v1,2026-09-25,18-24,Male,1442,909.0,1.59,51,26,1.83,0.55,14.3,1.0,14.3,Website purchases
SK_BrandAwareness_Leto26_META,SK_BrandAwareness_Leto26_META_Carousel,Carousel_v1,2026-06-04,55-64,Male,1389,799.0,1.74,49,25,1.84,0.52,13.0,,,
SK_ProduktLaunch26_META,SK_ProduktLaunch26_META_Feed,Feed_v1,2026-09-19,65+,Male,666,365.0,1.82,20,12,1.8,0.56,6.72,0.0,,Website purchases
SK_ProduktLaunch26_META,SK_ProduktLaunch26_META_Stories,Stories_v1,2026-09-17,18-24,Female,1578,1008.0,1.57,49,29,1.81,0.47,13.63,1.0,13.63,Website purchases
SK_ProduktLaunch26_META,SK_ProduktLaunch26_META_Feed,Feed_v1,2026-10-05,45-54,Male,1268,739.0,1.72,35,20,1.61,0.5,10.0,0.0,,Website purchases
SK_ProduktLaunch26_META,SK_ProduktLaunch26_META_Stories,Stories_v1,2026-08-21,45-54,Male,2118,986.0,2.15,67,43,2.05,0.56,24.08,1.0,24.08,Website purchases
SK_BrandAwareness_Leto26_META,SK_BrandAwareness_Leto26_META_Reels,Reels_v1,2026-06-06,35-44,Female,3998,2837.0,1.41,68,47,1.17,0.52,24.44,,,
SK_BrandAwareness_Leto26_META,SK_BrandAwareness_Leto26_META_Reels,Reels_v1,2026-08-12,18-24,Female,1573,1111.0,1.42,44,27,1.69,0.32,8.64,,,
SK_BrandAwareness_Leto26_META,SK_BrandAwareness_Leto26_META_Reels,Reels_v1,2026-06-20,65+,Female,1532,741.0,2.07,32,16,1.01,0.34,5.44,,,
SK_BrandAwareness_Leto26_META,SK_BrandAwareness_Leto26_META_Carousel,Carousel_v1,2026-08-08,25-34,Female,1272,724.0,1.76,25,16,1.26,0.68,10.88,,,
SK_BrandAwareness_Leto26_META,SK_BrandAwareness_Leto26_META_Reels,Reels_v1,2026-06-14,25-34,Male,3520,1980.0,1.78,72,44,1.25,0.54,23.76,,,
SK_BrandAwareness_Leto26_META,SK_BrandAwareness_Leto26_META_Video_V2,Video_v1,2026-08-06,45-54,Male,65000,906.0,1.79,25,14,0.88,0.45,6.3,,,
SK_ProduktLaunch26_META,SK_ProduktLaunch26_META_Feed,Feed_v1,2026-10-25,25-34,Male,3894,2215.0,1.76,144,71,1.83,0.43,30.53,2.0,15.27,Website purchases
SK_BrandAwareness_Leto26_META,SK_BrandAwareness_Leto26_META_Carousel,Carousel_v1,2026-07-25,25-34,Female,2326,1175.0,1.98,62,29,1.25,0.68,19.72,,,
SK_ProduktLaunch26_META,SK_ProduktLaunch26_META_Reels,Reels_v1,2026-08-18,65+,Male,1492,800.0,1.86,58,30,2.02,0.45,13.5,1.0,13.5,Website purchases
SK_ProduktLaunch26_META,SK_ProduktLaunch26_META_Stories,Stories_v1,2026-09-25,35-44,Female,2158,1418.0,1.52,82,38,1.74,0.53,20.14,1.0,20.14,Website purchases
SK_ProduktLaunch26_META,SK_ProduktLaunch26_META_Stories,Stories_v1,2026-08-22,18-24,Female,1542,1110.0,1.39,47,32,2.04,0.53,16.96,1.0,16.96,Website purchases
SK_ProduktLaunch26_META,SK_ProduktLaunch26_META_Reels,Reels_v1,2026-10-14,35-44,Male,2392,1703.0,1.4,64,38,1.61,0.38,14.44,1.0,14.44,Website purchases
SK_ProduktLaunch26_META,SK_ProduktLaunch26_META_Feed,Feed_v1,2026-08-19,55-64,Male,1449,837.0,1.73,27,19,1.29,0.49,9.31,0.0,,Website purchases
SK_ProduktLaunch26_META,SK_ProduktLaunch26_META_Stories,Stories_v1,2026-10-17,45-54,Male,1712,814.0,2.1,48,30,1.77,0.53,15.9,1.0,15.9,Website purchases
SK_BrandAwareness_Leto26_META,SK_BrandAwareness_Leto26_META_Reels,Reels_v1,2026-06-19,18-24,Male,3411,1867.0,1.83,79,41,1.2,0.45,18.45,,,
SK_BrandAwareness_Leto26_META,SK_BrandAwareness_Leto26_META_Reels,Reels_v1,2026-06-30,45-54,Female,1659,1119.0,1.48,23,15,0.9,0.32,4.8,,,
SK_BrandAwareness_Leto26_META,SK_BrandAwareness_Leto26_META_Carousel,Carousel_v1,2026-06-13,25-34,Male,1659,1265.0,1.31,62,33,1.96,0.47,15.51,,,
SK_ProduktLaunch26_META,SK_ProduktLaunch26_META_Reels,Reels_v1,2026-08-18,45-54,Female,1840,844.0,2.18,39,26,1.43,0.54,14.04,1.0,14.04,Website purchases
SK_ProduktLaunch26_META,SK_ProduktLaunch26_META_Feed,Feed_v1,2026-10-16,65+,Female,1070,742.0,1.44,24,12,1.14,0.58,6.96,0.0,,Website purchases
SK_ProduktLaunch26_META,SK_ProduktLaunch26_META_Feed,Feed_v1,2026-09-16,65+,Male,1491,775.0,1.92,41,28,1.88,0.49,13.72,1.0,13.72,Website purchases
SK_ProduktLaunch26_META,SK_ProduktLaunch26_META_Stories,Stories_v1,2026-08-23,35-44,Female,1902,1331.0,1.43,52,31,1.63,0.5,15.5,1.0,15.5,Website purchases
SK_ProduktLaunch26_META,SK_ProduktLaunch26_META_Stories,Stories_v1,2026-09-06,65+,Male,843,474.0,1.78,19,11,1.32,0.4,4.4,0.0,,Website purchases
SK_BrandAwareness_Leto26_META,SK_BrandAwareness_Leto26_META_Carousel,Carousel_v1,2026-07-28,25-34,Female,1984,1283.0,1.55,36,26,1.3,0.46,11.96,,,
SK_ProduktLaunch26_META,SK_ProduktLaunch26_META_Reels,Reels_v1,2026-09-20,35-44,Female,2360,1078.0,2.19,90,48,2.03,0.3,14.4,1.0,14.4,Website purchases
SK_ProduktLaunch26_META,SK_ProduktLaunch26_META_Stories,Stories_v1,2026-10-14,55-64,Female,1285,640.0,2.01,47,26,2.06,0.44,11.44,1.0,11.44,Website purchases
SK_BrandAwareness_Leto26_META,SK_BrandAwareness_Leto26_META_Carousel,Carousel_v1,2026-06-06,55-64,Female,987,527.0,1.87,39,21,2.12,0.43,9.03,,,
SK_ProduktLaunch26_META,SK_ProduktLaunch26_META_Stories,Stories_v1,2026-09-10,55-64,Male,807,521.0,1.55,36,17,2.07,0.33,5.61,0.0,,Website purchases
SK_BrandAwareness_Leto26_META,SK_BrandAwareness_Leto26_META_Carousel,Carousel_v1,2026-06-25,35-44,Female,1319,1008.0,1.31,34,21,1.57,0.4,8.4,,,
SK_BrandAwareness_Leto26_META,SK_BrandAwareness_Leto26_META_Carousel,Carousel_v1,2026-08-13,65+,Female,1086,701.0,1.55,39,21,1.91,0.43,9.03,,,
SK_BrandAwareness_Leto26_META,SK_BrandAwareness_Leto26_META_Reels,Reels_v1,2026-06-23,35-44,Male,3517,2184.0,1.61,128,59,1.69,0.52,30.68,,,
SK_BrandAwareness_Leto26_META,SK_BrandAwareness_Leto26_META_Carousel,Carousel_v1,2026-06-03,45-54,Male,2090,1117.0,1.87,74,36,1.71,0.43,15.48,,,
SK_ProduktLaunch26_META,SK_ProduktLaunch26_META_Stories,Stories_v1,2026-10-20,45-54,Female,1101,,,35,17,1.58,0.58,9.86,0.0,,Website purchases
SK_BrandAwareness_Leto26_META,SK_BrandAwareness_Leto26_META_Video_V2,Video_v1,2026-07-08,65+,Female,878,528.0,1.66,27,12,1.37,0.58,6.96,,,
SK_ProduktLaunch26_META,SK_ProduktLaunch26_META_Stories,Stories_v1,2026-09-01,45-54,Female,2045,963.0,2.12,46,23,1.14,0.45,10.35,1.0,10.35,Website purchases
SK_BrandAwareness_Leto26_META,SK_BrandAwareness_Leto26_META_Carousel,Carousel_v1,2026-07-16,25-34,Female,1279,610.0,2.1,36,19,1.52,0.53,10.07,,,
SK_BrandAwareness_Leto26_META,SK_BrandAwareness_Leto26_META_Reels,Reels_v1,2026-06-28,35-44,Female,2643,1342.0,1.97,54,27,1.02,0.36,9.72,,,
SK_ProduktLaunch26_META,SK_ProduktLaunch26_META_Reels,Reels_v1,2026-09-24,35-44,Female,1985,1253.0,1.58,46,24,1.2,0.33,7.92,1.0,7.92,Website purchases
SK_ProduktLaunch26_META,SK_ProduktLaunch26_META_Feed,Feed_v1,2026-09-26,35-44,Female,1747,827.0,2.11,49,33,1.9,0.59,19.47,1.0,19.47,Website purchases
SK_ProduktLaunch26_META,SK_ProduktLaunch26_META_Feed,Feed_v1,2026-09-16,55-64,Female,887,438.0,2.03,26,13,1.44,0.56,7.28,0.0,,Website purchases
SK_ProduktLaunch26_META,SK_ProduktLaunch26_META_Reels,Reels_v1,2026-09-23,45-54,Female,2405,1522.0,1.58,89,55,2.28,0.39,21.45,2.0,10.72,Website purchases
SK_BrandAwareness_Leto26_META,SK_BrandAwareness_Leto26_META_Carousel,Carousel_v1,2026-06-06,35-44,Male,2854,1719.0,1.66,95,56,1.95,0.68,38.08,,,
SK_BrandAwareness_Leto26_META,SK_BrandAwareness_Leto26_META_Carousel,Carousel_v1,2026-06-19,45-54,Female,1049,780.0,1.34,22,13,1.27,0.7,9.1,,,
SK_BrandAwareness_Leto26_META,SK_BrandAwareness_Leto26_META_Video_V2,Video_v1,2026-08-10,35-44,Female,2946,2136.0,1.38,75,51,1.73,0.61,31.11,,,
SK_BrandAwareness_Leto26_META,SK_BrandAwareness_Leto26_META_Reels,Reels_v1,2026-07-19,55-64,Male,1701,1234.0,1.38,65,32,1.89,0.3,9.6,,,
SK_ProduktLaunch26_META,SK_ProduktLaunch26_META_Feed,Feed_v1,2026-10-11,25-34,Male,1647,894.0,1.84,39,19,1.14,0.42,7.98,0.0,,Website purchases
SK_ProduktLaunch26_META,SK_ProduktLaunch26_META_Stories,Stories_v1,2026-09-29,65+,Male,905,510.0,1.77,22,13,1.38,0.38,4.94,0.0,,Website purchases
SK_BrandAwareness_Leto26_META,SK_BrandAwareness_Leto26_META_Video_V2,Video_v1,2026-08-09,18-24,Female,1435,1068.0,1.34,26,13,0.94,0.55,7.15,,,
SK_BrandAwareness_Leto26_META,SK_BrandAwareness_Leto26_META_Reels,Reels_v1,2026-07-03,25-34,Male,4413,2710.0,1.63,93,56,1.27,0.51,28.56,,,
SK_ProduktLaunch26_META,SK_ProduktLaunch26_META_Stories,Stories_v1,2026-08-27,25-34,Female,2242,1517.0,1.48,68,38,1.72,0.32,12.16,1.0,12.16,Website purchases
SK_BrandAwareness_Leto26_META,SK_BrandAwareness_Leto26_META_Reels,Reels_v1,2026-08-08,55-64,Male,2046,1309.0,1.56,42,29,1.42,0.42,12.18,,,
SK_BrandAwareness_Leto26_META,SK_BrandAwareness_Leto26_META_Carousel,Carousel_v1,2026-07-11,65+,Male,1185,595.0,1.99,40,24,2.06,0.47,11.28,,,
SK_ProduktLaunch26_META,SK_ProduktLaunch26_META_Feed,Feed_v1,2026-08-30,18-24,Male,1935,1069.0,1.81,33,22,1.14,0.48,10.56,1.0,10.56,Website purchases
SK_BrandAwareness_Leto26_META,SK_BrandAwareness_Leto26_META_Carousel,Carousel_v1,2026-07-30,65+,Female,655,484.0,1.35,17,10,1.46,0.63,6.3,,,
SK_BrandAwareness_Leto26_META,SK_BrandAwareness_Leto26_META_Video,Video_v1,2026-06-11,55-64,Male,1227,642.0,1.91,34,17,1.38,0.39,6.63,,,
SK_BrandAwareness_Leto26_META,SK_BrandAwareness_Leto26_META_Video,Video_v1,2026-06-21,45-54,Male,3294,2075.0,1.59,73,46,1.39,0.52,23.92,,,
SK_BrandAwareness_Leto26_META,SK_BrandAwareness_Leto26_META_Reels,Reels_v1,2026-07-19,35-44,Male,3470,1824.0,1.9,60,40,1.16,0.32,12.8,,,
SK_ProduktLaunch26_META,SK_ProduktLaunch26_META_Reels,Reels_v1,2026-09-18,55-64,Female,1353,678.0,2.0,53,28,2.06,0.5,14.0,1.0,14.0,Website purchases
SK_BrandAwareness_Leto26_META,SK_BrandAwareness_Leto26_META_Reels,Reels_v1,2026-06-22,65+,Male,1240,892.0,1.39,36,19,1.5,0.33,6.27,,,
SK_ProduktLaunch26_META,SK_ProduktLaunch26_META_Reels,Reels_v1,2026-10-19,25-34,Female,3663,1789.0,2.05,109,73,2.0,0.3,21.9,2.0,10.95,Website purchases
SK_BrandAwareness_Leto26_META,SK_BrandAwareness_Leto26_META_Carousel,Carousel_v1,2026-08-12,25-34,Female,2413,1404.0,1.72,63,31,1.3,0.5,15.5,,,
SK_BrandAwareness_Leto26_META,SK_BrandAwareness_Leto26_META_Reels,Reels_v1,2026-08-06,35-44,Male,4400,3085.0,1.43,107,76,1.72,0.42,31.92,,,
SK_ProduktLaunch26_META,SK_ProduktLaunch26_META_Reels,Reels_v1,2026-09-17,25-34,Male,2600,1867.0,1.39,112,61,2.36,0.41,25.01,2.0,12.51,Website purchases
SK_ProduktLaunch26_META,SK_ProduktLaunch26_META_Feed,Feed_v1,2026-09-12,35-44,Female,2316,1523.0,1.52,59,34,1.45,0.55,18.7,1.0,18.7,Website purchases
SK_ProduktLaunch26_META,SK_ProduktLaunch26_META_Feed,Feed_v1,2026-09-24,25-34,Male,2680,1280.0,2.09,73,44,1.63,0.55,24.2,1.0,24.2,Website purchases
SK_ProduktLaunch26_META,SK_ProduktLaunch26_META_Reels,Reels_v1,2026-08-15,65+,Male,1475,1053.0,1.4,43,19,1.29,0.31,5.89,1.0,5.89,Website purchases
SK_BrandAwareness_Leto26_META,SK_BrandAwareness_Leto26_META_Carousel,Carousel_v1,2026-06-14,65+,Female,578,284.0,2.04,28,12,1.99,0.47,5.64,,,
SK_ProduktLaunch26_META,SK_ProduktLaunch26_META_Reels,Reels_v1,2026-09-29,25-34,Female,4773,2229.0,2.14,196,119,2.5,0.45,53.55,4.0,13.39,Website purchases
SK_ProduktLaunch26_META,SK_ProduktLaunch26_META_Stories,Stories_v1,2026-10-27,18-24,Male,1002,751.0,1.33,22,15,1.47,0.37,5.55,0.0,,Website purchases
SK_ProduktLaunch26_META,SK_ProduktLaunch26_META_Feed,Feed_v1,2026-09-04,55-64,Male,1263,586.0,2.16,24,13,1.02,0.45,5.85,0.0,,Website purchases
SK_BrandAwareness_Leto26_META,SK_BrandAwareness_Leto26_META_Video_V2,Video_v1,2026-07-08,55-64,Female,2437,1357.0,1.8,59,26,1.07,0.47,12.22,,,
SK_ProduktLaunch26_META,SK_ProduktLaunch26_META_Feed,Feed_v1,2026-10-19,65+,Female,1257,653.0,1.92,46,24,1.95,0.5,12.0,1.0,12.0,Website purchases
SK_BrandAwareness_Leto26_META,SK_BrandAwareness_Leto26_META_Reels,Reels_v1,2026-08-11,35-44,Male,4315,2148.0,2.01,72,51,1.19,0.39,19.89,,,
SK_BrandAwareness_Leto26_META,SK_BrandAwareness_Leto26_META_Carousel,Carousel_v1,2026-07-19,25-34,Female,1631,951.0,1.72,62,35,2.15,0.41,14.35,,,
SK_ProduktLaunch26_META,SK_ProduktLaunch26_META_Feed,Feed_v1,2026-10-23,25-34,Male,3465,2093.0,1.66,107,52,1.51,0.42,21.84,1.0,21.84,Website purchases
SK_ProduktLaunch26_META,SK_ProduktLaunch26_META_Reels,Reels_v1,2026-08-23,35-44,Female,2455,1471.0,1.67,121,58,2.34,0.31,17.98,2.0,8.99,Website purchases
SK_ProduktLaunch26_META,SK_ProduktLaunch26_META_Reels,Reels_v1,2026-09-24,25-34,Female,4052,2121.0,1.91,228,99,2.44,0.54,53.46,3.0,17.82,Website purchases
SK_ProduktLaunch26_META,SK_ProduktLaunch26_META_Reels,Reels_v1,2026-10-15,18-24,Male,1879,1130.0,1.66,68,38,2.0,0.48,18.24,1.0,18.24,Website purchases
SK_ProduktLaunch26_META,SK_ProduktLaunch26_META_Stories,Stories_v1,2026-09-11,18-24,Female,1925,1051.0,1.83,68,32,1.68,0.34,10.88,1.0,10.88,Website purchases
SK_ProduktLaunch26_META,SK_ProduktLaunch26_META_Reels,Reels_v1,2026-09-15,25-34,Female,4517,3234.0,1.4,121,56,1.25,0.5,28.0,2.0,14.0,Website purchases
SK_BrandAwareness_Leto26_META,SK_BrandAwareness_Leto26_META_Carousel,Carousel_v1,2026-06-14,25-34,Male,2298,1338.0,1.72,99,47,2.05,0.46,21.62,,,
SK_BrandAwareness_Leto26_META,SK_BrandAwareness_Leto26_META_Carousel,Carousel_v1,2026-08-09,45-54,Male,2347,1183.0,1.98,42,28,1.19,0.68,19.04,,,
SK_BrandAwareness_Leto26_META,SK_BrandAwareness_Leto26_META_Video_V2,Video_v1,2026-07-18,18-24,Male,1902,1105.0,1.72,36,25,1.31,0.63,15.75,,,
SK_BrandAwareness_Leto26_META,SK_BrandAwareness_Leto26_META_Reels,Reels_v1,2026-06-11,25-34,Female,3986,2142.0,1.86,150,77,1.94,0.48,36.96,,,
SK_ProduktLaunch26_META,SK_ProduktLaunch26_META_Stories,Stories_v1,2026-09-27,25-34,Female,1260,816.0,1.54,52,28,2.22,0.46,12.88,1.0,12.88,Website purchases
SK_BrandAwareness_Leto26_META,SK_BrandAwareness_Leto26_META_Carousel,Carousel_v1,2026-06-08,35-44,Female,1675,1126.0,1.49,64,29,1.73,0.69,20.01,,,
SK_ProduktLaunch26_META,SK_ProduktLaunch26_META_Reels,Reels_v1,2026-09-22,55-64,Male,1583,1111.0,1.42,69,32,2.0,0.48,15.36,1.0,15.36,Website purchases
SK_BrandAwareness_Leto26_META,SK_BrandAwareness_Leto26_META_Carousel,Carousel_v1,2026-06-29,25-34,Male,2024,1269.0,1.59,44,27,1.31,0.54,14.58,,,
SK_BrandAwareness_Leto26_META,SK_BrandAwareness_Leto26_META_Video_V2,Video_v1,2026-08-08,45-54,Female,2586,1225.0,2.11,68,46,1.76,0.47,21.62,,,
SK_BrandAwareness_Leto26_META,SK_BrandAwareness_Leto26_META_Video,Video_v1,2026-06-28,18-24,Female,1597,768.0,2.08,55,25,1.59,0.57,14.25,,,
SK_BrandAwareness_Leto26_META,SK_BrandAwareness_Leto26_META_Reels,Reels_v1,2026-07-24,45-54,Male,2598,1721.0,1.51,87,41,1.58,0.36,14.76,,,
SK_BrandAwareness_Leto26_META,SK_BrandAwareness_Leto26_META_Video_V2,Video_v1,2026-08-02,18-24,Female,1658,1051.0,1.58,31,20,1.2,0.36,7.2,,,
SK_ProduktLaunch26_META,SK_ProduktLaunch26_META_Feed,Feed_v1,2026-08-24,55-64,Female,1090,499.0,2.18,19,11,1.0,0.35,3.85,0.0,,Website purchases
SK_BrandAwareness_Leto26_META,SK_BrandAwareness_Leto26_META_Carousel,Carousel_v1,2026-06-16,35-44,Male,2912,2128.0,1.37,85,43,1.48,0.55,23.65,,,
SK_ProduktLaunch26_META,SK_ProduktLaunch26_META_Stories,Stories_v1,2026-09-29,35-44,Male,2762,1539.0,1.79,71,33,1.19,0.44,14.52,1.0,14.52,Website purchases
SK_BrandAwareness_Leto26_META,SK_BrandAwareness_Leto26_META_Video_V2,Video_v1,2026-07-26,65+,Male,1665,917.0,1.82,53,27,1.61,0.62,16.74,,,
SK_ProduktLaunch26_META,SK_ProduktLaunch26_META_Feed,Feed_v1,2026-08-15,18-24,Female,1935,932.0,2.08,41,21,1.07,0.58,12.18,1.0,12.18,Website purchases
SK_ProduktLaunch26_META,SK_ProduktLaunch26_META_Stories,Stories_v1,2026-10-02,25-34,Male,1440,674.0,2.14,30,17,1.18,0.58,9.86,0.0,,Website purchases
SK_ProduktLaunch26_META,SK_ProduktLaunch26_META_Feed,Feed_v1,2026-10-14,35-44,Female,2411,1139.0,2.12,57,37,1.54,0.37,13.69,1.0,13.69,Website purchases
SK_ProduktLaunch26_META,SK_ProduktLaunch26_META_Reels,Reels_v1,2026-10-16,18-24,Male,1623,745.0,2.18,85,39,2.41,0.54,21.06,1.0,21.06,Website purchases
SK_ProduktLaunch26_META,SK_ProduktLaunch26_META_Stories,Stories_v1,2026-09-24,65+,Male,911,571.0,1.6,18,12,1.36,0.42,5.04,0.0,,Website purchases
SK_BrandAwareness_Leto26_META,SK_BrandAwareness_Leto26_META_Video_V2,Video_v1,2026-07-11,25-34,Male,3730,2671.0,1.4,79,54,1.46,0.45,24.3,,,
SK_ProduktLaunch26_META,SK_ProduktLaunch26_META_Reels,Reels_v1,2026-10-09,65+,Male,1192,554.0,2.15,30,17,1.45,0.33,5.61,1.0,5.61,Website purchases
SK_BrandAwareness_Leto26_META,SK_BrandAwareness_Leto26_META_Video_V2,Video_v1,2026-08-09,25-34,Female,2730,1491.0,1.83,74,45,1.63,0.49,22.05,,,
SK_BrandAwareness_Leto26_META,SK_BrandAwareness_Leto26_META_Video_V2,Video_v1,2026-08-01,65+,Female,1583,1111.0,1.42,39,23,1.47,0.44,10.12,,,
SK_BrandAwareness_Leto26_META,SK_BrandAwareness_Leto26_META_Video_V2,Video_v1,2026-07-21,18-24,Female,1592,931.0,1.71,24,14,0.9,0.37,5.18,,,
SK_BrandAwareness_Leto26_META,SK_BrandAwareness_Leto26_META_Video,Video_v1,2026-06-29,25-34,Female,3106,1655.0,1.88,70,39,1.27,0.36,14.04,,,
SK_ProduktLaunch26_META,SK_ProduktLaunch26_META_Reels,Reels_v1,2026-09-10,45-54,Female,3463,1962.0,1.77,102,49,1.42,0.35,17.15,1.0,17.15,Website purchases
SK_ProduktLaunch26_META,SK_ProduktLaunch26_META_Reels,Reels_v1,2026-10-20,55-64,Female,1262,865.0,1.46,26,18,1.39,0.39,7.02,1.0,7.02,Website purchases
SK_BrandAwareness_Leto26_META,SK_BrandAwareness_Leto26_META_Carousel,Carousel_v1,2026-06-02,18-24,Female,1624,797.0,2.04,52,24,1.45,0.46,11.04,,,
SK_ProduktLaunch26_META,SK_ProduktLaunch26_META_Feed,Feed_v1,2026-10-23,65+,Male,1104,535.0,2.06,30,17,1.5,0.53,9.01,0.0,,Website purchases
SK_ProduktLaunch26_META,SK_ProduktLaunch26_META_Stories,Stories_v1,2026-10-26,45-54,Male,1026,788.0,1.3,29,13,1.31,0.54,7.02,0.0,,Website purchases
SK_BrandAwareness_Leto26_META,SK_BrandAwareness_Leto26_META_Video,Video_v1,2026-07-01,55-64,Female,2240,1273.0,1.76,56,26,1.14,0.35,9.1,,,
SK_BrandAwareness_Leto26_META,SK_BrandAwareness_Leto26_META_Reels,Reels_v1,2026-07-12,65+,Male,1979,1276.0,1.55,52,25,1.26,0.35,8.75,,,
SK_BrandAwareness_Leto26_META,SK_BrandAwareness_Leto26_META_Carousel,Carousel_v1,2026-08-06,65+,Male,624,471.0,1.32,15,7,1.06,0.69,4.83,,,
SK_BrandAwareness_Leto26_META,SK_BrandAwareness_Leto26_META_Reels,Reels_v1,2026-06-05,45-54,Female,1713,835.0,2.05,73,33,1.95,0.33,10.89,,,
SK_BrandAwareness_Leto26_META,SK_BrandAwareness_Leto26_META_Reels,Reels_v1,2026-07-11,35-44,Male,3454,2011.0,1.72,92,49,1.41,0.31,15.19,,,
SK_ProduktLaunch26_META,SK_ProduktLaunch26_META_Reels,Reels_v1,2026-10-09,25-34,Male,5323,2757.0,1.93,194,128,2.41,0.35,44.8,4.0,11.2,Website purchases
SK_ProduktLaunch26_META,SK_ProduktLaunch26_META_Feed,Feed_v1,2026-10-26,18-24,Female,2350,1461.0,1.61,61,38,1.63,0.53,20.14,1.0,20.14,Website purchases
SK_BrandAwareness_Leto26_META,SK_BrandAwareness_Leto26_META_Video_V2,Video_v1,2026-07-27,55-64,Male,2299,1714.0,1.34,53,25,1.11,0.39,9.75,,,
SK_BrandAwareness_Leto26_META,SK_BrandAwareness_Leto26_META_Video_V2,Video_v1,2026-08-04,65+,Female,1468,733.0,2.0,34,21,1.4,0.55,11.55,,,
SK_ProduktLaunch26_META,SK_ProduktLaunch26_META_Reels,Reels_v1,2026-09-02,65+,Male,1452,730.0,1.99,65,30,2.05,0.35,10.5,1.0,10.5,Website purchases
SK_ProduktLaunch26_META,SK_ProduktLaunch26_META_Stories,Stories_v1,2026-10-23,35-44,Female,1643,1063.0,1.55,38,20,1.25,0.49,9.8,1.0,9.8,Website purchases
SK_BrandAwareness_Leto26_META,SK_BrandAwareness_Leto26_META_Video_V2,Video_v1,2026-08-08,18-24,Female,2971,2002.0,1.48,83,48,1.62,0.56,26.88,,,
SK_ProduktLaunch26_META,SK_ProduktLaunch26_META_Feed,Feed_v1,2026-10-24,65+,Female,1060,568.0,1.87,27,16,1.53,0.43,6.88,0.0,,Website purchases
SK_BrandAwareness_Leto26_META,SK_BrandAwareness_Leto26_META_Video,Video_v1,2026-07-04,55-64,Male,1978,1012.0,1.95,75,35,1.78,0.64,22.4,,,
SK_ProduktLaunch26_META,SK_ProduktLaunch26_META_Feed,Feed_v1,2026-09-19,35-44,Female,1614,1041.0,1.55,43,28,1.72,0.39,10.92,1.0,10.92,Website purchases
SK_ProduktLaunch26_META,SK_ProduktLaunch26_META_Feed,Feed_v1,2026-09-11,45-54,Male,1496,700.0,2.14,32,19,1.3,0.41,7.79,0.0,,Website purchases
SK_BrandAwareness_Leto26_META,SK_BrandAwareness_Leto26_META_Carousel,Carousel_v1,2026-06-23,25-34,Female,2264,1099.0,2.06,50,29,1.3,0.42,12.18,,,
SK_ProduktLaunch26_META,SK_ProduktLaunch26_META_Reels,Reels_v1,2026-09-01,35-44,Female,4011,2493.0,1.61,102,65,1.61,0.51,33.15,2.0,16.57,Website purchases
SK_BrandAwareness_Leto26_META,SK_BrandAwareness_Leto26_META_Reels,Reels_v1,2026-07-10,45-54,Male,3115,2060.0,1.51,97,48,1.53,0.5,24.0,,,
SK_BrandAwareness_Leto26_META,SK_BrandAwareness_Leto26_META_Carousel,Carousel_v1,2026-07-18,65+,Male,1255,640.0,1.96,43,22,1.78,0.43,9.46,,,
SK_ProduktLaunch26_META,SK_ProduktLaunch26_META_Feed,Feed_v1,2026-09-28,45-54,Male,2680,1602.0,1.67,64,31,1.16,0.58,17.98,1.0,17.98,Website purchases
SK_BrandAwareness_Leto26_META,SK_BrandAwareness_Leto26_META_Reels,Reels_v1,2026-07-19,35-44,Female,3953,2186.0,1.81,107,53,1.33,0.35,18.55,,,
SK_ProduktLaunch26_META,SK_ProduktLaunch26_META_Stories,Stories_v1,2026-10-01,55-64,Male,1726,806.0,2.14,68,34,1.96,0.5,17.0,1.0,17.0,Website purchases
SK_BrandAwareness_Leto26_META,SK_BrandAwareness_Leto26_META_Reels,Reels_v1,2026-07-18,65+,Male,2056,1188.0,1.73,63,41,1.98,0.4,16.4,,,
SK_ProduktLaunch26_META,SK_ProduktLaunch26_META_Reels,Reels_v1,2026-10-22,18-24,Female,2550,1289.0,1.98,85,50,1.95,0.48,24.0,2.0,12.0,Website purchases
SK_ProduktLaunch26_META,SK_ProduktLaunch26_META_Stories,Stories_v1,2026-10-26,55-64,Male,1626,951.0,1.71,63,34,2.07,0.51,17.34,1.0,17.34,Website purchases
SK_BrandAwareness_Leto26_META,SK_BrandAwareness_Leto26_META_Carousel,Carousel_v1,2026-07-11,35-44,Male,1721,1290.0,1.33,73,35,2.06,0.51,17.85,,,
SK_ProduktLaunch26_META,SK_ProduktLaunch26_META_Stories,Stories_v1,2026-10-05,18-24,Male,1031,780.0,1.32,30,14,1.39,0.35,4.9,0.0,,Website purchases
SK_ProduktLaunch26_META,SK_ProduktLaunch26_META_Feed,Feed_v1,2026-08-29,25-34,Male,2862,1401.0,2.04,50,35,1.23,0.56,19.6,1.0,19.6,Website purchases
SK_BrandAwareness_Leto26_META,SK_BrandAwareness_Leto26_META_Carousel,Carousel_v1,2026-07-24,35-44,Female,1907,1117.0,1.71,69,35,1.83,0.64,22.4,,,
SK_ProduktLaunch26_META,SK_ProduktLaunch26_META_Stories,Stories_v1,2026-09-27,45-54,Male,2195,1507.0,1.46,78,40,1.84,0.46,18.4,1.0,18.4,Website purchases
SK_BrandAwareness_Leto26_META,SK_BrandAwareness_Leto26_META_Video,Video_v1,2026-06-08,45-54,Male,3015,2287.0,1.32,74,50,1.67,0.41,20.5,,,
SK_BrandAwareness_Leto26_META,SK_BrandAwareness_Leto26_META_Video,Video_v1,2026-07-01,35-44,Female,2346,1081.0,2.17,85,41,1.73,0.54,22.14,,,
SK_BrandAwareness_Leto26_META,SK_BrandAwareness_Leto26_META_Video,Video_v1,2026-06-16,25-34,Female,3330,2416.0,1.38,91,53,1.58,0.65,34.45,,,
SK_ProduktLaunch26_META,SK_ProduktLaunch26_META_Stories,Stories_v1,2026-10-24,65+,Female,923,459.0,2.01,39,17,1.8,0.35,5.95,0.0,,Website purchases
SK_ProduktLaunch26_META,SK_ProduktLaunch26_META_Stories,Stories_v1,2026-08-16,65+,Male,613,334.0,1.84,19,9,1.42,0.51,4.59,0.0,,Website purchases
SK_ProduktLaunch26_META,SK_ProduktLaunch26_META_Stories,Stories_v1,2026-09-22,65+,Female,626,417.0,1.5,17,8,1.25,0.51,4.08,0.0,,Website purchases
SK_ProduktLaunch26_META,SK_ProduktLaunch26_META_Stories,Stories_v1,2026-08-31,25-34,Female,2083,1191.0,1.75,55,37,1.79,0.36,13.32,1.0,13.32,Website purchases
SK_ProduktLaunch26_META,SK_ProduktLaunch26_META_Reels,Reels_v1,2026-10-06,35-44,Female,3664,1910.0,1.92,118,58,1.6,0.49,28.42,2.0,14.21,Website purchases
SK_ProduktLaunch26_META,SK_ProduktLaunch26_META_Reels,Reels_v1,2026-08-22,18-24,Female,2935,1447.0,2.03,99,60,2.05,0.34,20.4,2.0,10.2,Website purchases
SK_BrandAwareness_Leto26_META,SK_BrandAwareness_Leto26_META_Video_V2,Video_v1,2026-07-08,25-34,Male,4018,2579.0,1.56,99,56,1.39,0.43,24.08,,,
SK_ProduktLaunch26_META,SK_ProduktLaunch26_META_Reels,Reels_v1,2026-10-18,18-24,Female,2903,1396.0,2.08,95,44,1.5,0.47,20.68,1.0,20.68,Website purchases
SK_BrandAwareness_Leto26_META,SK_BrandAwareness_Leto26_META_Carousel,Carousel_v1,2026-06-23,55-64,Female,1568,823.0,1.91,74,34,2.19,0.6,20.4,,,
SK_BrandAwareness_Leto26_META,SK_BrandAwareness_Leto26_META_Carousel,Carousel_v1,2026-06-05,18-24,Male,1689,1203.0,1.4,66,30,1.78,0.49,14.7,,,
SK_ProduktLaunch26_META,SK_ProduktLaunch26_META_Stories,Stories_v1,2026-08-26,65+,Female,506,297.0,1.7,23,11,2.14,0.53,5.83,0.0,,Website purchases
SK_BrandAwareness_Leto26_META,SK_BrandAwareness_Leto26_META_Carousel,Carousel_v1,2026-07-01,45-54,Male,1780,1023.0,1.74,52,31,1.72,0.64,19.84,,,
SK_ProduktLaunch26_META,SK_ProduktLaunch26_META_Feed,Feed_v1,2026-09-28,65+,Male,879,531.0,1.66,31,16,1.86,0.4,6.4,0.0,,Website purchases
SK_BrandAwareness_Leto26_META,SK_BrandAwareness_Leto26_META_Reels,Reels_v1,2026-07-05,65+,Female,1158,590.0,1.96,23,16,1.37,0.45,7.2,,,
SK_ProduktLaunch26_META,SK_ProduktLaunch26_META_Reels,Reels_v1,2026-08-24,18-24,Male,3694,1754.0,2.11,130,90,2.42,0.46,41.4,3.0,13.8,Website purchases
SK_BrandAwareness_Leto26_META,SK_BrandAwareness_Leto26_META_Carousel,Carousel_v1,2026-06-24,65+,Female,700,424.0,1.65,28,13,1.9,0.55,7.15,,,
SK_BrandAwareness_Leto26_META,SK_BrandAwareness_Leto26_META_Video_V2,Video_v1,2026-08-07,55-64,Female,1304,909.0,1.43,34,22,1.69,0.56,12.32,,,
SK_BrandAwareness_Leto26_META,SK_BrandAwareness_Leto26_META_Reels,Reels_v1,2026-06-29,65+,Male,1698,1008.0,1.68,40,24,1.4,0.36,8.64,,,
SK_BrandAwareness_Leto26_META,SK_BrandAwareness_Leto26_META_Video,Video_v1,2026-06-26,55-64,Female,2148,1036.0,2.07,32,20,0.93,0.61,12.2,,,
SK_BrandAwareness_Leto26_META,SK_BrandAwareness_Leto26_META_Reels,Reels_v1,2026-08-02,55-64,Female,2840,1323.0,2.15,77,34,1.2,0.55,18.7,,,
SK_BrandAwareness_Leto26_META,SK_BrandAwareness_Leto26_META_Video,Video_v1,2026-06-29,55-64,Male,2631,1510.0,1.74,81,39,1.48,0.45,17.55,,,
SK_ProduktLaunch26_META,SK_ProduktLaunch26_META_Reels,Reels_v1,2026-09-19,25-34,Male,3686,1946.0,1.89,105,46,1.26,0.41,18.86,1.0,18.86,Website purchases
SK_BrandAwareness_Leto26_META,SK_BrandAwareness_Leto26_META_Reels,Reels_v1,2026-08-07,45-54,Female,3526,1706.0,2.07,98,57,1.62,0.55,31.35,,,
SK_ProduktLaunch26_META,SK_ProduktLaunch26_META_Stories,Stories_v1,2026-09-26,45-54,Female,1620,1219.0,1.33,50,31,1.9,0.5,15.5,1.0,15.5,Website purchases
SK_BrandAwareness_Leto26_META,SK_BrandAwareness_Leto26_META_Video_V2,Video_v1,2026-07-10,65+,Female,1325,628.0,2.11,30,16,1.17,0.4,6.4,,,
SK_BrandAwareness_Leto26_META,SK_BrandAwareness_Leto26_META_Video,Video_v1,2026-06-14,45-54,Male,2161,1372.0,1.58,56,28,1.29,0.64,17.92,,,
SK_ProduktLaunch26_META,SK_ProduktLaunch26_META_Stories,Stories_v1,2026-10-22,65+,Male,1092,744.0,1.47,29,18,1.64,0.32,5.76,1.0,5.76,Website purchases
SK_BrandAwareness_Leto26_META,SK_BrandAwareness_Leto26_META_Reels,Reels_v1,2026-06-23,35-44,Female,3700,2601.0,1.42,91,62,1.66,0.51,31.62,,,
SK_ProduktLaunch26_META,SK_ProduktLaunch26_META_Feed,Feed_v1,2026-09-24,25-34,Female,1622,1059.0,1.53,42,23,1.44,0.55,12.65,1.0,12.65,Website purchases
SK_ProduktLaunch26_META,SK_ProduktLaunch26_META_Reels,Reels_v1,2026-09-05,45-54,Male,2344,1542.0,1.52,66,34,1.45,0.34,11.56,1.0,11.56,Website purchases
SK_ProduktLaunch26_META,SK_ProduktLaunch26_META_Reels,Reels_v1,2026-09-15,65+,Male,1304,597.0,2.18,36,21,1.63,0.53,11.13,1.0,11.13,Website purchases
SK_ProduktLaunch26_META,SK_ProduktLaunch26_META_Reels,Reels_v1,2026-08-20,65+,Female,1233,847.0,1.46,33,21,1.74,0.4,8.4,1.0,8.4,Website purchases
SK_BrandAwareness_Leto26_META,SK_BrandAwareness_Leto26_META_Video_V2,Video_v1,2026-07-20,35-44,Female,3316,2061.0,1.61,90,49,1.49,0.43,21.07,,,
SK_BrandAwareness_Leto26_META,SK_BrandAwareness_Leto26_META_Carousel,Carousel_v1,2026-07-23,25-34,Female,3019,1748.0,1.73,93,59,1.94,0.56,33.04,,,
SK_ProduktLaunch26_META,SK_ProduktLaunch26_META_Feed,Feed_v1,2026-10-10,55-64,Female,1834,998.0,1.84,65,30,1.62,0.38,11.4,1.0,11.4,Website purchases
SK_ProduktLaunch26_META,SK_ProduktLaunch26_META_Reels,Reels_v1,2026-08-16,35-44,Female,3407,,,126,56,1.65,0.39,21.84,2.0,10.92,Website purchases
SK_ProduktLaunch26_META,SK_ProduktLaunch26_META_Stories,Stories_v1,2026-09-20,35-44,Female,1268,913.0,1.39,47,24,1.92,0.47,11.28,1.0,11.28,Website purchases
SK_BrandAwareness_Leto26_META,SK_BrandAwareness_Leto26_META_Reels,Reels_v1,2026-07-14,65+,Male,2061,939.0,2.19,34,22,1.08,0.55,12.1,,,
SK_ProduktLaunch26_META,SK_ProduktLaunch26_META_Stories,Stories_v1,2026-08-26,18-24,Female,1488,691.0,2.15,32,19,1.25,0.46,8.74,1.0,8.74,Website purchases
SK_BrandAwareness_Leto26_META,SK_BrandAwareness_Leto26_META_Carousel,Carousel_v1,2026-07-27,18-24,Male,1327,731.0,1.82,27,18,1.32,0.57,10.26,,,
SK_ProduktLaunch26_META,SK_ProduktLaunch26_META_Reels,Reels_v1,2026-09-08,18-24,Male,2730,1450.0,1.88,104,62,2.27,0.31,19.22,2.0,9.61,Website purchases
SK_BrandAwareness_Leto26_META,SK_BrandAwareness_Leto26_META_Carousel,Carousel_v1,2026-07-22,25-34,Female,1714,1199.0,1.43,42,23,1.32,0.44,10.12,,,
SK_BrandAwareness_Leto26_META,SK_BrandAwareness_Leto26_META_Video_V2,Video_v1,2026-07-15,55-64,Female,1375,836.0,1.64,35,22,1.58,0.6,13.2,,,
SK_BrandAwareness_Leto26_META,SK_BrandAwareness_Leto26_META_Video_V2,Video_v1,2026-07-07,65+,Male,1367,809.0,1.69,36,19,1.38,0.48,9.12,,,
SK_ProduktLaunch26_META,SK_ProduktLaunch26_META_Stories,Stories_v1,2026-08-22,65+,Female,767,522.0,1.47,19,13,1.74,0.39,5.07,0.0,,Website purchases
SK_ProduktLaunch26_META,SK_ProduktLaunch26_META_Stories,Stories_v1,2026-09-28,25-34,Female,2468,1194.0,2.07,80,39,1.58,0.58,22.62,1.0,22.62,Website purchases
SK_ProduktLaunch26_META,SK_ProduktLaunch26_META_Reels,Reels_v1,2026-08-31,25-34,Male,4015,1915.0,2.1,151,92,2.3,0.31,28.52,3.0,9.51,Website purchases
SK_ProduktLaunch26_META,SK_ProduktLaunch26_META_Reels,Reels_v1,2026-09-24,65+,Female,1316,762.0,1.73,48,24,1.8,0.38,9.12,1.0,9.12,Website purchases
SK_BrandAwareness_Leto26_META,SK_BrandAwareness_Leto26_META_Reels,Reels_v1,2026-08-01,65+,Male,1388,962.0,1.44,38,26,1.91,0.49,12.74,,,
SK_ProduktLaunch26_META,SK_ProduktLaunch26_META_Reels,Reels_v1,2026-08-18,45-54,Male,3456,2627.0,1.32,103,60,1.73,0.49,29.4,2.0,14.7,Website purchases
SK_BrandAwareness_Leto26_META,SK_BrandAwareness_Leto26_META_Video_V2,Video_v1,2026-07-08,55-64,Male,2699,1948.0,1.39,53,36,1.35,0.41,14.76,,,
SK_BrandAwareness_Leto26_META,SK_BrandAwareness_Leto26_META_Video,Video_v1,2026-06-22,25-34,Female,3453,1824.0,1.89,125,59,1.7,0.36,21.24,,,
SK_BrandAwareness_Leto26_META,SK_BrandAwareness_Leto26_META_Reels,Reels_v1,2026-08-02,18-24,Female,1539,991.0,1.55,60,29,1.86,0.31,8.99,,,
SK_BrandAwareness_Leto26_META,SK_BrandAwareness_Leto26_META_Reels,Reels_v1,2026-07-28,45-54,Male,2834,1368.0,2.07,69,35,1.25,0.4,14.0,,,
SK_BrandAwareness_Leto26_META,SK_BrandAwareness_Leto26_META_Video_V2,Video_v1,2026-08-03,18-24,Female,2376,1419.0,1.67,90,41,1.72,0.49,20.09,,,
SK_BrandAwareness_Leto26_META,SK_BrandAwareness_Leto26_META_Carousel,Carousel_v1,2026-08-11,65+,Male,583,441.0,1.32,20,10,1.79,0.43,4.3,,,
SK_ProduktLaunch26_META,SK_ProduktLaunch26_META_Stories,Stories_v1,2026-09-06,65+,Female,984,463.0,2.13,37,22,2.27,0.58,12.76,1.0,12.76,Website purchases
SK_ProduktLaunch26_META,SK_ProduktLaunch26_META_Feed,Feed_v1,2026-09-11,25-34,Male,3288,2382.0,1.38,63,44,1.35,0.48,21.12,1.0,21.12,Website purchases
SK_BrandAwareness_Leto26_META,SK_BrandAwareness_Leto26_META_Reels,Reels_v1,2026-07-04,25-34,Male,3865,1980.0,1.95,98,56,1.45,0.42,23.52,,,
SK_BrandAwareness_Leto26_META,SK_BrandAwareness_Leto26_META_Video_V2,Video_v1,2026-07-31,45-54,Male,1520,984.0,1.54,51,25,1.67,0.51,12.75,,,
SK_ProduktLaunch26_META,SK_ProduktLaunch26_META_Stories,Stories_v1,2026-08-16,18-24,Male,1701,1195.0,1.42,61,38,2.24,0.37,14.06,1.0,14.06,Website purchases
SK_ProduktLaunch26_META,SK_ProduktLaunch26_META_Reels,Reels_v1,2026-10-19,45-54,Female,2017,1027.0,1.96,70,47,2.32,0.36,16.92,1.0,16.92,Website purchases
SK_BrandAwareness_Leto26_META,SK_BrandAwareness_Leto26_META_Carousel,Carousel_v1,2026-06-27,65+,Female,1063,798.0,1.33,35,18,1.66,0.6,10.8,,,
SK_BrandAwareness_Leto26_META,SK_BrandAwareness_Leto26_META_Carousel,Carousel_v1,2026-08-13,45-54,Male,1879,1010.0,1.86,55,24,1.29,0.51,12.24,,,
SK_ProduktLaunch26_META,SK_ProduktLaunch26_META_Stories,Stories_v1,2026-08-30,45-54,Male,1123,640.0,1.75,28,16,1.41,0.41,6.56,0.0,,Website purchases
SK_ProduktLaunch26_META,SK_ProduktLaunch26_META_Feed,Feed_v1,2026-09-30,35-44,Male,1980,1510.0,1.31,68,32,1.63,0.55,17.6,1.0,17.6,Website purchases
SK_BrandAwareness_Leto26_META,SK_BrandAwareness_Leto26_META_Carousel,Carousel_v1,2026-06-07,25-34,Female,2178,1425.0,1.53,61,34,1.55,0.64,21.76,,,
SK_ProduktLaunch26_META,SK_ProduktLaunch26_META_Stories,Stories_v1,2026-08-19,18-24,Female,1043,568.0,1.84,47,22,2.1,0.52,11.44,1.0,11.44,Website purchases
SK_ProduktLaunch26_META,SK_ProduktLaunch26_META_Stories,Stories_v1,2026-09-17,45-54,Female,1851,1210.0,1.53,57,36,1.94,0.45,16.2,1.0,16.2,Website purchases
SK_ProduktLaunch26_META,SK_ProduktLaunch26_META_Reels,Reels_v1,2026-09-01,35-44,Male,4308,2483.0,1.73,141,94,2.17,0.51,47.94,3.0,15.98,Website purchases
SK_BrandAwareness_Leto26_META,SK_BrandAwareness_Leto26_META_Carousel,Carousel_v1,2026-08-12,18-24,Male,2011,1163.0,1.73,49,33,1.63,0.55,18.15,,,
SK_ProduktLaunch26_META,SK_ProduktLaunch26_META_Reels,Reels_v1,2026-08-19,25-34,Female,2421,1369.0,1.77,53,29,1.21,0.41,11.89,1.0,11.89,Website purchases
SK_ProduktLaunch26_META,SK_ProduktLaunch26_META_Stories,Stories_v1,2026-09-22,25-34,Male,2900,1595.0,1.82,94,65,2.25,0.53,34.45,2.0,17.23,Website purchases
SK_ProduktLaunch26_META,SK_ProduktLaunch26_META_Feed,Feed_v1,2026-10-27,45-54,Male,2503,1657.0,1.51,67,45,1.81,0.41,18.45,1.0,18.45,Website purchases
SK_BrandAwareness_Leto26_META,SK_BrandAwareness_Leto26_META_Video,Video_v1,2026-06-14,55-64,Male,1830,897.0,2.04,47,27,1.49,0.5,13.5,,,
SK_BrandAwareness_Leto26_META,SK_BrandAwareness_Leto26_META_Video,Video_v1,2026-06-27,55-64,Female,1400,810.0,1.73,40,21,1.5,0.38,7.98,,,
SK_ProduktLaunch26_META,SK_ProduktLaunch26_META_Stories,Stories_v1,2026-09-04,25-34,Male,1820,1078.0,1.69,52,36,1.95,0.56,20.16,1.0,20.16,Website purchases
SK_BrandAwareness_Leto26_META,SK_BrandAwareness_Leto26_META_Reels,Reels_v1,2026-06-18,55-64,Female,1702,1040.0,1.64,28,17,1.03,0.52,8.84,,,
SK_BrandAwareness_Leto26_META,SK_BrandAwareness_Leto26_META_Reels,Reels_v1,2026-07-30,65+,Female,1100,766.0,1.44,24,12,1.06,0.55,6.6,,,
SK_ProduktLaunch26_META,SK_ProduktLaunch26_META_Feed,Feed_v1,2026-08-20,35-44,Female,1479,684.0,2.16,34,21,1.41,0.46,9.66,1.0,9.66,Website purchases
SK_ProduktLaunch26_META,SK_ProduktLaunch26_META_Stories,Stories_v1,2026-08-28,65+,Male,772,536.0,1.44,14,9,1.17,0.41,3.69,0.0,,Website purchases
SK_ProduktLaunch26_META,SK_ProduktLaunch26_META_Reels,Reels_v1,2026-10-20,18-24,Male,2166,1266.0,1.71,107,50,2.31,0.42,21.0,2.0,10.5,Website purchases
SK_BrandAwareness_Leto26_META,SK_BrandAwareness_Leto26_META_Video,Video_v1,2026-07-01,18-24,Female,2764,1997.0,1.38,58,35,1.27,0.51,17.85,,,
SK_ProduktLaunch26_META,SK_ProduktLaunch26_META_Stories,Stories_v1,2026-09-13,65+,Male,663,364.0,1.82,24,11,1.61,0.4,4.4,0.0,,Website purchases
SK_BrandAwareness_Leto26_META,SK_BrandAwareness_Leto26_META_Reels,Reels_v1,2026-06-01,25-34,Male,4265,3024.0,1.41,122,70,1.65,0.4,28.0,,,
SK_ProduktLaunch26_META,SK_ProduktLaunch26_META_Feed,Feed_v1,2026-08-20,65+,Male,1232,695.0,1.77,42,22,1.79,0.48,10.56,1.0,10.56,Website purchases
SK_BrandAwareness_Leto26_META,SK_BrandAwareness_Leto26_META_Video,Video_v1,2026-06-27,35-44,Female,3697,2765.0,1.34,128,58,1.58,0.53,30.74,,,
SK_ProduktLaunch26_META,SK_ProduktLaunch26_META_Feed,Feed_v1,2026-08-25,25-34,Female,1948,928.0,2.1,44,22,1.15,0.43,9.46,1.0,9.46,Website purchases
SK_BrandAwareness_Leto26_META,SK_BrandAwareness_Leto26_META_Carousel,Carousel_v1,2026-08-09,55-64,Female,1468,695.0,2.11,39,18,1.26,0.67,12.06,,,
SK_ProduktLaunch26_META,SK_ProduktLaunch26_META_Stories,Stories_v1,2026-09-19,45-54,Female,2083,1586.0,1.31,58,34,1.63,0.34,11.56,1.0,11.56,Website purchases
SK_BrandAwareness_Leto26_META,SK_BrandAwareness_Leto26_META_Reels,Reels_v1,2026-07-18,55-64,Male,2646,1564.0,1.69,40,26,0.97,0.43,11.18,,,
SK_ProduktLaunch26_META,SK_ProduktLaunch26_META_Stories,Stories_v1,2026-09-27,18-24,Female,1310,698.0,1.88,29,15,1.18,0.52,7.8,0.0,,Website purchases
SK_ProduktLaunch26_META,SK_ProduktLaunch26_META_Stories,Stories_v1,2026-10-04,35-44,Male,2674,1256.0,2.13,120,53,2.0,0.55,29.15,1.0,29.15,Website purchases
SK_BrandAwareness_Leto26_META,SK_BrandAwareness_Leto26_META_Reels,Reels_v1,2026-07-11,45-54,Female,3230,2414.0,1.34,91,64,1.98,0.47,30.08,,,
SK_BrandAwareness_Leto26_META,SK_BrandAwareness_Leto26_META_Carousel,Carousel_v1,2026-06-12,65+,Female,523,339.0,1.54,12,6,1.19,0.67,4.02,,,
SK_ProduktLaunch26_META,SK_ProduktLaunch26_META_Reels,Reels_v1,2026-10-05,18-24,Female,3154,1911.0,1.65,119,76,2.42,0.53,40.28,2.0,20.14,Website purchases
SK_ProduktLaunch26_META,SK_ProduktLaunch26_META_Reels,Reels_v1,2026-08-25,45-54,Male,2394,1784.0,1.34,84,43,1.79,0.43,18.49,1.0,18.49,Website purchases
SK_BrandAwareness_Leto26_META,SK_BrandAwareness_Leto26_META_Carousel,Carousel_v1,2026-08-01,18-24,Male,2353,1527.0,1.54,52,32,1.38,0.43,13.76,,,
SK_ProduktLaunch26_META,SK_ProduktLaunch26_META_Feed,Feed_v1,2026-09-17,35-44,Male,1574,1114.0,1.41,41,18,1.14,0.59,10.62,0.0,,Website purchases
SK_ProduktLaunch26_META,SK_ProduktLaunch26_META_Feed,Feed_v1,2026-10-26,65+,Male,1451,1110.0,1.31,24,15,1.02,0.4,6.0,0.0,,Website purchases
SK_BrandAwareness_Leto26_META,SK_BrandAwareness_Leto26_META_Video,Video_v1,2026-06-15,25-34,Male,4268,2268.0,1.88,52,37,0.88,0.64,23.68,,,
SK_ProduktLaunch26_META,SK_ProduktLaunch26_META_Stories,Stories_v1,2026-10-01,35-44,Male,1252,609.0,2.06,25,17,1.35,0.43,7.31,0.0,,Website purchases
SK_BrandAwareness_Leto26_META,SK_BrandAwareness_Leto26_META_Video_V2,Video_v1,2026-07-25,65+,Female,799,539.0,1.48,16,8,0.97,0.41,3.28,,,
SK_BrandAwareness_Leto26_META,SK_BrandAwareness_Leto26_META_Reels,Reels_v1,2026-07-03,35-44,Male,2733,1651.0,1.66,55,39,1.43,0.52,20.28,,,
SK_ProduktLaunch26_META,SK_ProduktLaunch26_META_Feed,Feed_v1,2026-09-01,65+,Female,1368,707.0,1.93,39,24,1.73,0.47,11.28,1.0,11.28,Website purchases
SK_ProduktLaunch26_META,SK_ProduktLaunch26_META_Feed,Feed_v1,2026-10-16,18-24,Male,2140,1631.0,1.31,84,42,1.97,0.51,21.42,1.0,21.42,Website purchases
SK_ProduktLaunch26_META,SK_ProduktLaunch26_META_Stories,Stories_v1,2026-09-28,45-54,Male,2084,963.0,2.16,96,42,2.03,0.34,14.28,1.0,14.28,Website purchases
SK_ProduktLaunch26_META,SK_ProduktLaunch26_META_Reels,Reels_v1,2026-09-27,55-64,Female,2128,1618.0,1.32,65,32,1.5,0.51,16.32,1.0,16.32,Website purchases
SK_BrandAwareness_Leto26_META,SK_BrandAwareness_Leto26_META_Carousel,Carousel_v1,2026-08-08,55-64,Female,917,663.0,1.38,30,16,1.73,0.58,9.28,,,
SK_ProduktLaunch26_META,SK_ProduktLaunch26_META_Feed,Feed_v1,2026-09-03,45-54,Female,2527,1338.0,1.89,44,27,1.08,0.54,14.58,1.0,14.58,Website purchases
SK_BrandAwareness_Leto26_META,SK_BrandAwareness_Leto26_META_Video_V2,Video_v1,2026-07-11,55-64,Female,2022,1222.0,1.65,36,19,0.96,0.65,12.35,,,
SK_BrandAwareness_Leto26_META,SK_BrandAwareness_Leto26_META_Carousel,Carousel_v1,2026-06-18,45-54,Female,1693,1263.0,1.34,57,31,1.84,0.65,20.15,,,
SK_ProduktLaunch26_META,SK_ProduktLaunch26_META_Stories,Stories_v1,2026-10-14,55-64,Male,806,534.0,1.51,22,13,1.62,0.39,5.07,0.0,,Website purchases
SK_BrandAwareness_Leto26_META,SK_BrandAwareness_Leto26_META_Carousel,Carousel_v1,2026-08-03,35-44,Female,2675,,,64,33,1.25,0.65,21.45,,,
SK_BrandAwareness_Leto26_META,SK_BrandAwareness_Leto26_META_Carousel,Carousel_v1,2026-06-12,65+,Male,1108,723.0,1.53,32,19,1.69,0.61,11.59,,,
SK_BrandAwareness_Leto26_META,SK_BrandAwareness_Leto26_META_Reels,Reels_v1,2026-07-02,45-54,Male,3892,1898.0,2.05,119,54,1.38,0.49,26.46,,,
SK_ProduktLaunch26_META,SK_ProduktLaunch26_META_Feed,Feed_v1,2026-08-17,35-44,Male,1944,1022.0,1.9,42,24,1.22,0.46,11.04,1.0,11.04,Website purchases
SK_BrandAwareness_Leto26_META,SK_BrandAwareness_Leto26_META_Video,Video_v1,2026-06-12,25-34,Female,3875,1774.0,2.18,99,51,1.32,0.58,29.58,,,
SK_BrandAwareness_Leto26_META,SK_BrandAwareness_Leto26_META_Video_V2,Video_v1,2026-07-10,45-54,Female,2403,1598.0,1.5,42,20,0.82,0.61,12.2,,,
SK_BrandAwareness_Leto26_META,SK_BrandAwareness_Leto26_META_Video_V2,Video_v1,2026-07-22,35-44,Female,2809,1417.0,1.98,91,44,1.57,0.39,17.16,,,
SK_ProduktLaunch26_META,SK_ProduktLaunch26_META_Reels,Reels_v1,2026-10-06,18-24,Female,3325,1894.0,1.76,66,40,1.21,0.35,14.0,1.0,14.0,Website purchases
SK_ProduktLaunch26_META,SK_ProduktLaunch26_META_Stories,Stories_v1,2026-08-17,45-54,Male,1524,1124.0,1.36,60,31,2.03,0.56,17.36,1.0,17.36,Website purchases
SK_ProduktLaunch26_META,SK_ProduktLaunch26_META_Stories,Stories_v1,2026-08-30,55-64,Male,1749,877.0,1.99,43,26,1.48,0.5,13.0,1.0,13.0,Website purchases
SK_BrandAwareness_Leto26_META,SK_BrandAwareness_Leto26_META_Carousel,Carousel_v1,2026-06-21,25-34,Female,1253,608.0,2.06,39,21,1.64,0.41,8.61,,,
SK_BrandAwareness_Leto26_META,SK_BrandAwareness_Leto26_META_Carousel,Carousel_v1,2026-08-01,25-34,Male,2254,1357.0,1.66,62,39,1.75,0.7,27.3,,,
SK_ProduktLaunch26_META,SK_ProduktLaunch26_META_Feed,Feed_v1,2026-09-03,65+,Female,937,520.0,1.8,32,14,1.54,0.44,6.16,0.0,,Website purchases
SK_ProduktLaunch26_META,SK_ProduktLaunch26_META_Feed,Feed_v1,2026-09-23,55-64,Female,934,549.0,1.7,37,16,1.74,0.48,7.68,0.0,,Website purchases
SK_ProduktLaunch26_META,SK_ProduktLaunch26_META_Feed,Feed_v1,2026-10-06,35-44,Female,2717,1652.0,1.64,64,32,1.17,0.51,16.32,1.0,16.32,Website purchases
SK_BrandAwareness_Leto26_META,SK_BrandAwareness_Leto26_META_Reels,Reels_v1,2026-06-06,18-24,Female,3177,1636.0,1.94,85,53,1.66,0.46,24.38,,,
SK_ProduktLaunch26_META,SK_ProduktLaunch26_META_Feed,Feed_v1,2026-09-30,25-34,Male,3588,1913.0,1.88,97,59,1.64,0.44,25.96,1.0,25.96,Website purchases
SK_BrandAwareness_Leto26_META,SK_BrandAwareness_Leto26_META_Carousel,Carousel_v1,2026-08-10,45-54,Male,2416,1788.0,1.35,77,40,1.64,0.46,18.4,,,
SK_BrandAwareness_Leto26_META,SK_BrandAwareness_Leto26_META_Video,Video_v1,2026-07-02,35-44,Male,2591,1846.0,1.4,90,44,1.71,0.57,25.08,,,
SK_BrandAwareness_Leto26_META,SK_BrandAwareness_Leto26_META_Reels,Reels_v1,2026-07-21,45-54,Female,2037,1104.0,1.85,49,25,1.22,0.49,12.25,,,
SK_BrandAwareness_Leto26_META,SK_BrandAwareness_Leto26_META_Video_V2,Video_v1,2026-07-06,18-24,Male,2508,1868.0,1.34,73,35,1.39,0.65,22.75,,,
SK_ProduktLaunch26_META,SK_ProduktLaunch26_META_Reels,Reels_v1,2026-09-12,25-34,Male,5375,2589.0,2.08,200,98,1.82,0.34,33.32,3.0,11.11,Website purchases
SK_ProduktLaunch26_META,SK_ProduktLaunch26_META_Reels,Reels_v1,2026-09-11,55-64,Male,2181,1201.0,1.82,63,35,1.6,0.31,10.85,1.0,10.85,Website purchases
SK_ProduktLaunch26_META,SK_ProduktLaunch26_META_Reels,Reels_v1,2026-09-14,65+,Female,1277,772.0,1.65,38,25,1.94,0.49,12.25,1.0,12.25,Website purchases
SK_ProduktLaunch26_META,SK_ProduktLaunch26_META_Stories,Stories_v1,2026-10-14,18-24,Female,1883,1027.0,1.83,71,39,2.07,0.41,15.99,1.0,15.99,Website purchases
SK_ProduktLaunch26_META,SK_ProduktLaunch26_META_Stories,Stories_v1,2026-08-21,65+,Female,816,401.0,2.03,24,16,1.91,0.56,8.96,0.0,,Website purchases
SK_ProduktLaunch26_META,SK_ProduktLaunch26_META_Feed,Feed_v1,2026-09-30,55-64,Female,1933,911.0,2.12,48,24,1.24,0.38,9.12,1.0,9.12,Website purchases
SK_BrandAwareness_Leto26_META,SK_BrandAwareness_Leto26_META_Carousel,Carousel_v1,2026-06-22,65+,Male,564,412.0,1.37,20,11,1.96,0.51,5.61,,,
SK_ProduktLaunch26_META,SK_ProduktLaunch26_META_Stories,Stories_v1,2026-08-26,55-64,Male,1287,592.0,2.17,43,22,1.71,0.48,10.56,1.0,10.56,Website purchases
SK_ProduktLaunch26_META,SK_ProduktLaunch26_META_Reels,Reels_v1,2026-08-16,18-24,Male,1628,857.0,1.9,38,23,1.42,0.54,12.42,1.0,12.42,Website purchases
SK_ProduktLaunch26_META,SK_ProduktLaunch26_META_Feed,Feed_v1,2026-10-26,35-44,Female,3073,2024.0,1.52,88,44,1.44,0.52,22.88,1.0,22.88,Website purchases
SK_ProduktLaunch26_META,SK_ProduktLaunch26_META_Feed,Feed_v1,2026-10-11,65+,Female,1190,584.0,2.04,32,21,1.75,0.36,7.56,1.0,7.56,Website purchases
SK_BrandAwareness_Leto26_META,SK_BrandAwareness_Leto26_META_Video,Video_v1,2026-06-07,25-34,Female,3254,1506.0,2.16,83,41,1.25,0.63,25.83,,,
SK_BrandAwareness_Leto26_META,SK_BrandAwareness_Leto26_META_Video_V2,Video_v1,2026-07-22,65+,Female,1266,841.0,1.51,25,15,1.16,0.42,6.3,,,
SK_BrandAwareness_Leto26_META,SK_BrandAwareness_Leto26_META_Reels,Reels_v1,2026-06-03,35-44,Female,4146,2298.0,1.8,95,58,1.4,0.34,19.72,,,
SK_BrandAwareness_Leto26_META,SK_BrandAwareness_Leto26_META_Carousel,Carousel_v1,2026-07-19,35-44,Male,2186,1243.0,1.76,60,41,1.86,0.58,23.78,,,
SK_ProduktLaunch26_META,SK_ProduktLaunch26_META_Stories,Stories_v1,2026-10-20,45-54,Male,1842,1044.0,1.76,44,22,1.18,0.55,12.1,1.0,12.1,Website purchases
SK_ProduktLaunch26_META,SK_ProduktLaunch26_META_Feed,Feed_v1,2026-09-23,35-44,Female,2162,1130.0,1.91,52,32,1.49,0.47,15.04,1.0,15.04,Website purchases
SK_BrandAwareness_Leto26_META,SK_BrandAwareness_Leto26_META_Video_V2,Video_v1,2026-07-26,65+,Female,757,437.0,1.73,13,9,1.22,0.64,5.76,,,
SK_BrandAwareness_Leto26_META,SK_BrandAwareness_Leto26_META_Video_V2,Video_v1,2026-07-28,25-34,Female,3413,1903.0,1.79,70,33,0.98,0.48,15.84,,,
SK_BrandAwareness_Leto26_META,SK_BrandAwareness_Leto26_META_Reels,Reels_v1,2026-08-12,45-54,Male,3555,1752.0,2.03,113,49,1.37,0.31,15.19,,,
SK_ProduktLaunch26_META,SK_ProduktLaunch26_META_Reels,Reels_v1,2026-10-16,55-64,Female,2802,1664.0,1.68,98,55,1.97,0.39,21.45,2.0,10.72,Website purchases
SK_ProduktLaunch26_META,SK_ProduktLaunch26_META_Reels,Reels_v1,2026-09-19,35-44,Male,2849,1351.0,2.11,116,60,2.12,0.54,32.4,2.0,16.2,Website purchases
SK_ProduktLaunch26_META,SK_ProduktLaunch26_META_Feed,Feed_v1,2026-09-23,18-24,Male,1372,817.0,1.68,23,14,1.0,0.57,7.98,0.0,,Website purchases
SK_ProduktLaunch26_META,SK_ProduktLaunch26_META_Stories,Stories_v1,2026-09-16,45-54,Male,1714,1085.0,1.58,40,25,1.45,0.55,13.75,1.0,13.75,Website purchases
SK_ProduktLaunch26_META,SK_ProduktLaunch26_META_Reels,Reels_v1,2026-10-11,25-34,Male,2391,1249.0,1.91,73,52,2.19,0.52,27.04,2.0,13.52,Website purchases
SK_ProduktLaunch26_META,SK_ProduktLaunch26_META_Feed,Feed_v1,2026-09-28,55-64,Female,1356,932.0,1.45,37,23,1.72,0.51,11.73,1.0,11.73,Website purchases
SK_ProduktLaunch26_META,SK_ProduktLaunch26_META_Stories,Stories_v1,2026-09-22,45-54,Male,1636,,,31,21,1.26,0.48,10.08,1.0,10.08,Website purchases
SK_ProduktLaunch26_META,SK_ProduktLaunch26_META_Stories,Stories_v1,2026-10-08,65+,Female,565,339.0,1.67,13,7,1.23,0.45,3.15,0.0,,Website purchases
SK_BrandAwareness_Leto26_META,SK_BrandAwareness_Leto26_META_Reels,Reels_v1,2026-07-28,45-54,Female,2735,1445.0,1.89,104,55,1.99,0.51,28.05,,,
SK_ProduktLaunch26_META,SK_ProduktLaunch26_META_Reels,Reels_v1,2026-09-06,18-24,Female,3125,1429.0,2.19,117,51,1.63,0.35,17.85,2.0,8.93,Website purchases
SK_ProduktLaunch26_META,SK_ProduktLaunch26_META_Reels,Reels_v1,2026-08-23,18-24,Male,1843,885.0,2.08,47,23,1.24,0.31,7.13,1.0,7.13,Website purchases
SK_BrandAwareness_Leto26_META,SK_BrandAwareness_Leto26_META_Reels,Reels_v1,2026-07-26,25-34,Male,2861,1686.0,1.7,54,28,0.98,0.5,14.0,,,
SK_ProduktLaunch26_META,SK_ProduktLaunch26_META_Reels,Reels_v1,2026-10-19,35-44,Female,3557,2017.0,1.76,155,75,2.11,0.32,24.0,2.0,12.0,Website purchases
SK_BrandAwareness_Leto26_META,SK_BrandAwareness_Leto26_META_Carousel,Carousel_v1,2026-07-21,18-24,Male,1079,815.0,1.32,42,21,1.94,0.69,14.49,,,
SK_BrandAwareness_Leto26_META,SK_BrandAwareness_Leto26_META_Carousel,Carousel_v1,2026-08-13,18-24,Male,1936,899.0,2.15,54,26,1.32,0.51,13.26,,,
SK_ProduktLaunch26_META,SK_ProduktLaunch26_META_Stories,Stories_v1,2026-10-12,18-24,Female,1232,684.0,1.8,28,15,1.18,0.41,6.15,0.0,,Website purchases
SK_BrandAwareness_Leto26_META,SK_BrandAwareness_Leto26_META_Video_V2,Video_v1,2026-07-12,55-64,Female,1670,1109.0,1.51,32,15,0.88,0.46,6.9,,,
SK_BrandAwareness_Leto26_META,SK_BrandAwareness_Leto26_META_Reels,Reels_v1,2026-07-03,35-44,Female,3853,1777.0,2.17,90,62,1.62,0.37,22.94,,,
SK_BrandAwareness_Leto26_META,SK_BrandAwareness_Leto26_META_Carousel,Carousel_v1,2026-06-30,25-34,Male,2133,1195.0,1.78,102,46,2.16,0.66,30.36,,,
SK_BrandAwareness_Leto26_META,SK_BrandAwareness_Leto26_META_Video,Video_v1,2026-06-18,65+,Female,873,482.0,1.81,21,12,1.39,0.58,6.96,,,
SK_ProduktLaunch26_META,SK_ProduktLaunch26_META_Feed,Feed_v1,2026-10-08,35-44,Female,2661,1892.0,1.41,78,40,1.49,0.42,16.8,1.0,16.8,Website purchases
SK_ProduktLaunch26_META,SK_ProduktLaunch26_META_Stories,Stories_v1,2026-10-03,25-34,Female,2229,1477.0,1.51,56,27,1.21,0.56,15.12,1.0,15.12,Website purchases
SK_ProduktLaunch26_META,SK_ProduktLaunch26_META_Feed,Feed_v1,2026-08-19,65+,Female,1272,588.0,2.16,33,22,1.71,0.36,7.92,1.0,7.92,Website purchases
SK_ProduktLaunch26_META,SK_ProduktLaunch26_META_Reels,Reels_v1,2026-08-15,25-34,Male,2671,2017.0,1.32,75,51,1.91,0.3,15.3,2.0,7.65,Website purchases
SK_ProduktLaunch26_META,SK_ProduktLaunch26_META_Reels,Reels_v1,2026-09-21,18-24,Female,1502,706.0,2.13,38,18,1.23,0.35,6.3,1.0,6.3,Website purchases
SK_BrandAwareness_Leto26_META,SK_BrandAwareness_Leto26_META_Video_V2,Video_v1,2026-07-10,25-34,Male,4228,2458.0,1.72,58,39,0.92,0.63,24.57,,,
SK_BrandAwareness_Leto26_META,SK_BrandAwareness_Leto26_META_Video_V2,Video_v1,2026-08-06,35-44,Male,3169,1805.0,1.76,74,44,1.39,0.36,15.84,,,
SK_BrandAwareness_Leto26_META,SK_BrandAwareness_Leto26_META_Reels,Reels_v1,2026-07-23,55-64,Female,2781,1756.0,1.58,69,43,1.56,0.45,19.35,,,
SK_ProduktLaunch26_META,SK_ProduktLaunch26_META_Reels,Reels_v1,2026-08-27,65+,Male,1730,929.0,1.86,47,22,1.26,0.45,9.9,1.0,9.9,Website purchases
SK_BrandAwareness_Leto26_META,SK_BrandAwareness_Leto26_META_Carousel,Carousel_v1,2026-08-10,35-44,Male,1964,1491.0,1.32,36,25,1.3,0.56,14.0,,,
SK_BrandAwareness_Leto26_META,SK_BrandAwareness_Leto26_META_Video_V2,Video_v1,2026-07-21,65+,Male,1263,874.0,1.45,37,20,1.57,0.5,10.0,,,
SK_ProduktLaunch26_META,SK_ProduktLaunch26_META_Reels,Reels_v1,2026-10-01,18-24,Female,2818,1318.0,2.14,102,63,2.23,0.33,20.79,2.0,10.39,Website purchases
SK_ProduktLaunch26_META,SK_ProduktLaunch26_META_Stories,Stories_v1,2026-10-27,55-64,Male,859,510.0,1.68,32,15,1.71,0.5,7.5,0.0,,Website purchases
SK_BrandAwareness_Leto26_META,SK_BrandAwareness_Leto26_META_Reels,Reels_v1,2026-06-09,25-34,Female,3051,1784.0,1.71,82,37,1.22,0.38,14.06,,,
SK_BrandAwareness_Leto26_META,SK_BrandAwareness_Leto26_META_Video,Video_v1,2026-06-19,35-44,Male,3139,1438.0,2.18,126,55,1.76,0.37,20.35,,,
SK_ProduktLaunch26_META,SK_ProduktLaunch26_META_Reels,Reels_v1,2026-10-23,35-44,Female,1958,1161.0,1.69,48,29,1.5,0.32,9.28,1.0,9.28,Website purchases
SK_ProduktLaunch26_META,SK_ProduktLaunch26_META_Stories,Stories_v1,2026-08-28,55-64,Male,1731,899.0,1.93,60,27,1.54,0.32,8.64,1.0,8.64,Website purchases
SK_ProduktLaunch26_META,SK_ProduktLaunch26_META_Reels,Reels_v1,2026-10-18,65+,Female,851,484.0,1.76,31,15,1.8,0.47,7.05,0.0,,Website purchases
SK_BrandAwareness_Leto26_META,SK_BrandAwareness_Leto26_META_Video_V2,Video_v1,2026-08-05,45-54,Male,2667,1427.0,1.87,85,46,1.74,0.48,22.08,,,
SK_ProduktLaunch26_META,SK_ProduktLaunch26_META_Stories,Stories_v1,2026-09-15,55-64,Male,1337,940.0,1.42,29,15,1.15,0.54,8.1,0.0,,Website purchases
SK_BrandAwareness_Leto26_META,SK_BrandAwareness_Leto26_META_Video,Video_v1,2026-06-07,18-24,Male,3034,1616.0,1.88,48,33,1.09,0.54,17.82,,,
SK_ProduktLaunch26_META,SK_ProduktLaunch26_META_Feed,Feed_v1,2026-09-13,65+,Female,1342,975.0,1.38,39,19,1.39,0.56,10.64,0.0,,Website purchases
SK_BrandAwareness_Leto26_META,SK_BrandAwareness_Leto26_META_Video_V2,Video_v1,2026-07-22,65+,Male,1311,726.0,1.81,38,21,1.57,0.43,9.03,,,
SK_BrandAwareness_Leto26_META,SK_BrandAwareness_Leto26_META_Reels,Reels_v1,2026-07-23,18-24,Female,2696,1752.0,1.54,97,43,1.61,0.52,22.36,,,
SK_ProduktLaunch26_META,SK_ProduktLaunch26_META_Stories,Stories_v1,2026-09-04,35-44,Female,1968,1321.0,1.49,58,34,1.72,0.54,18.36,1.0,18.36,Website purchases
SK_BrandAwareness_Leto26_META,SK_BrandAwareness_Leto26_META_Reels,Reels_v1,2026-07-16,65+,Female,1325,668.0,1.98,27,18,1.34,0.3,5.4,,,
SK_BrandAwareness_Leto26_META,SK_BrandAwareness_Leto26_META_Video,Video_v1,2026-06-28,35-44,Female,2568,1310.0,1.96,45,24,0.92,0.38,9.12,,,
SK_ProduktLaunch26_META,SK_ProduktLaunch26_META_Feed,Feed_v1,2026-10-01,65+,Male,1199,803.0,1.49,32,16,1.36,0.56,8.96,0.0,,Website purchases
SK_BrandAwareness_Leto26_META,SK_BrandAwareness_Leto26_META_Video,Video_v1,2026-06-06,35-44,Male,3303,1803.0,1.83,110,55,1.66,0.55,30.25,,,
SK_ProduktLaunch26_META,SK_ProduktLaunch26_META_Feed,Feed_v1,2026-08-19,25-34,Male,2966,,,91,50,1.69,0.56,28.0,1.0,28.0,Website purchases
SK_ProduktLaunch26_META,SK_ProduktLaunch26_META_Feed,Feed_v1,2026-10-19,35-44,Female,1721,903.0,1.91,40,24,1.39,0.44,10.56,1.0,10.56,Website purchases
SK_BrandAwareness_Leto26_META,SK_BrandAwareness_Leto26_META_Video_V2,Video_v1,2026-07-31,55-64,Male,1523,856.0,1.78,19,12,0.81,0.41,4.92,,,
SK_BrandAwareness_Leto26_META,SK_BrandAwareness_Leto26_META_Carousel,Carousel_v1,2026-06-28,35-44,Male,2460,1331.0,1.85,74,36,1.46,0.64,23.04,,,
SK_BrandAwareness_Leto26_META,SK_BrandAwareness_Leto26_META_Carousel,Carousel_v1,2026-06-27,25-34,Male,1435,723.0,1.98,70,31,2.19,0.41,12.71,,,
SK_ProduktLaunch26_META,SK_ProduktLaunch26_META_Reels,Reels_v1,2026-09-27,35-44,Male,2975,1747.0,1.7,82,41,1.36,0.39,15.99,1.0,15.99,Website purchases
SK_ProduktLaunch26_META,SK_ProduktLaunch26_META_Stories,Stories_v1,2026-09-04,65+,Female,694,407.0,1.71,19,12,1.74,0.48,5.76,0.0,,Website purchases
SK_ProduktLaunch26_META,SK_ProduktLaunch26_META_Reels,Reels_v1,2026-08-20,25-34,Male,2578,1719.0,1.5,122,55,2.14,0.43,23.65,2.0,11.82,Website purchases
SK_ProduktLaunch26_META,SK_ProduktLaunch26_META_Reels,Reels_v1,2026-09-19,18-24,Male,3607,,,130,73,2.04,0.44,32.12,2.0,16.06,Website purchases
SK_BrandAwareness_Leto26_META,SK_BrandAwareness_Leto26_META_Carousel,Carousel_v1,2026-06-07,55-64,Female,34680,433.0,2.0,38,19,2.16,0.53,10.07,,,
SK_BrandAwareness_Leto26_META,SK_BrandAwareness_Leto26_META_Reels,Reels_v1,2026-07-31,18-24,Female,1848,1387.0,1.33,67,33,1.78,0.32,10.56,,,
SK_ProduktLaunch26_META,SK_ProduktLaunch26_META_Stories,Stories_v1,2026-08-15,18-24,Male,1881,1245.0,1.51,65,42,2.24,0.45,18.9,1.0,18.9,Website purchases
SK_ProduktLaunch26_META,SK_ProduktLaunch26_META_Feed,Feed_v1,2026-08-27,25-34,Male,3165,2026.0,1.56,93,51,1.6,0.5,25.5,1.0,25.5,Website purchases
SK_ProduktLaunch26_META,SK_ProduktLaunch26_META_Reels,Reels_v1,2026-10-08,18-24,Male,2330,1787.0,1.3,90,47,2.03,0.46,21.62,1.0,21.62,Website purchases
SK_ProduktLaunch26_META,SK_ProduktLaunch26_META_Feed,Feed_v1,2026-10-03,18-24,Female,1255,899.0,1.4,19,13,1.05,0.4,5.2,0.0,,Website purchases
SK_BrandAwareness_Leto26_META,SK_BrandAwareness_Leto26_META_Video_V2,Video_v1,2026-07-18,55-64,Male,1322,1000.0,1.32,19,13,0.98,0.42,5.46,,,
SK_BrandAwareness_Leto26_META,SK_BrandAwareness_Leto26_META_Carousel,Carousel_v1,2026-07-02,25-34,Male,3172,1857.0,1.71,85,56,1.76,0.55,30.8,,,
SK_ProduktLaunch26_META,SK_ProduktLaunch26_META_Stories,Stories_v1,2026-09-21,45-54,Female,1914,1014.0,1.89,42,22,1.17,0.54,11.88,1.0,11.88,Website purchases
SK_ProduktLaunch26_META,SK_ProduktLaunch26_META_Reels,Reels_v1,2026-10-25,25-34,Male,4258,2796.0,1.52,121,64,1.5,0.47,30.08,2.0,15.04,Website purchases
SK_BrandAwareness_Leto26_META,SK_BrandAwareness_Leto26_META_Reels,Reels_v1,2026-06-19,65+,Male,1933,1338.0,1.44,72,33,1.69,0.3,9.9,,,
SK_BrandAwareness_Leto26_META,SK_BrandAwareness_Leto26_META_Carousel,Carousel_v1,2026-06-09,35-44,Male,2778,1375.0,2.02,77,42,1.51,0.61,25.62,,,
SK_BrandAwareness_Leto26_META,SK_BrandAwareness_Leto26_META_Carousel,Carousel_v1,2026-06-01,35-44,Female,1857,1245.0,1.49,57,33,1.75,0.67,22.11,,,
SK_ProduktLaunch26_META,SK_ProduktLaunch26_META_Reels,Reels_v1,2026-08-28,35-44,Male,3612,1648.0,2.19,125,57,1.58,0.35,19.95,2.0,9.97,Website purchases
SK_ProduktLaunch26_META,SK_ProduktLaunch26_META_Stories,Stories_v1,2026-10-09,55-64,Female,1279,891.0,1.44,27,17,1.31,0.32,5.44,0.0,,Website purchases
SK_ProduktLaunch26_META,SK_ProduktLaunch26_META_Stories,Stories_v1,2026-08-22,35-44,Male,2610,1559.0,1.67,75,47,1.82,0.36,16.92,1.0,16.92,Website purchases
SK_ProduktLaunch26_META,SK_ProduktLaunch26_META_Stories,Stories_v1,2026-10-10,65+,Female,801,516.0,1.55,24,16,2.05,0.37,5.92,0.0,,Website purchases
SK_ProduktLaunch26_META,SK_ProduktLaunch26_META_Reels,Reels_v1,2026-10-02,65+,Male,1538,760.0,2.02,62,35,2.31,0.33,11.55,1.0,11.55,Website purchases
SK_ProduktLaunch26_META,SK_ProduktLaunch26_META_Stories,Stories_v1,2026-08-31,25-34,Male,1722,899.0,1.92,47,23,1.35,0.42,9.66,1.0,9.66,Website purchases
SK_ProduktLaunch26_META,SK_ProduktLaunch26_META_Reels,Reels_v1,2026-09-16,45-54,Male,2945,1833.0,1.61,113,49,1.66,0.45,22.05,1.0,22.05,Website purchases
SK_ProduktLaunch26_META,SK_ProduktLaunch26_META_Stories,Stories_v1,2026-08-28,45-54,Male,1296,793.0,1.63,38,22,1.69,0.36,7.92,1.0,7.92,Website purchases
SK_ProduktLaunch26_META,SK_ProduktLaunch26_META_Stories,Stories_v1,2026-10-11,35-44,Male,1644,1037.0,1.59,40,24,1.46,0.46,11.04,1.0,11.04,Website purchases
SK_ProduktLaunch26_META,SK_ProduktLaunch26_META_Feed,Feed_v1,2026-08-16,55-64,Male,1785,995.0,1.79,44,21,1.18,0.39,8.19,1.0,8.19,Website purchases
SK_ProduktLaunch26_META,SK_ProduktLaunch26_META_Stories,Stories_v1,2026-10-12,35-44,Female,1534,726.0,2.11,76,33,2.15,0.45,14.85,1.0,14.85,Website purchases
SK_BrandAwareness_Leto26_META,SK_BrandAwareness_Leto26_META_Carousel,Carousel_v1,2026-07-26,18-24,Female,1863,1002.0,1.86,80,37,1.98,0.6,22.2,,,
SK_ProduktLaunch26_META,SK_ProduktLaunch26_META_Stories,Stories_v1,2026-09-01,45-54,Male,2138,1316.0,1.62,65,33,1.54,0.57,18.81,1.0,18.81,Website purchases
SK_ProduktLaunch26_META,SK_ProduktLaunch26_META_Stories,Stories_v1,2026-08-16,35-44,Female,1816,1001.0,1.81,58,31,1.71,0.39,12.09,1.0,12.09,Website purchases
SK_ProduktLaunch26_META,SK_ProduktLaunch26_META_Reels,Reels_v1,2026-10-08,18-24,Female,1729,1082.0,1.6,69,42,2.45,0.54,22.68,1.0,22.68,Website purchases
SK_ProduktLaunch26_META,SK_ProduktLaunch26_META_Feed,Feed_v1,2026-09-08,55-64,Female,1273,591.0,2.15,39,20,1.56,0.48,9.6,0.0,,Website purchases
SK_BrandAwareness_Leto26_META,SK_BrandAwareness_Leto26_META_Carousel,Carousel_v1,2026-07-04,45-54,Male,2361,1526.0,1.55,47,25,1.05,0.67,16.75,,,
SK_ProduktLaunch26_META,SK_ProduktLaunch26_META_Feed,Feed_v1,2026-09-25,45-54,Male,2870,2021.0,1.42,99,45,1.58,0.55,24.75,1.0,24.75,Website purchases
SK_BrandAwareness_Leto26_META,SK_BrandAwareness_Leto26_META_Video_V2,Video_v1,2026-07-28,55-64,Male,1861,1311.0,1.42,45,21,1.15,0.56,11.76,,,
SK_ProduktLaunch26_META,SK_ProduktLaunch26_META_Reels,Reels_v1,2026-08-23,18-24,Female,2204,1033.0,2.13,70,42,1.91,0.31,13.02,1.0,13.02,Website purchases
SK_ProduktLaunch26_META,SK_ProduktLaunch26_META_Stories,Stories_v1,2026-10-08,35-44,Male,1207,638.0,1.89,48,23,1.92,0.34,7.82,1.0,7.82,Website purchases
SK_BrandAwareness_Leto26_META,SK_BrandAwareness_Leto26_META_Carousel,Carousel_v1,2026-08-02,55-64,Female,1553,1039.0,1.49,43,22,1.43,0.41,9.02,,,
SK_ProduktLaunch26_META,SK_ProduktLaunch26_META_Feed,Feed_v1,2026-09-22,65+,Female,570,328.0,1.74,15,7,1.29,0.57,3.99,0.0,,Website purchases
SK_BrandAwareness_Leto26_META,SK_BrandAwareness_Leto26_META_Reels,Reels_v1,2026-07-27,55-64,Male,1745,1183.0,1.48,47,31,1.79,0.4,12.4,,,
SK_BrandAwareness_Leto26_META,SK_BrandAwareness_Leto26_META_Carousel,Carousel_v1,2026-07-31,35-44,Male,1882,1220.0,1.54,53,30,1.61,0.67,20.1,,,
SK_BrandAwareness_Leto26_META,SK_BrandAwareness_Leto26_META_Reels,Reels_v1,2026-08-07,18-24,Male,3052,1564.0,1.95,93,42,1.38,0.4,16.8,,,
SK_ProduktLaunch26_META,SK_ProduktLaunch26_META_Stories,Stories_v1,2026-09-03,18-24,Female,1206,789.0,1.53,33,19,1.54,0.36,6.84,1.0,6.84,Website purchases
SK_BrandAwareness_Leto26_META,SK_BrandAwareness_Leto26_META_Video_V2,Video_v1,2026-07-17,55-64,Male,2086,1331.0,1.57,50,22,1.08,0.44,9.68,,,
SK_BrandAwareness_Leto26_META,SK_BrandAwareness_Leto26_META_Carousel,Carousel_v1,2026-07-18,18-24,Female,1645,753.0,2.18,49,31,1.87,0.42,13.02,,,
SK_BrandAwareness_Leto26_META,SK_BrandAwareness_Leto26_META_Video,Video_v1,2026-06-23,45-54,Male,1756,849.0,2.07,24,17,0.98,0.49,8.33,,,
SK_BrandAwareness_Leto26_META,SK_BrandAwareness_Leto26_META_Reels,Reels_v1,2026-07-21,65+,Female,1126,571.0,1.97,26,18,1.58,0.38,6.84,,,
SK_BrandAwareness_Leto26_META,SK_BrandAwareness_Leto26_META_Carousel,Carousel_v1,2026-06-02,55-64,Female,1536,1077.0,1.43,28,17,1.14,0.55,9.35,,,
SK_BrandAwareness_Leto26_META,SK_BrandAwareness_Leto26_META_Reels,Reels_v1,2026-07-31,55-64,Female,2595,1501.0,1.73,105,47,1.83,0.32,15.04,,,
SK_BrandAwareness_Leto26_META,SK_BrandAwareness_Leto26_META_Video_V2,Video_v1,2026-07-18,65+,Female,1612,870.0,1.85,62,29,1.78,0.54,15.66,,,
SK_BrandAwareness_Leto26_META,SK_BrandAwareness_Leto26_META_Reels,Reels_v1,2026-06-14,35-44,Female,2250,1357.0,1.66,50,35,1.56,0.42,14.7,,,
SK_BrandAwareness_Leto26_META,SK_BrandAwareness_Leto26_META_Reels,Reels_v1,2026-07-13,65+,Male,1289,671.0,1.92,36,16,1.25,0.48,7.68,,,
SK_BrandAwareness_Leto26_META,SK_BrandAwareness_Leto26_META_Reels,Reels_v1,2026-06-09,35-44,Male,2173,1310.0,1.66,50,32,1.47,0.47,15.04,,,
SK_ProduktLaunch26_META,SK_ProduktLaunch26_META_Stories,Stories_v1,2026-10-28,65+,Male,627,469.0,1.34,18,11,1.82,0.49,5.39,0.0,,Website purchases
SK_ProduktLaunch26_META,SK_ProduktLaunch26_META_Reels,Reels_v1,2026-10-22,65+,Male,1380,837.0,1.65,39,22,1.59,0.46,10.12,1.0,10.12,Website purchases
SK_BrandAwareness_Leto26_META,SK_BrandAwareness_Leto26_META_Carousel,Carousel_v1,2026-07-08,65+,Female,540,313.0,1.73,9,6,1.14,0.48,2.88,,,
SK_BrandAwareness_Leto26_META,SK_BrandAwareness_Leto26_META_Video,Video_v1,2026-06-30,18-24,Female,1857,1219.0,1.52,64,29,1.54,0.5,14.5,,,
SK_BrandAwareness_Leto26_META,SK_BrandAwareness_Leto26_META_Carousel,Carousel_v1,2026-08-01,35-44,Male,1680,870.0,1.93,51,25,1.47,0.65,16.25,,,
SK_BrandAwareness_Leto26_META,SK_BrandAwareness_Leto26_META_Video,Video_v1,2026-06-26,18-24,Male,2792,1608.0,1.74,52,25,0.89,0.61,15.25,,,
SK_ProduktLaunch26_META,SK_ProduktLaunch26_META_Stories,Stories_v1,2026-08-29,25-34,Female,2036,1254.0,1.62,54,30,1.49,0.45,13.5,1.0,13.5,Website purchases
SK_BrandAwareness_Leto26_META,SK_BrandAwareness_Leto26_META_Video,Video_v1,2026-06-16,35-44,Female,2582,1831.0,1.41,60,29,1.13,0.54,15.66,,,
SK_BrandAwareness_Leto26_META,SK_BrandAwareness_Leto26_META_Carousel,Carousel_v1,2026-07-17,45-54,Female,1724,919.0,1.88,36,21,1.24,0.57,11.97,,,
SK_ProduktLaunch26_META,SK_ProduktLaunch26_META_Feed,Feed_v1,2026-10-18,35-44,Male,1737,1126.0,1.54,35,23,1.31,0.46,10.58,1.0,10.58,Website purchases
SK_ProduktLaunch26_META,SK_ProduktLaunch26_META_Reels,Reels_v1,2026-08-24,55-64,Female,1888,920.0,2.05,41,24,1.29,0.38,9.12,1.0,9.12,Website purchases
SK_ProduktLaunch26_META,SK_ProduktLaunch26_META_Stories,Stories_v1,2026-09-18,25-34,Female,2644,1357.0,1.95,91,53,2.0,0.32,16.96,1.0,16.96,Website purchases
SK_ProduktLaunch26_META,SK_ProduktLaunch26_META_Reels,Reels_v1,2026-10-06,45-54,Male,3051,1631.0,1.87,80,47,1.55,0.46,21.62,1.0,21.62,Website purchases
SK_ProduktLaunch26_META,SK_ProduktLaunch26_META_Feed,Feed_v1,2026-09-18,35-44,Female,1939,1135.0,1.71,57,31,1.61,0.43,13.33,1.0,13.33,Website purchases
SK_BrandAwareness_Leto26_META,SK_BrandAwareness_Leto26_META_Video,Video_v1,2026-06-16,45-54,Male,3386,1926.0,1.76,97,46,1.35,0.63,28.98,,,
SK_BrandAwareness_Leto26_META,SK_BrandAwareness_Leto26_META_Video,Video_v1,2026-06-04,18-24,Male,2872,1587.0,1.81,66,44,1.53,0.63,27.72,,,
SK_BrandAwareness_Leto26_META,SK_BrandAwareness_Leto26_META_Carousel,Carousel_v1,2026-06-28,55-64,Female,1472,928.0,1.59,33,20,1.38,0.62,12.4,,,
SK_ProduktLaunch26_META,SK_ProduktLaunch26_META_Feed,Feed_v1,2026-09-10,25-34,Male,2781,1682.0,1.65,44,30,1.07,0.48,14.4,1.0,14.4,Website purchases
SK_ProduktLaunch26_META,SK_ProduktLaunch26_META_Feed,Feed_v1,2026-10-12,18-24,Female,2030,1335.0,1.52,41,28,1.38,0.57,15.96,1.0,15.96,Website purchases
SK_ProduktLaunch26_META,SK_ProduktLaunch26_META_Stories,Stories_v1,2026-10-05,55-64,Female,1230,592.0,2.08,35,16,1.32,0.44,7.04,0.0,,Website purchases
SK_BrandAwareness_Leto26_META,SK_BrandAwareness_Leto26_META_Video_V2,Video_v1,2026-08-02,45-54,Female,2582,1345.0,1.92,55,28,1.07,0.49,13.72,,,
SK_BrandAwareness_Leto26_META,SK_BrandAwareness_Leto26_META_Video_V2,Video_v1,2026-08-05,25-34,Male,3061,1590.0,1.93,124,54,1.76,0.37,19.98,,,
SK_BrandAwareness_Leto26_META,SK_BrandAwareness_Leto26_META_Video_V2,Video_v1,2026-07-21,25-34,Male,4561,2448.0,1.86,153,80,1.75,0.54,43.2,,,
SK_BrandAwareness_Leto26_META,SK_BrandAwareness_Leto26_META_Video_V2,Video_v1,2026-08-04,35-44,Female,3252,1562.0,2.08,76,52,1.59,0.44,22.88,,,
SK_BrandAwareness_Leto26_META,SK_BrandAwareness_Leto26_META_Reels,Reels_v1,2026-07-27,45-54,Male,3591,1780.0,2.02,72,38,1.06,0.52,19.76,,,
SK_ProduktLaunch26_META,SK_ProduktLaunch26_META_Reels,Reels_v1,2026-10-27,35-44,Male,3347,2075.0,1.61,93,59,1.77,0.36,21.24,2.0,10.62,Website purchases
SK_ProduktLaunch26_META,SK_ProduktLaunch26_META_Stories,Stories_v1,2026-09-02,18-24,Female,1894,1431.0,1.32,53,32,1.68,0.33,10.56,1.0,10.56,Website purchases
SK_ProduktLaunch26_META,SK_ProduktLaunch26_META_Feed,Feed_v1,2026-10-22,35-44,Female,2423,1258.0,1.93,64,29,1.19,0.46,13.34,1.0,13.34,Website purchases
SK_ProduktLaunch26_META,SK_ProduktLaunch26_META_Reels,Reels_v1,2026-08-25,45-54,Female,3491,1622.0,2.15,155,75,2.14,0.36,27.0,2.0,13.5,Website purchases
SK_BrandAwareness_Leto26_META,SK_BrandAwareness_Leto26_META_Video,Video_v1,2026-06-12,35-44,Female,2872,1739.0,1.65,63,42,1.45,0.64,26.88,,,
SK_BrandAwareness_Leto26_META,SK_BrandAwareness_Leto26_META_Reels,Reels_v1,2026-06-23,45-54,Female,1811,1063.0,1.7,80,36,1.96,0.3,10.8,,,
SK_ProduktLaunch26_META,SK_ProduktLaunch26_META_Feed,Feed_v1,2026-09-08,65+,Female,645,391.0,1.65,25,12,1.86,0.53,6.36,0.0,,Website purchases
SK_BrandAwareness_Leto26_META,SK_BrandAwareness_Leto26_META_Video_V2,Video_v1,2026-07-22,18-24,Female,2093,1008.0,2.08,37,18,0.86,0.6,10.8,,,
SK_ProduktLaunch26_META,SK_ProduktLaunch26_META_Feed,Feed_v1,2026-09-18,55-64,Female,934,580.0,1.61,34,17,1.83,0.58,9.86,0.0,,Website purchases
SK_BrandAwareness_Leto26_META,SK_BrandAwareness_Leto26_META_Carousel,Carousel_v1,2026-07-16,55-64,Male,1088,579.0,1.88,45,23,2.15,0.56,12.88,,,
SK_ProduktLaunch26_META,SK_ProduktLaunch26_META_Feed,Feed_v1,2026-09-13,25-34,Male,2871,1368.0,2.1,73,52,1.79,0.49,25.48,1.0,25.48,Website purchases
SK_ProduktLaunch26_META,SK_ProduktLaunch26_META_Feed,Feed_v1,2026-10-16,45-54,Female,1290,837.0,1.54,46,24,1.84,0.55,13.2,1.0,13.2,Website purchases
SK_ProduktLaunch26_META,SK_ProduktLaunch26_META_Reels,Reels_v1,2026-08-21,35-44,Male,4827,3321.0,1.45,164,79,1.63,0.31,24.49,2.0,12.24,Website purchases
SK_BrandAwareness_Leto26_META,SK_BrandAwareness_Leto26_META_Video_V2,Video_v1,2026-08-10,45-54,Male,2927,1394.0,2.1,50,33,1.12,0.58,19.14,,,
SK_BrandAwareness_Leto26_META,SK_BrandAwareness_Leto26_META_Video_V2,Video_v1,2026-07-16,35-44,Male,2753,1555.0,1.77,73,41,1.48,0.4,16.4,,,
SK_BrandAwareness_Leto26_META,SK_BrandAwareness_Leto26_META_Reels,Reels_v1,2026-07-14,55-64,Female,2388,1424.0,1.68,47,32,1.35,0.34,10.88,,,
SK_BrandAwareness_Leto26_META,SK_BrandAwareness_Leto26_META_Video_V2,Video_v1,2026-07-08,18-24,Female,1989,1142.0,1.74,25,17,0.84,0.52,8.84,,,
SK_BrandAwareness_Leto26_META,SK_BrandAwareness_Leto26_META_Reels,Reels_v1,2026-06-18,45-54,Female,2663,1631.0,1.63,70,31,1.16,0.36,11.16,,,
SK_ProduktLaunch26_META,SK_ProduktLaunch26_META_Reels,Reels_v1,2026-09-20,65+,Male,1374,761.0,1.81,55,28,2.01,0.48,13.44,1.0,13.44,Website purchases
SK_ProduktLaunch26_META,SK_ProduktLaunch26_META_Reels,Reels_v1,2026-08-26,18-24,Male,3771,2170.0,1.74,127,78,2.06,0.33,25.74,2.0,12.87,Website purchases
SK_ProduktLaunch26_META,SK_ProduktLaunch26_META_Reels,Reels_v1,2026-09-27,45-54,Female,2880,2133.0,1.35,126,58,2.01,0.46,26.68,2.0,13.34,Website purchases
SK_BrandAwareness_Leto26_META,SK_BrandAwareness_Leto26_META_Carousel,Carousel_v1,2026-06-02,25-34,Male,1408,782.0,1.8,45,20,1.44,0.63,12.6,,,
SK_ProduktLaunch26_META,SK_ProduktLaunch26_META_Reels,Reels_v1,2026-09-05,25-34,Female,4032,2737.0,1.47,127,58,1.43,0.41,23.78,2.0,11.89,Website purchases
SK_BrandAwareness_Leto26_META,SK_BrandAwareness_Leto26_META_Video,Video_v1,2026-06-24,45-54,Female,1592,799.0,1.99,21,13,0.84,0.45,5.85,,,
SK_ProduktLaunch26_META,SK_ProduktLaunch26_META_Reels,Reels_v1,2026-10-28,35-44,Male,3678,2303.0,1.6,141,92,2.49,0.47,43.24,3.0,14.41,Website purchases
SK_ProduktLaunch26_META,SK_ProduktLaunch26_META_Stories,Stories_v1,2026-08-25,45-54,Female,1523,988.0,1.54,67,34,2.2,0.45,15.3,1.0,15.3,Website purchases
SK_ProduktLaunch26_META,SK_ProduktLaunch26_META_Reels,Reels_v1,2026-09-21,35-44,Male,4708,2894.0,1.63,129,87,1.86,0.37,32.19,3.0,10.73,Website purchases
SK_ProduktLaunch26_META,SK_ProduktLaunch26_META_Feed,Feed_v1,2026-08-17,45-54,Female,2156,1235.0,1.75,56,30,1.41,0.47,14.1,1.0,14.1,Website purchases
SK_ProduktLaunch26_META,SK_ProduktLaunch26_META_Reels,Reels_v1,2026-10-04,65+,Female,1216,906.0,1.34,61,27,2.2,0.47,12.69,1.0,12.69,Website purchases
SK_BrandAwareness_Leto26_META,SK_BrandAwareness_Leto26_META_Reels,Reels_v1,2026-07-30,25-34,Male,4266,2412.0,1.77,120,57,1.33,0.31,17.67,,,
SK_ProduktLaunch26_META,SK_ProduktLaunch26_META_Feed,Feed_v1,2026-08-26,65+,Male,690,397.0,1.74,21,9,1.36,0.5,4.5,0.0,,Website purchases
SK_ProduktLaunch26_META,SK_ProduktLaunch26_META_Reels,Reels_v1,2026-08-22,18-24,Male,2579,1532.0,1.68,72,45,1.74,0.52,23.4,1.0,23.4,Website purchases
SK_BrandAwareness_Leto26_META,SK_BrandAwareness_Leto26_META_Carousel,Carousel_v1,2026-07-24,45-54,Male,2253,1633.0,1.38,73,35,1.56,0.45,15.75,,,
SK_BrandAwareness_Leto26_META,SK_BrandAwareness_Leto26_META_Carousel,Carousel_v1,2026-07-08,25-34,Female,1293,719.0,1.8,28,16,1.25,0.49,7.84,,,
SK_BrandAwareness_Leto26_META,SK_BrandAwareness_Leto26_META_Video_V2,Video_v1,2026-07-14,25-34,Female,2502,1388.0,1.8,47,31,1.22,0.46,14.26,,,
SK_BrandAwareness_Leto26_META,SK_BrandAwareness_Leto26_META_Video_V2,Video_v1,2026-07-18,35-44,Male,3338,1586.0,2.1,77,47,1.42,0.63,29.61,,,
SK_ProduktLaunch26_META,SK_ProduktLaunch26_META_Reels,Reels_v1,2026-08-29,65+,Male,2080,991.0,2.1,93,49,2.35,0.45,22.05,1.0,22.05,Website purchases
SK_ProduktLaunch26_META,SK_ProduktLaunch26_META_Feed,Feed_v1,2026-09-03,18-24,Female,1468,855.0,1.72,55,29,1.97,0.43,12.47,1.0,12.47,Website purchases
SK_ProduktLaunch26_META,SK_ProduktLaunch26_META_Feed,Feed_v1,2026-10-23,45-54,Male,2749,1855.0,1.48,76,51,1.87,0.54,27.54,1.0,27.54,Website purchases
SK_BrandAwareness_Leto26_META,SK_BrandAwareness_Leto26_META_Carousel,Carousel_v1,2026-06-26,25-34,Female,2342,1678.0,1.4,88,44,1.88,0.55,24.2,,,
SK_ProduktLaunch26_META,SK_ProduktLaunch26_META_Stories,Stories_v1,2026-08-29,45-54,Female,1548,1138.0,1.36,42,20,1.28,0.38,7.6,1.0,7.6,Website purchases
SK_ProduktLaunch26_META,SK_ProduktLaunch26_META_Stories,Stories_v1,2026-10-28,18-24,Female,1219,869.0,1.4,40,21,1.72,0.43,9.03,1.0,9.03,Website purchases
SK_BrandAwareness_Leto26_META,SK_BrandAwareness_Leto26_META_Video_V2,Video_v1,2026-07-16,25-34,Male,3731,2799.0,1.33,43,30,0.81,0.64,19.2,,,
SK_ProduktLaunch26_META,SK_ProduktLaunch26_META_Reels,Reels_v1,2026-09-09,45-54,Male,2243,1533.0,1.46,75,41,1.83,0.49,20.09,1.0,20.09,Website purchases
SK_ProduktLaunch26_META,SK_ProduktLaunch26_META_Reels,Reels_v1,2026-09-29,55-64,Male,1987,1421.0,1.4,55,29,1.46,0.51,14.79,1.0,14.79,Website purchases
SK_ProduktLaunch26_META,SK_ProduktLaunch26_META_Stories,Stories_v1,2026-10-02,55-64,Female,796,476.0,1.67,25,14,1.73,0.34,4.76,0.0,,Website purchases
SK_BrandAwareness_Leto26_META,SK_BrandAwareness_Leto26_META_Video_V2,Video_v1,2026-07-28,65+,Male,1073,618.0,1.74,32,15,1.41,0.42,6.3,,,
SK_ProduktLaunch26_META,SK_ProduktLaunch26_META_Reels,Reels_v1,2026-08-28,45-54,Female,2726,1399.0,1.95,84,59,2.15,0.5,29.5,2.0,14.75,Website purchases
SK_BrandAwareness_Leto26_META,SK_BrandAwareness_Leto26_META_Carousel,Carousel_v1,2026-06-01,18-24,Male,1626,768.0,2.12,28,19,1.16,0.57,10.83,,,
SK_ProduktLaunch26_META,SK_ProduktLaunch26_META_Feed,Feed_v1,2026-10-07,35-44,Female,2036,1152.0,1.77,63,29,1.42,0.57,16.53,1.0,16.53,Website purchases
SK_BrandAwareness_Leto26_META,SK_BrandAwareness_Leto26_META_Carousel,Carousel_v1,2026-06-15,45-54,Female,1717,1226.0,1.4,29,18,1.05,0.56,10.08,,,
SK_BrandAwareness_Leto26_META,SK_BrandAwareness_Leto26_META_Carousel,Carousel_v1,2026-06-25,25-34,Male,1662,762.0,2.18,29,20,1.19,0.42,8.4,,,
SK_BrandAwareness_Leto26_META,SK_BrandAwareness_Leto26_META_Video_V2,Video_v1,2026-08-07,55-64,Male,1643,787.0,2.09,37,19,1.16,0.65,12.35,,,
SK_BrandAwareness_Leto26_META,SK_BrandAwareness_Leto26_META_Carousel,Carousel_v1,2026-07-31,65+,Male,867,,,37,17,1.98,0.68,11.56,,,
SK_BrandAwareness_Leto26_META,SK_BrandAwareness_Leto26_META_Video,Video_v1,2026-06-08,55-64,Male,1442,716.0,2.01,40,23,1.61,0.45,10.35,,,
SK_BrandAwareness_Leto26_META,SK_BrandAwareness_Leto26_META_Reels,Reels_v1,2026-06-19,25-34,Female,4394,2073.0,2.12,161,77,1.75,0.4,30.8,,,
SK_BrandAwareness_Leto26_META,SK_BrandAwareness_Leto26_META_Video,Video_v1,2026-06-24,25-34,Female,3822,2319.0,1.65,111,62,1.64,0.58,35.96,,,
SK_ProduktLaunch26_META,SK_ProduktLaunch26_META_Feed,Feed_v1,2026-08-17,65+,Female,1300,871.0,1.49,36,23,1.79,0.41,9.43,1.0,9.43,Website purchases
SK_BrandAwareness_Leto26_META,SK_BrandAwareness_Leto26_META_Reels,Reels_v1,2026-07-15,55-64,Male,1698,1130.0,1.5,36,17,1.01,0.48,8.16,,,
SK_BrandAwareness_Leto26_META,SK_BrandAwareness_Leto26_META_Video_V2,Video_v1,2026-07-27,18-24,Female,1469,773.0,1.9,39,22,1.52,0.5,11.0,,,
SK_BrandAwareness_Leto26_META,SK_BrandAwareness_Leto26_META_Carousel,Carousel_v1,2026-06-16,35-44,Female,1577,1020.0,1.55,37,17,1.05,0.65,11.05,,,
SK_ProduktLaunch26_META,SK_ProduktLaunch26_META_Reels,Reels_v1,2026-09-13,55-64,Female,1898,1159.0,1.64,59,29,1.52,0.41,11.89,1.0,11.89,Website purchases
SK_BrandAwareness_Leto26_META,SK_BrandAwareness_Leto26_META_Video,Video_v1,2026-06-23,65+,Male,1096,519.0,2.11,22,12,1.11,0.49,5.88,,,
SK_BrandAwareness_Leto26_META,SK_BrandAwareness_Leto26_META_Video_V2,Video_v1,2026-08-13,25-34,Female,3296,1562.0,2.11,45,30,0.92,0.47,14.1,,,
SK_BrandAwareness_Leto26_META,SK_BrandAwareness_Leto26_META_Reels,Reels_v1,2026-07-14,18-24,Male,2267,1691.0,1.34,62,27,1.2,0.45,12.15,,,
SK_BrandAwareness_Leto26_META,SK_BrandAwareness_Leto26_META_Video_V2,Video_v1,2026-07-15,25-34,Male,3243,1484.0,2.19,89,47,1.45,0.56,26.32,,,
SK_BrandAwareness_Leto26_META,SK_BrandAwareness_Leto26_META_Video,Video_v1,2026-06-13,35-44,Male,2552,1313.0,1.94,53,23,0.9,0.54,12.42,,,
SK_BrandAwareness_Leto26_META,SK_BrandAwareness_Leto26_META_Video_V2,Video_v1,2026-07-15,45-54,Male,2788,2060.0,1.35,112,50,1.79,0.49,24.5,,,
SK_ProduktLaunch26_META,SK_ProduktLaunch26_META_Reels,Reels_v1,2026-08-23,25-34,Female,4647,2773.0,1.68,200,105,2.26,0.45,47.25,3.0,15.75,Website purchases
SK_ProduktLaunch26_META,SK_ProduktLaunch26_META_Stories,Stories_v1,2026-09-17,35-44,Female,1852,933.0,1.98,61,32,1.75,0.45,14.4,1.0,14.4,Website purchases
SK_BrandAwareness_Leto26_META,SK_BrandAwareness_Leto26_META_Video_V2,Video_v1,2026-08-11,55-64,Male,1612,865.0,1.86,47,21,1.28,0.5,10.5,,,
SK_BrandAwareness_Leto26_META,SK_BrandAwareness_Leto26_META_Video,Video_v1,2026-07-02,25-34,Female,2975,1391.0,2.14,50,24,0.81,0.53,12.72,,,
SK_ProduktLaunch26_META,SK_ProduktLaunch26_META_Reels,Reels_v1,2026-09-17,35-44,Male,2936,1594.0,1.84,77,37,1.26,0.49,18.13,1.0,18.13,Website purchases
SK_BrandAwareness_Leto26_META,SK_BrandAwareness_Leto26_META_Carousel,Carousel_v1,2026-06-18,55-64,Male,1556,1164.0,1.34,43,25,1.62,0.57,14.25,,,
SK_BrandAwareness_Leto26_META,SK_BrandAwareness_Leto26_META_Video_V2,Video_v1,2026-07-28,18-24,Female,2901,1406.0,2.06,63,37,1.27,0.49,18.13,,,
SK_BrandAwareness_Leto26_META,SK_BrandAwareness_Leto26_META_Carousel,Carousel_v1,2026-07-27,25-34,Male,3019,1761.0,1.71,49,33,1.1,0.47,15.51,,,
SK_BrandAwareness_Leto26_META,SK_BrandAwareness_Leto26_META_Reels,Reels_v1,2026-07-01,35-44,Male,3150,2053.0,1.53,85,47,1.48,0.48,22.56,,,
SK_ProduktLaunch26_META,SK_ProduktLaunch26_META_Stories,Stories_v1,2026-10-15,65+,Female,796,369.0,2.16,19,10,1.22,0.34,3.4,0.0,,Website purchases
SK_BrandAwareness_Leto26_META,SK_BrandAwareness_Leto26_META_Reels,Reels_v1,2026-07-20,35-44,Male,4128,1922.0,2.15,113,49,1.2,0.3,14.7,,,
SK_BrandAwareness_Leto26_META,SK_BrandAwareness_Leto26_META_Reels,Reels_v1,2026-06-19,35-44,Male,2418,1114.0,2.17,50,23,0.96,0.4,9.2,,,
SK_BrandAwareness_Leto26_META,SK_BrandAwareness_Leto26_META_Carousel,Carousel_v1,2026-07-13,65+,Female,1167,821.0,1.42,52,24,2.04,0.7,16.8,,,
SK_BrandAwareness_Leto26_META,SK_BrandAwareness_Leto26_META_Video_V2,Video_v1,2026-07-25,65+,Male,1681,965.0,1.74,45,20,1.17,0.45,9.0,,,
SK_BrandAwareness_Leto26_META,SK_BrandAwareness_Leto26_META_Reels,Reels_v1,2026-07-12,65+,Female,859,567.0,1.51,23,13,1.55,0.35,4.55,,,
SK_ProduktLaunch26_META,SK_ProduktLaunch26_META_Feed,Feed_v1,2026-09-25,18-24,Male,2419,1714.0,1.41,101,47,1.92,0.4,18.8,1.0,18.8,Website purchases
SK_BrandAwareness_Leto26_META,SK_BrandAwareness_Leto26_META_Video_V2,Video_v1,2026-07-15,35-44,Female,2368,1696.0,1.4,34,21,0.88,0.58,12.18,,,
SK_BrandAwareness_Leto26_META,SK_BrandAwareness_Leto26_META_Reels,Reels_v1,2026-07-09,55-64,Female,2277,1098.0,2.07,66,29,1.28,0.38,11.02,,,
SK_BrandAwareness_Leto26_META,SK_BrandAwareness_Leto26_META_Video,Video_v1,2026-06-11,25-34,Female,3248,2039.0,1.59,88,56,1.73,0.41,22.96,,,
SK_ProduktLaunch26_META,SK_ProduktLaunch26_META_Feed,Feed_v1,2026-09-09,55-64,Female,1384,650.0,2.13,40,25,1.8,0.42,10.5,1.0,10.5,Website purchases
SK_ProduktLaunch26_META,SK_ProduktLaunch26_META_Stories,Stories_v1,2026-09-13,18-24,Male,2175,1419.0,1.53,69,32,1.48,0.55,17.6,1.0,17.6,Website purchases
SK_ProduktLaunch26_META,SK_ProduktLaunch26_META_Stories,Stories_v1,2026-10-09,18-24,Female,1913,893.0,2.14,49,27,1.42,0.56,15.12,1.0,15.12,Website purchases
SK_BrandAwareness_Leto26_META,SK_BrandAwareness_Leto26_META_Carousel,Carousel_v1,2026-07-04,55-64,Female,1214,709.0,1.71,43,23,1.89,0.58,13.34,,,
SK_ProduktLaunch26_META,SK_ProduktLaunch26_META_Feed,Feed_v1,2026-08-31,35-44,Male,1852,1155.0,1.6,76,34,1.84,0.43,14.62,1.0,14.62,Website purchases
SK_ProduktLaunch26_META,SK_ProduktLaunch26_META_Stories,Stories_v1,2026-10-23,65+,Female,499,270.0,1.85,13,8,1.56,0.46,3.68,0.0,,Website purchases
SK_ProduktLaunch26_META,SK_ProduktLaunch26_META_Feed,Feed_v1,2026-10-26,25-34,Female,2172,1643.0,1.32,84,37,1.69,0.57,21.09,1.0,21.09,Website purchases
SK_BrandAwareness_Leto26_META,SK_BrandAwareness_Leto26_META_Carousel,Carousel_v1,2026-07-12,35-44,Female,1914,1103.0,1.74,70,33,1.74,0.69,22.77,,,
SK_ProduktLaunch26_META,SK_ProduktLaunch26_META_Reels,Reels_v1,2026-10-03,65+,Female,1842,875.0,2.11,77,41,2.23,0.42,17.22,1.0,17.22,Website purchases
SK_BrandAwareness_Leto26_META,SK_BrandAwareness_Leto26_META_Reels,Reels_v1,2026-07-04,25-34,Female,2613,1902.0,1.37,85,41,1.57,0.5,20.5,,,
SK_ProduktLaunch26_META,SK_ProduktLaunch26_META_Stories,Stories_v1,2026-10-02,35-44,Male,2739,2066.0,1.33,73,47,1.72,0.45,21.15,1.0,21.15,Website purchases
SK_ProduktLaunch26_META,SK_ProduktLaunch26_META_Stories,Stories_v1,2026-09-23,55-64,Female,1646,933.0,1.76,63,35,2.13,0.36,12.6,1.0,12.6,Website purchases
SK_ProduktLaunch26_META,SK_ProduktLaunch26_META_Feed,Feed_v1,2026-10-24,55-64,Male,1720,1004.0,1.71,44,27,1.55,0.56,15.12,1.0,15.12,Website purchases
SK_BrandAwareness_Leto26_META,SK_BrandAwareness_Leto26_META_Reels,Reels_v1,2026-08-01,35-44,Female,3629,2503.0,1.45,131,67,1.85,0.47,31.49,,,
SK_ProduktLaunch26_META,SK_ProduktLaunch26_META_Stories,Stories_v1,2026-10-16,55-64,Female,1345,1032.0,1.3,59,27,2.03,0.39,10.53,1.0,10.53,Website purchases
SK_BrandAwareness_Leto26_META,SK_BrandAwareness_Leto26_META_Video_V2,Video_v1,2026-07-08,65+,Male,1385,738.0,1.88,44,23,1.69,0.52,11.96,,,
SK_BrandAwareness_Leto26_META,SK_BrandAwareness_Leto26_META_Reels,Reels_v1,2026-07-07,45-54,Male,2560,1378.0,1.86,52,32,1.25,0.48,15.36,,,
SK_BrandAwareness_Leto26_META,SK_BrandAwareness_Leto26_META_Video,Video_v1,2026-06-02,65+,Male,1642,1193.0,1.38,36,18,1.11,0.43,7.74,,,
SK_ProduktLaunch26_META,SK_ProduktLaunch26_META_Reels,Reels_v1,2026-09-05,25-34,Female,4032,2737.0,1.47,127,58,1.43,0.41,23.78,2.0,11.89,Website purchases
SK_BrandAwareness_Leto26_META,SK_BrandAwareness_Leto26_META_Reels,Reels_v1,2026-07-30,55-64,Female,1761,1208.0,1.46,76,34,1.93,0.45,15.3,,,
SK_ProduktLaunch26_META,SK_ProduktLaunch26_META_Reels,Reels_v1,2026-10-13,45-54,Female,2781,1306.0,2.13,69,42,1.51,0.44,18.48,1.0,18.48,Website purchases
SK_BrandAwareness_Leto26_META,SK_BrandAwareness_Leto26_META_Carousel,Carousel_v1,2026-07-09,35-44,Female,1220,605.0,2.02,39,22,1.81,0.67,14.74,,,
SK_ProduktLaunch26_META,SK_ProduktLaunch26_META_Feed,Feed_v1,2026-09-23,45-54,Male,2003,1099.0,1.82,73,35,1.74,0.57,19.95,1.0,19.95,Website purchases
SK_BrandAwareness_Leto26_META,SK_BrandAwareness_Leto26_META_Carousel,Carousel_v1,2026-06-21,55-64,Male,1125,615.0,1.83,23,15,1.3,0.6,9.0,,,
SK_BrandAwareness_Leto26_META,SK_BrandAwareness_Leto26_META_Carousel,Carousel_v1,2026-08-05,25-34,Male,3321,1981.0,1.68,162,72,2.16,0.6,43.2,,,
SK_BrandAwareness_Leto26_META,SK_BrandAwareness_Leto26_META_Reels,Reels_v1,2026-07-26,55-64,Male,2599,1570.0,1.66,85,50,1.91,0.53,26.5,,,
SK_ProduktLaunch26_META,SK_ProduktLaunch26_META_Reels,Reels_v1,2026-10-23,25-34,Female,4312,2598.0,1.66,119,55,1.27,0.47,25.85,2.0,12.93,Website purchases
SK_ProduktLaunch26_META,SK_ProduktLaunch26_META_Stories,Stories_v1,2026-08-27,45-54,Male,2001,985.0,2.03,67,31,1.54,0.39,12.09,1.0,12.09,Website purchases
SK_ProduktLaunch26_META,SK_ProduktLaunch26_META_Reels,Reels_v1,2026-08-22,55-64,Male,3142,1734.0,1.81,116,60,1.91,0.41,24.6,2.0,12.3,Website purchases
SK_BrandAwareness_Leto26_META,SK_BrandAwareness_Leto26_META_Reels,Reels_v1,2026-07-26,18-24,Male,1811,902.0,2.01,58,26,1.43,0.4,10.4,,,
SK_BrandAwareness_Leto26_META,SK_BrandAwareness_Leto26_META_Reels,Reels_v1,2026-08-05,45-54,Female,1657,758.0,2.19,35,20,1.2,0.46,9.2,,,
SK_ProduktLaunch26_META,SK_ProduktLaunch26_META_Reels,Reels_v1,2026-10-27,25-34,Male,4853,3322.0,1.46,115,65,1.34,0.33,21.45,2.0,10.72,Website purchases
SK_BrandAwareness_Leto26_META,SK_BrandAwareness_Leto26_META_Reels,Reels_v1,2026-06-29,45-54,Female,2765,1453.0,1.9,89,44,1.61,0.53,23.32,,,
SK_ProduktLaunch26_META,SK_ProduktLaunch26_META_Reels,Reels_v1,2026-09-30,18-24,Female,2830,1314.0,2.15,72,38,1.36,0.39,14.82,1.0,14.82,Website purchases
SK_ProduktLaunch26_META,SK_ProduktLaunch26_META_Stories,Stories_v1,2026-08-19,35-44,Male,2092,962.0,2.17,99,44,2.08,0.34,14.96,1.0,14.96,Website purchases
SK_BrandAwareness_Leto26_META,SK_BrandAwareness_Leto26_META_Carousel,Carousel_v1,2026-06-09,45-54,Female,2210,1113.0,1.99,52,24,1.1,0.51,12.24,,,
SK_ProduktLaunch26_META,SK_ProduktLaunch26_META_Reels,Reels_v1,2026-10-09,18-24,Male,2270,1554.0,1.46,70,38,1.65,0.53,20.14,1.0,20.14,Website purchases
SK_ProduktLaunch26_META,SK_ProduktLaunch26_META_Feed,Feed_v1,2026-09-01,18-24,Male,2353,1266.0,1.86,101,46,1.95,0.55,25.3,1.0,25.3,Website purchases
SK_BrandAwareness_Leto26_META,SK_BrandAwareness_Leto26_META_Carousel,Carousel_v1,2026-07-21,65+,Male,952,596.0,1.6,21,11,1.14,0.7,7.7,,,
SK_ProduktLaunch26_META,SK_ProduktLaunch26_META_Stories,Stories_v1,2026-10-26,65+,Male,1030,686.0,1.5,26,14,1.35,0.54,7.56,0.0,,Website purchases
SK_BrandAwareness_Leto26_META,SK_BrandAwareness_Leto26_META_Video,Video_v1,2026-06-20,18-24,Male,2689,1324.0,2.03,95,42,1.57,0.44,18.48,,,
SK_BrandAwareness_Leto26_META,SK_BrandAwareness_Leto26_META_Video_V2,Video_v1,2026-07-07,25-34,Male,2199,1331.0,1.65,67,36,1.66,0.52,18.72,,,
SK_BrandAwareness_Leto26_META,SK_BrandAwareness_Leto26_META_Reels,Reels_v1,2026-07-19,65+,Male,1697,784.0,2.16,33,16,0.95,0.43,6.88,,,
SK_ProduktLaunch26_META,SK_ProduktLaunch26_META_Reels,Reels_v1,2026-10-15,35-44,Female,4004,1862.0,2.15,106,62,1.54,0.45,27.9,2.0,13.95,Website purchases
SK_ProduktLaunch26_META,SK_ProduktLaunch26_META_Stories,Stories_v1,2026-10-26,25-34,Male,2968,1517.0,1.96,86,46,1.55,0.41,18.86,1.0,18.86,Website purchases
SK_ProduktLaunch26_META,SK_ProduktLaunch26_META_Feed,Feed_v1,2026-10-09,25-34,Male,2933,1509.0,1.94,60,32,1.1,0.43,13.76,1.0,13.76,Website purchases
SK_BrandAwareness_Leto26_META,SK_BrandAwareness_Leto26_META_Carousel,Carousel_v1,2026-07-03,45-54,Female,1712,785.0,2.18,40,26,1.49,0.61,15.86,,,
SK_ProduktLaunch26_META,SK_ProduktLaunch26_META_Stories,Stories_v1,2026-08-15,65+,Male,1098,572.0,1.92,24,13,1.21,0.48,6.24,0.0,,Website purchases
SK_BrandAwareness_Leto26_META,SK_BrandAwareness_Leto26_META_Reels,Reels_v1,2026-06-28,65+,Female,1200,915.0,1.31,34,20,1.65,0.43,8.6,,,
SK_BrandAwareness_Leto26_META,SK_BrandAwareness_Leto26_META_Reels,Reels_v1,2026-06-15,65+,Male,1833,1056.0,1.74,38,22,1.19,0.49,10.78,,,
SK_ProduktLaunch26_META,SK_ProduktLaunch26_META_Stories,Stories_v1,2026-08-28,45-54,Female,1739,852.0,2.04,77,38,2.18,0.35,13.3,1.0,13.3,Website purchases
SK_ProduktLaunch26_META,SK_ProduktLaunch26_META_Stories,Stories_v1,2026-10-12,55-64,Female,1336,642.0,2.08,56,27,2.02,0.36,9.72,1.0,9.72,Website purchases
SK_BrandAwareness_Leto26_META,SK_BrandAwareness_Leto26_META_Reels,Reels_v1,2026-07-31,35-44,Male,3125,1669.0,1.87,65,41,1.33,0.38,15.58,,,
SK_ProduktLaunch26_META,SK_ProduktLaunch26_META_Stories,Stories_v1,2026-09-01,65+,Male,819,384.0,2.13,26,12,1.5,0.46,5.52,0.0,,Website purchases
SK_ProduktLaunch26_META,SK_ProduktLaunch26_META_Feed,Feed_v1,2026-10-22,55-64,Female,1122,597.0,1.88,32,17,1.47,0.52,8.84,0.0,,Website purchases
SK_BrandAwareness_Leto26_META,SK_BrandAwareness_Leto26_META_Reels,Reels_v1,2026-07-23,65+,Female,1360,621.0,2.19,35,19,1.42,0.45,8.55,,,
SK_ProduktLaunch26_META,SK_ProduktLaunch26_META_Reels,Reels_v1,2026-10-01,25-34,Male,4822,2848.0,1.69,146,102,2.12,0.31,31.62,3.0,10.54,Website purchases
SK_BrandAwareness_Leto26_META,SK_BrandAwareness_Leto26_META_Carousel,Carousel_v1,2026-06-07,65+,Female,958,498.0,1.92,35,20,2.13,0.66,13.2,,,
SK_BrandAwareness_Leto26_META,SK_BrandAwareness_Leto26_META_Video,Video_v1,2026-07-01,65+,Female,1155,829.0,1.39,22,13,1.12,0.58,7.54,,,
SK_ProduktLaunch26_META,SK_ProduktLaunch26_META_Feed,Feed_v1,2026-10-18,25-34,Male,3327,2490.0,1.34,73,42,1.25,0.49,20.58,1.0,20.58,Website purchases
SK_BrandAwareness_Leto26_META,SK_BrandAwareness_Leto26_META_Reels,Reels_v1,2026-06-10,25-34,Female,2804,1409.0,1.99,99,54,1.91,0.53,28.62,,,
SK_ProduktLaunch26_META,SK_ProduktLaunch26_META_Reels,Reels_v1,2026-08-31,18-24,Female,3092,1717.0,1.8,84,52,1.7,0.43,22.36,2.0,11.18,Website purchases
SK_BrandAwareness_Leto26_META,SK_BrandAwareness_Leto26_META_Carousel,Carousel_v1,2026-07-25,18-24,Male,1770,964.0,1.84,71,39,2.19,0.56,21.84,,,
SK_BrandAwareness_Leto26_META,SK_BrandAwareness_Leto26_META_Carousel,Carousel_v1,2026-06-23,55-64,Male,923,449.0,2.06,28,19,2.05,0.46,8.74,,,
SK_ProduktLaunch26_META,SK_ProduktLaunch26_META_Reels,Reels_v1,2026-10-06,18-24,Male,2331,1205.0,1.93,41,29,1.25,0.31,8.99,1.0,8.99,Website purchases
SK_ProduktLaunch26_META,SK_ProduktLaunch26_META_Stories,Stories_v1,2026-09-08,35-44,Male,2463,1673.0,1.47,92,51,2.05,0.44,22.44,1.0,22.44,Website purchases
SK_BrandAwareness_Leto26_META,SK_BrandAwareness_Leto26_META_Reels,Reels_v1,2026-06-04,18-24,Male,1900,1006.0,1.89,52,25,1.31,0.32,8.0,,,
SK_BrandAwareness_Leto26_META,SK_BrandAwareness_Leto26_META_Reels,Reels_v1,2026-06-15,65+,Female,1070,542.0,1.97,25,11,0.98,0.33,3.63,,,
SK_ProduktLaunch26_META,SK_ProduktLaunch26_META_Feed,Feed_v1,2026-09-20,65+,Male,822,421.0,1.95,20,9,1.08,0.55,4.95,0.0,,Website purchases
SK_ProduktLaunch26_META,SK_ProduktLaunch26_META_Feed,Feed_v1,2026-09-06,25-34,Female,2886,2168.0,1.33,52,36,1.24,0.47,16.92,1.0,16.92,Website purchases
SK_BrandAwareness_Leto26_META,SK_BrandAwareness_Leto26_META_Reels,Reels_v1,2026-06-06,65+,Male,1381,638.0,2.16,30,14,1.04,0.31,4.34,,,
SK_BrandAwareness_Leto26_META,SK_BrandAwareness_Leto26_META_Carousel,Carousel_v1,2026-06-15,55-64,Female,784,396.0,1.98,27,14,1.78,0.65,9.1,,,
SK_ProduktLaunch26_META,SK_ProduktLaunch26_META_Stories,Stories_v1,2026-09-02,65+,Female,704,455.0,1.55,22,11,1.51,0.44,4.84,0.0,,Website purchases
SK_ProduktLaunch26_META,SK_ProduktLaunch26_META_Reels,Reels_v1,2026-10-02,25-34,Female,2902,1482.0,1.96,106,68,2.35,0.53,36.04,2.0,18.02,Website purchases
SK_ProduktLaunch26_META,SK_ProduktLaunch26_META_Feed,Feed_v1,2026-10-11,18-24,Male,2297,1749.0,1.31,64,40,1.74,0.5,20.0,1.0,20.0,Website purchases
SK_BrandAwareness_Leto26_META,SK_BrandAwareness_Leto26_META_Reels,Reels_v1,2026-06-28,55-64,Male,3018,1481.0,2.04,115,58,1.92,0.46,26.68,,,
SK_BrandAwareness_Leto26_META,SK_BrandAwareness_Leto26_META_Carousel,Carousel_v1,2026-07-12,65+,Female,1183,880.0,1.34,35,16,1.36,0.66,10.56,,,
SK_ProduktLaunch26_META,SK_ProduktLaunch26_META_Stories,Stories_v1,2026-10-02,45-54,Male,1214,598.0,2.03,54,27,2.25,0.47,12.69,1.0,12.69,Website purchases
SK_BrandAwareness_Leto26_META,SK_BrandAwareness_Leto26_META_Video,Video_v1,2026-06-16,65+,Female,761,419.0,1.82,13,6,0.83,0.41,2.46,,,
SK_BrandAwareness_Leto26_META,SK_BrandAwareness_Leto26_META_Video,Video_v1,2026-06-18,18-24,Male,2677,1823.0,1.47,58,33,1.22,0.5,16.5,,,
SK_ProduktLaunch26_META,SK_ProduktLaunch26_META_Reels,Reels_v1,2026-10-18,65+,Male,1464,1025.0,1.43,35,20,1.35,0.46,9.2,1.0,9.2,Website purchases
SK_ProduktLaunch26_META,SK_ProduktLaunch26_META_Reels,Reels_v1,2026-09-13,25-34,Female,2889,1449.0,1.99,103,64,2.23,0.5,32.0,2.0,16.0,Website purchases
SK_ProduktLaunch26_META,SK_ProduktLaunch26_META_Feed,Feed_v1,2026-10-17,65+,Male,831,431.0,1.93,23,13,1.52,0.52,6.76,0.0,,Website purchases
SK_BrandAwareness_Leto26_META,SK_BrandAwareness_Leto26_META_Reels,Reels_v1,2026-07-04,18-24,Female,2995,1409.0,2.13,65,32,1.06,0.37,11.84,,,
SK_BrandAwareness_Leto26_META,SK_BrandAwareness_Leto26_META_Reels,Reels_v1,2026-06-13,65+,Female,1395,645.0,2.16,43,22,1.61,0.38,8.36,,,
SK_ProduktLaunch26_META,SK_ProduktLaunch26_META_Stories,Stories_v1,2026-09-11,45-54,Male,1248,630.0,1.98,60,29,2.29,0.43,12.47,1.0,12.47,Website purchases
SK_BrandAwareness_Leto26_META,SK_BrandAwareness_Leto26_META_Video,Video_v1,2026-06-17,45-54,Male,2095,1100.0,1.9,49,28,1.33,0.52,14.56,,,
SK_ProduktLaunch26_META,SK_ProduktLaunch26_META_Feed,Feed_v1,2026-10-05,18-24,Male,1638,830.0,1.97,45,20,1.2,0.36,7.2,0.0,,Website purchases
SK_ProduktLaunch26_META,SK_ProduktLaunch26_META_Reels,Reels_v1,2026-08-20,35-44,Male,4296,2132.0,2.02,183,91,2.12,0.32,29.12,3.0,9.71,Website purchases
SK_BrandAwareness_Leto26_META,SK_BrandAwareness_Leto26_META_Reels,Reels_v1,2026-06-24,65+,Female,896,548.0,1.64,31,16,1.82,0.37,5.92,,,
SK_BrandAwareness_Leto26_META,SK_BrandAwareness_Leto26_META_Video_V2,Video_v1,2026-08-08,65+,Male,1765,1312.0,1.35,24,14,0.81,0.6,8.4,,,
SK_BrandAwareness_Leto26_META,SK_BrandAwareness_Leto26_META_Video,Video_v1,2026-06-16,55-64,Male,1655,1060.0,1.56,41,19,1.14,0.39,7.41,,,
SK_BrandAwareness_Leto26_META,SK_BrandAwareness_Leto26_META_Reels,Reels_v1,2026-06-20,25-34,Male,4030,2474.0,1.63,66,40,0.98,0.48,19.2,,,
SK_ProduktLaunch26_META,SK_ProduktLaunch26_META_Feed,Feed_v1,2026-10-21,55-64,Female,1217,602.0,2.02,26,15,1.2,0.43,6.45,0.0,,Website purchases
SK_ProduktLaunch26_META,SK_ProduktLaunch26_META_Feed,Feed_v1,2026-09-06,55-64,Male,1067,604.0,1.77,22,12,1.15,0.36,4.32,0.0,,Website purchases
SK_ProduktLaunch26_META,SK_ProduktLaunch26_META_Feed,Feed_v1,2026-10-08,25-34,Male,2929,1409.0,2.08,86,47,1.6,0.49,23.03,1.0,23.03,Website purchases
SK_BrandAwareness_Leto26_META,SK_BrandAwareness_Leto26_META_Reels,Reels_v1,2026-07-08,35-44,Female,3237,2199.0,1.47,60,33,1.03,0.35,11.55,,,
SK_ProduktLaunch26_META,SK_ProduktLaunch26_META_Reels,Reels_v1,2026-09-29,65+,Female,866,420.0,2.06,40,21,2.48,0.37,7.77,1.0,7.77,Website purchases
SK_BrandAwareness_Leto26_META,SK_BrandAwareness_Leto26_META_Reels,Reels_v1,2026-07-06,25-34,Male,4788,2322.0,2.06,152,94,1.96,0.34,31.96,,,
SK_ProduktLaunch26_META,SK_ProduktLaunch26_META_Reels,Reels_v1,2026-09-04,18-24,Male,2399,1405.0,1.71,75,41,1.71,0.51,20.91,1.0,20.91,Website purchases
SK_BrandAwareness_Leto26_META,SK_BrandAwareness_Leto26_META_Video,Video_v1,2026-06-08,35-44,Female,2368,1195.0,1.98,50,32,1.34,0.53,16.96,,,
SK_ProduktLaunch26_META,SK_ProduktLaunch26_META_Stories,Stories_v1,2026-08-29,18-24,Male,1303,959.0,1.36,39,19,1.42,0.47,8.93,1.0,8.93,Website purchases
SK_ProduktLaunch26_META,SK_ProduktLaunch26_META_Stories,Stories_v1,2026-09-26,18-24,Male,2082,1003.0,2.08,48,33,1.58,0.38,12.54,1.0,12.54,Website purchases
SK_BrandAwareness_Leto26_META,SK_BrandAwareness_Leto26_META_Video_V2,Video_v1,2026-08-14,65+,Male,1699,1179.0,1.44,31,18,1.05,0.58,10.44,,,
SK_ProduktLaunch26_META,SK_ProduktLaunch26_META_Stories,Stories_v1,2026-09-10,45-54,Male,2143,1552.0,1.38,51,36,1.67,0.45,16.2,1.0,16.2,Website purchases
SK_ProduktLaunch26_META,SK_ProduktLaunch26_META_Stories,Stories_v1,2026-10-08,45-54,Male,1872,1404.0,1.33,57,38,2.02,0.39,14.82,1.0,14.82,Website purchases
SK_ProduktLaunch26_META,SK_ProduktLaunch26_META_Stories,Stories_v1,2026-10-01,25-34,Male,2104,1581.0,1.33,62,38,1.8,0.36,13.68,1.0,13.68,Website purchases
SK_BrandAwareness_Leto26_META,SK_BrandAwareness_Leto26_META_Carousel,Carousel_v1,2026-08-07,35-44,Male,2232,1135.0,1.97,91,42,1.86,0.53,22.26,,,
SK_BrandAwareness_Leto26_META,SK_BrandAwareness_Leto26_META_Reels,Reels_v1,2026-06-07,35-44,Male,4642,2681.0,1.73,76,42,0.91,0.46,19.32,,,
SK_BrandAwareness_Leto26_META,SK_BrandAwareness_Leto26_META_Carousel,Carousel_v1,2026-08-11,18-24,Male,1346,662.0,2.03,47,22,1.61,0.49,10.78,,,
SK_ProduktLaunch26_META,SK_ProduktLaunch26_META_Stories,Stories_v1,2026-10-03,55-64,Female,916,649.0,1.41,42,19,2.1,0.5,9.5,1.0,9.5,Website purchases
SK_ProduktLaunch26_META,SK_ProduktLaunch26_META_Reels,Reels_v1,2026-10-01,18-24,Male,2820,2005.0,1.41,105,57,2.04,0.45,25.65,2.0,12.82,Website purchases
SK_BrandAwareness_Leto26_META,SK_BrandAwareness_Leto26_META_Reels,Reels_v1,2026-06-14,18-24,Male,3372,1547.0,2.18,81,54,1.59,0.33,17.82,,,
SK_ProduktLaunch26_META,SK_ProduktLaunch26_META_Feed,Feed_v1,2026-08-26,25-34,Female,2048,1360.0,1.51,50,27,1.33,0.46,12.42,1.0,12.42,Website purchases
SK_BrandAwareness_Leto26_META,SK_BrandAwareness_Leto26_META_Reels,Reels_v1,2026-06-20,55-64,Male,2813,1663.0,1.69,70,33,1.19,0.34,11.22,,,
SK_ProduktLaunch26_META,SK_ProduktLaunch26_META_Stories,Stories_v1,2026-10-08,25-34,Female,2260,1035.0,2.18,57,31,1.35,0.35,10.85,1.0,10.85,Website purchases
SK_BrandAwareness_Leto26_META,SK_BrandAwareness_Leto26_META_Video_V2,Video_v1,2026-08-04,25-34,Male,3289,1529.0,2.15,91,49,1.49,0.58,28.42,,,
SK_BrandAwareness_Leto26_META,SK_BrandAwareness_Leto26_META_Reels,Reels_v1,2026-07-13,55-64,Female,1679,775.0,2.17,52,31,1.86,0.52,16.12,,,
SK_ProduktLaunch26_META,SK_ProduktLaunch26_META_Feed,Feed_v1,2026-10-11,55-64,Female,978,670.0,1.46,40,18,1.88,0.5,9.0,0.0,,Website purchases
SK_ProduktLaunch26_META,SK_ProduktLaunch26_META_Reels,Reels_v1,2026-10-28,65+,Female,1286,794.0,1.62,67,32,2.5,0.37,11.84,1.0,11.84,Website purchases
SK_ProduktLaunch26_META,SK_ProduktLaunch26_META_Stories,Stories_v1,2026-10-20,55-64,Female,1284,613.0,2.09,44,21,1.64,0.4,8.4,1.0,8.4,Website purchases
SK_BrandAwareness_Leto26_META,SK_BrandAwareness_Leto26_META_Video_V2,Video_v1,2026-08-10,65+,Female,1006,539.0,1.87,17,9,0.9,0.65,5.85,,,
SK_ProduktLaunch26_META,SK_ProduktLaunch26_META_Stories,Stories_v1,2026-08-25,55-64,Male,1611,1175.0,1.37,47,29,1.77,0.37,10.73,1.0,10.73,Website purchases
SK_BrandAwareness_Leto26_META,SK_BrandAwareness_Leto26_META_Video_V2,Video_v1,2026-08-12,25-34,Male,3558,2011.0,1.77,90,42,1.19,0.57,23.94,,,
SK_BrandAwareness_Leto26_META,SK_BrandAwareness_Leto26_META_Carousel,Carousel_v1,2026-08-03,45-54,Male,1604,915.0,1.75,57,25,1.55,0.5,12.5,,,
SK_ProduktLaunch26_META,SK_ProduktLaunch26_META_Feed,Feed_v1,2026-10-18,65+,Male,1474,858.0,1.72,26,17,1.15,0.4,6.8,0.0,,Website purchases
SK_ProduktLaunch26_META,SK_ProduktLaunch26_META_Stories,Stories_v1,2026-08-25,35-44,Male,2099,1379.0,1.52,48,23,1.1,0.44,10.12,1.0,10.12,Website purchases
SK_BrandAwareness_Leto26_META,SK_BrandAwareness_Leto26_META_Carousel,Carousel_v1,2026-07-19,35-44,Female,1611,759.0,2.12,39,17,1.03,0.43,7.31,,,
SK_BrandAwareness_Leto26_META,SK_BrandAwareness_Leto26_META_Carousel,Carousel_v1,2026-06-22,45-54,Female,1008,522.0,1.93,28,13,1.33,0.48,6.24,,,
SK_BrandAwareness_Leto26_META,SK_BrandAwareness_Leto26_META_Carousel,Carousel_v1,2026-06-16,55-64,Male,1901,1436.0,1.32,57,27,1.41,0.47,12.69,,,
SK_ProduktLaunch26_META,SK_ProduktLaunch26_META_Stories,Stories_v1,2026-08-30,65+,Male,1141,523.0,2.18,44,20,1.78,0.55,11.0,1.0,11.0,Website purchases
SK_ProduktLaunch26_META,SK_ProduktLaunch26_META_Feed,Feed_v1,2026-10-07,65+,Female,802,431.0,1.86,23,15,1.92,0.52,7.8,0.0,,Website purchases
SK_BrandAwareness_Leto26_META,SK_BrandAwareness_Leto26_META_Video_V2,Video_v1,2026-07-26,35-44,Female,3613,1679.0,2.15,88,62,1.71,0.5,31.0,,,
SK_BrandAwareness_Leto26_META,SK_BrandAwareness_Leto26_META_Video,Video_v1,2026-06-27,45-54,Female,1431,797.0,1.8,25,12,0.86,0.49,5.88,,,
SK_ProduktLaunch26_META,SK_ProduktLaunch26_META_Reels,Reels_v1,2026-09-24,65+,Male,1001,537.0,1.86,38,23,2.26,0.36,8.28,1.0,8.28,Website purchases
SK_BrandAwareness_Leto26_META,SK_BrandAwareness_Leto26_META_Carousel,Carousel_v1,2026-07-21,45-54,Male,1665,886.0,1.88,47,27,1.62,0.58,15.66,,,
SK_ProduktLaunch26_META,SK_ProduktLaunch26_META_Reels,Reels_v1,2026-08-30,18-24,Female,2797,1596.0,1.75,121,53,1.89,0.39,20.67,2.0,10.34,Website purchases
SK_ProduktLaunch26_META,SK_ProduktLaunch26_META_Feed,Feed_v1,2026-09-14,25-34,Female,2998,1591.0,1.88,90,40,1.34,0.52,20.8,1.0,20.8,Website purchases
SK_BrandAwareness_Leto26_META,SK_BrandAwareness_Leto26_META_Video_V2,Video_v1,2026-08-01,25-34,Female,1880,959.0,1.96,43,27,1.44,0.45,12.15,,,
SK_ProduktLaunch26_META,SK_ProduktLaunch26_META_Feed,Feed_v1,2026-09-22,45-54,Female,1930,1087.0,1.78,41,21,1.07,0.56,11.76,1.0,11.76,Website purchases
SK_BrandAwareness_Leto26_META,SK_BrandAwareness_Leto26_META_Reels,Reels_v1,2026-06-04,55-64,Female,2437,1617.0,1.51,88,41,1.67,0.32,13.12,,,
SK_ProduktLaunch26_META,SK_ProduktLaunch26_META_Stories,Stories_v1,2026-10-21,55-64,Male,917,438.0,2.09,29,15,1.62,0.35,5.25,0.0,,Website purchases
SK_ProduktLaunch26_META,SK_ProduktLaunch26_META_Stories,Stories_v1,2026-08-23,25-34,Female,1500,825.0,1.82,51,26,1.72,0.35,9.1,1.0,9.1,Website purchases
SK_ProduktLaunch26_META,SK_ProduktLaunch26_META_Feed,Feed_v1,2026-08-16,18-24,Female,2181,1214.0,1.8,47,25,1.15,0.45,11.25,1.0,11.25,Website purchases
SK_ProduktLaunch26_META,SK_ProduktLaunch26_META_Feed,Feed_v1,2026-10-19,18-24,Male,1410,664.0,2.12,40,20,1.43,0.46,9.2,0.0,,Website purchases
SK_BrandAwareness_Leto26_META,SK_BrandAwareness_Leto26_META_Carousel,Carousel_v1,2026-08-09,25-34,Male,1546,751.0,2.06,42,22,1.42,0.63,13.86,,,
SK_ProduktLaunch26_META,SK_ProduktLaunch26_META_Stories,Stories_v1,2026-08-24,55-64,Male,1572,910.0,1.73,27,18,1.15,0.54,9.72,1.0,9.72,Website purchases
SK_ProduktLaunch26_META,SK_ProduktLaunch26_META_Feed,Feed_v1,2026-10-21,55-64,Male,2088,1451.0,1.44,65,39,1.87,0.43,16.77,1.0,16.77,Website purchases
SK_ProduktLaunch26_META,SK_ProduktLaunch26_META_Feed,Feed_v1,2026-10-17,35-44,Male,3489,2572.0,1.36,153,68,1.94,0.48,32.64,2.0,16.32,Website purchases
SK_BrandAwareness_Leto26_META,SK_BrandAwareness_Leto26_META_Reels,Reels_v1,2026-07-06,18-24,Male,1938,1213.0,1.6,29,18,0.94,0.55,9.9,,,
SK_ProduktLaunch26_META,SK_ProduktLaunch26_META_Stories,Stories_v1,2026-09-19,35-44,Male,1654,945.0,1.75,51,28,1.7,0.43,12.04,1.0,12.04,Website purchases
SK_ProduktLaunch26_META,SK_ProduktLaunch26_META_Reels,Reels_v1,2026-09-04,35-44,Male,4708,2225.0,2.12,129,81,1.73,0.5,40.5,2.0,20.25,Website purchases
SK_ProduktLaunch26_META,SK_ProduktLaunch26_META_Feed,Feed_v1,2026-09-02,18-24,Male,1652,882.0,1.87,28,19,1.13,0.53,10.07,0.0,,Website purchases
SK_ProduktLaunch26_META,SK_ProduktLaunch26_META_Stories,Stories_v1,2026-09-26,65+,Male,807,579.0,1.39,22,10,1.18,0.33,3.3,0.0,,Website purchases
SK_ProduktLaunch26_META,SK_ProduktLaunch26_META_Feed,Feed_v1,2026-09-01,35-44,Female,2030,1359.0,1.49,74,36,1.76,0.57,20.52,1.0,20.52,Website purchases
SK_BrandAwareness_Leto26_META,SK_BrandAwareness_Leto26_META_Video_V2,Video_v1,2026-07-06,45-54,Female,2854,1963.0,1.45,60,28,0.97,0.46,12.88,,,
SK_BrandAwareness_Leto26_META,SK_BrandAwareness_Leto26_META_Carousel,Carousel_v1,2026-08-12,25-34,Male,1618,763.0,2.12,42,19,1.15,0.4,7.6,,,
SK_ProduktLaunch26_META,SK_ProduktLaunch26_META_Stories,Stories_v1,2026-09-24,55-64,Female,1600,746.0,2.14,62,30,1.85,0.46,13.8,1.0,13.8,Website purchases
SK_ProduktLaunch26_META,SK_ProduktLaunch26_META_Stories,Stories_v1,2026-09-08,25-34,Female,2293,1158.0,1.98,68,35,1.54,0.46,16.1,1.0,16.1,Website purchases
SK_ProduktLaunch26_META,SK_ProduktLaunch26_META_Stories,Stories_v1,2026-08-21,25-34,Male,2368,1163.0,2.04,87,53,2.24,0.54,28.62,1.0,28.62,Website purchases
SK_ProduktLaunch26_META,SK_ProduktLaunch26_META_Stories,Stories_v1,2026-09-09,55-64,Female,1433,769.0,1.86,46,31,2.13,0.56,17.36,1.0,17.36,Website purchases
SK_BrandAwareness_Leto26_META,SK_BrandAwareness_Leto26_META_Carousel,Carousel_v1,2026-06-28,18-24,Female,860,484.0,1.78,34,17,1.99,0.66,11.22,,,
SK_BrandAwareness_Leto26_META,SK_BrandAwareness_Leto26_META_Carousel,Carousel_v1,2026-06-10,18-24,Male,1326,,,42,23,1.72,0.49,11.27,,,
SK_BrandAwareness_Leto26_META,SK_BrandAwareness_Leto26_META_Video_V2,Video_v1,2026-07-30,65+,Female,936,474.0,1.97,30,14,1.47,0.39,5.46,,,
SK_BrandAwareness_Leto26_META,SK_BrandAwareness_Leto26_META_Reels,Reels_v1,2026-07-21,18-24,Female,3140,1949.0,1.61,76,34,1.08,0.48,16.32,,,
SK_BrandAwareness_Leto26_META,SK_BrandAwareness_Leto26_META_Carousel,Carousel_v1,2026-06-05,35-44,Male,1593,783.0,2.03,48,29,1.81,0.6,17.4,,,
SK_BrandAwareness_Leto26_META,SK_BrandAwareness_Leto26_META_Reels,Reels_v1,2026-06-07,25-34,Male,3127,,,125,57,1.82,0.37,21.09,,,
SK_BrandAwareness_Leto26_META,SK_BrandAwareness_Leto26_META_Reels,Reels_v1,2026-08-08,18-24,Female,2462,1634.0,1.51,78,38,1.53,0.47,17.86,,,
SK_BrandAwareness_Leto26_META,SK_BrandAwareness_Leto26_META_Video_V2,Video_v1,2026-08-03,65+,Female,1159,543.0,2.13,32,18,1.57,0.6,10.8,,,
SK_BrandAwareness_Leto26_META,SK_BrandAwareness_Leto26_META_Carousel,Carousel_v1,2026-07-24,25-34,Female,1495,,,45,28,1.88,0.65,18.2,,,
SK_BrandAwareness_Leto26_META,SK_BrandAwareness_Leto26_META_Video_V2,Video_v1,2026-08-13,35-44,Female,2687,1269.0,2.12,45,30,1.1,0.57,17.1,,,
SK_ProduktLaunch26_META,SK_ProduktLaunch26_META_Stories,Stories_v1,2026-10-23,25-34,Female,1437,1091.0,1.32,49,32,2.22,0.4,12.8,1.0,12.8,Website purchases
SK_ProduktLaunch26_META,SK_ProduktLaunch26_META_Stories,Stories_v1,2026-08-28,25-34,Female,2097,975.0,2.15,71,38,1.82,0.37,14.06,1.0,14.06,Website purchases
SK_ProduktLaunch26_META,SK_ProduktLaunch26_META_Feed,Feed_v1,2026-09-13,55-64,Male,1017,606.0,1.68,30,13,1.26,0.48,6.24,0.0,,Website purchases
SK_ProduktLaunch26_META,SK_ProduktLaunch26_META_Reels,Reels_v1,2026-09-07,65+,Male,1569,777.0,2.02,44,22,1.38,0.39,8.58,1.0,8.58,Website purchases
SK_BrandAwareness_Leto26_META,SK_BrandAwareness_Leto26_META_Reels,Reels_v1,2026-07-27,25-34,Female,3451,1959.0,1.76,113,50,1.44,0.4,20.0,,,
SK_ProduktLaunch26_META,SK_ProduktLaunch26_META_Feed,Feed_v1,2026-10-16,25-34,Male,3009,1633.0,1.84,61,35,1.16,0.42,14.7,1.0,14.7,Website purchases
SK_BrandAwareness_Leto26_META,SK_BrandAwareness_Leto26_META_Video_V2,Video_v1,2026-07-09,35-44,Female,2722,2021.0,1.35,34,23,0.83,0.38,8.74,,,
SK_BrandAwareness_Leto26_META,SK_BrandAwareness_Leto26_META_Carousel,Carousel_v1,2026-08-06,35-44,Male,1281,960.0,1.33,46,26,2.05,0.68,17.68,,,
SK_BrandAwareness_Leto26_META,SK_BrandAwareness_Leto26_META_Reels,Reels_v1,2026-07-04,55-64,Male,2875,1464.0,1.96,84,55,1.9,0.5,27.5,,,
SK_BrandAwareness_Leto26_META,SK_BrandAwareness_Leto26_META_Reels,Reels_v1,2026-07-04,18-24,Male,2663,1714.0,1.55,61,38,1.44,0.32,12.16,,,
SK_BrandAwareness_Leto26_META,SK_BrandAwareness_Leto26_META_Reels,Reels_v1,2026-07-23,35-44,Male,3122,1485.0,2.1,84,41,1.31,0.32,13.12,,,
SK_BrandAwareness_Leto26_META,SK_BrandAwareness_Leto26_META_Video_V2,Video_v1,2026-08-07,45-54,Male,2054,959.0,2.14,51,30,1.46,0.57,17.1,,,
SK_ProduktLaunch26_META,SK_ProduktLaunch26_META_Reels,Reels_v1,2026-10-01,45-54,Female,2874,1503.0,1.91,60,36,1.24,0.5,18.0,1.0,18.0,Website purchases
SK_BrandAwareness_Leto26_META,SK_BrandAwareness_Leto26_META_Video_V2,Video_v1,2026-07-24,25-34,Female,3287,1864.0,1.76,79,45,1.38,0.55,24.75,,,
SK_BrandAwareness_Leto26_META,SK_BrandAwareness_Leto26_META_Carousel,Carousel_v1,2026-06-22,45-54,Male,2491,1142.0,2.18,77,36,1.46,0.68,24.48,,,
SK_ProduktLaunch26_META,SK_ProduktLaunch26_META_Feed,Feed_v1,2026-08-30,25-34,Male,3927,1812.0,2.17,127,78,1.99,0.58,45.24,2.0,22.62,Website purchases
SK_BrandAwareness_Leto26_META,SK_BrandAwareness_Leto26_META_Reels,Reels_v1,2026-07-14,35-44,Female,3499,2461.0,1.42,131,58,1.66,0.54,31.32,,,
SK_BrandAwareness_Leto26_META,SK_BrandAwareness_Leto26_META_Reels,Reels_v1,2026-08-01,18-24,Male,3634,2060.0,1.76,76,42,1.15,0.46,19.32,,,
SK_ProduktLaunch26_META,SK_ProduktLaunch26_META_Stories,Stories_v1,2026-10-21,45-54,Male,1089,519.0,2.1,40,20,1.82,0.38,7.6,1.0,7.6,Website purchases
SK_BrandAwareness_Leto26_META,SK_BrandAwareness_Leto26_META_Video_V2,Video_v1,2026-08-12,55-64,Male,1870,1169.0,1.6,36,19,1.02,0.36,6.84,,,
SK_ProduktLaunch26_META,SK_ProduktLaunch26_META_Reels,Reels_v1,2026-08-27,35-44,Male,3860,2138.0,1.81,79,50,1.29,0.31,15.5,2.0,7.75,Website purchases
SK_ProduktLaunch26_META,SK_ProduktLaunch26_META_Stories,Stories_v1,2026-08-15,55-64,Male,1630,1028.0,1.59,51,34,2.07,0.56,19.04,1.0,19.04,Website purchases
SK_ProduktLaunch26_META,SK_ProduktLaunch26_META_Feed,Feed_v1,2026-09-16,25-34,Female,2791,1567.0,1.78,74,50,1.79,0.44,22.0,1.0,22.0,Website purchases
SK_ProduktLaunch26_META,SK_ProduktLaunch26_META_Reels,Reels_v1,2026-10-14,35-44,Female,2667,1339.0,1.99,102,48,1.8,0.32,15.36,1.0,15.36,Website purchases
SK_BrandAwareness_Leto26_META,SK_BrandAwareness_Leto26_META_Video,Video_v1,2026-06-27,25-34,Female,3824,1841.0,2.08,60,31,0.8,0.61,18.91,,,
SK_ProduktLaunch26_META,SK_ProduktLaunch26_META_Reels,Reels_v1,2026-10-26,35-44,Male,2984,1640.0,1.82,99,60,2.02,0.45,27.0,2.0,13.5,Website purchases
SK_ProduktLaunch26_META,SK_ProduktLaunch26_META_Feed,Feed_v1,2026-08-25,45-54,Male,2409,1125.0,2.14,93,46,1.92,0.55,25.3,1.0,25.3,Website purchases
SK_BrandAwareness_Leto26_META,SK_BrandAwareness_Leto26_META_Carousel,Carousel_v1,2026-08-06,25-34,Male,3079,1737.0,1.77,76,37,1.2,0.68,25.16,,,
SK_ProduktLaunch26_META,SK_ProduktLaunch26_META_Stories,Stories_v1,2026-09-29,25-34,Male,3084,1796.0,1.72,126,67,2.17,0.42,28.14,2.0,14.07,Website purchases
SK_BrandAwareness_Leto26_META,SK_BrandAwareness_Leto26_META_Video_V2,Video_v1,2026-07-12,18-24,Male,2625,1196.0,2.19,61,37,1.42,0.56,20.72,,,
SK_ProduktLaunch26_META,SK_ProduktLaunch26_META_Reels,Reels_v1,2026-10-03,45-54,Female,3061,1425.0,2.15,103,46,1.51,0.38,17.48,1.0,17.48,Website purchases
SK_ProduktLaunch26_META,SK_ProduktLaunch26_META_Reels,Reels_v1,2026-09-06,35-44,Female,2627,1721.0,1.53,86,55,2.09,0.51,28.05,2.0,14.03,Website purchases
SK_BrandAwareness_Leto26_META,SK_BrandAwareness_Leto26_META_Video_V2,Video_v1,2026-08-12,45-54,Male,3215,1495.0,2.15,105,56,1.75,0.55,30.8,,,
SK_ProduktLaunch26_META,SK_ProduktLaunch26_META_Feed,Feed_v1,2026-08-31,65+,Male,1378,836.0,1.65,48,25,1.83,0.51,12.75,1.0,12.75,Website purchases
SK_BrandAwareness_Leto26_META,SK_BrandAwareness_Leto26_META_Carousel,Carousel_v1,2026-07-27,25-34,Female,1501,908.0,1.65,37,19,1.28,0.46,8.74,,,
SK_ProduktLaunch26_META,SK_ProduktLaunch26_META_Feed,Feed_v1,2026-08-24,65+,Female,1225,565.0,2.17,30,18,1.45,0.49,8.82,0.0,,Website purchases
SK_ProduktLaunch26_META,SK_ProduktLaunch26_META_Stories,Stories_v1,2026-08-31,18-24,Male,1551,761.0,2.04,51,27,1.75,0.47,12.69,1.0,12.69,Website purchases
SK_BrandAwareness_Leto26_META,SK_BrandAwareness_Leto26_META_Carousel,Carousel_v1,2026-07-30,45-54,Female,2168,1242.0,1.75,53,29,1.35,0.65,18.85,,,
SK_ProduktLaunch26_META,SK_ProduktLaunch26_META_Feed,Feed_v1,2026-09-30,35-44,Female,2875,1700.0,1.69,52,33,1.15,0.53,17.49,1.0,17.49,Website purchases
SK_BrandAwareness_Leto26_META,SK_BrandAwareness_Leto26_META_Video_V2,Video_v1,2026-07-26,18-24,Female,2152,981.0,2.19,35,19,0.86,0.39,7.41,,,
SK_BrandAwareness_Leto26_META,SK_BrandAwareness_Leto26_META_Reels,Reels_v1,2026-07-14,25-34,Female,4278,2016.0,2.12,92,40,0.94,0.46,18.4,,,
SK_ProduktLaunch26_META,SK_ProduktLaunch26_META_Reels,Reels_v1,2026-09-18,35-44,Male,2341,1095.0,2.14,57,31,1.32,0.43,13.33,1.0,13.33,Website purchases
SK_BrandAwareness_Leto26_META,SK_BrandAwareness_Leto26_META_Reels,Reels_v1,2026-06-09,25-34,Male,2510,1517.0,1.65,45,25,0.99,0.37,9.25,,,
SK_ProduktLaunch26_META,SK_ProduktLaunch26_META_Reels,Reels_v1,2026-08-21,35-44,Female,2217,1118.0,1.98,83,55,2.49,0.32,17.6,2.0,8.8,Website purchases
SK_ProduktLaunch26_META,SK_ProduktLaunch26_META_Reels,Reels_v1,2026-09-06,35-44,Male,3632,1845.0,1.97,98,51,1.39,0.44,22.44,2.0,11.22,Website purchases
SK_ProduktLaunch26_META,SK_ProduktLaunch26_META_Reels,Reels_v1,2026-08-15,18-24,Female,3379,1633.0,2.07,112,78,2.31,0.46,35.88,2.0,17.94,Website purchases
SK_BrandAwareness_Leto26_META,SK_BrandAwareness_Leto26_META_Carousel,Carousel_v1,2026-07-04,35-44,Male,2547,1797.0,1.42,57,33,1.28,0.48,15.84,,,
SK_ProduktLaunch26_META,SK_ProduktLaunch26_META_Stories,Stories_v1,2026-09-05,25-34,Male,2046,1428.0,1.43,70,32,1.59,0.45,14.4,1.0,14.4,Website purchases
SK_BrandAwareness_Leto26_META,SK_BrandAwareness_Leto26_META_Reels,Reels_v1,2026-06-09,18-24,Female,1768,1130.0,1.56,49,25,1.41,0.4,10.0,,,
SK_BrandAwareness_Leto26_META,SK_BrandAwareness_Leto26_META_Video,Video_v1,2026-06-29,35-44,Female,2798,1455.0,1.92,47,30,1.07,0.55,16.5,,,
SK_BrandAwareness_Leto26_META,SK_BrandAwareness_Leto26_META_Carousel,Carousel_v1,2026-06-02,35-44,Male,1938,1335.0,1.45,49,29,1.47,0.65,18.85,,,
SK_ProduktLaunch26_META,SK_ProduktLaunch26_META_Reels,Reels_v1,2026-10-10,65+,Male,1170,628.0,1.86,54,27,2.28,0.32,8.64,1.0,8.64,Website purchases
SK_ProduktLaunch26_META,SK_ProduktLaunch26_META_Reels,Reels_v1,2026-09-30,35-44,Male,2774,1458.0,1.9,139,66,2.37,0.37,24.42,2.0,12.21,Website purchases
SK_ProduktLaunch26_META,SK_ProduktLaunch26_META_Stories,Stories_v1,2026-08-24,55-64,Female,1680,895.0,1.88,42,20,1.17,0.57,11.4,1.0,11.4,Website purchases
SK_BrandAwareness_Leto26_META,SK_BrandAwareness_Leto26_META_Carousel,Carousel_v1,2026-06-07,35-44,Female,2284,1108.0,2.06,60,28,1.21,0.45,12.6,,,
SK_BrandAwareness_Leto26_META,SK_BrandAwareness_Leto26_META_Carousel,Carousel_v1,2026-06-03,18-24,Female,1614,898.0,1.8,71,35,2.19,0.41,14.35,,,
SK_ProduktLaunch26_META,SK_ProduktLaunch26_META_Feed,Feed_v1,2026-10-02,45-54,Male,1708,907.0,1.88,63,31,1.84,0.47,14.57,1.0,14.57,Website purchases
SK_BrandAwareness_Leto26_META,SK_BrandAwareness_Leto26_META_Carousel,Carousel_v1,2026-07-18,45-54,Male,2452,1467.0,1.67,85,52,2.13,0.62,32.24,,,
SK_BrandAwareness_Leto26_META,SK_BrandAwareness_Leto26_META_Video,Video_v1,2026-06-02,35-44,Male,2382,1436.0,1.66,80,39,1.65,0.52,20.28,,,
SK_ProduktLaunch26_META,SK_ProduktLaunch26_META_Reels,Reels_v1,2026-08-15,45-54,Female,2597,1796.0,1.45,76,48,1.87,0.48,23.04,1.0,23.04,Website purchases
SK_ProduktLaunch26_META,SK_ProduktLaunch26_META_Reels,Reels_v1,2026-10-09,35-44,Male,4119,2421.0,1.7,114,67,1.62,0.39,26.13,2.0,13.06,Website purchases
SK_BrandAwareness_Leto26_META,SK_BrandAwareness_Leto26_META_Reels,Reels_v1,2026-08-02,45-54,Male,3887,1974.0,1.97,153,73,1.87,0.32,23.36,,,
SK_ProduktLaunch26_META,SK_ProduktLaunch26_META_Feed,Feed_v1,2026-10-12,45-54,Female,1191,773.0,1.54,31,15,1.23,0.36,5.4,0.0,,Website purchases
SK_ProduktLaunch26_META,SK_ProduktLaunch26_META_Stories,Stories_v1,2026-08-30,45-54,Male,1123,640.0,1.75,28,16,1.41,0.41,6.56,0.0,,Website purchases
SK_ProduktLaunch26_META,SK_ProduktLaunch26_META_Reels,Reels_v1,2026-10-23,55-64,Male,1801,1354.0,1.33,65,32,1.78,0.48,15.36,1.0,15.36,Website purchases
SK_ProduktLaunch26_META,SK_ProduktLaunch26_META_Stories,Stories_v1,2026-10-27,18-24,Female,1394,688.0,2.03,38,17,1.24,0.5,8.5,0.0,,Website purchases
SK_BrandAwareness_Leto26_META,SK_BrandAwareness_Leto26_META_Reels,Reels_v1,2026-06-02,65+,Female,1325,957.0,1.38,31,20,1.5,0.44,8.8,,,
SK_BrandAwareness_Leto26_META,SK_BrandAwareness_Leto26_META_Reels,Reels_v1,2026-07-28,35-44,Male,4621,2544.0,1.82,176,87,1.88,0.46,40.02,,,
SK_BrandAwareness_Leto26_META,SK_BrandAwareness_Leto26_META_Reels,Reels_v1,2026-08-06,25-34,Male,2560,1290.0,1.98,82,46,1.81,0.35,16.1,,,
SK_ProduktLaunch26_META,SK_ProduktLaunch26_META_Feed,Feed_v1,2026-09-13,45-54,Female,1701,891.0,1.91,59,27,1.61,0.44,11.88,1.0,11.88,Website purchases
SK_BrandAwareness_Leto26_META,SK_BrandAwareness_Leto26_META_Reels,Reels_v1,2026-07-15,25-34,Male,3832,2163.0,1.77,115,64,1.66,0.5,32.0,,,
SK_BrandAwareness_Leto26_META,SK_BrandAwareness_Leto26_META_Reels,Reels_v1,2026-06-29,25-34,Female,3974,1845.0,2.15,96,54,1.35,0.4,21.6,,,
SK_ProduktLaunch26_META,SK_ProduktLaunch26_META_Feed,Feed_v1,2026-09-12,25-34,Male,2229,1190.0,1.87,47,24,1.07,0.56,13.44,1.0,13.44,Website purchases
SK_ProduktLaunch26_META,SK_ProduktLaunch26_META_Feed,Feed_v1,2026-09-30,45-54,Female,2298,1062.0,2.16,87,45,1.96,0.53,23.85,1.0,23.85,Website purchases
SK_BrandAwareness_Leto26_META,SK_BrandAwareness_Leto26_META_Video,Video_v1,2026-06-14,35-44,Female,3344,1886.0,1.77,120,53,1.6,0.57,30.21,,,
SK_BrandAwareness_Leto26_META,SK_BrandAwareness_Leto26_META_Video_V2,Video_v1,2026-07-21,45-54,Female,2145,1270.0,1.69,44,24,1.14,0.39,9.36,,,
SK_ProduktLaunch26_META,SK_ProduktLaunch26_META_Feed,Feed_v1,2026-10-07,45-54,Female,1872,1271.0,1.47,46,33,1.74,0.38,12.54,1.0,12.54,Website purchases
SK_ProduktLaunch26_META,SK_ProduktLaunch26_META_Reels,Reels_v1,2026-09-05,18-24,Male,2678,1363.0,1.96,108,51,1.9,0.31,15.81,2.0,7.91,Website purchases
SK_ProduktLaunch26_META,SK_ProduktLaunch26_META_Reels,Reels_v1,2026-09-25,18-24,Male,3114,2220.0,1.4,77,38,1.23,0.41,15.58,1.0,15.58,Website purchases
SK_ProduktLaunch26_META,SK_ProduktLaunch26_META_Reels,Reels_v1,2026-09-21,55-64,Male,1872,941.0,1.99,52,35,1.88,0.42,14.7,1.0,14.7,Website purchases
SK_ProduktLaunch26_META,SK_ProduktLaunch26_META_Reels,Reels_v1,2026-10-21,18-24,Male,3483,1770.0,1.97,107,65,1.88,0.34,22.1,2.0,11.05,Website purchases
SK_BrandAwareness_Leto26_META,SK_BrandAwareness_Leto26_META_Reels,Reels_v1,2026-07-19,18-24,Female,2198,1071.0,2.05,65,37,1.69,0.37,13.69,,,
SK_ProduktLaunch26_META,SK_ProduktLaunch26_META_Feed,Feed_v1,2026-10-23,18-24,Male,1208,591.0,2.04,41,18,1.52,0.39,7.02,0.0,,Website purchases
SK_BrandAwareness_Leto26_META,SK_BrandAwareness_Leto26_META_Reels,Reels_v1,2026-06-13,35-44,Female,2969,1910.0,1.55,103,52,1.76,0.32,16.64,,,
SK_ProduktLaunch26_META,SK_ProduktLaunch26_META_Reels,Reels_v1,2026-10-22,45-54,Male,3390,1850.0,1.83,132,84,2.48,0.47,39.48,3.0,13.16,Website purchases
SK_ProduktLaunch26_META,SK_ProduktLaunch26_META_Reels,Reels_v1,2026-08-28,45-54,Male,2687,1300.0,2.07,63,38,1.42,0.36,13.68,1.0,13.68,Website purchases
SK_BrandAwareness_Leto26_META,SK_BrandAwareness_Leto26_META_Reels,Reels_v1,2026-06-17,65+,Female,1040,593.0,1.75,37,17,1.62,0.48,8.16,,,
SK_ProduktLaunch26_META,SK_ProduktLaunch26_META_Reels,Reels_v1,2026-08-22,45-54,Female,1953,1215.0,1.61,53,31,1.58,0.4,12.4,1.0,12.4,Website purchases
SK_ProduktLaunch26_META,SK_ProduktLaunch26_META_Stories,Stories_v1,2026-09-05,65+,Male,596,313.0,1.9,18,10,1.61,0.52,5.2,0.0,,Website purchases
SK_ProduktLaunch26_META,SK_ProduktLaunch26_META_Stories,Stories_v1,2026-09-07,65+,Male,1121,596.0,1.88,27,17,1.56,0.44,7.48,0.0,,Website purchases
SK_BrandAwareness_Leto26_META,SK_BrandAwareness_Leto26_META_Video_V2,Video_v1,2026-07-30,35-44,Male,3039,2000.0,1.52,105,54,1.79,0.4,21.6,,,
SK_BrandAwareness_Leto26_META,SK_BrandAwareness_Leto26_META_Video_V2,Video_v1,2026-08-04,25-34,Female,3580,2409.0,1.49,63,40,1.11,0.37,14.8,,,
SK_BrandAwareness_Leto26_META,SK_BrandAwareness_Leto26_META_Video,Video_v1,2026-06-09,55-64,Female,1709,1059.0,1.61,20,14,0.81,0.55,7.7,,,
SK_ProduktLaunch26_META,SK_ProduktLaunch26_META_Feed,Feed_v1,2026-09-09,45-54,Female,2461,1298.0,1.9,68,40,1.65,0.53,21.2,1.0,21.2,Website purchases
SK_BrandAwareness_Leto26_META,SK_BrandAwareness_Leto26_META_Reels,Reels_v1,2026-06-21,55-64,Male,2867,1447.0,1.98,74,49,1.7,0.42,20.58,,,
SK_BrandAwareness_Leto26_META,SK_BrandAwareness_Leto26_META_Video_V2,Video_v1,2026-07-16,45-54,Female,2610,1899.0,1.37,50,27,1.05,0.57,15.39,,,
SK_ProduktLaunch26_META,SK_ProduktLaunch26_META_Feed,Feed_v1,2026-09-22,35-44,Male,1849,1359.0,1.36,32,20,1.07,0.58,11.6,0.0,,Website purchases
SK_BrandAwareness_Leto26_META,SK_BrandAwareness_Leto26_META_Reels,Reels_v1,2026-08-08,25-34,Female,3822,2630.0,1.45,54,38,1.0,0.34,12.92,,,
SK_ProduktLaunch26_META,SK_ProduktLaunch26_META_Reels,Reels_v1,2026-09-27,25-34,Female,2857,1963.0,1.46,80,41,1.44,0.45,18.45,1.0,18.45,Website purchases
SK_ProduktLaunch26_META,SK_ProduktLaunch26_META_Feed,Feed_v1,2026-10-17,55-64,Female,1727,1021.0,1.69,33,18,1.05,0.47,8.46,0.0,,Website purchases
SK_ProduktLaunch26_META,SK_ProduktLaunch26_META_Stories,Stories_v1,2026-08-20,55-64,Female,1102,706.0,1.56,36,23,2.11,0.45,10.35,1.0,10.35,Website purchases
SK_BrandAwareness_Leto26_META,SK_BrandAwareness_Leto26_META_Carousel,Carousel_v1,2026-06-07,55-64,Male,1199,870.0,1.38,28,15,1.25,0.7,10.5,,,
SK_ProduktLaunch26_META,SK_ProduktLaunch26_META_Stories,Stories_v1,2026-09-22,45-54,Female,910,618.0,1.47,35,18,2.02,0.33,5.94,1.0,5.94,Website purchases
SK_BrandAwareness_Leto26_META,SK_BrandAwareness_Leto26_META_Video_V2,Video_v1,2026-07-06,55-64,Male,2057,1064.0,1.93,32,19,0.91,0.38,7.22,,,
SK_ProduktLaunch26_META,SK_ProduktLaunch26_META_Stories,Stories_v1,2026-10-23,35-44,Male,1787,948.0,1.89,48,32,1.77,0.33,10.56,1.0,10.56,Website purchases
SK_BrandAwareness_Leto26_META,SK_BrandAwareness_Leto26_META_Carousel,Carousel_v1,2026-07-19,18-24,Female,1898,1040.0,1.82,63,30,1.58,0.44,13.2,,,
SK_BrandAwareness_Leto26_META,SK_BrandAwareness_Leto26_META_Reels,Reels_v1,2026-07-08,18-24,Male,2359,1601.0,1.47,101,45,1.9,0.45,20.25,,,
SK_BrandAwareness_Leto26_META,SK_BrandAwareness_Leto26_META_Reels,Reels_v1,2026-06-02,55-64,Female,1975,1109.0,1.78,62,33,1.65,0.41,13.53,,,
SK_BrandAwareness_Leto26_META,SK_BrandAwareness_Leto26_META_Carousel,Carousel_v1,2026-07-02,55-64,Female,1662,772.0,2.15,49,32,1.96,0.4,12.8,,,
SK_BrandAwareness_Leto26_META,SK_BrandAwareness_Leto26_META_Carousel,Carousel_v1,2026-07-20,25-34,Female,2634,1216.0,2.17,58,28,1.08,0.49,13.72,,,
SK_ProduktLaunch26_META,SK_ProduktLaunch26_META_Feed,Feed_v1,2026-09-11,55-64,Male,1770,1087.0,1.63,46,26,1.45,0.43,11.18,1.0,11.18,Website purchases
SK_ProduktLaunch26_META,SK_ProduktLaunch26_META_Feed,Feed_v1,2026-10-19,25-34,Female,2576,1886.0,1.37,65,34,1.33,0.54,18.36,1.0,18.36,Website purchases
SK_ProduktLaunch26_META,SK_ProduktLaunch26_META_Stories,Stories_v1,2026-08-25,25-34,Female,1384,750.0,1.85,52,31,2.22,0.32,9.92,1.0,9.92,Website purchases
SK_BrandAwareness_Leto26_META,SK_BrandAwareness_Leto26_META_Video,Video_v1,2026-06-10,18-24,Female,1574,846.0,1.86,53,24,1.54,0.62,14.88,,,
SK_BrandAwareness_Leto26_META,SK_BrandAwareness_Leto26_META_Reels,Reels_v1,2026-07-02,65+,Female,1858,1376.0,1.35,54,29,1.57,0.47,13.63,,,
SK_BrandAwareness_Leto26_META,SK_BrandAwareness_Leto26_META_Reels,Reels_v1,2026-07-30,55-64,Male,2592,1868.0,1.39,70,31,1.18,0.54,16.74,,,
SK_ProduktLaunch26_META,SK_ProduktLaunch26_META_Reels,Reels_v1,2026-09-30,35-44,Female,4073,2337.0,1.74,181,79,1.94,0.42,33.18,2.0,16.59,Website purchases
SK_ProduktLaunch26_META,SK_ProduktLaunch26_META_Reels,Reels_v1,2026-08-31,45-54,Male,2456,1230.0,2.0,95,54,2.22,0.44,23.76,2.0,11.88,Website purchases
SK_ProduktLaunch26_META,SK_ProduktLaunch26_META_Feed,Feed_v1,2026-10-23,55-64,Male,1319,676.0,1.95,48,22,1.64,0.49,10.78,1.0,10.78,Website purchases
SK_BrandAwareness_Leto26_META,SK_BrandAwareness_Leto26_META_Carousel,Carousel_v1,2026-07-08,35-44,Female,2607,1764.0,1.48,94,44,1.67,0.6,26.4,,,
SK_ProduktLaunch26_META,SK_ProduktLaunch26_META_Feed,Feed_v1,2026-10-10,18-24,Male,2510,,,82,50,1.98,0.41,20.5,1.0,20.5,Website purchases
SK_ProduktLaunch26_META,SK_ProduktLaunch26_META_Feed,Feed_v1,2026-08-26,65+,Female,852,558.0,1.53,13,9,1.03,0.49,4.41,0.0,,Website purchases
SK_BrandAwareness_Leto26_META,SK_BrandAwareness_Leto26_META_Reels,Reels_v1,2026-07-25,45-54,Male,2443,1227.0,1.99,47,29,1.21,0.35,10.15,,,
SK_BrandAwareness_Leto26_META,SK_BrandAwareness_Leto26_META_Video_V2,Video_v1,2026-07-07,45-54,Female,1900,1408.0,1.35,50,33,1.75,0.54,17.82,,,
SK_ProduktLaunch26_META,SK_ProduktLaunch26_META_Stories,Stories_v1,2026-10-17,35-44,Female,1315,634.0,2.07,39,23,1.78,0.57,13.11,1.0,13.11,Website purchases
SK_ProduktLaunch26_META,SK_ProduktLaunch26_META_Reels,Reels_v1,2026-09-26,55-64,Male,2609,1487.0,1.75,139,61,2.32,0.4,24.4,2.0,12.2,Website purchases
SK_ProduktLaunch26_META,SK_ProduktLaunch26_META_Feed,Feed_v1,2026-09-21,45-54,Female,2325,1191.0,1.95,94,45,1.95,0.45,20.25,1.0,20.25,Website purchases
SK_BrandAwareness_Leto26_META,SK_BrandAwareness_Leto26_META_Reels,Reels_v1,2026-06-13,45-54,Male,1862,860.0,2.17,44,29,1.56,0.43,12.47,,,
SK_BrandAwareness_Leto26_META,SK_BrandAwareness_Leto26_META_Reels,Reels_v1,2026-08-03,18-24,Male,3249,1619.0,2.01,65,34,1.06,0.53,18.02,,,
SK_ProduktLaunch26_META,SK_ProduktLaunch26_META_Reels,Reels_v1,2026-09-01,45-54,Male,1868,1150.0,1.62,80,46,2.48,0.54,24.84,1.0,24.84,Website purchases
SK_BrandAwareness_Leto26_META,SK_BrandAwareness_Leto26_META_Carousel,Carousel_v1,2026-06-29,55-64,Female,787,569.0,1.38,30,15,1.92,0.55,8.25,,,
SK_BrandAwareness_Leto26_META,SK_BrandAwareness_Leto26_META_Carousel,Carousel_v1,2026-06-17,55-64,Female,932,495.0,1.88,28,17,1.8,0.7,11.9,,,
SK_BrandAwareness_Leto26_META,SK_BrandAwareness_Leto26_META_Carousel,Carousel_v1,2026-06-03,55-64,Female,1288,726.0,1.77,29,17,1.35,0.44,7.48,,,
SK_ProduktLaunch26_META,SK_ProduktLaunch26_META_Stories,Stories_v1,2026-09-27,18-24,Male,1643,775.0,2.12,76,38,2.28,0.42,15.96,1.0,15.96,Website purchases
SK_ProduktLaunch26_META,SK_ProduktLaunch26_META_Reels,Reels_v1,2026-10-08,65+,Female,1224,675.0,1.81,42,19,1.56,0.43,8.17,1.0,8.17,Website purchases
SK_ProduktLaunch26_META,SK_ProduktLaunch26_META_Stories,Stories_v1,2026-09-05,45-54,Male,1218,778.0,1.57,57,27,2.21,0.43,11.61,1.0,11.61,Website purchases
SK_ProduktLaunch26_META,SK_ProduktLaunch26_META_Feed,Feed_v1,2026-08-30,35-44,Female,1359,855.0,1.59,33,19,1.41,0.38,7.22,0.0,,Website purchases
SK_BrandAwareness_Leto26_META,SK_BrandAwareness_Leto26_META_Video_V2,Video_v1,2026-08-09,45-54,Female,1634,877.0,1.86,37,18,1.09,0.49,8.82,,,
SK_BrandAwareness_Leto26_META,SK_BrandAwareness_Leto26_META_Video,Video_v1,2026-06-17,25-34,Male,2295,1162.0,1.98,55,27,1.2,0.43,11.61,,,
SK_BrandAwareness_Leto26_META,SK_BrandAwareness_Leto26_META_Reels,Reels_v1,2026-06-27,25-34,Female,3464,2238.0,1.55,93,65,1.87,0.39,25.35,,,
SK_ProduktLaunch26_META,SK_ProduktLaunch26_META_Reels,Reels_v1,2026-09-10,65+,Female,1045,750.0,1.39,30,14,1.32,0.4,5.6,0.0,,Website purchases
SK_ProduktLaunch26_META,SK_ProduktLaunch26_META_Feed,Feed_v1,2026-08-29,65+,Female,953,481.0,1.98,33,16,1.67,0.5,8.0,0.0,,Website purchases
SK_BrandAwareness_Leto26_META,SK_BrandAwareness_Leto26_META_Video,Video_v1,2026-06-03,55-64,Female,2330,1152.0,2.02,63,36,1.55,0.55,19.8,,,
SK_ProduktLaunch26_META,SK_ProduktLaunch26_META_Stories,Stories_v1,2026-10-13,25-34,Male,2635,1364.0,1.93,74,53,2.0,0.41,21.73,1.0,21.73,Website purchases
SK_BrandAwareness_Leto26_META,SK_BrandAwareness_Leto26_META_Carousel,Carousel_v1,2026-06-06,25-34,Female,1320,628.0,2.1,45,21,1.61,0.6,12.6,,,
SK_BrandAwareness_Leto26_META,SK_BrandAwareness_Leto26_META_Video,Video_v1,2026-06-12,18-24,Male,2480,1206.0,2.06,53,31,1.27,0.51,15.81,,,
SK_ProduktLaunch26_META,SK_ProduktLaunch26_META_Feed,Feed_v1,2026-09-11,45-54,Female,1912,888.0,2.15,46,25,1.33,0.4,10.0,1.0,10.0,Website purchases
SK_ProduktLaunch26_META,SK_ProduktLaunch26_META_Reels,Reels_v1,2026-10-06,45-54,Female,3465,2316.0,1.5,100,47,1.35,0.4,18.8,1.0,18.8,Website purchases
SK_ProduktLaunch26_META,SK_ProduktLaunch26_META_Reels,Reels_v1,2026-09-05,65+,Female,1453,685.0,2.12,77,35,2.4,0.41,14.35,1.0,14.35,Website purchases
SK_ProduktLaunch26_META,SK_ProduktLaunch26_META_Reels,Reels_v1,2026-08-25,18-24,Male,3195,2332.0,1.37,87,43,1.35,0.46,19.78,1.0,19.78,Website purchases
SK_ProduktLaunch26_META,SK_ProduktLaunch26_META_Stories,Stories_v1,2026-08-17,35-44,Male,2888,1353.0,2.13,54,32,1.13,0.53,16.96,1.0,16.96,Website purchases
SK_BrandAwareness_Leto26_META,SK_BrandAwareness_Leto26_META_Carousel,Carousel_v1,2026-07-18,25-34,Male,2298,1495.0,1.54,48,24,1.04,0.58,13.92,,,
SK_ProduktLaunch26_META,SK_ProduktLaunch26_META_Stories,Stories_v1,2026-09-06,35-44,Male,1305,719.0,1.82,32,19,1.49,0.41,7.79,1.0,7.79,Website purchases
SK_ProduktLaunch26_META,SK_ProduktLaunch26_META_Reels,Reels_v1,2026-09-16,25-34,Female,3412,1764.0,1.93,81,43,1.26,0.47,20.21,1.0,20.21,Website purchases
SK_BrandAwareness_Leto26_META,SK_BrandAwareness_Leto26_META_Reels,Reels_v1,2026-06-09,55-64,Female,2024,1259.0,1.61,51,23,1.15,0.41,9.43,,,
SK_ProduktLaunch26_META,SK_ProduktLaunch26_META_Reels,Reels_v1,2026-10-26,65+,Female,1212,622.0,1.95,45,21,1.72,0.42,8.82,1.0,8.82,Website purchases
SK_BrandAwareness_Leto26_META,SK_BrandAwareness_Leto26_META_Video,Video_v1,2026-07-04,18-24,Male,1462,1100.0,1.33,31,20,1.37,0.64,12.8,,,
SK_ProduktLaunch26_META,SK_ProduktLaunch26_META_Feed,Feed_v1,2026-09-07,18-24,Female,1740,977.0,1.78,50,29,1.66,0.51,14.79,1.0,14.79,Website purchases
SK_BrandAwareness_Leto26_META,SK_BrandAwareness_Leto26_META_Reels,Reels_v1,2026-07-15,18-24,Female,3022,1875.0,1.61,54,32,1.05,0.4,12.8,,,
SK_ProduktLaunch26_META,SK_ProduktLaunch26_META_Stories,Stories_v1,2026-09-12,18-24,Female,1707,877.0,1.95,48,29,1.7,0.57,16.53,1.0,16.53,Website purchases
SK_BrandAwareness_Leto26_META,SK_BrandAwareness_Leto26_META_Video_V2,Video_v1,2026-07-20,35-44,Male,3087,1536.0,2.01,42,29,0.95,0.42,12.18,,,
SK_BrandAwareness_Leto26_META,SK_BrandAwareness_Leto26_META_Carousel,Carousel_v1,2026-06-18,25-34,Female,1458,963.0,1.51,27,15,1.03,0.58,8.7,,,
SK_BrandAwareness_Leto26_META,SK_BrandAwareness_Leto26_META_Carousel,Carousel_v1,2026-06-10,65+,Male,662,379.0,1.75,11,7,1.04,0.41,2.87,,,
SK_ProduktLaunch26_META,SK_ProduktLaunch26_META_Feed,Feed_v1,2026-09-09,65+,Female,786,510.0,1.54,12,8,1.03,0.48,3.84,0.0,,Website purchases
SK_ProduktLaunch26_META,SK_ProduktLaunch26_META_Reels,Reels_v1,2026-09-10,55-64,Male,2562,1784.0,1.44,78,34,1.34,0.31,10.54,1.0,10.54,Website purchases
SK_BrandAwareness_Leto26_META,SK_BrandAwareness_Leto26_META_Video_V2,Video_v1,2026-08-09,65+,Male,1462,1020.0,1.43,48,25,1.72,0.5,12.5,,,
SK_ProduktLaunch26_META,SK_ProduktLaunch26_META_Feed,Feed_v1,2026-10-01,65+,Female,1159,538.0,2.15,37,22,1.88,0.54,11.88,1.0,11.88,Website purchases
SK_BrandAwareness_Leto26_META,SK_BrandAwareness_Leto26_META_Video_V2,Video_v1,2026-08-11,45-54,Male,3111,1557.0,2.0,56,29,0.92,0.51,14.79,,,
SK_BrandAwareness_Leto26_META,SK_BrandAwareness_Leto26_META_Reels,Reels_v1,2026-08-07,18-24,Female,2388,1223.0,1.95,80,37,1.53,0.53,19.61,,,
SK_ProduktLaunch26_META,SK_ProduktLaunch26_META_Stories,Stories_v1,2026-09-20,45-54,Male,2065,1286.0,1.61,45,25,1.22,0.41,10.25,1.0,10.25,Website purchases
SK_ProduktLaunch26_META,SK_ProduktLaunch26_META_Feed,Feed_v1,2026-10-22,25-34,Male,2349,1742.0,1.35,76,42,1.79,0.52,21.84,1.0,21.84,Website purchases
SK_BrandAwareness_Leto26_META,SK_BrandAwareness_Leto26_META_Video_V2,Video_v1,2026-07-11,18-24,Male,2723,1446.0,1.88,83,43,1.58,0.63,27.09,,,
SK_BrandAwareness_Leto26_META,SK_BrandAwareness_Leto26_META_Reels,Reels_v1,2026-07-19,18-24,Male,2274,1161.0,1.96,99,44,1.93,0.47,20.68,,,
SK_BrandAwareness_Leto26_META,SK_BrandAwareness_Leto26_META_Carousel,Carousel_v1,2026-06-26,18-24,Male,2162,1069.0,2.02,54,36,1.67,0.41,14.76,,,
SK_ProduktLaunch26_META,SK_ProduktLaunch26_META_Feed,Feed_v1,2026-10-14,45-54,Male,2795,1413.0,1.98,59,29,1.04,0.48,13.92,1.0,13.92,Website purchases
SK_ProduktLaunch26_META,SK_ProduktLaunch26_META_Feed,Feed_v1,2026-10-08,18-24,Male,2330,1428.0,1.63,69,33,1.43,0.46,15.18,1.0,15.18,Website purchases
SK_BrandAwareness_Leto26_META,SK_BrandAwareness_Leto26_META_Carousel,Carousel_v1,2026-08-09,35-44,Male,1368,760.0,1.8,39,22,1.61,0.52,11.44,,,
SK_ProduktLaunch26_META,SK_ProduktLaunch26_META_Stories,Stories_v1,2026-09-05,55-64,Male,1386,838.0,1.65,32,18,1.29,0.38,6.84,1.0,6.84,Website purchases
SK_BrandAwareness_Leto26_META,SK_BrandAwareness_Leto26_META_Video_V2,Video_v1,2026-07-20,45-54,Female,1619,876.0,1.85,44,21,1.31,0.46,9.66,,,
SK_ProduktLaunch26_META,SK_ProduktLaunch26_META_Reels,Reels_v1,2026-09-13,25-34,Male,4164,2264.0,1.84,146,68,1.64,0.44,29.92,2.0,14.96,Website purchases
SK_ProduktLaunch26_META,SK_ProduktLaunch26_META_Feed,Feed_v1,2026-08-16,25-34,Female,2248,1228.0,1.83,64,33,1.46,0.44,14.52,1.0,14.52,Website purchases
SK_ProduktLaunch26_META,SK_ProduktLaunch26_META_Reels,Reels_v1,2026-09-11,18-24,Male,2482,1379.0,1.8,77,42,1.68,0.36,15.12,1.0,15.12,Website purchases
SK_BrandAwareness_Leto26_META,SK_BrandAwareness_Leto26_META_Carousel,Carousel_v1,2026-07-30,55-64,Male,901,678.0,1.33,15,9,1.02,0.64,5.76,,,
SK_ProduktLaunch26_META,SK_ProduktLaunch26_META_Stories,Stories_v1,2026-09-09,65+,Female,1015,513.0,1.98,17,11,1.12,0.36,3.96,0.0,,Website purchases
SK_ProduktLaunch26_META,SK_ProduktLaunch26_META_Reels,Reels_v1,2026-10-11,25-34,Female,2625,1296.0,2.03,124,55,2.08,0.43,23.65,2.0,11.82,Website purchases
SK_BrandAwareness_Leto26_META,SK_BrandAwareness_Leto26_META_Video,Video_v1,2026-06-25,65+,Male,948,543.0,1.75,19,9,0.93,0.53,4.77,,,
SK_BrandAwareness_Leto26_META,SK_BrandAwareness_Leto26_META_Carousel,Carousel_v1,2026-06-11,35-44,Male,2795,1623.0,1.72,119,56,2.02,0.43,24.08,,,
SK_ProduktLaunch26_META,SK_ProduktLaunch26_META_Reels,Reels_v1,2026-09-22,18-24,Female,2526,1669.0,1.51,60,40,1.58,0.38,15.2,1.0,15.2,Website purchases
SK_ProduktLaunch26_META,SK_ProduktLaunch26_META_Feed,Feed_v1,2026-08-15,25-34,Female,2503,1441.0,1.74,47,31,1.23,0.38,11.78,1.0,11.78,Website purchases
SK_BrandAwareness_Leto26_META,SK_BrandAwareness_Leto26_META_Carousel,Carousel_v1,2026-07-11,45-54,Male,2237,1293.0,1.73,71,47,2.08,0.55,25.85,,,
SK_ProduktLaunch26_META,SK_ProduktLaunch26_META_Reels,Reels_v1,2026-09-27,18-24,Male,2531,1542.0,1.64,96,52,2.05,0.41,21.32,2.0,10.66,Website purchases
SK_BrandAwareness_Leto26_META,SK_BrandAwareness_Leto26_META_Carousel,Carousel_v1,2026-06-08,18-24,Female,1061,550.0,1.93,41,21,2.02,0.55,11.55,,,
SK_BrandAwareness_Leto26_META,SK_BrandAwareness_Leto26_META_Reels,Reels_v1,2026-08-07,65+,Male,2044,1114.0,1.83,61,41,1.98,0.31,12.71,,,
SK_ProduktLaunch26_META,SK_ProduktLaunch26_META_Feed,Feed_v1,2026-09-22,18-24,Female,2064,1433.0,1.44,56,34,1.66,0.44,14.96,1.0,14.96,Website purchases
SK_BrandAwareness_Leto26_META,SK_BrandAwareness_Leto26_META_Reels,Reels_v1,2026-08-07,65+,Female,1768,925.0,1.91,38,26,1.49,0.35,9.1,,,
SK_BrandAwareness_Leto26_META,SK_BrandAwareness_Leto26_META_Reels,Reels_v1,2026-06-17,25-34,Male,2839,1768.0,1.61,62,28,0.97,0.41,11.48,,,
SK_BrandAwareness_Leto26_META,SK_BrandAwareness_Leto26_META_Video_V2,Video_v1,2026-07-17,18-24,Male,1818,1119.0,1.62,23,16,0.85,0.6,9.6,,,
SK_ProduktLaunch26_META,SK_ProduktLaunch26_META_Stories,Stories_v1,2026-09-26,18-24,Female,1187,606.0,1.96,31,17,1.47,0.51,8.67,0.0,,Website purchases
SK_ProduktLaunch26_META,SK_ProduktLaunch26_META_Stories,Stories_v1,2026-09-17,55-64,Female,1492,707.0,2.11,37,22,1.46,0.49,10.78,1.0,10.78,Website purchases
SK_BrandAwareness_Leto26_META,SK_BrandAwareness_Leto26_META_Carousel,Carousel_v1,2026-06-08,18-24,Male,1482,1051.0,1.41,66,30,2.02,0.62,18.6,,,
SK_ProduktLaunch26_META,SK_ProduktLaunch26_META_Feed,Feed_v1,2026-09-06,25-34,Male,3772,2128.0,1.77,123,69,1.84,0.47,32.43,2.0,16.21,Website purchases
SK_ProduktLaunch26_META,SK_ProduktLaunch26_META_Reels,Reels_v1,2026-08-31,45-54,Female,2130,1331.0,1.6,86,43,2.02,0.39,16.77,1.0,16.77,Website purchases
SK_BrandAwareness_Leto26_META,SK_BrandAwareness_Leto26_META_Carousel,Carousel_v1,2026-06-28,25-34,Female,2402,1331.0,1.8,65,36,1.52,0.44,15.84,,,
SK_ProduktLaunch26_META,SK_ProduktLaunch26_META_Stories,Stories_v1,2026-09-21,65+,Female,826,549.0,1.5,30,16,1.88,0.49,7.84,0.0,,Website purchases
SK_ProduktLaunch26_META,SK_ProduktLaunch26_META_Reels,Reels_v1,2026-09-06,55-64,Male,2431,1306.0,1.86,62,39,1.6,0.42,16.38,1.0,16.38,Website purchases
SK_ProduktLaunch26_META,SK_ProduktLaunch26_META_Stories,Stories_v1,2026-08-15,55-64,Female,1548,1025.0,1.51,58,30,1.93,0.5,15.0,1.0,15.0,Website purchases
SK_BrandAwareness_Leto26_META,SK_BrandAwareness_Leto26_META_Video_V2,Video_v1,2026-07-25,18-24,Male,2007,951.0,2.11,67,32,1.59,0.41,13.12,,,
SK_BrandAwareness_Leto26_META,SK_BrandAwareness_Leto26_META_Carousel,Carousel_v1,2026-07-05,25-34,Male,3129,1938.0,1.61,83,41,1.31,0.52,21.32,,,
SK_BrandAwareness_Leto26_META,SK_BrandAwareness_Leto26_META_Reels,Reels_v1,2026-06-21,25-34,Male,4216,2225.0,1.89,117,64,1.52,0.38,24.32,,,
SK_BrandAwareness_Leto26_META,SK_BrandAwareness_Leto26_META_Video_V2,Video_v1,2026-07-23,65+,Female,1357,1034.0,1.31,48,23,1.69,0.43,9.89,,,
SK_BrandAwareness_Leto26_META,SK_BrandAwareness_Leto26_META_Video_V2,Video_v1,2026-07-09,55-64,Male,2043,1474.0,1.39,34,24,1.16,0.48,11.52,,,
SK_BrandAwareness_Leto26_META,SK_BrandAwareness_Leto26_META_Reels,Reels_v1,2026-06-04,25-34,Female,3802,2357.0,1.61,60,37,0.98,0.39,14.43,,,
SK_BrandAwareness_Leto26_META,SK_BrandAwareness_Leto26_META_Video,Video_v1,2026-06-01,55-64,Male,2067,1293.0,1.6,50,24,1.14,0.64,15.36,,,
SK_ProduktLaunch26_META,SK_ProduktLaunch26_META_Stories,Stories_v1,2026-09-26,45-54,Male,2171,1376.0,1.58,59,38,1.74,0.34,12.92,1.0,12.92,Website purchases
SK_BrandAwareness_Leto26_META,SK_BrandAwareness_Leto26_META_Reels,Reels_v1,2026-07-26,55-64,Female,2588,1409.0,1.84,68,34,1.31,0.44,14.96,,,
SK_ProduktLaunch26_META,SK_ProduktLaunch26_META_Feed,Feed_v1,2026-08-22,18-24,Male,2188,1042.0,2.1,58,27,1.24,0.47,12.69,1.0,12.69,Website purchases
SK_BrandAwareness_Leto26_META,SK_BrandAwareness_Leto26_META_Reels,Reels_v1,2026-07-29,55-64,Female,1987,977.0,2.03,59,38,1.9,0.35,13.3,,,
SK_ProduktLaunch26_META,SK_ProduktLaunch26_META_Feed,Feed_v1,2026-09-04,65+,Male,987,506.0,1.95,29,19,1.97,0.44,8.36,0.0,,Website purchases
SK_ProduktLaunch26_META,SK_ProduktLaunch26_META_Reels,Reels_v1,2026-09-26,25-34,Female,3654,1763.0,2.07,146,73,1.99,0.45,32.85,2.0,16.43,Website purchases
SK_ProduktLaunch26_META,SK_ProduktLaunch26_META_Reels,Reels_v1,2026-09-04,25-34,Female,4353,2170.0,2.01,132,71,1.63,0.49,34.79,2.0,17.39,Website purchases
SK_BrandAwareness_Leto26_META,SK_BrandAwareness_Leto26_META_Video,Video_v1,2026-07-02,45-54,Female,2633,1259.0,2.09,76,38,1.45,0.65,24.7,,,
SK_BrandAwareness_Leto26_META,SK_BrandAwareness_Leto26_META_Video,Video_v1,2026-07-02,65+,Female,1137,691.0,1.65,28,15,1.31,0.54,8.1,,,
SK_ProduktLaunch26_META,SK_ProduktLaunch26_META_Feed,Feed_v1,2026-10-01,45-54,Male,1202,572.0,2.1,25,15,1.26,0.54,8.1,0.0,,Website purchases
SK_BrandAwareness_Leto26_META,SK_BrandAwareness_Leto26_META_Reels,Reels_v1,2026-07-30,18-24,Male,2929,2093.0,1.4,89,41,1.4,0.44,18.04,,,
SK_BrandAwareness_Leto26_META,SK_BrandAwareness_Leto26_META_Carousel,Carousel_v1,2026-07-04,35-44,Female,1290,736.0,1.75,33,16,1.24,0.69,11.04,,,
SK_ProduktLaunch26_META,SK_ProduktLaunch26_META_Feed,Feed_v1,2026-08-21,25-34,Female,2568,1202.0,2.14,59,35,1.37,0.43,15.05,1.0,15.05,Website purchases
SK_ProduktLaunch26_META,SK_ProduktLaunch26_META_Reels,Reels_v1,2026-08-29,55-64,Male,2358,1298.0,1.82,80,44,1.87,0.48,21.12,1.0,21.12,Website purchases
SK_ProduktLaunch26_META,SK_ProduktLaunch26_META_Stories,Stories_v1,2026-09-16,18-24,Male,1309,809.0,1.62,49,24,1.86,0.33,7.92,1.0,7.92,Website purchases
SK_ProduktLaunch26_META,SK_ProduktLaunch26_META_Feed,Feed_v1,2026-09-05,55-64,Female,1130,581.0,1.94,33,18,1.57,0.59,10.62,0.0,,Website purchases
SK_BrandAwareness_Leto26_META,SK_BrandAwareness_Leto26_META_Reels,Reels_v1,2026-06-08,55-64,Male,2298,1145.0,2.01,57,31,1.33,0.4,12.4,,,
SK_ProduktLaunch26_META,SK_ProduktLaunch26_META_Stories,Stories_v1,2026-10-12,45-54,Female,1990,1144.0,1.74,62,30,1.49,0.39,11.7,1.0,11.7,Website purchases
SK_ProduktLaunch26_META,SK_ProduktLaunch26_META_Reels,Reels_v1,2026-09-15,35-44,Male,4502,3374.0,1.33,167,110,2.45,0.49,53.9,3.0,17.97,Website purchases
SK_BrandAwareness_Leto26_META,SK_BrandAwareness_Leto26_META_Carousel,Carousel_v1,2026-06-18,35-44,Male,1371,719.0,1.91,49,26,1.92,0.48,12.48,,,
SK_BrandAwareness_Leto26_META,SK_BrandAwareness_Leto26_META_Video,Video_v1,2026-06-28,18-24,Male,2383,1313.0,1.81,68,34,1.43,0.4,13.6,,,
SK_ProduktLaunch26_META,SK_ProduktLaunch26_META_Stories,Stories_v1,2026-08-20,35-44,Female,1421,944.0,1.51,49,24,1.71,0.57,13.68,1.0,13.68,Website purchases
SK_ProduktLaunch26_META,SK_ProduktLaunch26_META_Feed,Feed_v1,2026-09-02,35-44,Male,3211,1594.0,2.01,101,52,1.62,0.56,29.12,1.0,29.12,Website purchases
SK_ProduktLaunch26_META,SK_ProduktLaunch26_META_Feed,Feed_v1,2026-09-12,65+,Female,843,,,32,16,1.93,0.6,9.6,0.0,,Website purchases
SK_BrandAwareness_Leto26_META,SK_BrandAwareness_Leto26_META_Carousel,Carousel_v1,2026-07-26,45-54,Male,1882,898.0,2.1,60,29,1.53,0.69,20.01,,,
SK_BrandAwareness_Leto26_META,SK_BrandAwareness_Leto26_META_Video_V2,Video_v1,2026-07-14,45-54,Female,2645,1212.0,2.18,83,44,1.68,0.42,18.48,,,
SK_BrandAwareness_Leto26_META,SK_BrandAwareness_Leto26_META_Carousel,Carousel_v1,2026-07-10,35-44,Male,2220,1035.0,2.14,59,33,1.5,0.44,14.52,,,
SK_ProduktLaunch26_META,SK_ProduktLaunch26_META_Stories,Stories_v1,2026-10-17,55-64,Male,1083,517.0,2.09,32,17,1.56,0.33,5.61,0.0,,Website purchases
SK_BrandAwareness_Leto26_META,SK_BrandAwareness_Leto26_META_Reels,Reels_v1,2026-08-01,65+,Female,1056,739.0,1.43,27,14,1.33,0.38,5.32,,,
SK_ProduktLaunch26_META,SK_ProduktLaunch26_META_Reels,Reels_v1,2026-10-13,45-54,Male,3354,1728.0,1.94,72,41,1.21,0.51,20.91,1.0,20.91,Website purchases
SK_ProduktLaunch26_META,SK_ProduktLaunch26_META_Feed,Feed_v1,2026-10-17,18-24,Female,1525,918.0,1.66,53,24,1.59,0.44,10.56,1.0,10.56,Website purchases
SK_ProduktLaunch26_META,SK_ProduktLaunch26_META_Feed,Feed_v1,2026-09-03,25-34,Female,2902,1566.0,1.85,101,56,1.92,0.44,24.64,1.0,24.64,Website purchases
SK_BrandAwareness_Leto26_META,SK_BrandAwareness_Leto26_META_Video,Video_v1,2026-06-13,35-44,Female,3431,1629.0,2.11,104,54,1.58,0.59,31.86,,,
SK_BrandAwareness_Leto26_META,SK_BrandAwareness_Leto26_META_Video_V2,Video_v1,2026-08-04,65+,Male,823,556.0,1.48,15,7,0.89,0.55,3.85,,,
SK_ProduktLaunch26_META,SK_ProduktLaunch26_META_Stories,Stories_v1,2026-09-18,45-54,Male,1678,972.0,1.73,66,32,1.93,0.51,16.32,1.0,16.32,Website purchases
SK_ProduktLaunch26_META,SK_ProduktLaunch26_META_Reels,Reels_v1,2026-10-26,35-44,Female,2802,1617.0,1.73,87,59,2.12,0.47,27.73,2.0,13.87,Website purchases
SK_BrandAwareness_Leto26_META,SK_BrandAwareness_Leto26_META_Carousel,Carousel_v1,2026-07-26,25-34,Female,1339,696.0,1.92,49,28,2.09,0.58,16.24,,,
SK_BrandAwareness_Leto26_META,SK_BrandAwareness_Leto26_META_Carousel,Carousel_v1,2026-07-02,35-44,Female,2344,1228.0,1.91,57,38,1.63,0.44,16.72,,,
SK_BrandAwareness_Leto26_META,SK_BrandAwareness_Leto26_META_Reels,Reels_v1,2026-06-22,45-54,Female,3522,2416.0,1.46,113,57,1.63,0.33,18.81,,,
SK_BrandAwareness_Leto26_META,SK_BrandAwareness_Leto26_META_Carousel,Carousel_v1,2026-06-08,25-34,Male,2233,1351.0,1.65,61,32,1.45,0.67,21.44,,,
SK_BrandAwareness_Leto26_META,SK_BrandAwareness_Leto26_META_Video,Video_v1,2026-06-03,18-24,Male,2067,1032.0,2.0,45,22,1.06,0.38,8.36,,,
SK_ProduktLaunch26_META,SK_ProduktLaunch26_META_Stories,Stories_v1,2026-08-15,25-34,Female,1452,1060.0,1.37,48,24,1.68,0.45,10.8,1.0,10.8,Website purchases
SK_BrandAwareness_Leto26_META,SK_BrandAwareness_Leto26_META_Video_V2,Video_v1,2026-07-27,35-44,Male,3131,2026.0,1.55,115,52,1.66,0.42,21.84,,,
SK_BrandAwareness_Leto26_META,SK_BrandAwareness_Leto26_META_Reels,Reels_v1,2026-06-30,65+,Female,1174,677.0,1.73,28,19,1.61,0.37,7.03,,,
SK_BrandAwareness_Leto26_META,SK_BrandAwareness_Leto26_META_Video_V2,Video_v1,2026-08-13,65+,Female,1458,781.0,1.87,50,22,1.49,0.49,10.78,,,
SK_ProduktLaunch26_META,SK_ProduktLaunch26_META_Feed,Feed_v1,2026-10-25,18-24,Male,2731,1807.0,1.51,66,44,1.62,0.45,19.8,1.0,19.8,Website purchases
SK_BrandAwareness_Leto26_META,SK_BrandAwareness_Leto26_META_Video,Video_v1,2026-06-15,35-44,Female,1864,937.0,1.99,53,26,1.37,0.57,14.82,,,
SK_ProduktLaunch26_META,SK_ProduktLaunch26_META_Feed,Feed_v1,2026-08-23,45-54,Female,1878,1047.0,1.79,62,32,1.69,0.47,15.04,1.0,15.04,Website purchases
SK_ProduktLaunch26_META,SK_ProduktLaunch26_META_Stories,Stories_v1,2026-09-30,35-44,Female,1652,1033.0,1.6,65,32,1.96,0.57,18.24,1.0,18.24,Website purchases
SK_ProduktLaunch26_META,SK_ProduktLaunch26_META_Reels,Reels_v1,2026-10-27,18-24,Male,3258,1661.0,1.96,157,72,2.22,0.4,28.8,2.0,14.4,Website purchases
SK_BrandAwareness_Leto26_META,SK_BrandAwareness_Leto26_META_Reels,Reels_v1,2026-07-11,65+,Male,1558,1129.0,1.38,35,17,1.11,0.53,9.01,,,
SK_BrandAwareness_Leto26_META,SK_BrandAwareness_Leto26_META_Reels,Reels_v1,2026-06-11,55-64,Male,2127,1201.0,1.77,32,22,1.02,0.38,8.36,,,
SK_ProduktLaunch26_META,SK_ProduktLaunch26_META_Feed,Feed_v1,2026-08-26,45-54,Female,1315,840.0,1.57,25,14,1.1,0.44,6.16,0.0,,Website purchases
SK_ProduktLaunch26_META,SK_ProduktLaunch26_META_Stories,Stories_v1,2026-10-12,45-54,Male,1703,995.0,1.71,40,24,1.41,0.57,13.68,1.0,13.68,Website purchases
SK_ProduktLaunch26_META,SK_ProduktLaunch26_META_Stories,Stories_v1,2026-08-27,65+,Female,798,497.0,1.61,18,12,1.48,0.44,5.28,0.0,,Website purchases
SK_ProduktLaunch26_META,SK_ProduktLaunch26_META_Feed,Feed_v1,2026-10-09,35-44,Male,2958,1477.0,2.0,69,34,1.15,0.46,15.64,1.0,15.64,Website purchases
SK_BrandAwareness_Leto26_META,SK_BrandAwareness_Leto26_META_Carousel,Carousel_v1,2026-08-07,45-54,Female,1989,1154.0,1.72,33,23,1.16,0.6,13.8,,,
SK_ProduktLaunch26_META,SK_ProduktLaunch26_META_Feed,Feed_v1,2026-08-30,18-24,Female,2427,1287.0,1.89,56,38,1.57,0.43,16.34,1.0,16.34,Website purchases
SK_BrandAwareness_Leto26_META,SK_BrandAwareness_Leto26_META_Reels,Reels_v1,2026-08-01,55-64,Female,1478,696.0,2.12,31,17,1.17,0.51,8.67,,,
SK_BrandAwareness_Leto26_META,SK_BrandAwareness_Leto26_META_Carousel,Carousel_v1,2026-06-07,35-44,Male,2511,1485.0,1.69,60,31,1.25,0.55,17.05,,,
SK_ProduktLaunch26_META,SK_ProduktLaunch26_META_Feed,Feed_v1,2026-08-18,55-64,Male,1719,875.0,1.96,40,23,1.31,0.5,11.5,1.0,11.5,Website purchases
SK_BrandAwareness_Leto26_META,SK_BrandAwareness_Leto26_META_Video_V2,Video_v1,2026-07-27,65+,Female,869,429.0,2.03,14,9,1.08,0.37,3.33,,,
SK_BrandAwareness_Leto26_META,SK_BrandAwareness_Leto26_META_Carousel,Carousel_v1,2026-08-06,45-54,Male,1614,1189.0,1.36,45,28,1.73,0.45,12.6,,,
SK_ProduktLaunch26_META,SK_ProduktLaunch26_META_Stories,Stories_v1,2026-09-16,55-64,Female,781,381.0,2.05,20,13,1.71,0.54,7.02,0.0,,Website purchases
SK_ProduktLaunch26_META,SK_ProduktLaunch26_META_Stories,Stories_v1,2026-09-09,18-24,Male,1540,1045.0,1.47,50,34,2.23,0.37,12.58,1.0,12.58,Website purchases
SK_ProduktLaunch26_META,SK_ProduktLaunch26_META_Feed,Feed_v1,2026-10-07,18-24,Female,1063,514.0,2.07,25,17,1.64,0.56,9.52,0.0,,Website purchases
SK_ProduktLaunch26_META,SK_ProduktLaunch26_META_Reels,Reels_v1,2026-09-12,18-24,Male,2621,1354.0,1.94,74,45,1.71,0.51,22.95,1.0,22.95,Website purchases
SK_ProduktLaunch26_META,SK_ProduktLaunch26_META_Reels,Reels_v1,2026-08-17,65+,Male,1660,1195.0,1.39,65,40,2.44,0.33,13.2,1.0,13.2,Website purchases
SK_ProduktLaunch26_META,SK_ProduktLaunch26_META_Feed,Feed_v1,2026-10-27,35-44,Male,1735,899.0,1.93,46,30,1.74,0.39,11.7,1.0,11.7,Website purchases
SK_ProduktLaunch26_META,SK_ProduktLaunch26_META_Stories,Stories_v1,2026-10-04,45-54,Female,2091,995.0,2.1,68,36,1.71,0.53,19.08,1.0,19.08,Website purchases
SK_ProduktLaunch26_META,SK_ProduktLaunch26_META_Stories,Stories_v1,2026-10-12,65+,Female,792,379.0,2.09,30,16,1.96,0.54,8.64,0.0,,Website purchases
SK_ProduktLaunch26_META,SK_ProduktLaunch26_META_Stories,Stories_v1,2026-09-06,45-54,Female,1037,654.0,1.59,45,23,2.24,0.55,12.65,1.0,12.65,Website purchases
SK_ProduktLaunch26_META,SK_ProduktLaunch26_META_Reels,Reels_v1,2026-10-10,25-34,Female,3989,1907.0,2.09,133,81,2.03,0.46,37.26,2.0,18.63,Website purchases
SK_BrandAwareness_Leto26_META,SK_BrandAwareness_Leto26_META_Carousel,Carousel_v1,2026-06-12,18-24,Female,1057,528.0,2.0,45,22,2.06,0.69,15.18,,,
SK_BrandAwareness_Leto26_META,SK_BrandAwareness_Leto26_META_Reels,Reels_v1,2026-08-13,18-24,Male,3067,1667.0,1.84,74,38,1.22,0.41,15.58,,,
SK_ProduktLaunch26_META,SK_ProduktLaunch26_META_Reels,Reels_v1,2026-09-23,55-64,Female,2277,1283.0,1.77,90,44,1.92,0.38,16.72,1.0,16.72,Website purchases
SK_BrandAwareness_Leto26_META,SK_BrandAwareness_Leto26_META_Carousel,Carousel_v1,2026-07-29,45-54,Male,2094,972.0,2.15,44,26,1.25,0.41,10.66,,,
SK_BrandAwareness_Leto26_META,SK_BrandAwareness_Leto26_META_Carousel,Carousel_v1,2026-06-18,55-64,Female,1514,989.0,1.53,42,28,1.87,0.61,17.08,,,
SK_ProduktLaunch26_META,SK_ProduktLaunch26_META_Feed,Feed_v1,2026-10-10,18-24,Female,2004,1412.0,1.42,55,30,1.48,0.58,17.4,1.0,17.4,Website purchases
SK_BrandAwareness_Leto26_META,SK_BrandAwareness_Leto26_META_Reels,Reels_v1,2026-06-22,25-34,Male,5438,3059.0,1.78,77,51,0.93,0.31,15.81,,,
SK_ProduktLaunch26_META,SK_ProduktLaunch26_META_Stories,Stories_v1,2026-09-24,25-34,Female,1825,1301.0,1.4,48,33,1.79,0.44,14.52,1.0,14.52,Website purchases
SK_ProduktLaunch26_META,SK_ProduktLaunch26_META_Feed,Feed_v1,2026-08-26,35-44,Female,2025,1007.0,2.01,33,22,1.11,0.41,9.02,1.0,9.02,Website purchases
SK_ProduktLaunch26_META,SK_ProduktLaunch26_META_Reels,Reels_v1,2026-10-13,35-44,Male,3598,1740.0,2.07,184,83,2.3,0.52,43.16,2.0,21.58,Website purchases
SK_ProduktLaunch26_META,SK_ProduktLaunch26_META_Feed,Feed_v1,2026-09-17,55-64,Male,1789,904.0,1.98,39,25,1.42,0.42,10.5,1.0,10.5,Website purchases
SK_BrandAwareness_Leto26_META,SK_BrandAwareness_Leto26_META_Carousel,Carousel_v1,2026-07-12,65+,Male,615,318.0,1.93,19,10,1.58,0.56,5.6,,,
SK_ProduktLaunch26_META,SK_ProduktLaunch26_META_Reels,Reels_v1,2026-10-02,35-44,Male,3937,2558.0,1.54,89,63,1.6,0.43,27.09,2.0,13.54,Website purchases
SK_BrandAwareness_Leto26_META,SK_BrandAwareness_Leto26_META_Video,Video_v1,2026-06-08,55-64,Female,2015,1284.0,1.57,38,23,1.15,0.57,13.11,,,
SK_BrandAwareness_Leto26_META,SK_BrandAwareness_Leto26_META_Reels,Reels_v1,2026-08-05,25-34,Male,5166,3790.0,1.36,158,92,1.78,0.41,37.72,,,
SK_ProduktLaunch26_META,SK_ProduktLaunch26_META_Reels,Reels_v1,2026-08-29,35-44,Female,3032,2021.0,1.5,128,56,1.86,0.51,28.56,2.0,14.28,Website purchases
SK_BrandAwareness_Leto26_META,SK_BrandAwareness_Leto26_META_Carousel,Carousel_v1,2026-06-20,65+,Male,1307,919.0,1.42,50,24,1.81,0.46,11.04,,,
SK_BrandAwareness_Leto26_META,SK_BrandAwareness_Leto26_META_Video_V2,Video_v1,2026-07-16,65+,Female,949,527.0,1.8,29,13,1.4,0.54,7.02,,,
SK_ProduktLaunch26_META,SK_ProduktLaunch26_META_Reels,Reels_v1,2026-09-10,18-24,Female,1820,1015.0,1.79,56,28,1.56,0.39,10.92,1.0,10.92,Website purchases
SK_ProduktLaunch26_META,SK_ProduktLaunch26_META_Stories,Stories_v1,2026-10-07,18-24,Female,1152,662.0,1.74,28,13,1.11,0.58,7.54,0.0,,Website purchases
SK_BrandAwareness_Leto26_META,SK_BrandAwareness_Leto26_META_Carousel,Carousel_v1,2026-07-04,55-64,Male,940,552.0,1.7,25,12,1.28,0.49,5.88,,,
SK_ProduktLaunch26_META,SK_ProduktLaunch26_META_Stories,Stories_v1,2026-09-22,35-44,Male,2626,1623.0,1.62,81,38,1.43,0.47,17.86,1.0,17.86,Website purchases
SK_BrandAwareness_Leto26_META,SK_BrandAwareness_Leto26_META_Video_V2,Video_v1,2026-07-17,35-44,Female,3606,1712.0,2.11,92,62,1.72,0.53,32.86,,,
SK_ProduktLaunch26_META,SK_ProduktLaunch26_META_Reels,Reels_v1,2026-08-28,25-34,Male,5453,2799.0,1.95,166,92,1.68,0.34,31.28,3.0,10.43,Website purchases
SK_ProduktLaunch26_META,SK_ProduktLaunch26_META_Reels,Reels_v1,2026-10-18,35-44,Female,1861,1077.0,1.73,71,36,1.94,0.43,15.48,1.0,15.48,Website purchases
SK_BrandAwareness_Leto26_META,SK_BrandAwareness_Leto26_META_Reels,Reels_v1,2026-06-15,35-44,Male,2544,1711.0,1.49,52,31,1.21,0.4,12.4,,,
SK_BrandAwareness_Leto26_META,SK_BrandAwareness_Leto26_META_Carousel,Carousel_v1,2026-06-12,55-64,Male,1775,1349.0,1.32,49,26,1.47,0.5,13.0,,,
SK_ProduktLaunch26_META,SK_ProduktLaunch26_META_Stories,Stories_v1,2026-09-06,55-64,Male,1230,590.0,2.08,49,22,1.76,0.54,11.88,1.0,11.88,Website purchases
SK_BrandAwareness_Leto26_META,SK_BrandAwareness_Leto26_META_Carousel,Carousel_v1,2026-06-04,25-34,Male,1915,1263.0,1.52,73,33,1.74,0.65,21.45,,,
SK_BrandAwareness_Leto26_META,SK_BrandAwareness_Leto26_META_Reels,Reels_v1,2026-07-03,45-54,Female,2936,1356.0,2.17,118,54,1.83,0.4,21.6,,,
SK_ProduktLaunch26_META,SK_ProduktLaunch26_META_Stories,Stories_v1,2026-09-05,25-34,Female,2917,1330.0,2.19,110,66,2.28,0.57,37.62,2.0,18.81,Website purchases
SK_ProduktLaunch26_META,SK_ProduktLaunch26_META_Stories,Stories_v1,2026-08-28,65+,Female,1010,469.0,2.15,34,17,1.64,0.36,6.12,0.0,,Website purchases
SK_ProduktLaunch26_META,SK_ProduktLaunch26_META_Reels,Reels_v1,2026-09-20,35-44,Male,3356,1779.0,1.89,130,76,2.27,0.43,32.68,2.0,16.34,Website purchases
SK_ProduktLaunch26_META,SK_ProduktLaunch26_META_Reels,Reels_v1,2026-10-28,25-34,Female,2352,1267.0,1.86,80,42,1.78,0.49,20.58,1.0,20.58,Website purchases
SK_ProduktLaunch26_META,SK_ProduktLaunch26_META_Reels,Reels_v1,2026-09-19,18-24,Female,2540,1344.0,1.89,87,41,1.62,0.42,17.22,1.0,17.22,Website purchases
SK_ProduktLaunch26_META,SK_ProduktLaunch26_META_Stories,Stories_v1,2026-08-27,25-34,Female,2242,1517.0,1.48,68,38,1.72,0.32,12.16,1.0,12.16,Website purchases
SK_BrandAwareness_Leto26_META,SK_BrandAwareness_Leto26_META_Reels,Reels_v1,2026-08-11,35-44,Female,2241,1258.0,1.78,71,33,1.49,0.31,10.23,,,
SK_ProduktLaunch26_META,SK_ProduktLaunch26_META_Feed,Feed_v1,2026-09-27,25-34,Male,3669,2577.0,1.42,76,54,1.47,0.59,31.86,1.0,31.86,Website purchases
SK_ProduktLaunch26_META,SK_ProduktLaunch26_META_Stories,Stories_v1,2026-09-30,55-64,Female,1492,844.0,1.77,47,21,1.44,0.44,9.24,1.0,9.24,Website purchases
SK_ProduktLaunch26_META,SK_ProduktLaunch26_META_Feed,Feed_v1,2026-10-24,55-64,Female,904,647.0,1.4,36,17,1.93,0.55,9.35,0.0,,Website purchases
SK_ProduktLaunch26_META,SK_ProduktLaunch26_META_Feed,Feed_v1,2026-09-02,65+,Male,1155,625.0,1.85,19,12,1.08,0.43,5.16,0.0,,Website purchases
SK_ProduktLaunch26_META,SK_ProduktLaunch26_META_Stories,Stories_v1,2026-09-05,18-24,Male,1640,800.0,2.05,70,32,1.97,0.52,16.64,1.0,16.64,Website purchases
SK_ProduktLaunch26_META,SK_ProduktLaunch26_META_Stories,Stories_v1,2026-10-04,25-34,Female,1903,1033.0,1.84,47,24,1.25,0.34,8.16,1.0,8.16,Website purchases
SK_ProduktLaunch26_META,SK_ProduktLaunch26_META_Feed,Feed_v1,2026-10-28,65+,Male,900,449.0,2.0,30,14,1.57,0.59,8.26,0.0,,Website purchases
SK_ProduktLaunch26_META,SK_ProduktLaunch26_META_Stories,Stories_v1,2026-10-15,25-34,Female,2442,1459.0,1.67,50,28,1.13,0.46,12.88,1.0,12.88,Website purchases
SK_ProduktLaunch26_META,SK_ProduktLaunch26_META_Reels,Reels_v1,2026-10-23,45-54,Female,2319,1308.0,1.77,89,46,1.99,0.44,20.24,1.0,20.24,Website purchases
SK_ProduktLaunch26_META,SK_ProduktLaunch26_META_Reels,Reels_v1,2026-09-18,35-44,Female,3264,1632.0,2.0,58,40,1.23,0.31,12.4,1.0,12.4,Website purchases
SK_BrandAwareness_Leto26_META,SK_BrandAwareness_Leto26_META_Reels,Reels_v1,2026-07-20,55-64,Female,1529,761.0,2.01,46,23,1.48,0.38,8.74,,,
SK_ProduktLaunch26_META,SK_ProduktLaunch26_META_Reels,Reels_v1,2026-09-23,18-24,Female,1732,1021.0,1.7,86,41,2.37,0.3,12.3,1.0,12.3,Website purchases
SK_ProduktLaunch26_META,SK_ProduktLaunch26_META_Reels,Reels_v1,2026-09-15,18-24,Male,3396,1830.0,1.86,149,68,2.01,0.36,24.48,2.0,12.24,Website purchases
SK_ProduktLaunch26_META,SK_ProduktLaunch26_META_Stories,Stories_v1,2026-08-19,18-24,Male,1906,924.0,2.06,94,41,2.14,0.43,17.63,1.0,17.63,Website purchases
SK_ProduktLaunch26_META,SK_ProduktLaunch26_META_Reels,Reels_v1,2026-09-08,35-44,Female,3501,2456.0,1.43,114,81,2.33,0.5,40.5,2.0,20.25,Website purchases
SK_BrandAwareness_Leto26_META,SK_BrandAwareness_Leto26_META_Video_V2,Video_v1,2026-07-26,35-44,Male,3594,2134.0,1.68,128,63,1.74,0.48,30.24,,,
SK_BrandAwareness_Leto26_META,SK_BrandAwareness_Leto26_META_Reels,Reels_v1,2026-06-15,18-24,Male,3491,1701.0,2.05,90,63,1.79,0.43,27.09,,,
SK_ProduktLaunch26_META,SK_ProduktLaunch26_META_Reels,Reels_v1,2026-10-21,25-34,Female,4633,2471.0,1.87,213,111,2.39,0.3,33.3,3.0,11.1,Website purchases
SK_BrandAwareness_Leto26_META,SK_BrandAwareness_Leto26_META_Video,Video_v1,2026-07-03,35-44,Male,3890,2715.0,1.43,60,42,1.09,0.61,25.62,,,
SK_BrandAwareness_Leto26_META,SK_BrandAwareness_Leto26_META_Video,Video_v1,2026-06-04,25-34,Male,4552,2203.0,2.07,85,56,1.23,0.4,22.4,,,
SK_BrandAwareness_Leto26_META,SK_BrandAwareness_Leto26_META_Reels,Reels_v1,2026-07-10,35-44,Male,3009,1868.0,1.61,41,28,0.94,0.39,10.92,,,
SK_BrandAwareness_Leto26_META,SK_BrandAwareness_Leto26_META_Carousel,Carousel_v1,2026-08-04,45-54,Male,2238,1354.0,1.65,70,45,2.02,0.5,22.5,,,
SK_ProduktLaunch26_META,SK_ProduktLaunch26_META_Feed,Feed_v1,2026-08-21,65+,Male,1458,717.0,2.03,51,27,1.85,0.59,15.93,1.0,15.93,Website purchases
SK_BrandAwareness_Leto26_META,SK_BrandAwareness_Leto26_META_Reels,Reels_v1,2026-07-10,35-44,Female,2071,1509.0,1.37,44,22,1.08,0.34,7.48,,,
SK_BrandAwareness_Leto26_META,SK_BrandAwareness_Leto26_META_Video,Video_v1,2026-06-03,45-54,Male,2457,1460.0,1.68,56,40,1.62,0.61,24.4,,,
SK_ProduktLaunch26_META,SK_ProduktLaunch26_META_Reels,Reels_v1,2026-09-14,45-54,Female,1740,889.0,1.96,50,23,1.31,0.52,11.96,1.0,11.96,Website purchases
SK_ProduktLaunch26_META,SK_ProduktLaunch26_META_Reels,Reels_v1,2026-09-03,18-24,Female,1601,781.0,2.05,67,35,2.16,0.49,17.15,1.0,17.15,Website purchases
SK_ProduktLaunch26_META,SK_ProduktLaunch26_META_Reels,Reels_v1,2026-10-15,18-24,Female,3302,2273.0,1.45,88,44,1.32,0.53,23.32,1.0,23.32,Website purchases
SK_ProduktLaunch26_META,SK_ProduktLaunch26_META_Reels,Reels_v1,2026-10-16,35-44,Female,3904,1799.0,2.17,155,97,2.49,0.47,45.59,3.0,15.2,Website purchases
SK_BrandAwareness_Leto26_META,SK_BrandAwareness_Leto26_META_Reels,Reels_v1,2026-08-03,25-34,Female,2560,1577.0,1.62,45,29,1.13,0.4,11.6,,,
SK_ProduktLaunch26_META,SK_ProduktLaunch26_META_Stories,Stories_v1,2026-08-17,65+,Female,960,704.0,1.36,23,12,1.3,0.57,6.84,0.0,,Website purchases
SK_BrandAwareness_Leto26_META,SK_BrandAwareness_Leto26_META_Carousel,Carousel_v1,2026-06-05,55-64,Male,879,527.0,1.67,20,10,1.14,0.48,4.8,,,
SK_ProduktLaunch26_META,SK_ProduktLaunch26_META_Reels,Reels_v1,2026-08-20,45-54,Female,2036,995.0,2.05,72,39,1.9,0.53,20.67,1.0,20.67,Website purchases
SK_BrandAwareness_Leto26_META,SK_BrandAwareness_Leto26_META_Reels,Reels_v1,2026-06-06,45-54,Female,1720,1170.0,1.47,47,33,1.93,0.45,14.85,,,
SK_BrandAwareness_Leto26_META,SK_BrandAwareness_Leto26_META_Carousel,Carousel_v1,2026-08-10,18-24,Male,1391,839.0,1.66,37,19,1.36,0.62,11.78,,,
SK_BrandAwareness_Leto26_META,SK_BrandAwareness_Leto26_META_Reels,Reels_v1,2026-06-21,18-24,Male,2810,1983.0,1.42,78,49,1.73,0.43,21.07,,,
SK_ProduktLaunch26_META,SK_ProduktLaunch26_META_Feed,Feed_v1,2026-09-30,18-24,Male,2075,1274.0,1.63,48,31,1.51,0.58,17.98,1.0,17.98,Website purchases
SK_ProduktLaunch26_META,SK_ProduktLaunch26_META_Stories,Stories_v1,2026-09-03,25-34,Female,1641,918.0,1.79,67,34,2.05,0.49,16.66,1.0,16.66,Website purchases
SK_ProduktLaunch26_META,SK_ProduktLaunch26_META_Stories,Stories_v1,2026-09-13,35-44,Female,1767,1009.0,1.75,68,40,2.24,0.42,16.8,1.0,16.8,Website purchases
SK_BrandAwareness_Leto26_META,SK_BrandAwareness_Leto26_META_Video_V2,Video_v1,2026-07-23,55-64,Female,2138,1195.0,1.79,35,20,0.95,0.39,7.8,,,
SK_ProduktLaunch26_META,SK_ProduktLaunch26_META_Stories,Stories_v1,2026-08-31,65+,Male,526,253.0,2.08,20,11,2.04,0.45,4.95,0.0,,Website purchases
SK_ProduktLaunch26_META,SK_ProduktLaunch26_META_Reels,Reels_v1,2026-10-21,35-44,Male,2460,1626.0,1.51,113,55,2.23,0.31,17.05,2.0,8.53,Website purchases
SK_ProduktLaunch26_META,SK_ProduktLaunch26_META_Feed,Feed_v1,2026-09-01,35-44,Male,1509,971.0,1.55,48,21,1.4,0.58,12.18,1.0,12.18,Website purchases
SK_ProduktLaunch26_META,SK_ProduktLaunch26_META_Reels,Reels_v1,2026-08-21,25-34,Male,5020,3705.0,1.35,225,110,2.2,0.53,58.3,3.0,19.43,Website purchases
SK_ProduktLaunch26_META,SK_ProduktLaunch26_META_Reels,Reels_v1,2026-08-25,35-44,Male,4803,3221.0,1.49,119,72,1.49,0.54,38.88,2.0,19.44,Website purchases
SK_BrandAwareness_Leto26_META,SK_BrandAwareness_Leto26_META_Reels,Reels_v1,2026-07-24,18-24,Male,2278,1150.0,1.98,50,27,1.19,0.31,8.37,,,
SK_ProduktLaunch26_META,SK_ProduktLaunch26_META_Stories,Stories_v1,2026-10-05,65+,Male,691,502.0,1.38,23,11,1.66,0.42,4.62,0.0,,Website purchases
SK_BrandAwareness_Leto26_META,SK_BrandAwareness_Leto26_META_Video_V2,Video_v1,2026-07-09,55-64,Female,1930,1098.0,1.76,27,18,0.91,0.54,9.72,,,
SK_BrandAwareness_Leto26_META,SK_BrandAwareness_Leto26_META_Reels,Reels_v1,2026-06-14,55-64,Male,1675,965.0,1.74,60,29,1.73,0.47,13.63,,,
SK_BrandAwareness_Leto26_META,SK_BrandAwareness_Leto26_META_Video_V2,Video_v1,2026-07-22,45-54,Male,3300,1698.0,1.94,93,41,1.25,0.64,26.24,,,
SK_ProduktLaunch26_META,SK_ProduktLaunch26_META_Reels,Reels_v1,2026-09-09,35-44,Male,2614,1444.0,1.81,128,63,2.42,0.36,22.68,2.0,11.34,Website purchases
SK_BrandAwareness_Leto26_META,SK_BrandAwareness_Leto26_META_Carousel,Carousel_v1,2026-06-23,25-34,Male,2145,1221.0,1.76,104,46,2.15,0.56,25.76,,,
SK_BrandAwareness_Leto26_META,SK_BrandAwareness_Leto26_META_Video_V2,Video_v1,2026-07-31,25-34,Male,2738,1325.0,2.07,76,41,1.5,0.52,21.32,,,
SK_ProduktLaunch26_META,SK_ProduktLaunch26_META_Stories,Stories_v1,2026-10-08,45-54,Female,1686,953.0,1.77,49,25,1.5,0.38,9.5,1.0,9.5,Website purchases
SK_ProduktLaunch26_META,SK_ProduktLaunch26_META_Stories,Stories_v1,2026-08-23,65+,Male,960,588.0,1.63,39,19,1.99,0.56,10.64,1.0,10.64,Website purchases
SK_ProduktLaunch26_META,SK_ProduktLaunch26_META_Feed,Feed_v1,2026-08-25,35-44,Male,2389,1186.0,2.01,91,40,1.68,0.59,23.6,1.0,23.6,Website purchases
SK_ProduktLaunch26_META,SK_ProduktLaunch26_META_Reels,Reels_v1,2026-09-29,25-34,Male,4393,2618.0,1.68,165,78,1.79,0.43,33.54,2.0,16.77,Website purchases
SK_BrandAwareness_Leto26_META,SK_BrandAwareness_Leto26_META_Reels,Reels_v1,2026-06-03,65+,Female,1701,787.0,2.16,35,24,1.38,0.41,9.84,,,
SK_ProduktLaunch26_META,SK_ProduktLaunch26_META_Feed,Feed_v1,2026-10-28,35-44,Male,2557,1227.0,2.08,103,45,1.76,0.43,19.35,1.0,19.35,Website purchases
SK_ProduktLaunch26_META,SK_ProduktLaunch26_META_Feed,Feed_v1,2026-10-05,65+,Female,712,451.0,1.58,13,9,1.22,0.48,4.32,0.0,,Website purchases
SK_ProduktLaunch26_META,SK_ProduktLaunch26_META_Feed,Feed_v1,2026-09-13,25-34,Female,3440,1655.0,2.08,70,44,1.27,0.59,25.96,1.0,25.96,Website purchases
SK_BrandAwareness_Leto26_META,SK_BrandAwareness_Leto26_META_Video_V2,Video_v1,2026-07-16,18-24,Male,2251,1672.0,1.35,59,27,1.22,0.37,9.99,,,
SK_ProduktLaunch26_META,SK_ProduktLaunch26_META_Reels,Reels_v1,2026-08-22,65+,Male,1095,522.0,2.1,32,20,1.8,0.53,10.6,1.0,10.6,Website purchases
SK_ProduktLaunch26_META,SK_ProduktLaunch26_META_Stories,Stories_v1,2026-10-11,18-24,Male,2063,1358.0,1.52,42,27,1.33,0.47,12.69,1.0,12.69,Website purchases
SK_ProduktLaunch26_META,SK_ProduktLaunch26_META_Stories,Stories_v1,2026-10-17,55-64,Female,1603,1199.0,1.34,43,24,1.48,0.34,8.16,1.0,8.16,Website purchases
SK_BrandAwareness_Leto26_META,SK_BrandAwareness_Leto26_META_Reels,Reels_v1,2026-06-01,55-64,Female,1390,932.0,1.49,59,26,1.91,0.48,12.48,,,
SK_ProduktLaunch26_META,SK_ProduktLaunch26_META_Feed,Feed_v1,2026-10-03,35-44,Male,2988,1565.0,1.91,87,41,1.38,0.55,22.55,1.0,22.55,Website purchases
SK_ProduktLaunch26_META,SK_ProduktLaunch26_META_Stories,Stories_v1,2026-10-17,65+,Male,1187,768.0,1.55,45,24,2.06,0.32,7.68,1.0,7.68,Website purchases
SK_BrandAwareness_Leto26_META,SK_BrandAwareness_Leto26_META_Carousel,Carousel_v1,2026-07-20,65+,Male,596,430.0,1.39,12,8,1.38,0.63,5.04,,,
SK_ProduktLaunch26_META,SK_ProduktLaunch26_META_Reels,Reels_v1,2026-10-24,25-34,Male,2871,2140.0,1.34,129,59,2.07,0.33,19.47,2.0,9.73,Website purchases
SK_ProduktLaunch26_META,SK_ProduktLaunch26_META_Reels,Reels_v1,2026-10-08,25-34,Male,5455,3943.0,1.38,122,72,1.32,0.39,28.08,2.0,14.04,Website purchases
SK_BrandAwareness_Leto26_META,SK_BrandAwareness_Leto26_META_Video_V2,Video_v1,2026-07-14,55-64,Female,1192,749.0,1.59,32,17,1.47,0.56,9.52,,,
SK_ProduktLaunch26_META,SK_ProduktLaunch26_META_Stories,Stories_v1,2026-09-29,45-54,Male,2091,1472.0,1.42,77,42,2.02,0.48,20.16,1.0,20.16,Website purchases
SK_ProduktLaunch26_META,SK_ProduktLaunch26_META_Reels,Reels_v1,2026-09-24,25-34,Male,5253,2496.0,2.1,167,88,1.68,0.51,44.88,3.0,14.96,Website purchases
SK_BrandAwareness_Leto26_META,SK_BrandAwareness_Leto26_META_Carousel,Carousel_v1,2026-07-06,55-64,Female,858,451.0,1.9,18,13,1.56,0.67,8.71,,,
SK_ProduktLaunch26_META,SK_ProduktLaunch26_META_Stories,Stories_v1,2026-08-26,25-34,Female,2309,1320.0,1.75,105,46,2.01,0.44,20.24,1.0,20.24,Website purchases
SK_ProduktLaunch26_META,SK_ProduktLaunch26_META_Stories,Stories_v1,2026-10-19,55-64,Male,1611,944.0,1.71,40,22,1.37,0.32,7.04,1.0,7.04,Website purchases
SK_BrandAwareness_Leto26_META,SK_BrandAwareness_Leto26_META_Reels,Reels_v1,2026-07-04,65+,Male,1567,716.0,2.19,40,24,1.53,0.54,12.96,,,
SK_ProduktLaunch26_META,SK_ProduktLaunch26_META_Feed,Feed_v1,2026-10-07,45-54,Male,2626,1833.0,1.43,63,28,1.06,0.57,15.96,1.0,15.96,Website purchases
SK_BrandAwareness_Leto26_META,SK_BrandAwareness_Leto26_META_Reels,Reels_v1,2026-06-06,18-24,Male,2460,1571.0,1.57,84,38,1.55,0.47,17.86,,,
SK_BrandAwareness_Leto26_META,SK_BrandAwareness_Leto26_META_Video_V2,Video_v1,2026-07-09,35-44,Male,3903,2945.0,1.33,140,68,1.75,0.46,31.28,,,
SK_BrandAwareness_Leto26_META,SK_BrandAwareness_Leto26_META_Carousel,Carousel_v1,2026-07-17,35-44,Female,1273,672.0,1.89,38,22,1.69,0.48,10.56,,,
SK_ProduktLaunch26_META,SK_ProduktLaunch26_META_Reels,Reels_v1,2026-10-12,35-44,Female,3763,1883.0,2.0,100,52,1.39,0.5,26.0,2.0,13.0,Website purchases
SK_BrandAwareness_Leto26_META,SK_BrandAwareness_Leto26_META_Video,Video_v1,2026-07-05,55-64,Male,1582,733.0,2.16,29,15,0.94,0.63,9.45,,,
SK_ProduktLaunch26_META,SK_ProduktLaunch26_META_Stories,Stories_v1,2026-09-16,45-54,Female,1271,665.0,1.91,50,25,1.93,0.54,13.5,1.0,13.5,Website purchases
SK_BrandAwareness_Leto26_META,SK_BrandAwareness_Leto26_META_Carousel,Carousel_v1,2026-07-27,18-24,Female,1054,588.0,1.79,45,20,1.93,0.47,9.4,,,
SK_ProduktLaunch26_META,SK_ProduktLaunch26_META_Feed,Feed_v1,2026-09-28,25-34,Male,2181,1047.0,2.08,63,44,2.0,0.4,17.6,1.0,17.6,Website purchases
SK_ProduktLaunch26_META,SK_ProduktLaunch26_META_Feed,Feed_v1,2026-10-03,45-54,Male,2117,1270.0,1.67,59,34,1.62,0.47,15.98,1.0,15.98,Website purchases
SK_ProduktLaunch26_META,SK_ProduktLaunch26_META_Feed,Feed_v1,2026-10-06,55-64,Male,1437,1026.0,1.4,36,23,1.62,0.54,12.42,1.0,12.42,Website purchases
SK_BrandAwareness_Leto26_META,SK_BrandAwareness_Leto26_META_Reels,Reels_v1,2026-06-02,18-24,Female,2641,1880.0,1.4,97,42,1.59,0.35,14.7,,,
SK_BrandAwareness_Leto26_META,SK_BrandAwareness_Leto26_META_Carousel,Carousel_v1,2026-06-20,18-24,Male,1346,823.0,1.64,55,28,2.07,0.44,12.32,,,
SK_ProduktLaunch26_META,SK_ProduktLaunch26_META_Stories,Stories_v1,2026-09-07,35-44,Female,2206,1415.0,1.56,41,26,1.16,0.49,12.74,1.0,12.74,Website purchases
SK_BrandAwareness_Leto26_META,SK_BrandAwareness_Leto26_META_Reels,Reels_v1,2026-06-25,25-34,Male,4537,3199.0,1.42,153,71,1.57,0.46,32.66,,,
SK_BrandAwareness_Leto26_META,SK_BrandAwareness_Leto26_META_Video,Video_v1,2026-06-08,65+,Male,989,609.0,1.62,27,17,1.76,0.41,6.97,,,
SK_ProduktLaunch26_META,SK_ProduktLaunch26_META_Stories,Stories_v1,2026-09-09,25-34,Female,1432,729.0,1.96,30,20,1.43,0.58,11.6,1.0,11.6,Website purchases
SK_ProduktLaunch26_META,SK_ProduktLaunch26_META_Stories,Stories_v1,2026-08-26,25-34,Male,1875,1427.0,1.31,57,31,1.65,0.52,16.12,1.0,16.12,Website purchases
SK_BrandAwareness_Leto26_META,SK_BrandAwareness_Leto26_META_Carousel,Carousel_v1,2026-07-11,35-44,Female,1957,1066.0,1.84,53,34,1.75,0.42,14.28,,,
SK_ProduktLaunch26_META,SK_ProduktLaunch26_META_Stories,Stories_v1,2026-08-29,65+,Female,778,578.0,1.35,32,16,2.06,0.32,5.12,0.0,,Website purchases
SK_ProduktLaunch26_META,SK_ProduktLaunch26_META_Stories,Stories_v1,2026-10-05,18-24,Female,1381,830.0,1.66,46,29,2.08,0.49,14.21,1.0,14.21,Website purchases
SK_ProduktLaunch26_META,SK_ProduktLaunch26_META_Feed,Feed_v1,2026-10-23,35-44,Male,3174,2378.0,1.33,78,42,1.31,0.44,18.48,1.0,18.48,Website purchases
SK_BrandAwareness_Leto26_META,SK_BrandAwareness_Leto26_META_Carousel,Carousel_v1,2026-08-11,18-24,Female,1412,956.0,1.48,33,15,1.06,0.62,9.3,,,
SK_ProduktLaunch26_META,SK_ProduktLaunch26_META_Feed,Feed_v1,2026-08-22,18-24,Female,1635,936.0,1.75,41,19,1.18,0.5,9.5,0.0,,Website purchases
SK_BrandAwareness_Leto26_META,SK_BrandAwareness_Leto26_META_Carousel,Carousel_v1,2026-06-26,65+,Female,580,320.0,1.81,18,10,1.77,0.56,5.6,,,
SK_BrandAwareness_Leto26_META,SK_BrandAwareness_Leto26_META_Carousel,Carousel_v1,2026-08-14,45-54,Female,2119,1001.0,2.12,48,32,1.53,0.44,14.08,,,
SK_BrandAwareness_Leto26_META,SK_BrandAwareness_Leto26_META_Carousel,Carousel_v1,2026-06-05,18-24,Female,1745,868.0,2.01,44,29,1.68,0.46,13.34,,,
SK_ProduktLaunch26_META,SK_ProduktLaunch26_META_Feed,Feed_v1,2026-09-08,25-34,Male,3532,2038.0,1.73,73,44,1.24,0.47,20.68,1.0,20.68,Website purchases
SK_BrandAwareness_Leto26_META,SK_BrandAwareness_Leto26_META_Video,Video_v1,2026-06-23,25-34,Female,2067,1123.0,1.84,47,21,1.02,0.48,10.08,,,
SK_ProduktLaunch26_META,SK_ProduktLaunch26_META_Stories,Stories_v1,2026-09-25,55-64,Male,1282,710.0,1.81,45,23,1.81,0.38,8.74,1.0,8.74,Website purchases
SK_ProduktLaunch26_META,SK_ProduktLaunch26_META_Feed,Feed_v1,2026-08-16,65+,Female,656,413.0,1.59,14,8,1.15,0.47,3.76,0.0,,Website purchases
SK_BrandAwareness_Leto26_META,SK_BrandAwareness_Leto26_META_Video,Video_v1,2026-06-10,35-44,Female,1964,1389.0,1.41,38,20,1.04,0.53,10.6,,,
SK_ProduktLaunch26_META,SK_ProduktLaunch26_META_Stories,Stories_v1,2026-10-28,55-64,Female,1518,705.0,2.15,52,31,2.02,0.51,15.81,1.0,15.81,Website purchases
SK_ProduktLaunch26_META,SK_ProduktLaunch26_META_Reels,Reels_v1,2026-09-18,25-34,Female,4879,3524.0,1.38,195,88,1.79,0.37,32.56,3.0,10.85,Website purchases
SK_BrandAwareness_Leto26_META,SK_BrandAwareness_Leto26_META_Video_V2,Video_v1,2026-08-12,18-24,Male,1838,1059.0,1.74,49,31,1.67,0.42,13.02,,,
SK_ProduktLaunch26_META,SK_ProduktLaunch26_META_Stories,Stories_v1,2026-09-05,35-44,Male,2133,1364.0,1.56,48,29,1.36,0.57,16.53,1.0,16.53,Website purchases
SK_ProduktLaunch26_META,SK_ProduktLaunch26_META_Feed,Feed_v1,2026-09-06,45-54,Male,1654,956.0,1.73,74,33,2.0,0.54,17.82,1.0,17.82,Website purchases
SK_BrandAwareness_Leto26_META,SK_BrandAwareness_Leto26_META_Video_V2,Video_v1,2026-08-07,25-34,Female,3913,2135.0,1.83,125,61,1.57,0.39,23.79,,,
SK_ProduktLaunch26_META,SK_ProduktLaunch26_META_Feed,Feed_v1,2026-10-19,65+,Male,897,521.0,1.72,23,11,1.25,0.54,5.94,0.0,,Website purchases
SK_ProduktLaunch26_META,SK_ProduktLaunch26_META_Reels,Reels_v1,2026-09-21,65+,Female,1127,661.0,1.7,30,18,1.6,0.55,9.9,1.0,9.9,Website purchases
SK_BrandAwareness_Leto26_META,SK_BrandAwareness_Leto26_META_Carousel,Carousel_v1,2026-07-04,65+,Male,1256,587.0,2.14,36,20,1.61,0.58,11.6,,,
SK_ProduktLaunch26_META,SK_ProduktLaunch26_META_Feed,Feed_v1,2026-10-15,18-24,Male,2526,1388.0,1.82,43,25,1.0,0.51,12.75,1.0,12.75,Website purchases
SK_BrandAwareness_Leto26_META,SK_BrandAwareness_Leto26_META_Video_V2,Video_v1,2026-07-13,55-64,Female,1484,702.0,2.11,29,14,0.93,0.49,6.86,,,
SK_BrandAwareness_Leto26_META,SK_BrandAwareness_Leto26_META_Reels,Reels_v1,2026-07-01,45-54,Male,2213,1540.0,1.44,90,40,1.79,0.51,20.4,,,
SK_BrandAwareness_Leto26_META,SK_BrandAwareness_Leto26_META_Carousel,Carousel_v1,2026-07-30,18-24,Male,1200,690.0,1.74,32,19,1.57,0.49,9.31,,,
SK_ProduktLaunch26_META,SK_ProduktLaunch26_META_Stories,Stories_v1,2026-10-20,65+,Female,892,440.0,2.03,22,11,1.29,0.57,6.27,0.0,,Website purchases
SK_BrandAwareness_Leto26_META,SK_BrandAwareness_Leto26_META_Reels,Reels_v1,2026-08-11,18-24,Female,2375,1138.0,2.09,97,47,1.98,0.33,15.51,,,
SK_BrandAwareness_Leto26_META,SK_BrandAwareness_Leto26_META_Carousel,Carousel_v1,2026-08-01,45-54,Male,1343,663.0,2.03,30,19,1.4,0.5,9.5,,,
SK_ProduktLaunch26_META,SK_ProduktLaunch26_META_Feed,Feed_v1,2026-10-04,18-24,Male,1274,726.0,1.75,36,16,1.22,0.5,8.0,0.0,,Website purchases
SK_ProduktLaunch26_META,SK_ProduktLaunch26_META_Stories,Stories_v1,2026-10-21,35-44,Female,1734,813.0,2.13,37,21,1.2,0.43,9.03,1.0,9.03,Website purchases
SK_BrandAwareness_Leto26_META,SK_BrandAwareness_Leto26_META_Video_V2,Video_v1,2026-08-10,18-24,Female,2691,1837.0,1.46,96,48,1.79,0.45,21.6,,,
SK_BrandAwareness_Leto26_META,SK_BrandAwareness_Leto26_META_Carousel,Carousel_v1,2026-07-13,55-64,Male,1034,626.0,1.65,38,20,1.93,0.51,10.2,,,
SK_BrandAwareness_Leto26_META,SK_BrandAwareness_Leto26_META_Reels,Reels_v1,2026-06-08,65+,Male,1487,765.0,1.94,33,15,1.04,0.39,5.85,,,
SK_ProduktLaunch26_META,SK_ProduktLaunch26_META_Feed,Feed_v1,2026-08-30,65+,Male,1393,1019.0,1.37,22,15,1.08,0.47,7.05,0.0,,Website purchases
SK_BrandAwareness_Leto26_META,SK_BrandAwareness_Leto26_META_Reels,Reels_v1,2026-07-07,65+,Male,2060,994.0,2.07,46,22,1.08,0.42,9.24,,,
SK_ProduktLaunch26_META,SK_ProduktLaunch26_META_Stories,Stories_v1,2026-09-21,55-64,Female,1086,,,47,22,2.04,0.52,11.44,1.0,11.44,Website purchases
SK_BrandAwareness_Leto26_META,SK_BrandAwareness_Leto26_META_Carousel,Carousel_v1,2026-07-15,35-44,Female,1578,1117.0,1.41,51,34,2.13,0.54,18.36,,,
SK_BrandAwareness_Leto26_META,SK_BrandAwareness_Leto26_META_Video_V2,Video_v1,2026-07-21,45-54,Male,2379,1322.0,1.8,42,22,0.91,0.59,12.98,,,
SK_BrandAwareness_Leto26_META,SK_BrandAwareness_Leto26_META_Carousel,Carousel_v1,2026-07-22,55-64,Male,1682,1047.0,1.61,61,30,1.76,0.48,14.4,,,
SK_ProduktLaunch26_META,SK_ProduktLaunch26_META_Stories,Stories_v1,2026-09-12,65+,Male,571,,,14,7,1.24,0.54,3.78,0.0,,Website purchases
SK_ProduktLaunch26_META,SK_ProduktLaunch26_META_Stories,Stories_v1,2026-10-27,35-44,Male,1532,977.0,1.57,64,32,2.08,0.52,16.64,1.0,16.64,Website purchases
SK_ProduktLaunch26_META,SK_ProduktLaunch26_META_Feed,Feed_v1,2026-09-19,45-54,Female,1547,790.0,1.96,40,25,1.62,0.47,11.75,1.0,11.75,Website purchases
SK_ProduktLaunch26_META,SK_ProduktLaunch26_META_Reels,Reels_v1,2026-09-04,55-64,Male,2462,1127.0,2.18,92,52,2.1,0.51,26.52,2.0,13.26,Website purchases
SK_BrandAwareness_Leto26_META,SK_BrandAwareness_Leto26_META_Carousel,Carousel_v1,2026-08-03,18-24,Male,1205,892.0,1.35,32,23,1.87,0.61,14.03,,,
SK_ProduktLaunch26_META,SK_ProduktLaunch26_META_Stories,Stories_v1,2026-09-15,35-44,Male,2445,1288.0,1.9,100,44,1.8,0.47,20.68,1.0,20.68,Website purchases
SK_ProduktLaunch26_META,SK_ProduktLaunch26_META_Stories,Stories_v1,2026-09-24,25-34,Male,1714,818.0,2.1,72,32,1.88,0.37,11.84,1.0,11.84,Website purchases
SK_ProduktLaunch26_META,SK_ProduktLaunch26_META_Stories,Stories_v1,2026-09-19,45-54,Male,2285,1068.0,2.14,55,34,1.51,0.33,11.22,1.0,11.22,Website purchases
SK_BrandAwareness_Leto26_META,SK_BrandAwareness_Leto26_META_Carousel,Carousel_v1,2026-06-10,25-34,Male,1975,999.0,1.98,44,27,1.35,0.64,17.28,,,
SK_BrandAwareness_Leto26_META,SK_BrandAwareness_Leto26_META_Carousel,Carousel_v1,2026-08-04,25-34,Female,1800,869.0,2.07,46,32,1.78,0.69,22.08,,,
SK_ProduktLaunch26_META,SK_ProduktLaunch26_META_Feed,Feed_v1,2026-10-05,45-54,Female,2570,1307.0,1.97,91,46,1.79,0.54,24.84,1.0,24.84,Website purchases
SK_ProduktLaunch26_META,SK_ProduktLaunch26_META_Reels,Reels_v1,2026-08-30,45-54,Female,3137,2024.0,1.55,131,75,2.4,0.53,39.75,2.0,19.88,Website purchases
SK_ProduktLaunch26_META,SK_ProduktLaunch26_META_Reels,Reels_v1,2026-08-16,55-64,Female,1799,1071.0,1.68,69,38,2.12,0.46,17.48,1.0,17.48,Website purchases
SK_ProduktLaunch26_META,SK_ProduktLaunch26_META_Stories,Stories_v1,2026-09-06,55-64,Female,1464,684.0,2.14,42,25,1.71,0.39,9.75,1.0,9.75,Website purchases
SK_ProduktLaunch26_META,SK_ProduktLaunch26_META_Feed,Feed_v1,2026-09-30,65+,Male,1016,486.0,2.09,23,12,1.22,0.55,6.6,0.0,,Website purchases
SK_BrandAwareness_Leto26_META,SK_BrandAwareness_Leto26_META_Video,Video_v1,2026-06-01,25-34,Male,2336,1414.0,1.65,65,40,1.73,0.44,17.6,,,
SK_BrandAwareness_Leto26_META,SK_BrandAwareness_Leto26_META_Carousel,Carousel_v1,2026-07-11,65+,Female,853,412.0,2.07,28,14,1.68,0.43,6.02,,,
SK_ProduktLaunch26_META,SK_ProduktLaunch26_META_Feed,Feed_v1,2026-10-27,25-34,Male,1723,1146.0,1.5,40,21,1.21,0.37,7.77,1.0,7.77,Website purchases
SK_BrandAwareness_Leto26_META,SK_BrandAwareness_Leto26_META_Video,Video_v1,2026-06-25,55-64,Female,1827,996.0,1.83,54,32,1.73,0.46,14.72,,,
SK_ProduktLaunch26_META,SK_ProduktLaunch26_META_Feed,Feed_v1,2026-10-26,35-44,Male,2278,1392.0,1.64,52,34,1.5,0.39,13.26,1.0,13.26,Website purchases
SK_ProduktLaunch26_META,SK_ProduktLaunch26_META_Stories,Stories_v1,2026-10-22,25-34,Female,2239,1302.0,1.72,75,47,2.11,0.51,23.97,1.0,23.97,Website purchases
SK_BrandAwareness_Leto26_META,SK_BrandAwareness_Leto26_META_Carousel,Carousel_v1,2026-06-07,25-34,Male,2205,1021.0,2.16,61,41,1.87,0.64,26.24,,,
SK_ProduktLaunch26_META,SK_ProduktLaunch26_META_Stories,Stories_v1,2026-10-19,35-44,Male,1358,646.0,2.1,47,25,1.83,0.38,9.5,1.0,9.5,Website purchases
SK_BrandAwareness_Leto26_META,SK_BrandAwareness_Leto26_META_Video_V2,Video_v1,2026-07-17,45-54,Female,3073,1951.0,1.58,78,53,1.73,0.6,31.8,,,
SK_BrandAwareness_Leto26_META,SK_BrandAwareness_Leto26_META_Carousel,Carousel_v1,2026-08-03,25-34,Female,2111,1104.0,1.91,79,38,1.78,0.51,19.38,,,
SK_BrandAwareness_Leto26_META,SK_BrandAwareness_Leto26_META_Video_V2,Video_v1,2026-07-13,65+,Female,1580,899.0,1.76,36,16,1.02,0.53,8.48,,,
SK_ProduktLaunch26_META,SK_ProduktLaunch26_META_Stories,Stories_v1,2026-09-16,35-44,Male,2352,1509.0,1.56,69,41,1.75,0.56,22.96,1.0,22.96,Website purchases
SK_ProduktLaunch26_META,SK_ProduktLaunch26_META_Reels,Reels_v1,2026-10-04,55-64,Female,1970,1076.0,1.83,65,32,1.62,0.32,10.24,1.0,10.24,Website purchases
SK_ProduktLaunch26_META,SK_ProduktLaunch26_META_Stories,Stories_v1,2026-09-10,35-44,Male,2317,1431.0,1.62,45,28,1.2,0.37,10.36,1.0,10.36,Website purchases
SK_BrandAwareness_Leto26_META,SK_BrandAwareness_Leto26_META_Reels,Reels_v1,2026-08-09,25-34,Female,4606,3455.0,1.33,148,86,1.86,0.3,25.8,,,
SK_ProduktLaunch26_META,SK_ProduktLaunch26_META_Stories,Stories_v1,2026-09-04,45-54,Male,2105,1469.0,1.43,81,47,2.21,0.52,24.44,1.0,24.44,Website purchases
SK_BrandAwareness_Leto26_META,SK_BrandAwareness_Leto26_META_Carousel,Carousel_v1,2026-06-27,25-34,Female,2272,1292.0,1.76,98,48,2.11,0.55,26.4,,,
SK_BrandAwareness_Leto26_META,SK_BrandAwareness_Leto26_META_Video,Video_v1,2026-06-21,65+,Male,1638,863.0,1.9,24,17,1.05,0.39,6.63,,,
SK_ProduktLaunch26_META,SK_ProduktLaunch26_META_Feed,Feed_v1,2026-09-08,35-44,Female,2445,1669.0,1.46,71,42,1.73,0.45,18.9,1.0,18.9,Website purchases
SK_BrandAwareness_Leto26_META,SK_BrandAwareness_Leto26_META_Carousel,Carousel_v1,2026-08-05,18-24,Female,1238,725.0,1.71,38,21,1.72,0.52,10.92,,,
SK_BrandAwareness_Leto26_META,SK_BrandAwareness_Leto26_META_Reels,Reels_v1,2026-07-12,25-34,Female,2863,1496.0,1.91,118,52,1.83,0.35,18.2,,,
SK_BrandAwareness_Leto26_META,SK_BrandAwareness_Leto26_META_Video,Video_v1,2026-06-25,45-54,Female,1510,732.0,2.06,48,26,1.72,0.36,9.36,,,
SK_BrandAwareness_Leto26_META,SK_BrandAwareness_Leto26_META_Carousel,Carousel_v1,2026-06-16,45-54,Female,1808,1107.0,1.63,54,25,1.37,0.41,10.25,,,
SK_BrandAwareness_Leto26_META,SK_BrandAwareness_Leto26_META_Reels,Reels_v1,2026-07-18,45-54,Male,2792,1502.0,1.86,69,44,1.56,0.32,14.08,,,
SK_ProduktLaunch26_META,SK_ProduktLaunch26_META_Feed,Feed_v1,2026-09-05,55-64,Male,2271,1142.0,1.99,79,39,1.71,0.36,14.04,1.0,14.04,Website purchases
SK_ProduktLaunch26_META,SK_ProduktLaunch26_META_Feed,Feed_v1,2026-10-03,35-44,Female,2498,1138.0,2.2,85,47,1.89,0.5,23.5,1.0,23.5,Website purchases
SK_BrandAwareness_Leto26_META,SK_BrandAwareness_Leto26_META_Carousel,Carousel_v1,2026-06-02,65+,Female,1162,698.0,1.66,27,15,1.32,0.61,9.15,,,
SK_BrandAwareness_Leto26_META,SK_BrandAwareness_Leto26_META_Reels,Reels_v1,2026-08-04,55-64,Male,3146,1539.0,2.04,85,38,1.21,0.33,12.54,,,
SK_BrandAwareness_Leto26_META,SK_BrandAwareness_Leto26_META_Video_V2,Video_v1,2026-07-29,65+,Female,865,452.0,1.91,14,7,0.81,0.42,2.94,,,
SK_BrandAwareness_Leto26_META,SK_BrandAwareness_Leto26_META_Carousel,Carousel_v1,2026-07-20,35-44,Male,2357,1289.0,1.83,54,30,1.27,0.51,15.3,,,
SK_ProduktLaunch26_META,SK_ProduktLaunch26_META_Stories,Stories_v1,2026-10-06,45-54,Male,1549,924.0,1.68,41,26,1.66,0.42,10.92,1.0,10.92,Website purchases
SK_ProduktLaunch26_META,SK_ProduktLaunch26_META_Stories,Stories_v1,2026-10-28,35-44,Male,2627,1814.0,1.45,46,29,1.12,0.37,10.73,1.0,10.73,Website purchases
SK_BrandAwareness_Leto26_META,SK_BrandAwareness_Leto26_META_Carousel,Carousel_v1,2026-07-26,55-64,Female,1111,655.0,1.7,26,12,1.08,0.53,6.36,,,
SK_BrandAwareness_Leto26_META,SK_BrandAwareness_Leto26_META_Carousel,Carousel_v1,2026-06-21,55-64,Female,1469,1062.0,1.38,36,20,1.37,0.59,11.8,,,
SK_ProduktLaunch26_META,SK_ProduktLaunch26_META_Feed,Feed_v1,2026-10-13,55-64,Female,976,606.0,1.61,24,12,1.27,0.57,6.84,0.0,,Website purchases
SK_ProduktLaunch26_META,SK_ProduktLaunch26_META_Reels,Reels_v1,2026-09-29,18-24,Female,2598,1208.0,2.15,101,54,2.09,0.51,27.54,2.0,13.77,Website purchases
SK_ProduktLaunch26_META,SK_ProduktLaunch26_META_Reels,Reels_v1,2026-09-20,25-34,Male,4995,3176.0,1.57,209,102,2.03,0.43,43.86,3.0,14.62,Website purchases
SK_BrandAwareness_Leto26_META,SK_BrandAwareness_Leto26_META_Reels,Reels_v1,2026-06-27,55-64,Female,1518,1123.0,1.35,32,22,1.46,0.43,9.46,,,
SK_BrandAwareness_Leto26_META,SK_BrandAwareness_Leto26_META_Carousel,Carousel_v1,2026-06-04,18-24,Female,1274,853.0,1.49,51,23,1.81,0.46,10.58,,,
SK_ProduktLaunch26_META,SK_ProduktLaunch26_META_Reels,Reels_v1,2026-08-23,65+,Male,1203,743.0,1.62,44,27,2.27,0.34,9.18,1.0,9.18,Website purchases
SK_BrandAwareness_Leto26_META,SK_BrandAwareness_Leto26_META_Carousel,Carousel_v1,2026-06-29,25-34,Female,1311,753.0,1.74,31,16,1.25,0.45,7.2,,,
SK_BrandAwareness_Leto26_META,SK_BrandAwareness_Leto26_META_Video_V2,Video_v1,2026-08-09,35-44,Male,3536,1889.0,1.87,78,35,0.99,0.41,14.35,,,
SK_BrandAwareness_Leto26_META,SK_BrandAwareness_Leto26_META_Reels,Reels_v1,2026-06-29,35-44,Male,2344,1121.0,2.09,77,42,1.79,0.5,21.0,,,
SK_BrandAwareness_Leto26_META,SK_BrandAwareness_Leto26_META_Video,Video_v1,2026-06-20,25-34,Female,3688,2562.0,1.44,103,47,1.27,0.55,25.85,,,
SK_BrandAwareness_Leto26_META,SK_BrandAwareness_Leto26_META_Carousel,Carousel_v1,2026-08-08,35-44,Male,2742,1567.0,1.75,101,53,1.94,0.64,33.92,,,
SK_BrandAwareness_Leto26_META,SK_BrandAwareness_Leto26_META_Reels,Reels_v1,2026-06-07,45-54,Female,3148,2186.0,1.44,84,44,1.41,0.36,15.84,,,
SK_ProduktLaunch26_META,SK_ProduktLaunch26_META_Reels,Reels_v1,2026-09-24,45-54,Female,2024,1035.0,1.96,85,39,1.92,0.54,21.06,1.0,21.06,Website purchases
SK_BrandAwareness_Leto26_META,SK_BrandAwareness_Leto26_META_Video,Video_v1,2026-07-03,18-24,Male,2576,1325.0,1.94,84,43,1.66,0.59,25.37,,,
SK_ProduktLaunch26_META,SK_ProduktLaunch26_META_Reels,Reels_v1,2026-10-24,65+,Male,2056,1482.0,1.39,56,29,1.4,0.4,11.6,1.0,11.6,Website purchases
SK_ProduktLaunch26_META,SK_ProduktLaunch26_META_Stories,Stories_v1,2026-08-22,45-54,Female,2001,1409.0,1.42,85,45,2.26,0.57,25.65,1.0,25.65,Website purchases
SK_ProduktLaunch26_META,SK_ProduktLaunch26_META_Reels,Reels_v1,2026-08-26,65+,Female,1825,911.0,2.0,93,43,2.34,0.5,21.5,1.0,21.5,Website purchases
SK_BrandAwareness_Leto26_META,SK_BrandAwareness_Leto26_META_Carousel,Carousel_v1,2026-07-11,18-24,Male,1917,1248.0,1.54,50,26,1.36,0.4,10.4,,,
SK_ProduktLaunch26_META,SK_ProduktLaunch26_META_Feed,Feed_v1,2026-09-18,55-64,Male,995,596.0,1.67,28,18,1.8,0.42,7.56,0.0,,Website purchases
SK_ProduktLaunch26_META,SK_ProduktLaunch26_META_Feed,Feed_v1,2026-10-28,65+,Female,685,493.0,1.39,27,13,1.86,0.51,6.63,0.0,,Website purchases
SK_ProduktLaunch26_META,SK_ProduktLaunch26_META_Reels,Reels_v1,2026-08-24,35-44,Male,2714,1597.0,1.7,76,39,1.43,0.4,15.6,1.0,15.6,Website purchases
SK_ProduktLaunch26_META,SK_ProduktLaunch26_META_Stories,Stories_v1,2026-08-22,45-54,Male,1822,1184.0,1.54,42,27,1.46,0.32,8.64,1.0,8.64,Website purchases
SK_ProduktLaunch26_META,SK_ProduktLaunch26_META_Feed,Feed_v1,2026-08-21,35-44,Female,2977,1594.0,1.87,76,36,1.21,0.54,19.44,1.0,19.44,Website purchases
SK_BrandAwareness_Leto26_META,SK_BrandAwareness_Leto26_META_Reels,Reels_v1,2026-07-02,25-34,Female,3345,1731.0,1.93,92,59,1.75,0.43,25.37,,,
SK_ProduktLaunch26_META,SK_ProduktLaunch26_META_Feed,Feed_v1,2026-10-10,45-54,Male,1954,1016.0,1.92,55,35,1.78,0.54,18.9,1.0,18.9,Website purchases
SK_ProduktLaunch26_META,SK_ProduktLaunch26_META_Reels,Reels_v1,2026-08-22,25-34,Male,2635,1208.0,2.18,90,56,2.12,0.32,17.92,2.0,8.96,Website purchases
SK_ProduktLaunch26_META,SK_ProduktLaunch26_META_Reels,Reels_v1,2026-10-12,25-34,Female,2940,1630.0,1.8,108,70,2.37,0.51,35.7,2.0,17.85,Website purchases
SK_BrandAwareness_Leto26_META,SK_BrandAwareness_Leto26_META_Carousel,Carousel_v1,2026-06-05,65+,Female,646,378.0,1.71,30,13,2.06,0.63,8.19,,,
SK_ProduktLaunch26_META,SK_ProduktLaunch26_META_Stories,Stories_v1,2026-08-28,25-34,Male,2278,1070.0,2.13,56,29,1.29,0.46,13.34,1.0,13.34,Website purchases
SK_ProduktLaunch26_META,SK_ProduktLaunch26_META_Feed,Feed_v1,2026-09-26,25-34,Male,1962,955.0,2.05,51,30,1.5,0.5,15.0,1.0,15.0,Website purchases
SK_BrandAwareness_Leto26_META,SK_BrandAwareness_Leto26_META_Carousel,Carousel_v1,2026-08-07,18-24,Female,1777,1353.0,1.31,51,26,1.45,0.44,11.44,,,
SK_ProduktLaunch26_META,SK_ProduktLaunch26_META_Reels,Reels_v1,2026-09-02,55-64,Female,2849,2114.0,1.35,70,44,1.54,0.52,22.88,1.0,22.88,Website purchases
SK_BrandAwareness_Leto26_META,SK_BrandAwareness_Leto26_META_Carousel,Carousel_v1,2026-07-29,35-44,Female,2300,1426.0,1.61,62,31,1.37,0.48,14.88,,,
SK_BrandAwareness_Leto26_META,SK_BrandAwareness_Leto26_META_Video_V2,Video_v1,2026-07-09,25-34,Female,1996,968.0,2.06,51,30,1.53,0.48,14.4,,,
SK_BrandAwareness_Leto26_META,SK_BrandAwareness_Leto26_META_Carousel,Carousel_v1,2026-07-30,55-64,Female,845,461.0,1.83,41,18,2.17,0.43,7.74,,,
SK_BrandAwareness_Leto26_META,SK_BrandAwareness_Leto26_META_Reels,Reels_v1,2026-08-09,18-24,Male,2848,1422.0,2.0,56,32,1.12,0.34,10.88,,,
SK_ProduktLaunch26_META,SK_ProduktLaunch26_META_Reels,Reels_v1,2026-08-20,18-24,Female,2204,1033.0,2.13,60,32,1.46,0.31,9.92,1.0,9.92,Website purchases
SK_ProduktLaunch26_META,SK_ProduktLaunch26_META_Reels,Reels_v1,2026-09-09,18-24,Male,2327,1103.0,2.11,73,36,1.57,0.32,11.52,1.0,11.52,Website purchases
SK_ProduktLaunch26_META,SK_ProduktLaunch26_META_Reels,Reels_v1,2026-09-15,18-24,Female,3288,2203.0,1.49,158,77,2.34,0.53,40.81,2.0,20.41,Website purchases
SK_ProduktLaunch26_META,SK_ProduktLaunch26_META_Feed,Feed_v1,2026-10-15,65+,Male,830,432.0,1.92,20,10,1.17,0.37,3.7,0.0,,Website purchases
SK_ProduktLaunch26_META,SK_ProduktLaunch26_META_Feed,Feed_v1,2026-09-24,18-24,Male,2722,1362.0,2.0,85,48,1.75,0.37,17.76,1.0,17.76,Website purchases
SK_ProduktLaunch26_META,SK_ProduktLaunch26_META_Reels,Reels_v1,2026-10-11,35-44,Male,2843,2021.0,1.41,62,37,1.32,0.41,15.17,1.0,15.17,Website purchases
SK_ProduktLaunch26_META,SK_ProduktLaunch26_META_Stories,Stories_v1,2026-09-03,65+,Female,534,298.0,1.79,17,10,1.85,0.47,4.7,0.0,,Website purchases
SK_ProduktLaunch26_META,SK_ProduktLaunch26_META_Reels,Reels_v1,2026-09-11,45-54,Female,2684,1695.0,1.58,90,48,1.79,0.48,23.04,1.0,23.04,Website purchases
SK_ProduktLaunch26_META,SK_ProduktLaunch26_META_Reels,Reels_v1,2026-09-13,45-54,Female,3235,1662.0,1.95,70,44,1.37,0.44,19.36,1.0,19.36,Website purchases
SK_BrandAwareness_Leto26_META,SK_BrandAwareness_Leto26_META_Reels,Reels_v1,2026-07-18,25-34,Male,5068,3294.0,1.54,115,71,1.4,0.43,30.53,,,
SK_ProduktLaunch26_META,SK_ProduktLaunch26_META_Feed,Feed_v1,2026-09-01,25-34,Female,3534,1777.0,1.99,100,57,1.62,0.38,21.66,1.0,21.66,Website purchases
SK_ProduktLaunch26_META,SK_ProduktLaunch26_META_Feed,Feed_v1,2026-10-04,25-34,Female,3130,2053.0,1.52,73,39,1.24,0.5,19.5,1.0,19.5,Website purchases
SK_ProduktLaunch26_META,SK_ProduktLaunch26_META_Feed,Feed_v1,2026-08-20,25-34,Male,3042,1739.0,1.75,77,54,1.79,0.35,18.9,1.0,18.9,Website purchases
SK_ProduktLaunch26_META,SK_ProduktLaunch26_META_Feed,Feed_v1,2026-09-29,25-34,Male,3048,1937.0,1.57,79,47,1.55,0.52,24.44,1.0,24.44,Website purchases
SK_BrandAwareness_Leto26_META,SK_BrandAwareness_Leto26_META_Carousel,Carousel_v1,2026-06-02,35-44,Female,1248,869.0,1.44,34,20,1.63,0.58,11.6,,,
SK_BrandAwareness_Leto26_META,SK_BrandAwareness_Leto26_META_Reels,Reels_v1,2026-07-31,65+,Male,1113,,,21,15,1.33,0.45,6.75,,,
SK_ProduktLaunch26_META,SK_ProduktLaunch26_META_Reels,Reels_v1,2026-09-23,35-44,Male,3749,1959.0,1.91,144,66,1.76,0.42,27.72,2.0,13.86,Website purchases
SK_ProduktLaunch26_META,SK_ProduktLaunch26_META_Feed,Feed_v1,2026-09-07,25-34,Female,2158,1137.0,1.9,41,23,1.06,0.49,11.27,1.0,11.27,Website purchases
SK_BrandAwareness_Leto26_META,SK_BrandAwareness_Leto26_META_Carousel,Carousel_v1,2026-07-03,25-34,Male,1986,936.0,2.12,48,27,1.34,0.67,18.09,,,
SK_ProduktLaunch26_META,SK_ProduktLaunch26_META_Feed,Feed_v1,2026-09-05,45-54,Female,1939,934.0,2.08,71,32,1.65,0.5,16.0,1.0,16.0,Website purchases
SK_ProduktLaunch26_META,SK_ProduktLaunch26_META_Feed,Feed_v1,2026-09-01,55-64,Male,1079,742.0,1.45,24,13,1.23,0.57,7.41,0.0,,Website purchases
SK_ProduktLaunch26_META,SK_ProduktLaunch26_META_Feed,Feed_v1,2026-10-23,55-64,Female,1593,750.0,2.12,49,23,1.43,0.41,9.43,1.0,9.43,Website purchases
SK_BrandAwareness_Leto26_META,SK_BrandAwareness_Leto26_META_Carousel,Carousel_v1,2026-06-27,55-64,Male,852,424.0,2.01,34,18,2.1,0.46,8.28,,,
SK_ProduktLaunch26_META,SK_ProduktLaunch26_META_Reels,Reels_v1,2026-09-07,25-34,Female,4320,2608.0,1.66,125,62,1.44,0.3,18.6,2.0,9.3,Website purchases
SK_ProduktLaunch26_META,SK_ProduktLaunch26_META_Feed,Feed_v1,2026-10-09,45-54,Female,2427,1141.0,2.13,76,34,1.42,0.49,16.66,1.0,16.66,Website purchases
SK_ProduktLaunch26_META,SK_ProduktLaunch26_META_Reels,Reels_v1,2026-09-25,55-64,Male,2993,1966.0,1.52,64,39,1.32,0.42,16.38,1.0,16.38,Website purchases
SK_BrandAwareness_Leto26_META,SK_BrandAwareness_Leto26_META_Video,Video_v1,2026-06-20,65+,Female,872,478.0,1.82,13,9,0.98,0.62,5.58,,,
SK_BrandAwareness_Leto26_META,SK_BrandAwareness_Leto26_META_Video_V2,Video_v1,2026-07-17,25-34,Male,3671,1980.0,1.85,91,61,1.66,0.48,29.28,,,
SK_BrandAwareness_Leto26_META,SK_BrandAwareness_Leto26_META_Reels,Reels_v1,2026-08-10,35-44,Female,3179,2166.0,1.47,89,48,1.51,0.41,19.68,,,
SK_BrandAwareness_Leto26_META,SK_BrandAwareness_Leto26_META_Reels,Reels_v1,2026-06-13,18-24,Male,1922,1178.0,1.63,38,20,1.02,0.51,10.2,,,
SK_ProduktLaunch26_META,SK_ProduktLaunch26_META_Feed,Feed_v1,2026-09-26,65+,Male,1363,1048.0,1.3,56,26,1.93,0.52,13.52,1.0,13.52,Website purchases
SK_BrandAwareness_Leto26_META,SK_BrandAwareness_Leto26_META_Carousel,Carousel_v1,2026-07-07,18-24,Male,1524,914.0,1.67,39,27,1.8,0.63,17.01,,,
SK_BrandAwareness_Leto26_META,SK_BrandAwareness_Leto26_META_Reels,Reels_v1,2026-08-14,25-34,Male,4675,2430.0,1.92,62,44,0.93,0.49,21.56,,,
SK_BrandAwareness_Leto26_META,SK_BrandAwareness_Leto26_META_Reels,Reels_v1,2026-06-19,55-64,Female,1752,1266.0,1.38,62,32,1.83,0.39,12.48,,,
SK_ProduktLaunch26_META,SK_ProduktLaunch26_META_Stories,Stories_v1,2026-10-18,18-24,Female,1044,490.0,2.13,27,19,1.85,0.55,10.45,1.0,10.45,Website purchases
SK_ProduktLaunch26_META,SK_ProduktLaunch26_META_Reels,Reels_v1,2026-09-11,45-54,Male,2191,1009.0,2.17,60,35,1.6,0.51,17.85,1.0,17.85,Website purchases
SK_ProduktLaunch26_META,SK_ProduktLaunch26_META_Feed,Feed_v1,2026-08-23,18-24,Male,2680,1292.0,2.07,66,33,1.24,0.56,18.48,1.0,18.48,Website purchases
SK_ProduktLaunch26_META,SK_ProduktLaunch26_META_Feed,Feed_v1,2026-09-07,55-64,Male,2279,1275.0,1.79,53,30,1.33,0.58,17.4,1.0,17.4,Website purchases
SK_ProduktLaunch26_META,SK_ProduktLaunch26_META_Stories,Stories_v1,2026-09-16,25-34,Male,1991,1047.0,1.9,60,37,1.88,0.41,15.17,1.0,15.17,Website purchases
SK_ProduktLaunch26_META,SK_ProduktLaunch26_META_Reels,Reels_v1,2026-09-17,18-24,Female,2491,1466.0,1.7,91,40,1.61,0.47,18.8,1.0,18.8,Website purchases
SK_ProduktLaunch26_META,SK_ProduktLaunch26_META_Stories,Stories_v1,2026-09-02,55-64,Female,1283,724.0,1.77,32,21,1.64,0.56,11.76,1.0,11.76,Website purchases
SK_ProduktLaunch26_META,SK_ProduktLaunch26_META_Feed,Feed_v1,2026-10-10,55-64,Male,1146,735.0,1.56,28,17,1.5,0.58,9.86,0.0,,Website purchases
SK_BrandAwareness_Leto26_META,SK_BrandAwareness_Leto26_META_Reels,Reels_v1,2026-07-31,35-44,Female,2377,1347.0,1.76,71,41,1.73,0.42,17.22,,,
SK_ProduktLaunch26_META,SK_ProduktLaunch26_META_Reels,Reels_v1,2026-10-03,25-34,Male,5450,2894.0,1.88,217,129,2.37,0.39,50.31,4.0,12.58,Website purchases
SK_BrandAwareness_Leto26_META,SK_BrandAwareness_Leto26_META_Video,Video_v1,2026-06-04,55-64,Male,1852,1022.0,1.81,54,30,1.62,0.5,15.0,,,
SK_ProduktLaunch26_META,SK_ProduktLaunch26_META_Stories,Stories_v1,2026-10-26,65+,Female,742,360.0,2.06,34,16,2.12,0.45,7.2,0.0,,Website purchases
SK_BrandAwareness_Leto26_META,SK_BrandAwareness_Leto26_META_Carousel,Carousel_v1,2026-07-19,55-64,Female,1384,789.0,1.75,32,22,1.62,0.56,12.32,,,
SK_ProduktLaunch26_META,SK_ProduktLaunch26_META_Feed,Feed_v1,2026-10-26,25-34,Male,2817,1737.0,1.62,68,38,1.36,0.46,17.48,1.0,17.48,Website purchases
SK_BrandAwareness_Leto26_META,SK_BrandAwareness_Leto26_META_Carousel,Carousel_v1,2026-07-06,65+,Female,1107,518.0,2.14,44,21,1.89,0.67,14.07,,,
SK_ProduktLaunch26_META,SK_ProduktLaunch26_META_Stories,Stories_v1,2026-10-18,65+,Male,1159,660.0,1.76,23,15,1.34,0.34,5.1,0.0,,Website purchases
SK_ProduktLaunch26_META,SK_ProduktLaunch26_META_Reels,Reels_v1,2026-09-15,55-64,Male,2263,1078.0,2.1,64,35,1.54,0.36,12.6,1.0,12.6,Website purchases
SK_BrandAwareness_Leto26_META,SK_BrandAwareness_Leto26_META_Video_V2,Video_v1,2026-07-22,25-34,Male,4099,2473.0,1.66,53,37,0.9,0.39,14.43,,,
SK_BrandAwareness_Leto26_META,SK_BrandAwareness_Leto26_META_Video,Video_v1,2026-06-10,65+,Male,1602,769.0,2.08,35,16,0.99,0.51,8.16,,,
SK_ProduktLaunch26_META,SK_ProduktLaunch26_META_Reels,Reels_v1,2026-08-23,35-44,Male,3052,2114.0,1.44,78,42,1.36,0.49,20.58,1.0,20.58,Website purchases
SK_ProduktLaunch26_META,SK_ProduktLaunch26_META_Stories,Stories_v1,2026-09-15,45-54,Female,1705,901.0,1.89,74,35,2.08,0.41,14.35,1.0,14.35,Website purchases
SK_BrandAwareness_Leto26_META,SK_BrandAwareness_Leto26_META_Carousel,Carousel_v1,2026-06-08,55-64,Female,1067,504.0,2.12,31,19,1.78,0.55,10.45,,,
SK_BrandAwareness_Leto26_META,SK_BrandAwareness_Leto26_META_Reels,Reels_v1,2026-07-01,45-54,Female,2035,1090.0,1.87,59,39,1.92,0.54,21.06,,,
SK_BrandAwareness_Leto26_META,SK_BrandAwareness_Leto26_META_Reels,Reels_v1,2026-08-09,55-64,Male,3135,1699.0,1.85,74,41,1.29,0.37,15.17,,,
SK_ProduktLaunch26_META,SK_ProduktLaunch26_META_Feed,Feed_v1,2026-10-06,55-64,Female,1503,809.0,1.86,48,29,1.91,0.4,11.6,1.0,11.6,Website purchases
SK_BrandAwareness_Leto26_META,SK_BrandAwareness_Leto26_META_Carousel,Carousel_v1,2026-07-24,18-24,Female,1928,923.0,2.09,48,24,1.27,0.47,11.28,,,
SK_BrandAwareness_Leto26_META,SK_BrandAwareness_Leto26_META_Carousel,Carousel_v1,2026-06-02,45-54,Male,1184,651.0,1.82,48,22,1.9,0.58,12.76,,,
SK_BrandAwareness_Leto26_META,SK_BrandAwareness_Leto26_META_Video_V2,Video_v1,2026-07-07,25-34,Female,3467,1987.0,1.74,68,35,1.01,0.37,12.95,,,
SK_BrandAwareness_Leto26_META,SK_BrandAwareness_Leto26_META_Reels,Reels_v1,2026-07-27,55-64,Female,1660,894.0,1.86,45,21,1.26,0.47,9.87,,,
SK_BrandAwareness_Leto26_META,SK_BrandAwareness_Leto26_META_Carousel,Carousel_v1,2026-07-01,55-64,Female,1750,801.0,2.18,36,19,1.07,0.57,10.83,,,
SK_BrandAwareness_Leto26_META,SK_BrandAwareness_Leto26_META_Reels,Reels_v1,2026-08-01,55-64,Male,2349,1275.0,1.84,76,37,1.56,0.53,19.61,,,
SK_ProduktLaunch26_META,SK_ProduktLaunch26_META_Stories,Stories_v1,2026-10-14,65+,Male,825,457.0,1.81,22,12,1.49,0.57,6.84,0.0,,Website purchases
SK_ProduktLaunch26_META,SK_ProduktLaunch26_META_Stories,Stories_v1,2026-09-08,65+,Female,632,300.0,2.11,16,9,1.48,0.58,5.22,0.0,,Website purchases
SK_BrandAwareness_Leto26_META,SK_BrandAwareness_Leto26_META_Reels,Reels_v1,2026-06-09,45-54,Female,2520,1414.0,1.78,88,47,1.87,0.41,19.27,,,
SK_ProduktLaunch26_META,SK_ProduktLaunch26_META_Feed,Feed_v1,2026-09-15,25-34,Female,3455,1914.0,1.81,62,39,1.14,0.52,20.28,1.0,20.28,Website purchases
SK_BrandAwareness_Leto26_META,SK_BrandAwareness_Leto26_META_Reels,Reels_v1,2026-06-26,35-44,Male,2326,1273.0,1.83,71,39,1.66,0.53,20.67,,,
SK_BrandAwareness_Leto26_META,SK_BrandAwareness_Leto26_META_Video,Video_v1,2026-06-09,18-24,Male,1572,989.0,1.59,46,23,1.44,0.59,13.57,,,
SK_ProduktLaunch26_META,SK_ProduktLaunch26_META_Feed,Feed_v1,2026-08-18,25-34,Female,2578,1262.0,2.04,73,41,1.58,0.52,21.32,1.0,21.32,Website purchases
SK_ProduktLaunch26_META,SK_ProduktLaunch26_META_Reels,Reels_v1,2026-10-15,25-34,Male,2884,1726.0,1.67,114,58,2.02,0.32,18.56,2.0,9.28,Website purchases
SK_BrandAwareness_Leto26_META,SK_BrandAwareness_Leto26_META_Reels,Reels_v1,2026-08-11,65+,Male,1622,870.0,1.86,42,20,1.24,0.31,6.2,,,
SK_BrandAwareness_Leto26_META,SK_BrandAwareness_Leto26_META_Video,Video_v1,2026-06-14,35-44,Male,3323,2429.0,1.37,84,38,1.16,0.57,21.66,,,
SK_ProduktLaunch26_META,SK_ProduktLaunch26_META_Feed,Feed_v1,2026-09-20,45-54,Female,2134,1181.0,1.81,44,22,1.05,0.52,11.44,1.0,11.44,Website purchases
SK_ProduktLaunch26_META,SK_ProduktLaunch26_META_Stories,Stories_v1,2026-09-12,18-24,Male,1544,855.0,1.81,46,27,1.77,0.33,8.91,1.0,8.91,Website purchases
SK_ProduktLaunch26_META,SK_ProduktLaunch26_META_Feed,Feed_v1,2026-08-30,55-64,Female,1591,1061.0,1.5,49,29,1.81,0.41,11.89,1.0,11.89,Website purchases
SK_BrandAwareness_Leto26_META,SK_BrandAwareness_Leto26_META_Carousel,Carousel_v1,2026-07-27,65+,Female,779,570.0,1.37,18,9,1.14,0.48,4.32,,,
SK_BrandAwareness_Leto26_META,SK_BrandAwareness_Leto26_META_Reels,Reels_v1,2026-06-23,45-54,Male,3784,2141.0,1.77,121,58,1.54,0.45,26.1,,,
SK_BrandAwareness_Leto26_META,SK_BrandAwareness_Leto26_META_Carousel,Carousel_v1,2026-07-17,65+,Male,698,511.0,1.37,18,9,1.25,0.69,6.21,,,
SK_ProduktLaunch26_META,SK_ProduktLaunch26_META_Reels,Reels_v1,2026-08-29,35-44,Male,3356,2502.0,1.34,117,83,2.47,0.41,34.03,2.0,17.02,Website purchases
SK_BrandAwareness_Leto26_META,SK_BrandAwareness_Leto26_META_Reels,Reels_v1,2026-06-04,55-64,Male,1743,1026.0,1.7,48,21,1.18,0.42,8.82,,,
SK_ProduktLaunch26_META,SK_ProduktLaunch26_META_Feed,Feed_v1,2026-09-08,45-54,Female,2382,1803.0,1.32,67,29,1.24,0.59,17.11,1.0,17.11,Website purchases
SK_ProduktLaunch26_META,SK_ProduktLaunch26_META_Reels,Reels_v1,2026-10-12,45-54,Female,1906,1180.0,1.62,63,31,1.64,0.47,14.57,1.0,14.57,Website purchases
SK_ProduktLaunch26_META,SK_ProduktLaunch26_META_Reels,Reels_v1,2026-09-07,35-44,Male,2272,1231.0,1.85,42,28,1.24,0.3,8.4,1.0,8.4,Website purchases
SK_BrandAwareness_Leto26_META,SK_BrandAwareness_Leto26_META_Reels,Reels_v1,2026-07-12,35-44,Male,3848,2423.0,1.59,122,74,1.93,0.55,40.7,,,
SK_BrandAwareness_Leto26_META,SK_BrandAwareness_Leto26_META_Carousel,Carousel_v1,2026-06-27,35-44,Female,2135,1070.0,2.0,52,25,1.17,0.5,12.5,,,
SK_ProduktLaunch26_META,SK_ProduktLaunch26_META_Stories,Stories_v1,2026-09-03,35-44,Female,1479,935.0,1.58,65,33,2.26,0.43,14.19,1.0,14.19,Website purchases
SK_ProduktLaunch26_META,SK_ProduktLaunch26_META_Feed,Feed_v1,2026-09-03,65+,Male,741,367.0,2.02,27,14,1.93,0.59,8.26,0.0,,Website purchases
SK_BrandAwareness_Leto26_META,SK_BrandAwareness_Leto26_META_Video_V2,Video_v1,2026-08-05,18-24,Female,2527,1311.0,1.93,55,31,1.24,0.36,11.16,,,
SK_BrandAwareness_Leto26_META,SK_BrandAwareness_Leto26_META_Reels,Reels_v1,2026-08-01,18-24,Female,2273,1322.0,1.72,54,28,1.22,0.53,14.84,,,
SK_ProduktLaunch26_META,SK_ProduktLaunch26_META_Feed,Feed_v1,2026-10-07,25-34,Female,3206,2192.0,1.46,89,40,1.25,0.59,23.6,1.0,23.6,Website purchases
SK_BrandAwareness_Leto26_META,SK_BrandAwareness_Leto26_META_Reels,Reels_v1,2026-07-02,55-64,Male,1448,1064.0,1.36,29,14,0.99,0.55,7.7,,,
SK_BrandAwareness_Leto26_META,SK_BrandAwareness_Leto26_META_Carousel,Carousel_v1,2026-08-14,35-44,Female,1538,1089.0,1.41,35,16,1.05,0.48,7.68,,,
SK_ProduktLaunch26_META,SK_ProduktLaunch26_META_Feed,Feed_v1,2026-09-29,18-24,Male,2307,1462.0,1.58,70,36,1.57,0.43,15.48,1.0,15.48,Website purchases
SK_ProduktLaunch26_META,SK_ProduktLaunch26_META_Stories,Stories_v1,2026-08-21,18-24,Male,2032,942.0,2.16,44,23,1.14,0.41,9.43,1.0,9.43,Website purchases
SK_BrandAwareness_Leto26_META,SK_BrandAwareness_Leto26_META_Video,Video_v1,2026-06-23,45-54,Female,2482,1144.0,2.17,46,21,0.85,0.4,8.4,,,
SK_BrandAwareness_Leto26_META,SK_BrandAwareness_Leto26_META_Carousel,Carousel_v1,2026-06-25,45-54,Male,1148,584.0,1.97,52,23,2.04,0.54,12.42,,,
SK_ProduktLaunch26_META,SK_ProduktLaunch26_META_Reels,Reels_v1,2026-09-15,25-34,Male,3420,1694.0,2.02,74,48,1.41,0.43,20.64,1.0,20.64,Website purchases
SK_ProduktLaunch26_META,SK_ProduktLaunch26_META_Stories,Stories_v1,2026-10-15,18-24,Female,1543,1146.0,1.35,45,23,1.52,0.53,12.19,1.0,12.19,Website purchases
SK_ProduktLaunch26_META,SK_ProduktLaunch26_META_Stories,Stories_v1,2026-09-18,65+,Male,655,411.0,1.59,24,11,1.7,0.52,5.72,0.0,,Website purchases
SK_ProduktLaunch26_META,SK_ProduktLaunch26_META_Reels,Reels_v1,2026-08-20,25-34,Female,2614,1244.0,2.1,138,63,2.39,0.35,22.05,2.0,11.03,Website purchases
SK_BrandAwareness_Leto26_META,SK_BrandAwareness_Leto26_META_Reels,Reels_v1,2026-06-01,18-24,Male,2514,1855.0,1.36,94,41,1.65,0.33,13.53,,,
SK_BrandAwareness_Leto26_META,SK_BrandAwareness_Leto26_META_Reels,Reels_v1,2026-08-14,65+,Female,1072,492.0,2.18,44,21,1.96,0.45,9.45,,,
SK_ProduktLaunch26_META,SK_ProduktLaunch26_META_Reels,Reels_v1,2026-08-19,65+,Male,1500,769.0,1.95,53,36,2.39,0.53,19.08,1.0,19.08,Website purchases
SK_ProduktLaunch26_META,SK_ProduktLaunch26_META_Reels,Reels_v1,2026-09-20,18-24,Male,2316,1080.0,2.14,66,30,1.32,0.47,14.1,1.0,14.1,Website purchases
SK_BrandAwareness_Leto26_META,SK_BrandAwareness_Leto26_META_Carousel,Carousel_v1,2026-07-15,18-24,Female,1050,505.0,2.08,46,22,2.09,0.44,9.68,,,
SK_BrandAwareness_Leto26_META,SK_BrandAwareness_Leto26_META_Video_V2,Video_v1,2026-08-09,45-54,Male,2217,1011.0,2.19,41,22,0.99,0.59,12.98,,,
SK_ProduktLaunch26_META,SK_ProduktLaunch26_META_Feed,Feed_v1,2026-08-25,18-24,Female,1672,996.0,1.68,62,29,1.71,0.47,13.63,1.0,13.63,Website purchases
SK_BrandAwareness_Leto26_META,SK_BrandAwareness_Leto26_META_Video_V2,Video_v1,2026-07-20,25-34,Male,4690,2260.0,2.08,149,74,1.58,0.6,44.4,,,
SK_ProduktLaunch26_META,SK_ProduktLaunch26_META_Stories,Stories_v1,2026-09-16,55-64,Male,1524,819.0,1.86,37,19,1.26,0.38,7.22,1.0,7.22,Website purchases
SK_ProduktLaunch26_META,SK_ProduktLaunch26_META_Stories,Stories_v1,2026-10-09,55-64,Male,1730,1174.0,1.47,53,27,1.59,0.53,14.31,1.0,14.31,Website purchases
SK_BrandAwareness_Leto26_META,SK_BrandAwareness_Leto26_META_Reels,Reels_v1,2026-06-11,45-54,Female,2255,1374.0,1.64,50,30,1.32,0.53,15.9,,,
SK_BrandAwareness_Leto26_META,SK_BrandAwareness_Leto26_META_Video,Video_v1,2026-06-05,65+,Female,998,563.0,1.77,23,15,1.48,0.53,7.95,,,
SK_BrandAwareness_Leto26_META,SK_BrandAwareness_Leto26_META_Video_V2,Video_v1,2026-07-21,55-64,Male,2605,,,49,25,0.95,0.51,12.75,,,
SK_ProduktLaunch26_META,SK_ProduktLaunch26_META_Reels,Reels_v1,2026-09-20,55-64,Male,1428,748.0,1.91,58,33,2.31,0.47,15.51,1.0,15.51,Website purchases
SK_BrandAwareness_Leto26_META,SK_BrandAwareness_Leto26_META_Reels,Reels_v1,2026-06-01,65+,Female,1024,481.0,2.13,36,16,1.6,0.5,8.0,,,
SK_ProduktLaunch26_META,SK_ProduktLaunch26_META_Feed,Feed_v1,2026-09-05,45-54,Male,1760,1005.0,1.75,55,31,1.76,0.46,14.26,1.0,14.26,Website purchases
SK_ProduktLaunch26_META,SK_ProduktLaunch26_META_Stories,Stories_v1,2026-08-24,65+,Male,1205,628.0,1.92,40,19,1.62,0.53,10.07,1.0,10.07,Website purchases
SK_BrandAwareness_Leto26_META,SK_BrandAwareness_Leto26_META_Video_V2,Video_v1,2026-07-13,18-24,Male,1994,1372.0,1.45,42,24,1.19,0.57,13.68,,,
SK_ProduktLaunch26_META,SK_ProduktLaunch26_META_Feed,Feed_v1,2026-09-19,55-64,Female,1173,573.0,2.05,31,18,1.53,0.55,9.9,0.0,,Website purchases
SK_ProduktLaunch26_META,SK_ProduktLaunch26_META_Feed,Feed_v1,2026-09-17,65+,Male,690,374.0,1.84,16,11,1.6,0.58,6.38,0.0,,Website purchases
SK_BrandAwareness_Leto26_META,SK_BrandAwareness_Leto26_META_Carousel,Carousel_v1,2026-06-11,45-54,Male,1746,1165.0,1.5,38,23,1.29,0.44,10.12,,,
SK_BrandAwareness_Leto26_META,SK_BrandAwareness_Leto26_META_Reels,Reels_v1,2026-07-13,18-24,Female,1998,931.0,2.15,66,30,1.48,0.47,14.1,,,
SK_ProduktLaunch26_META,SK_ProduktLaunch26_META_Reels,Reels_v1,2026-09-28,65+,Male,1768,899.0,1.97,53,31,1.73,0.41,12.71,1.0,12.71,Website purchases
SK_ProduktLaunch26_META,SK_ProduktLaunch26_META_Reels,Reels_v1,2026-09-30,65+,Female,1330,706.0,1.88,39,26,1.94,0.53,13.78,1.0,13.78,Website purchases
SK_ProduktLaunch26_META,SK_ProduktLaunch26_META_Reels,Reels_v1,2026-09-05,25-34,Male,3437,1702.0,2.02,101,52,1.52,0.34,17.68,2.0,8.84,Website purchases
SK_BrandAwareness_Leto26_META,SK_BrandAwareness_Leto26_META_Video,Video_v1,2026-06-23,18-24,Female,1949,1240.0,1.57,75,34,1.73,0.56,19.04,,,
SK_ProduktLaunch26_META,SK_ProduktLaunch26_META_Reels,Reels_v1,2026-10-01,55-64,Female,1649,786.0,2.1,51,29,1.76,0.52,15.08,1.0,15.08,Website purchases
SK_BrandAwareness_Leto26_META,SK_BrandAwareness_Leto26_META_Carousel,Carousel_v1,2026-06-05,35-44,Female,1333,1015.0,1.31,61,27,2.05,0.59,15.93,,,
SK_ProduktLaunch26_META,SK_ProduktLaunch26_META_Stories,Stories_v1,2026-09-23,18-24,Female,1415,879.0,1.61,42,20,1.4,0.49,9.8,1.0,9.8,Website purchases
SK_BrandAwareness_Leto26_META,SK_BrandAwareness_Leto26_META_Reels,Reels_v1,2026-08-08,65+,Male,2037,1362.0,1.5,42,21,1.04,0.42,8.82,,,
SK_ProduktLaunch26_META,SK_ProduktLaunch26_META_Stories,Stories_v1,2026-09-13,55-64,Female,1344,843.0,1.59,40,22,1.67,0.44,9.68,1.0,9.68,Website purchases
SK_BrandAwareness_Leto26_META,SK_BrandAwareness_Leto26_META_Reels,Reels_v1,2026-07-04,65+,Female,1051,565.0,1.86,28,16,1.53,0.41,6.56,,,
SK_BrandAwareness_Leto26_META,SK_BrandAwareness_Leto26_META_Video_V2,Video_v1,2026-07-27,45-54,Male,1827,863.0,2.12,54,28,1.52,0.38,10.64,,,
SK_ProduktLaunch26_META,SK_ProduktLaunch26_META_Feed,Feed_v1,2026-09-09,25-34,Male,1779,1247.0,1.43,38,20,1.11,0.38,7.6,0.0,,Website purchases
SK_ProduktLaunch26_META,SK_ProduktLaunch26_META_Stories,Stories_v1,2026-09-13,25-34,Male,2982,1395.0,2.14,99,44,1.47,0.55,24.2,1.0,24.2,Website purchases
SK_ProduktLaunch26_META,SK_ProduktLaunch26_META_Reels,Reels_v1,2026-09-30,65+,Male,1172,652.0,1.8,33,16,1.37,0.32,5.12,0.0,,Website purchases
SK_BrandAwareness_Leto26_META,SK_BrandAwareness_Leto26_META_Reels,Reels_v1,2026-07-14,45-54,Male,2411,1480.0,1.63,44,24,0.98,0.39,9.36,,,
SK_ProduktLaunch26_META,SK_ProduktLaunch26_META_Reels,Reels_v1,2026-10-07,65+,Female,1019,547.0,1.86,30,17,1.7,0.52,8.84,1.0,8.84,Website purchases
SK_BrandAwareness_Leto26_META,SK_BrandAwareness_Leto26_META_Carousel,Carousel_v1,2026-08-09,45-54,Female,1698,937.0,1.81,45,25,1.49,0.54,13.5,,,
SK_ProduktLaunch26_META,SK_ProduktLaunch26_META_Feed,Feed_v1,2026-08-23,65+,Female,746,458.0,1.63,21,13,1.73,0.37,4.81,0.0,,Website purchases
SK_ProduktLaunch26_META,SK_ProduktLaunch26_META_Stories,Stories_v1,2026-09-29,55-64,Male,1648,764.0,2.16,50,27,1.62,0.48,12.96,1.0,12.96,Website purchases
SK_BrandAwareness_Leto26_META,SK_BrandAwareness_Leto26_META_Video,Video_v1,2026-06-20,35-44,Male,2068,1230.0,1.68,39,27,1.31,0.35,9.45,,,
SK_BrandAwareness_Leto26_META,SK_BrandAwareness_Leto26_META_Reels,Reels_v1,2026-08-11,55-64,Female,2127,1572.0,1.35,81,36,1.68,0.47,16.92,,,
SK_BrandAwareness_Leto26_META,SK_BrandAwareness_Leto26_META_Reels,Reels_v1,2026-06-08,18-24,Female,2236,1683.0,1.33,44,30,1.32,0.38,11.4,,,
SK_BrandAwareness_Leto26_META,SK_BrandAwareness_Leto26_META_Reels,Reels_v1,2026-06-17,45-54,Female,2739,1661.0,1.65,98,54,1.96,0.36,19.44,,,
SK_ProduktLaunch26_META,SK_ProduktLaunch26_META_Feed,Feed_v1,2026-10-22,35-44,Male,2725,1477.0,1.84,51,32,1.18,0.54,17.28,1.0,17.28,Website purchases
SK_ProduktLaunch26_META,SK_ProduktLaunch26_META_Reels,Reels_v1,2026-09-02,35-44,Female,1862,937.0,1.99,52,23,1.23,0.39,8.97,1.0,8.97,Website purchases
SK_ProduktLaunch26_META,SK_ProduktLaunch26_META_Stories,Stories_v1,2026-08-28,45-54,Male,1296,793.0,1.63,38,22,1.69,0.36,7.92,1.0,7.92,Website purchases
SK_BrandAwareness_Leto26_META,SK_BrandAwareness_Leto26_META_Reels,Reels_v1,2026-06-02,25-34,Female,2783,1313.0,2.12,94,54,1.93,0.42,22.68,,,
SK_BrandAwareness_Leto26_META,SK_BrandAwareness_Leto26_META_Carousel,Carousel_v1,2026-07-07,25-34,Female,2586,1240.0,2.09,55,39,1.51,0.52,20.28,,,
SK_BrandAwareness_Leto26_META,SK_BrandAwareness_Leto26_META_Video,Video_v1,2026-06-24,65+,Female,1379,780.0,1.77,18,12,0.9,0.57,6.84,,,
SK_BrandAwareness_Leto26_META,SK_BrandAwareness_Leto26_META_Reels,Reels_v1,2026-06-16,35-44,Male,3333,,,136,61,1.84,0.48,29.28,,,
SK_BrandAwareness_Leto26_META,SK_BrandAwareness_Leto26_META_Carousel,Carousel_v1,2026-07-05,35-44,Male,2348,1434.0,1.64,79,42,1.81,0.66,27.72,,,
SK_BrandAwareness_Leto26_META,SK_BrandAwareness_Leto26_META_Carousel,Carousel_v1,2026-07-24,55-64,Female,1435,909.0,1.58,57,31,2.13,0.47,14.57,,,
SK_ProduktLaunch26_META,SK_ProduktLaunch26_META_Stories,Stories_v1,2026-09-08,45-54,Male,1417,652.0,2.17,31,17,1.18,0.49,8.33,0.0,,Website purchases
SK_ProduktLaunch26_META,SK_ProduktLaunch26_META_Feed,Feed_v1,2026-10-21,45-54,Male,1928,885.0,2.18,50,22,1.15,0.5,11.0,1.0,11.0,Website purchases
SK_BrandAwareness_Leto26_META,SK_BrandAwareness_Leto26_META_Video_V2,Video_v1,2026-08-13,35-44,Male,2104,1604.0,1.31,46,24,1.16,0.58,13.92,,,
SK_ProduktLaunch26_META,SK_ProduktLaunch26_META_Stories,Stories_v1,2026-09-09,18-24,Female,1713,879.0,1.95,52,32,1.85,0.39,12.48,1.0,12.48,Website purchases
SK_ProduktLaunch26_META,SK_ProduktLaunch26_META_Feed,Feed_v1,2026-10-11,45-54,Female,2248,1039.0,2.16,65,35,1.57,0.39,13.65,1.0,13.65,Website purchases
SK_BrandAwareness_Leto26_META,SK_BrandAwareness_Leto26_META_Carousel,Carousel_v1,2026-07-30,18-24,Female,1118,535.0,2.09,25,17,1.54,0.42,7.14,,,
SK_BrandAwareness_Leto26_META,SK_BrandAwareness_Leto26_META_Reels,Reels_v1,2026-08-14,45-54,Female,2614,1539.0,1.7,85,40,1.52,0.43,17.2,,,
SK_ProduktLaunch26_META,SK_ProduktLaunch26_META_Feed,Feed_v1,2026-10-07,25-34,Male,2134,1382.0,1.54,47,22,1.05,0.59,12.98,1.0,12.98,Website purchases
SK_BrandAwareness_Leto26_META,SK_BrandAwareness_Leto26_META_Video_V2,Video_v1,2026-07-31,45-54,Female,2478,1204.0,2.06,72,34,1.37,0.56,19.04,,,
SK_BrandAwareness_Leto26_META,SK_BrandAwareness_Leto26_META_Carousel,Carousel_v1,2026-07-20,18-24,Male,996,637.0,1.56,29,17,1.7,0.57,9.69,,,
SK_BrandAwareness_Leto26_META,SK_BrandAwareness_Leto26_META_Carousel,Carousel_v1,2026-07-28,45-54,Male,2004,1174.0,1.71,33,21,1.04,0.42,8.82,,,
SK_BrandAwareness_Leto26_META,SK_BrandAwareness_Leto26_META_Reels,Reels_v1,2026-06-24,55-64,Male,2421,1641.0,1.48,53,24,1.0,0.42,10.08,,,
SK_ProduktLaunch26_META,SK_ProduktLaunch26_META_Feed,Feed_v1,2026-08-22,55-64,Male,2062,1223.0,1.69,49,27,1.3,0.52,14.04,1.0,14.04,Website purchases
SK_BrandAwareness_Leto26_META,SK_BrandAwareness_Leto26_META_Video_V2,Video_v1,2026-08-08,45-54,Male,2828,1377.0,2.05,113,49,1.74,0.51,24.99,,,
SK_ProduktLaunch26_META,SK_ProduktLaunch26_META_Reels,Reels_v1,2026-08-19,25-34,Male,2532,1886.0,1.34,106,57,2.23,0.41,23.37,2.0,11.69,Website purchases
SK_BrandAwareness_Leto26_META,SK_BrandAwareness_Leto26_META_Reels,Reels_v1,2026-06-17,18-24,Male,3736,1717.0,2.18,57,36,0.96,0.38,13.68,,,
SK_ProduktLaunch26_META,SK_ProduktLaunch26_META_Stories,Stories_v1,2026-08-25,25-34,Male,1496,911.0,1.64,32,18,1.19,0.45,8.1,1.0,8.1,Website purchases
SK_ProduktLaunch26_META,SK_ProduktLaunch26_META_Stories,Stories_v1,2026-09-22,35-44,Female,2316,1357.0,1.71,72,51,2.19,0.51,26.01,1.0,26.01,Website purchases
SK_BrandAwareness_Leto26_META,SK_BrandAwareness_Leto26_META_Video,Video_v1,2026-06-17,55-64,Female,2133,1296.0,1.65,34,20,0.96,0.47,9.4,,,
SK_ProduktLaunch26_META,SK_ProduktLaunch26_META_Reels,Reels_v1,2026-08-22,55-64,Female,1457,,,43,23,1.57,0.54,12.42,1.0,12.42,Website purchases
SK_BrandAwareness_Leto26_META,SK_BrandAwareness_Leto26_META_Reels,Reels_v1,2026-06-24,25-34,Male,4164,2445.0,1.7,126,71,1.71,0.35,24.85,,,
SK_BrandAwareness_Leto26_META,SK_BrandAwareness_Leto26_META_Carousel,Carousel_v1,2026-07-26,18-24,Male,1002,643.0,1.56,28,18,1.77,0.49,8.82,,,
SK_ProduktLaunch26_META,SK_ProduktLaunch26_META_Reels,Reels_v1,2026-08-29,25-34,Male,3441,1639.0,2.1,127,73,2.13,0.35,25.55,2.0,12.78,Website purchases
SK_ProduktLaunch26_META,SK_ProduktLaunch26_META_Reels,Reels_v1,2026-09-07,55-64,Female,2205,1137.0,1.94,86,43,1.97,0.42,18.06,1.0,18.06,Website purchases
SK_BrandAwareness_Leto26_META,SK_BrandAwareness_Leto26_META_Carousel,Carousel_v1,2026-06-01,25-34,Female,2560,1507.0,1.7,67,31,1.21,0.56,17.36,,,
SK_BrandAwareness_Leto26_META,SK_BrandAwareness_Leto26_META_Carousel,Carousel_v1,2026-07-18,65+,Female,610,307.0,1.99,19,9,1.42,0.68,6.12,,,
SK_ProduktLaunch26_META,SK_ProduktLaunch26_META_Reels,Reels_v1,2026-09-28,55-64,Male,1724,956.0,1.8,78,37,2.14,0.54,19.98,1.0,19.98,Website purchases
SK_ProduktLaunch26_META,SK_ProduktLaunch26_META_Feed,Feed_v1,2026-08-24,65+,Male,1117,853.0,1.31,38,22,1.99,0.41,9.02,1.0,9.02,Website purchases
SK_BrandAwareness_Leto26_META,SK_BrandAwareness_Leto26_META_Carousel,Carousel_v1,2026-07-30,35-44,Male,2390,1100.0,2.17,76,45,1.9,0.49,22.05,,,
SK_ProduktLaunch26_META,SK_ProduktLaunch26_META_Stories,Stories_v1,2026-10-23,18-24,Male,1190,588.0,2.02,31,21,1.79,0.54,11.34,1.0,11.34,Website purchases
SK_ProduktLaunch26_META,SK_ProduktLaunch26_META_Reels,Reels_v1,2026-10-25,25-34,Female,3989,2013.0,1.98,121,59,1.49,0.53,31.27,2.0,15.63,Website purchases
SK_ProduktLaunch26_META,SK_ProduktLaunch26_META_Feed,Feed_v1,2026-09-09,18-24,Female,2245,1031.0,2.18,37,24,1.07,0.47,11.28,1.0,11.28,Website purchases
SK_ProduktLaunch26_META,SK_ProduktLaunch26_META_Feed,Feed_v1,2026-09-07,45-54,Female,1949,1411.0,1.38,56,34,1.77,0.56,19.04,1.0,19.04,Website purchases
SK_BrandAwareness_Leto26_META,SK_BrandAwareness_Leto26_META_Carousel,Carousel_v1,2026-07-29,25-34,Female,1537,731.0,2.1,31,18,1.16,0.59,10.62,,,
SK_ProduktLaunch26_META,SK_ProduktLaunch26_META_Feed,Feed_v1,2026-10-06,45-54,Male,1698,830.0,2.05,65,32,1.87,0.56,17.92,1.0,17.92,Website purchases
SK_ProduktLaunch26_META,SK_ProduktLaunch26_META_Reels,Reels_v1,2026-09-16,25-34,Male,4156,2576.0,1.61,106,57,1.36,0.52,29.64,2.0,14.82,Website purchases
SK_BrandAwareness_Leto26_META,SK_BrandAwareness_Leto26_META_Carousel,Carousel_v1,2026-07-11,55-64,Male,1495,734.0,2.04,40,20,1.34,0.49,9.8,,,
SK_BrandAwareness_Leto26_META,SK_BrandAwareness_Leto26_META_Reels,Reels_v1,2026-06-08,25-34,Male,4426,2040.0,2.17,73,43,0.96,0.48,20.64,,,
SK_BrandAwareness_Leto26_META,SK_BrandAwareness_Leto26_META_Video_V2,Video_v1,2026-07-06,25-34,Male,4198,2988.0,1.4,92,61,1.44,0.46,28.06,,,
SK_ProduktLaunch26_META,SK_ProduktLaunch26_META_Reels,Reels_v1,2026-10-19,18-24,Female,3129,1608.0,1.95,91,56,1.8,0.41,22.96,2.0,11.48,Website purchases
SK_BrandAwareness_Leto26_META,SK_BrandAwareness_Leto26_META_Video_V2,Video_v1,2026-07-27,65+,Male,1463,801.0,1.83,31,20,1.36,0.59,11.8,,,
SK_ProduktLaunch26_META,SK_ProduktLaunch26_META_Stories,Stories_v1,2026-10-14,65+,Female,1137,726.0,1.57,30,16,1.4,0.57,9.12,0.0,,Website purchases
SK_ProduktLaunch26_META,SK_ProduktLaunch26_META_Stories,Stories_v1,2026-08-30,55-64,Female,1589,931.0,1.71,34,20,1.26,0.32,6.4,1.0,6.4,Website purchases
SK_BrandAwareness_Leto26_META,SK_BrandAwareness_Leto26_META_Carousel,Carousel_v1,2026-07-06,35-44,Male,1632,863.0,1.89,37,17,1.06,0.55,9.35,,,
SK_ProduktLaunch26_META,SK_ProduktLaunch26_META_Feed,Feed_v1,2026-10-25,55-64,Female,1199,581.0,2.06,43,22,1.83,0.44,9.68,1.0,9.68,Website purchases
SK_BrandAwareness_Leto26_META,SK_BrandAwareness_Leto26_META_Video_V2,Video_v1,2026-08-08,25-34,Female,1937,1322.0,1.47,56,32,1.64,0.51,16.32,,,
SK_BrandAwareness_Leto26_META,SK_BrandAwareness_Leto26_META_Video_V2,Video_v1,2026-07-22,18-24,Male,2222,1019.0,2.18,53,24,1.07,0.64,15.36,,,
SK_ProduktLaunch26_META,SK_ProduktLaunch26_META_Feed,Feed_v1,2026-10-24,45-54,Male,2067,1025.0,2.02,37,25,1.19,0.37,9.25,1.0,9.25,Website purchases
SK_BrandAwareness_Leto26_META,SK_BrandAwareness_Leto26_META_Carousel,Carousel_v1,2026-08-14,65+,Female,1185,634.0,1.87,32,18,1.5,0.48,8.64,,,
SK_BrandAwareness_Leto26_META,SK_BrandAwareness_Leto26_META_Carousel,Carousel_v1,2026-07-16,55-64,Female,1058,524.0,2.02,30,14,1.3,0.63,8.82,,,
SK_ProduktLaunch26_META,SK_ProduktLaunch26_META_Feed,Feed_v1,2026-08-27,65+,Male,770,414.0,1.86,20,13,1.63,0.59,7.67,0.0,,Website purchases
SK_ProduktLaunch26_META,SK_ProduktLaunch26_META_Stories,Stories_v1,2026-09-11,35-44,Female,1929,962.0,2.01,62,33,1.72,0.5,16.5,1.0,16.5,Website purchases
SK_BrandAwareness_Leto26_META,SK_BrandAwareness_Leto26_META_Reels,Reels_v1,2026-08-12,65+,Female,1672,1129.0,1.48,51,27,1.64,0.3,8.1,,,
SK_BrandAwareness_Leto26_META,SK_BrandAwareness_Leto26_META_Reels,Reels_v1,2026-08-04,65+,Male,1208,654.0,1.85,33,16,1.29,0.33,5.28,,,
SK_ProduktLaunch26_META,SK_ProduktLaunch26_META_Feed,Feed_v1,2026-10-22,25-34,Female,2850,2006.0,1.42,90,47,1.63,0.41,19.27,1.0,19.27,Website purchases
SK_ProduktLaunch26_META,SK_ProduktLaunch26_META_Reels,Reels_v1,2026-10-04,45-54,Female,2213,1313.0,1.69,86,42,1.91,0.34,14.28,1.0,14.28,Website purchases
SK_ProduktLaunch26_META,SK_ProduktLaunch26_META_Feed,Feed_v1,2026-10-22,18-24,Female,1186,706.0,1.68,40,21,1.78,0.49,10.29,1.0,10.29,Website purchases
SK_BrandAwareness_Leto26_META,SK_BrandAwareness_Leto26_META_Video,Video_v1,2026-07-02,18-24,Female,2700,1778.0,1.52,51,23,0.85,0.39,8.97,,,
SK_ProduktLaunch26_META,SK_ProduktLaunch26_META_Reels,Reels_v1,2026-10-17,35-44,Male,3452,1822.0,1.89,98,69,1.99,0.44,30.36,2.0,15.18,Website purchases
SK_ProduktLaunch26_META,SK_ProduktLaunch26_META_Reels,Reels_v1,2026-08-31,18-24,Male,3094,1903.0,1.63,118,54,1.75,0.43,23.22,2.0,11.61,Website purchases
SK_ProduktLaunch26_META,SK_ProduktLaunch26_META_Stories,Stories_v1,2026-10-21,35-44,Male,2270,1045.0,2.17,68,46,2.01,0.49,22.54,1.0,22.54,Website purchases
SK_BrandAwareness_Leto26_META,SK_BrandAwareness_Leto26_META_Reels,Reels_v1,2026-06-19,45-54,Female,2471,1529.0,1.62,68,32,1.31,0.5,16.0,,,
SK_BrandAwareness_Leto26_META,SK_BrandAwareness_Leto26_META_Video,Video_v1,2026-06-19,65+,Male,1819,1343.0,1.35,46,24,1.31,0.46,11.04,,,
SK_ProduktLaunch26_META,SK_ProduktLaunch26_META_Reels,Reels_v1,2026-10-12,18-24,Male,3063,2287.0,1.34,75,51,1.66,0.36,18.36,2.0,9.18,Website purchases
SK_ProduktLaunch26_META,SK_ProduktLaunch26_META_Stories,Stories_v1,2026-10-13,18-24,Male,1858,850.0,2.19,53,29,1.55,0.34,9.86,1.0,9.86,Website purchases
SK_BrandAwareness_Leto26_META,SK_BrandAwareness_Leto26_META_Reels,Reels_v1,2026-07-08,25-34,Male,2876,1798.0,1.6,87,42,1.46,0.35,14.7,,,
SK_BrandAwareness_Leto26_META,SK_BrandAwareness_Leto26_META_Carousel,Carousel_v1,2026-06-10,25-34,Female,1459,813.0,1.79,51,31,2.09,0.58,17.98,,,
SK_ProduktLaunch26_META,SK_ProduktLaunch26_META_Feed,Feed_v1,2026-09-17,45-54,Female,1365,1030.0,1.33,47,21,1.57,0.41,8.61,1.0,8.61,Website purchases
SK_BrandAwareness_Leto26_META,SK_BrandAwareness_Leto26_META_Carousel,Carousel_v1,2026-06-30,18-24,Male,1609,1103.0,1.46,28,17,1.05,0.63,10.71,,,
SK_ProduktLaunch26_META,SK_ProduktLaunch26_META_Stories,Stories_v1,2026-10-16,35-44,Male,2651,1571.0,1.69,110,59,2.22,0.33,19.47,2.0,9.73,Website purchases
SK_BrandAwareness_Leto26_META,SK_BrandAwareness_Leto26_META_Carousel,Carousel_v1,2026-07-07,35-44,Female,2108,1575.0,1.34,50,27,1.27,0.67,18.09,,,
SK_BrandAwareness_Leto26_META,SK_BrandAwareness_Leto26_META_Carousel,Carousel_v1,2026-06-11,55-64,Male,1462,925.0,1.58,53,28,1.89,0.45,12.6,,,
SK_ProduktLaunch26_META,SK_ProduktLaunch26_META_Reels,Reels_v1,2026-10-04,25-34,Female,4811,3532.0,1.36,240,118,2.46,0.44,51.92,4.0,12.98,Website purchases
SK_ProduktLaunch26_META,SK_ProduktLaunch26_META_Feed,Feed_v1,2026-09-22,55-64,Male,1553,,,44,22,1.41,0.5,11.0,1.0,11.0,Website purchases
SK_ProduktLaunch26_META,SK_ProduktLaunch26_META_Feed,Feed_v1,2026-10-27,55-64,Male,1945,1266.0,1.54,46,33,1.71,0.49,16.17,1.0,16.17,Website purchases
SK_ProduktLaunch26_META,SK_ProduktLaunch26_META_Feed,Feed_v1,2026-09-07,65+,Female,999,489.0,2.04,31,17,1.75,0.58,9.86,0.0,,Website purchases
SK_ProduktLaunch26_META,SK_ProduktLaunch26_META_Stories,Stories_v1,2026-10-19,65+,Male,1143,743.0,1.54,56,26,2.28,0.45,11.7,1.0,11.7,Website purchases
SK_BrandAwareness_Leto26_META,SK_BrandAwareness_Leto26_META_Video,Video_v1,2026-06-16,35-44,Male,2575,1217.0,2.12,55,33,1.27,0.52,17.16,,,
SK_ProduktLaunch26_META,SK_ProduktLaunch26_META_Reels,Reels_v1,2026-08-21,25-34,Female,2420,1200.0,2.02,102,52,2.15,0.44,22.88,2.0,11.44,Website purchases
SK_BrandAwareness_Leto26_META,SK_BrandAwareness_Leto26_META_Reels,Reels_v1,2026-08-10,65+,Male,1659,1090.0,1.52,45,32,1.9,0.36,11.52,,,
SK_ProduktLaunch26_META,SK_ProduktLaunch26_META_Stories,Stories_v1,2026-10-07,35-44,Female,1308,740.0,1.77,65,30,2.3,0.39,11.7,1.0,11.7,Website purchases
SK_ProduktLaunch26_META,SK_ProduktLaunch26_META_Stories,Stories_v1,2026-08-22,65+,Male,927,709.0,1.31,34,19,2.02,0.36,6.84,1.0,6.84,Website purchases
SK_BrandAwareness_Leto26_META,SK_BrandAwareness_Leto26_META_Video,Video_v1,2026-06-20,18-24,Female,2076,1069.0,1.94,68,32,1.52,0.61,19.52,,,
SK_BrandAwareness_Leto26_META,SK_BrandAwareness_Leto26_META_Reels,Reels_v1,2026-07-05,45-54,Male,1960,1290.0,1.52,63,28,1.43,0.46,12.88,,,
SK_BrandAwareness_Leto26_META,SK_BrandAwareness_Leto26_META_Video_V2,Video_v1,2026-07-28,35-44,Female,1689,1053.0,1.6,30,16,0.95,0.6,9.6,,,
SK_BrandAwareness_Leto26_META,SK_BrandAwareness_Leto26_META_Carousel,Carousel_v1,2026-07-01,65+,Female,1096,669.0,1.64,38,17,1.57,0.46,7.82,,,
SK_ProduktLaunch26_META,SK_ProduktLaunch26_META_Reels,Reels_v1,2026-09-25,18-24,Female,2653,1971.0,1.35,138,62,2.33,0.4,24.8,2.0,12.4,Website purchases
SK_BrandAwareness_Leto26_META,SK_BrandAwareness_Leto26_META_Carousel,Carousel_v1,2026-08-13,35-44,Male,2109,1420.0,1.49,75,46,2.2,0.49,22.54,,,
SK_ProduktLaunch26_META,SK_ProduktLaunch26_META_Reels,Reels_v1,2026-09-21,18-24,Male,2459,1128.0,2.18,87,56,2.29,0.37,20.72,2.0,10.36,Website purchases
SK_BrandAwareness_Leto26_META,SK_BrandAwareness_Leto26_META_Reels,Reels_v1,2026-06-15,18-24,Female,2197,1577.0,1.39,58,30,1.35,0.46,13.8,,,
SK_BrandAwareness_Leto26_META,SK_BrandAwareness_Leto26_META_Reels,Reels_v1,2026-06-04,25-34,Male,3054,1570.0,1.95,95,45,1.47,0.41,18.45,,,
SK_BrandAwareness_Leto26_META,SK_BrandAwareness_Leto26_META_Video,Video_v1,2026-06-11,45-54,Male,3214,2144.0,1.5,56,38,1.19,0.58,22.04,,,
SK_ProduktLaunch26_META,SK_ProduktLaunch26_META_Reels,Reels_v1,2026-10-13,55-64,Female,1490,1146.0,1.3,57,35,2.35,0.31,10.85,1.0,10.85,Website purchases
SK_BrandAwareness_Leto26_META,SK_BrandAwareness_Leto26_META_Reels,Reels_v1,2026-06-20,55-64,Female,1899,1285.0,1.48,33,17,0.92,0.3,5.1,,,
SK_ProduktLaunch26_META,SK_ProduktLaunch26_META_Feed,Feed_v1,2026-09-07,35-44,Male,2442,1407.0,1.74,112,49,1.99,0.55,26.95,1.0,26.95,Website purchases
SK_ProduktLaunch26_META,SK_ProduktLaunch26_META_Feed,Feed_v1,2026-10-18,18-24,Female,1645,824.0,2.0,61,28,1.71,0.51,14.28,1.0,14.28,Website purchases
SK_ProduktLaunch26_META,SK_ProduktLaunch26_META_Feed,Feed_v1,2026-10-08,55-64,Female,950,709.0,1.34,33,15,1.63,0.58,8.7,0.0,,Website purchases
SK_BrandAwareness_Leto26_META,SK_BrandAwareness_Leto26_META_Reels,Reels_v1,2026-07-07,35-44,Male,2776,1880.0,1.48,67,31,1.11,0.43,13.33,,,
SK_BrandAwareness_Leto26_META,SK_BrandAwareness_Leto26_META_Video,Video_v1,2026-07-04,45-54,Female,1937,1390.0,1.39,33,22,1.12,0.38,8.36,,,
SK_BrandAwareness_Leto26_META,SK_BrandAwareness_Leto26_META_Carousel,Carousel_v1,2026-08-02,55-64,Male,1782,1085.0,1.64,56,31,1.72,0.59,18.29,,,
SK_BrandAwareness_Leto26_META,SK_BrandAwareness_Leto26_META_Reels,Reels_v1,2026-07-03,55-64,Female,2468,1360.0,1.81,49,25,1.0,0.51,12.75,,,
SK_BrandAwareness_Leto26_META,SK_BrandAwareness_Leto26_META_Carousel,Carousel_v1,2026-07-21,25-34,Female,2555,1556.0,1.64,80,35,1.35,0.46,16.1,,,
SK_ProduktLaunch26_META,SK_ProduktLaunch26_META_Feed,Feed_v1,2026-09-22,45-54,Male,2492,1601.0,1.56,49,31,1.24,0.38,11.78,1.0,11.78,Website purchases
SK_ProduktLaunch26_META,SK_ProduktLaunch26_META_Stories,Stories_v1,2026-09-19,35-44,Female,2156,1329.0,1.62,42,29,1.32,0.42,12.18,1.0,12.18,Website purchases
SK_BrandAwareness_Leto26_META,SK_BrandAwareness_Leto26_META_Video,Video_v1,2026-06-13,55-64,Male,2710,1889.0,1.43,80,38,1.4,0.49,18.62,,,
SK_BrandAwareness_Leto26_META,SK_BrandAwareness_Leto26_META_Video_V2,Video_v1,2026-08-07,65+,Female,735,378.0,1.94,19,11,1.51,0.5,5.5,,,
SK_ProduktLaunch26_META,SK_ProduktLaunch26_META_Feed,Feed_v1,2026-09-02,65+,Female,1009,554.0,1.82,27,19,1.85,0.36,6.84,0.0,,Website purchases
SK_ProduktLaunch26_META,SK_ProduktLaunch26_META_Reels,Reels_v1,2026-09-30,18-24,Male,3694,1775.0,2.08,165,80,2.17,0.5,40.0,2.0,20.0,Website purchases
SK_BrandAwareness_Leto26_META,SK_BrandAwareness_Leto26_META_Video_V2,Video_v1,2026-08-14,35-44,Male,1824,1268.0,1.44,41,27,1.46,0.53,14.31,,,
SK_ProduktLaunch26_META,SK_ProduktLaunch26_META_Reels,Reels_v1,2026-10-22,35-44,Female,3831,2016.0,1.9,188,95,2.49,0.49,46.55,3.0,15.52,Website purchases
SK_BrandAwareness_Leto26_META,SK_BrandAwareness_Leto26_META_Reels,Reels_v1,2026-06-18,35-44,Male,2179,1535.0,1.42,31,21,0.97,0.4,8.4,,,
SK_BrandAwareness_Leto26_META,SK_BrandAwareness_Leto26_META_Carousel,Carousel_v1,2026-06-17,18-24,Female,1955,994.0,1.97,37,23,1.18,0.7,16.1,,,
SK_ProduktLaunch26_META,SK_ProduktLaunch26_META_Feed,Feed_v1,2026-08-31,18-24,Female,1212,660.0,1.84,35,16,1.3,0.5,8.0,0.0,,Website purchases
SK_ProduktLaunch26_META,SK_ProduktLaunch26_META_Reels,Reels_v1,2026-08-15,65+,Female,1473,719.0,2.05,44,28,1.91,0.36,10.08,1.0,10.08,Website purchases
SK_BrandAwareness_Leto26_META,SK_BrandAwareness_Leto26_META_Video_V2,Video_v1,2026-08-01,25-34,Male,2500,1907.0,1.31,77,45,1.79,0.5,22.5,,,
SK_ProduktLaunch26_META,SK_ProduktLaunch26_META_Feed,Feed_v1,2026-09-18,45-54,Male,1438,826.0,1.74,43,23,1.58,0.51,11.73,1.0,11.73,Website purchases
SK_BrandAwareness_Leto26_META,SK_BrandAwareness_Leto26_META_Video_V2,Video_v1,2026-07-14,18-24,Male,2731,1573.0,1.74,41,23,0.86,0.5,11.5,,,
SK_BrandAwareness_Leto26_META,SK_BrandAwareness_Leto26_META_Carousel,Carousel_v1,2026-06-03,25-34,Male,3252,2061.0,1.58,90,56,1.73,0.45,25.2,,,
SK_BrandAwareness_Leto26_META,SK_BrandAwareness_Leto26_META_Carousel,Carousel_v1,2026-07-25,55-64,Female,1070,512.0,2.09,47,22,2.02,0.47,10.34,,,
SK_BrandAwareness_Leto26_META,SK_BrandAwareness_Leto26_META_Video_V2,Video_v1,2026-08-10,25-34,Male,3978,2515.0,1.58,100,45,1.12,0.52,23.4,,,
SK_BrandAwareness_Leto26_META,SK_BrandAwareness_Leto26_META_Reels,Reels_v1,2026-07-22,25-34,Male,3898,2396.0,1.63,77,53,1.35,0.34,18.02,,,
SK_BrandAwareness_Leto26_META,SK_BrandAwareness_Leto26_META_Carousel,Carousel_v1,2026-07-23,55-64,Male,1554,1086.0,1.43,34,16,1.03,0.65,10.4,,,
SK_ProduktLaunch26_META,SK_ProduktLaunch26_META_Feed,Feed_v1,2026-10-04,55-64,Female,1509,758.0,1.99,54,25,1.65,0.59,14.75,1.0,14.75,Website purchases
SK_BrandAwareness_Leto26_META,SK_BrandAwareness_Leto26_META_Reels,Reels_v1,2026-06-27,45-54,Male,2593,1368.0,1.9,42,27,1.06,0.45,12.15,,,
SK_ProduktLaunch26_META,SK_ProduktLaunch26_META_Stories,Stories_v1,2026-09-13,35-44,Male,2358,1468.0,1.61,88,54,2.27,0.56,30.24,2.0,15.12,Website purchases
SK_ProduktLaunch26_META,SK_ProduktLaunch26_META_Stories,Stories_v1,2026-08-23,45-54,Male,1568,1010.0,1.55,38,24,1.51,0.33,7.92,1.0,7.92,Website purchases
SK_BrandAwareness_Leto26_META,SK_BrandAwareness_Leto26_META_Carousel,Carousel_v1,2026-06-12,18-24,Male,1515,971.0,1.56,47,24,1.6,0.56,13.44,,,
SK_BrandAwareness_Leto26_META,SK_BrandAwareness_Leto26_META_Reels,Reels_v1,2026-06-23,18-24,Male,3132,2035.0,1.54,57,29,0.93,0.38,11.02,,,
SK_BrandAwareness_Leto26_META,SK_BrandAwareness_Leto26_META_Carousel,Carousel_v1,2026-06-20,35-44,Female,2495,1692.0,1.47,52,28,1.14,0.46,12.88,,,
SK_ProduktLaunch26_META,SK_ProduktLaunch26_META_Feed,Feed_v1,2026-09-21,35-44,Female,1504,781.0,1.93,51,29,1.91,0.6,17.4,1.0,17.4,Website purchases
SK_ProduktLaunch26_META,SK_ProduktLaunch26_META_Feed,Feed_v1,2026-09-20,18-24,Female,1195,715.0,1.67,26,15,1.27,0.56,8.4,0.0,,Website purchases
SK_ProduktLaunch26_META,SK_ProduktLaunch26_META_Reels,Reels_v1,2026-09-20,45-54,Female,3379,1960.0,1.72,107,61,1.81,0.41,25.01,2.0,12.51,Website purchases
SK_ProduktLaunch26_META,SK_ProduktLaunch26_META_Stories,Stories_v1,2026-08-18,45-54,Male,1910,1219.0,1.57,68,30,1.56,0.5,15.0,1.0,15.0,Website purchases
SK_BrandAwareness_Leto26_META,SK_BrandAwareness_Leto26_META_Video_V2,Video_v1,2026-07-29,65+,Male,1337,941.0,1.42,48,22,1.63,0.5,11.0,,,
SK_BrandAwareness_Leto26_META,SK_BrandAwareness_Leto26_META_Video_V2,Video_v1,2026-07-31,18-24,Male,3018,1692.0,1.78,53,31,1.01,0.55,17.05,,,
SK_ProduktLaunch26_META,SK_ProduktLaunch26_META_Stories,Stories_v1,2026-09-13,25-34,Female,1489,843.0,1.77,38,24,1.63,0.5,12.0,1.0,12.0,Website purchases
SK_BrandAwareness_Leto26_META,SK_BrandAwareness_Leto26_META_Carousel,Carousel_v1,2026-07-10,45-54,Male,2043,1075.0,1.9,80,44,2.17,0.55,24.2,,,
SK_BrandAwareness_Leto26_META,SK_BrandAwareness_Leto26_META_Carousel,Carousel_v1,2026-07-18,55-64,Female,1471,716.0,2.05,24,16,1.07,0.66,10.56,,,
SK_ProduktLaunch26_META,SK_ProduktLaunch26_META_Feed,Feed_v1,2026-08-19,18-24,Male,1981,1073.0,1.85,57,34,1.7,0.38,12.92,1.0,12.92,Website purchases
SK_ProduktLaunch26_META,SK_ProduktLaunch26_META_Reels,Reels_v1,2026-08-28,18-24,Male,2191,1384.0,1.58,81,46,2.11,0.41,18.86,1.0,18.86,Website purchases
SK_ProduktLaunch26_META,SK_ProduktLaunch26_META_Stories,Stories_v1,2026-09-09,25-34,Male,3240,2198.0,1.47,89,43,1.33,0.37,15.91,1.0,15.91,Website purchases
SK_ProduktLaunch26_META,SK_ProduktLaunch26_META_Reels,Reels_v1,2026-08-26,35-44,Female,2071,1250.0,1.66,58,26,1.27,0.5,13.0,1.0,13.0,Website purchases
SK_BrandAwareness_Leto26_META,SK_BrandAwareness_Leto26_META_Carousel,Carousel_v1,2026-07-23,65+,Male,873,504.0,1.73,15,10,1.16,0.44,4.4,,,
SK_ProduktLaunch26_META,SK_ProduktLaunch26_META_Feed,Feed_v1,2026-10-12,18-24,Male,2566,1525.0,1.68,43,30,1.18,0.45,13.5,1.0,13.5,Website purchases
SK_BrandAwareness_Leto26_META,SK_BrandAwareness_Leto26_META_Reels,Reels_v1,2026-06-21,18-24,Female,3280,1946.0,1.69,85,52,1.57,0.41,21.32,,,
SK_BrandAwareness_Leto26_META,SK_BrandAwareness_Leto26_META_Reels,Reels_v1,2026-07-24,35-44,Female,4103,2283.0,1.8,116,52,1.26,0.4,20.8,,,
SK_ProduktLaunch26_META,SK_ProduktLaunch26_META_Feed,Feed_v1,2026-08-20,55-64,Male,1082,508.0,2.13,40,19,1.72,0.42,7.98,0.0,,Website purchases
SK_ProduktLaunch26_META,SK_ProduktLaunch26_META_Feed,Feed_v1,2026-09-14,45-54,Male,2645,1791.0,1.48,103,50,1.89,0.56,28.0,1.0,28.0,Website purchases
SK_BrandAwareness_Leto26_META,SK_BrandAwareness_Leto26_META_Reels,Reels_v1,2026-07-15,45-54,Female,2190,1440.0,1.52,44,28,1.27,0.38,10.64,,,
SK_BrandAwareness_Leto26_META,SK_BrandAwareness_Leto26_META_Video_V2,Video_v1,2026-08-08,55-64,Female,1600,918.0,1.74,40,28,1.78,0.51,14.28,,,
SK_BrandAwareness_Leto26_META,SK_BrandAwareness_Leto26_META_Video,Video_v1,2026-06-19,35-44,Female,3365,1679.0,2.0,80,45,1.32,0.6,27.0,,,
SK_ProduktLaunch26_META,SK_ProduktLaunch26_META_Reels,Reels_v1,2026-09-26,65+,Female,887,501.0,1.77,22,15,1.74,0.41,6.15,0.0,,Website purchases
SK_BrandAwareness_Leto26_META,SK_BrandAwareness_Leto26_META_Carousel,Carousel_v1,2026-07-15,55-64,Female,778,450.0,1.73,39,17,2.16,0.57,9.69,,,
SK_ProduktLaunch26_META,SK_ProduktLaunch26_META_Feed,Feed_v1,2026-09-14,35-44,Female,2037,980.0,2.08,47,28,1.36,0.55,15.4,1.0,15.4,Website purchases
SK_BrandAwareness_Leto26_META,SK_BrandAwareness_Leto26_META_Carousel,Carousel_v1,2026-06-22,18-24,Female,1421,884.0,1.61,28,19,1.36,0.6,11.4,,,
SK_ProduktLaunch26_META,SK_ProduktLaunch26_META_Feed,Feed_v1,2026-08-22,45-54,Female,1226,789.0,1.55,36,18,1.51,0.52,9.36,0.0,,Website purchases
SK_BrandAwareness_Leto26_META,SK_BrandAwareness_Leto26_META_Video_V2,Video_v1,2026-08-12,25-34,Female,3739,2102.0,1.78,70,48,1.28,0.62,29.76,,,
SK_ProduktLaunch26_META,SK_ProduktLaunch26_META_Reels,Reels_v1,2026-10-27,65+,Male,972,623.0,1.56,31,21,2.13,0.5,10.5,1.0,10.5,Website purchases
SK_BrandAwareness_Leto26_META,SK_BrandAwareness_Leto26_META_Reels,Reels_v1,2026-06-27,55-64,Male,2780,1665.0,1.67,83,46,1.65,0.51,23.46,,,
SK_ProduktLaunch26_META,SK_ProduktLaunch26_META_Stories,Stories_v1,2026-10-03,55-64,Male,1688,1166.0,1.45,61,35,2.1,0.51,17.85,1.0,17.85,Website purchases
SK_BrandAwareness_Leto26_META,SK_BrandAwareness_Leto26_META_Reels,Reels_v1,2026-07-17,65+,Male,2059,944.0,2.18,66,33,1.61,0.35,11.55,,,
SK_BrandAwareness_Leto26_META,SK_BrandAwareness_Leto26_META_Reels,Reels_v1,2026-07-21,25-34,Female,2302,1299.0,1.77,50,25,1.08,0.37,9.25,,,
SK_ProduktLaunch26_META,SK_ProduktLaunch26_META_Stories,Stories_v1,2026-09-28,35-44,Female,2441,1733.0,1.41,85,40,1.64,0.52,20.8,1.0,20.8,Website purchases
SK_ProduktLaunch26_META,SK_ProduktLaunch26_META_Stories,Stories_v1,2026-10-04,18-24,Female,1709,1127.0,1.52,69,35,2.07,0.5,17.5,1.0,17.5,Website purchases
SK_ProduktLaunch26_META,SK_ProduktLaunch26_META_Feed,Feed_v1,2026-10-22,65+,Female,690,353.0,1.95,19,11,1.67,0.58,6.38,0.0,,Website purchases
SK_BrandAwareness_Leto26_META,SK_BrandAwareness_Leto26_META_Carousel,Carousel_v1,2026-07-31,25-34,Male,3277,1794.0,1.83,63,39,1.19,0.4,15.6,,,
SK_BrandAwareness_Leto26_META,SK_BrandAwareness_Leto26_META_Carousel,Carousel_v1,2026-06-19,65+,Male,985,476.0,2.07,28,16,1.66,0.68,10.88,,,
SK_BrandAwareness_Leto26_META,SK_BrandAwareness_Leto26_META_Carousel,Carousel_v1,2026-08-09,65+,Female,1104,645.0,1.71,21,11,1.02,0.41,4.51,,,
SK_BrandAwareness_Leto26_META,SK_BrandAwareness_Leto26_META_Carousel,Carousel_v1,2026-06-20,45-54,Male,1174,837.0,1.4,53,23,1.92,0.44,10.12,,,
SK_ProduktLaunch26_META,SK_ProduktLaunch26_META_Stories,Stories_v1,2026-09-08,25-34,Male,3004,2156.0,1.39,65,41,1.35,0.33,13.53,1.0,13.53,Website purchases
SK_ProduktLaunch26_META,SK_ProduktLaunch26_META_Reels,Reels_v1,2026-08-24,45-54,Male,3201,1663.0,1.92,86,50,1.56,0.32,16.0,2.0,8.0,Website purchases
SK_ProduktLaunch26_META,SK_ProduktLaunch26_META_Reels,Reels_v1,2026-10-12,55-64,Male,1375,671.0,2.05,52,33,2.41,0.33,10.89,1.0,10.89,Website purchases
SK_ProduktLaunch26_META,SK_ProduktLaunch26_META_Feed,Feed_v1,2026-10-24,65+,Male,1052,560.0,1.88,33,19,1.82,0.53,10.07,0.0,,Website purchases
SK_BrandAwareness_Leto26_META,SK_BrandAwareness_Leto26_META_Reels,Reels_v1,2026-08-08,35-44,Male,4348,3206.0,1.36,144,77,1.78,0.32,24.64,,,
SK_ProduktLaunch26_META,SK_ProduktLaunch26_META_Feed,Feed_v1,2026-09-28,18-24,Female,2259,1173.0,1.93,76,39,1.74,0.44,17.16,1.0,17.16,Website purchases
SK_BrandAwareness_Leto26_META,SK_BrandAwareness_Leto26_META_Carousel,Carousel_v1,2026-06-01,25-34,Male,2620,1325.0,1.98,72,36,1.36,0.56,20.16,,,
SK_BrandAwareness_Leto26_META,SK_BrandAwareness_Leto26_META_Video_V2,Video_v1,2026-07-11,65+,Male,1634,1193.0,1.37,36,25,1.54,0.62,15.5,,,
SK_BrandAwareness_Leto26_META,SK_BrandAwareness_Leto26_META_Carousel,Carousel_v1,2026-07-11,25-34,Male,3225,2049.0,1.57,65,34,1.04,0.68,23.12,,,
SK_ProduktLaunch26_META,SK_ProduktLaunch26_META_Reels,Reels_v1,2026-08-16,25-34,Female,2479,1208.0,2.05,82,47,1.9,0.33,15.51,1.0,15.51,Website purchases
SK_ProduktLaunch26_META,SK_ProduktLaunch26_META_Feed,Feed_v1,2026-09-23,18-24,Female,1033,545.0,1.9,38,18,1.74,0.39,7.02,0.0,,Website purchases
SK_BrandAwareness_Leto26_META,SK_BrandAwareness_Leto26_META_Video,Video_v1,2026-06-06,45-54,Male,3020,1528.0,1.98,58,29,0.94,0.41,11.89,,,
SK_BrandAwareness_Leto26_META,SK_BrandAwareness_Leto26_META_Carousel,Carousel_v1,2026-07-21,55-64,Female,1273,913.0,1.39,41,24,1.85,0.67,16.08,,,
SK_BrandAwareness_Leto26_META,SK_BrandAwareness_Leto26_META_Video,Video_v1,2026-07-03,45-54,Female,3034,1511.0,2.01,56,30,0.98,0.64,19.2,,,
SK_ProduktLaunch26_META,SK_ProduktLaunch26_META_Reels,Reels_v1,2026-10-06,35-44,Male,2245,1177.0,1.91,83,49,2.2,0.48,23.52,1.0,23.52,Website purchases
SK_BrandAwareness_Leto26_META,SK_BrandAwareness_Leto26_META_Carousel,Carousel_v1,2026-08-08,65+,Female,921,554.0,1.66,23,12,1.3,0.48,5.76,,,
SK_BrandAwareness_Leto26_META,SK_BrandAwareness_Leto26_META_Carousel,Carousel_v1,2026-07-09,45-54,Female,1259,958.0,1.31,33,15,1.22,0.43,6.45,,,
SK_ProduktLaunch26_META,SK_ProduktLaunch26_META_Stories,Stories_v1,2026-08-29,55-64,Female,1206,667.0,1.81,33,19,1.58,0.33,6.27,1.0,6.27,Website purchases
SK_BrandAwareness_Leto26_META,SK_BrandAwareness_Leto26_META_Reels,Reels_v1,2026-06-05,35-44,Male,4098,2025.0,2.02,76,51,1.24,0.43,21.93,,,
SK_BrandAwareness_Leto26_META,SK_BrandAwareness_Leto26_META_Reels,Reels_v1,2026-07-16,25-34,Female,4317,2067.0,2.09,68,40,0.92,0.54,21.6,,,
SK_ProduktLaunch26_META,SK_ProduktLaunch26_META_Feed,Feed_v1,2026-09-13,18-24,Male,1833,888.0,2.06,40,21,1.15,0.54,11.34,1.0,11.34,Website purchases
SK_ProduktLaunch26_META,SK_ProduktLaunch26_META_Stories,Stories_v1,2026-10-06,35-44,Female,1609,777.0,2.07,34,24,1.51,0.46,11.04,1.0,11.04,Website purchases
SK_ProduktLaunch26_META,SK_ProduktLaunch26_META_Feed,Feed_v1,2026-10-20,35-44,Male,3167,1749.0,1.81,125,59,1.85,0.58,34.22,1.0,34.22,Website purchases
SK_BrandAwareness_Leto26_META,SK_BrandAwareness_Leto26_META_Carousel,Carousel_v1,2026-08-01,45-54,Female,1640,948.0,1.73,35,20,1.21,0.42,8.4,,,
SK_ProduktLaunch26_META,SK_ProduktLaunch26_META_Stories,Stories_v1,2026-08-16,18-24,Female,943,702.0,1.34,28,16,1.66,0.33,5.28,0.0,,Website purchases
SK_BrandAwareness_Leto26_META,SK_BrandAwareness_Leto26_META_Reels,Reels_v1,2026-07-05,55-64,Male,2610,1938.0,1.35,61,27,1.05,0.45,12.15,,,
SK_BrandAwareness_Leto26_META,SK_BrandAwareness_Leto26_META_Video_V2,Video_v1,2026-07-22,35-44,Male,2364,1093.0,2.16,31,22,0.94,0.53,11.66,,,
SK_ProduktLaunch26_META,SK_ProduktLaunch26_META_Reels,Reels_v1,2026-09-20,25-34,Female,2696,1262.0,2.14,78,38,1.42,0.38,14.44,1.0,14.44,Website purchases
SK_ProduktLaunch26_META,SK_ProduktLaunch26_META_Reels,Reels_v1,2026-09-11,25-34,Male,2738,1392.0,1.97,117,52,1.89,0.35,18.2,2.0,9.1,Website purchases
SK_BrandAwareness_Leto26_META,SK_BrandAwareness_Leto26_META_Reels,Reels_v1,2026-07-17,18-24,Male,2452,1379.0,1.78,81,42,1.71,0.45,18.9,,,
SK_BrandAwareness_Leto26_META,SK_BrandAwareness_Leto26_META_Carousel,Carousel_v1,2026-06-12,45-54,Male,2017,1409.0,1.43,44,29,1.42,0.56,16.24,,,
SK_BrandAwareness_Leto26_META,SK_BrandAwareness_Leto26_META_Video,Video_v1,2026-06-03,35-44,Female,2333,1288.0,1.81,45,29,1.25,0.62,17.98,,,
SK_ProduktLaunch26_META,SK_ProduktLaunch26_META_Stories,Stories_v1,2026-08-15,45-54,Male,1774,1110.0,1.6,66,32,1.79,0.35,11.2,1.0,11.2,Website purchases
SK_BrandAwareness_Leto26_META,SK_BrandAwareness_Leto26_META_Carousel,Carousel_v1,2026-08-05,55-64,Male,827,608.0,1.36,31,15,1.87,0.54,8.1,,,
SK_ProduktLaunch26_META,SK_ProduktLaunch26_META_Stories,Stories_v1,2026-10-06,65+,Male,609,370.0,1.65,16,9,1.49,0.4,3.6,0.0,,Website purchases
SK_BrandAwareness_Leto26_META,SK_BrandAwareness_Leto26_META_Video,Video_v1,2026-06-11,18-24,Female,2769,1618.0,1.71,74,45,1.64,0.37,16.65,,,
SK_ProduktLaunch26_META,SK_ProduktLaunch26_META_Stories,Stories_v1,2026-09-15,25-34,Female,2463,1265.0,1.95,75,36,1.44,0.57,20.52,1.0,20.52,Website purchases
SK_BrandAwareness_Leto26_META,SK_BrandAwareness_Leto26_META_Video,Video_v1,2026-06-17,65+,Female,959,673.0,1.42,20,13,1.4,0.64,8.32,,,
SK_ProduktLaunch26_META,SK_ProduktLaunch26_META_Reels,Reels_v1,2026-08-27,25-34,Male,2532,1826.0,1.39,92,48,1.91,0.54,25.92,1.0,25.92,Website purchases
SK_ProduktLaunch26_META,SK_ProduktLaunch26_META_Reels,Reels_v1,2026-08-16,45-54,Female,3206,2274.0,1.41,61,42,1.32,0.34,14.28,1.0,14.28,Website purchases
SK_ProduktLaunch26_META,SK_ProduktLaunch26_META_Feed,Feed_v1,2026-10-13,35-44,Male,2402,1126.0,2.13,69,48,1.99,0.44,21.12,1.0,21.12,Website purchases
SK_ProduktLaunch26_META,SK_ProduktLaunch26_META_Stories,Stories_v1,2026-08-30,18-24,Male,1675,1225.0,1.37,55,29,1.74,0.47,13.63,1.0,13.63,Website purchases
SK_ProduktLaunch26_META,SK_ProduktLaunch26_META_Stories,Stories_v1,2026-09-23,45-54,Male,1523,1046.0,1.46,41,27,1.74,0.37,9.99,1.0,9.99,Website purchases
SK_BrandAwareness_Leto26_META,SK_BrandAwareness_Leto26_META_Carousel,Carousel_v1,2026-08-05,55-64,Female,1128,634.0,1.78,24,12,1.05,0.67,8.04,,,
SK_ProduktLaunch26_META,SK_ProduktLaunch26_META_Feed,Feed_v1,2026-09-08,55-64,Male,980,481.0,2.04,38,18,1.84,0.4,7.2,0.0,,Website purchases
SK_ProduktLaunch26_META,SK_ProduktLaunch26_META_Reels,Reels_v1,2026-08-21,18-24,Female,2542,1658.0,1.53,90,40,1.58,0.38,15.2,1.0,15.2,Website purchases
SK_ProduktLaunch26_META,SK_ProduktLaunch26_META_Feed,Feed_v1,2026-10-13,18-24,Male,2143,1490.0,1.44,56,27,1.28,0.52,14.04,1.0,14.04,Website purchases
SK_BrandAwareness_Leto26_META,SK_BrandAwareness_Leto26_META_Reels,Reels_v1,2026-06-28,45-54,Male,3915,2696.0,1.45,78,36,0.91,0.37,13.32,,,
SK_ProduktLaunch26_META,SK_ProduktLaunch26_META_Stories,Stories_v1,2026-09-05,35-44,Female,1927,955.0,2.02,47,33,1.69,0.51,16.83,1.0,16.83,Website purchases
SK_BrandAwareness_Leto26_META,SK_BrandAwareness_Leto26_META_Carousel,Carousel_v1,2026-07-20,45-54,Female,1749,991.0,1.76,75,37,2.09,0.53,19.61,,,
SK_BrandAwareness_Leto26_META,SK_BrandAwareness_Leto26_META_Reels,Reels_v1,2026-07-31,18-24,Male,2096,1210.0,1.73,63,30,1.43,0.4,12.0,,,
SK_BrandAwareness_Leto26_META,SK_BrandAwareness_Leto26_META_Video,Video_v1,2026-06-10,45-54,Female,3031,1559.0,1.94,83,46,1.52,0.4,18.4,,,
SK_ProduktLaunch26_META,SK_ProduktLaunch26_META_Feed,Feed_v1,2026-08-19,65+,Male,1378,836.0,1.65,31,15,1.11,0.37,5.55,0.0,,Website purchases
SK_ProduktLaunch26_META,SK_ProduktLaunch26_META_Stories,Stories_v1,2026-09-20,35-44,Male,1558,970.0,1.61,58,31,1.99,0.38,11.78,1.0,11.78,Website purchases
SK_BrandAwareness_Leto26_META,SK_BrandAwareness_Leto26_META_Reels,Reels_v1,2026-07-10,65+,Male,1735,940.0,1.85,53,25,1.45,0.36,9.0,,,
SK_ProduktLaunch26_META,SK_ProduktLaunch26_META_Feed,Feed_v1,2026-09-27,65+,Male,1107,824.0,1.34,37,18,1.66,0.35,6.3,0.0,,Website purchases
SK_BrandAwareness_Leto26_META,SK_BrandAwareness_Leto26_META_Reels,Reels_v1,2026-07-22,18-24,Male,3720,1914.0,1.94,98,67,1.81,0.45,30.15,,,
SK_ProduktLaunch26_META,SK_ProduktLaunch26_META_Feed,Feed_v1,2026-09-08,25-34,Female,2400,1187.0,2.02,79,41,1.72,0.51,20.91,1.0,20.91,Website purchases
SK_ProduktLaunch26_META,SK_ProduktLaunch26_META_Stories,Stories_v1,2026-08-29,35-44,Male,1343,751.0,1.79,50,30,2.23,0.38,11.4,1.0,11.4,Website purchases
SK_ProduktLaunch26_META,SK_ProduktLaunch26_META_Feed,Feed_v1,2026-08-16,65+,Male,1474,744.0,1.98,45,25,1.68,0.45,11.25,1.0,11.25,Website purchases
SK_BrandAwareness_Leto26_META,SK_BrandAwareness_Leto26_META_Video_V2,Video_v1,2026-07-31,65+,Male,995,647.0,1.54,23,12,1.21,0.61,7.32,,,
SK_BrandAwareness_Leto26_META,SK_BrandAwareness_Leto26_META_Carousel,Carousel_v1,2026-08-02,18-24,Female,1987,1337.0,1.49,35,22,1.13,0.45,9.9,,,
SK_ProduktLaunch26_META,SK_ProduktLaunch26_META_Reels,Reels_v1,2026-10-21,65+,Female,1392,931.0,1.5,60,27,1.93,0.36,9.72,1.0,9.72,Website purchases
SK_ProduktLaunch26_META,SK_ProduktLaunch26_META_Feed,Feed_v1,2026-09-29,45-54,Female,1488,767.0,1.94,54,27,1.83,0.55,14.85,1.0,14.85,Website purchases
SK_ProduktLaunch26_META,SK_ProduktLaunch26_META_Stories,Stories_v1,2026-08-15,45-54,Female,1622,957.0,1.69,62,28,1.75,0.39,10.92,1.0,10.92,Website purchases
SK_ProduktLaunch26_META,SK_ProduktLaunch26_META_Feed,Feed_v1,2026-09-18,65+,Female,877,566.0,1.55,14,9,1.04,0.52,4.68,0.0,,Website purchases
SK_BrandAwareness_Leto26_META,SK_BrandAwareness_Leto26_META_Carousel,Carousel_v1,2026-07-14,45-54,Female,1353,805.0,1.68,32,16,1.15,0.68,10.88,,,
SK_BrandAwareness_Leto26_META,SK_BrandAwareness_Leto26_META_Reels,Reels_v1,2026-06-25,65+,Female,1058,591.0,1.79,23,16,1.54,0.52,8.32,,,
SK_ProduktLaunch26_META,SK_ProduktLaunch26_META_Reels,Reels_v1,2026-09-10,35-44,Male,4458,2322.0,1.92,147,82,1.84,0.42,34.44,2.0,17.22,Website purchases
SK_BrandAwareness_Leto26_META,SK_BrandAwareness_Leto26_META_Carousel,Carousel_v1,2026-06-14,25-34,Female,1620,768.0,2.11,36,23,1.42,0.69,15.87,,,
SK_BrandAwareness_Leto26_META,SK_BrandAwareness_Leto26_META_Carousel,Carousel_v1,2026-07-24,18-24,Male,1019,472.0,2.16,29,20,1.97,0.64,12.8,,,
SK_ProduktLaunch26_META,SK_ProduktLaunch26_META_Feed,Feed_v1,2026-10-19,25-34,Male,3955,2146.0,1.84,170,74,1.87,0.49,36.26,2.0,18.13,Website purchases
SK_ProduktLaunch26_META,SK_ProduktLaunch26_META_Stories,Stories_v1,2026-09-06,25-34,Male,3259,2106.0,1.55,64,44,1.35,0.41,18.04,1.0,18.04,Website purchases
SK_BrandAwareness_Leto26_META,SK_BrandAwareness_Leto26_META_Video_V2,Video_v1,2026-07-12,55-64,Male,2386,1102.0,2.17,68,35,1.46,0.58,20.3,,,
SK_ProduktLaunch26_META,SK_ProduktLaunch26_META_Stories,Stories_v1,2026-09-24,45-54,Female,2124,1608.0,1.32,83,49,2.29,0.36,17.64,1.0,17.64,Website purchases
SK_ProduktLaunch26_META,SK_ProduktLaunch26_META_Reels,Reels_v1,2026-09-15,55-64,Female,1447,950.0,1.52,64,34,2.37,0.42,14.28,1.0,14.28,Website purchases
SK_BrandAwareness_Leto26_META,SK_BrandAwareness_Leto26_META_Reels,Reels_v1,2026-08-06,35-44,Female,2387,1119.0,2.13,79,40,1.69,0.48,19.2,,,
SK_ProduktLaunch26_META,SK_ProduktLaunch26_META_Reels,Reels_v1,2026-10-17,25-34,Male,3159,1576.0,2.0,91,62,1.97,0.33,20.46,2.0,10.23,Website purchases
SK_ProduktLaunch26_META,SK_ProduktLaunch26_META_Feed,Feed_v1,2026-08-31,25-34,Male,2190,1243.0,1.76,48,23,1.06,0.56,12.88,1.0,12.88,Website purchases
SK_ProduktLaunch26_META,SK_ProduktLaunch26_META_Stories,Stories_v1,2026-09-30,65+,Female,620,307.0,2.02,17,12,1.93,0.51,6.12,0.0,,Website purchases
SK_BrandAwareness_Leto26_META,SK_BrandAwareness_Leto26_META_Reels,Reels_v1,2026-07-17,65+,Female,1435,801.0,1.79,51,24,1.69,0.32,7.68,,,
SK_ProduktLaunch26_META,SK_ProduktLaunch26_META_Stories,Stories_v1,2026-09-23,45-54,Female,1205,593.0,2.03,44,25,2.09,0.38,9.5,1.0,9.5,Website purchases
SK_BrandAwareness_Leto26_META,SK_BrandAwareness_Leto26_META_Video,Video_v1,2026-06-02,18-24,Female,1346,984.0,1.37,41,20,1.46,0.42,8.4,,,
SK_ProduktLaunch26_META,SK_ProduktLaunch26_META_Stories,Stories_v1,2026-08-19,35-44,Female,1844,1177.0,1.57,50,26,1.41,0.4,10.4,1.0,10.4,Website purchases
SK_BrandAwareness_Leto26_META,SK_BrandAwareness_Leto26_META_Reels,Reels_v1,2026-06-18,65+,Male,1398,1005.0,1.39,24,15,1.1,0.42,6.3,,,
SK_ProduktLaunch26_META,SK_ProduktLaunch26_META_Feed,Feed_v1,2026-10-14,65+,Female,1117,515.0,2.17,26,13,1.12,0.38,4.94,0.0,,Website purchases
SK_ProduktLaunch26_META,SK_ProduktLaunch26_META_Stories,Stories_v1,2026-10-01,45-54,Male,1243,600.0,2.07,42,21,1.72,0.46,9.66,1.0,9.66,Website purchases
SK_BrandAwareness_Leto26_META,SK_BrandAwareness_Leto26_META_Carousel,Carousel_v1,2026-07-22,55-64,Female,1762,851.0,2.07,37,25,1.42,0.61,15.25,,,
SK_ProduktLaunch26_META,SK_ProduktLaunch26_META_Reels,Reels_v1,2026-09-04,35-44,Female,3187,1495.0,2.13,106,61,1.9,0.3,18.3,2.0,9.15,Website purchases
SK_ProduktLaunch26_META,SK_ProduktLaunch26_META_Reels,Reels_v1,2026-10-05,55-64,Female,1371,692.0,1.98,33,17,1.27,0.31,5.27,1.0,5.27,Website purchases
SK_ProduktLaunch26_META,SK_ProduktLaunch26_META_Feed,Feed_v1,2026-08-27,55-64,Male,1112,600.0,1.85,29,15,1.39,0.38,5.7,0.0,,Website purchases
SK_ProduktLaunch26_META,SK_ProduktLaunch26_META_Reels,Reels_v1,2026-08-19,18-24,Male,2487,1155.0,2.15,54,32,1.28,0.43,13.76,1.0,13.76,Website purchases
SK_BrandAwareness_Leto26_META,SK_BrandAwareness_Leto26_META_Carousel,Carousel_v1,2026-08-08,35-44,Female,1538,1033.0,1.49,42,29,1.9,0.51,14.79,,,
SK_ProduktLaunch26_META,SK_ProduktLaunch26_META_Feed,Feed_v1,2026-10-20,55-64,Female,1987,1040.0,1.91,78,38,1.92,0.53,20.14,1.0,20.14,Website purchases
SK_ProduktLaunch26_META,SK_ProduktLaunch26_META_Reels,Reels_v1,2026-10-25,35-44,Female,3198,2442.0,1.31,71,45,1.39,0.5,22.5,1.0,22.5,Website purchases
SK_ProduktLaunch26_META,SK_ProduktLaunch26_META_Reels,Reels_v1,2026-09-20,45-54,Male,3585,1752.0,2.05,90,61,1.69,0.36,21.96,2.0,10.98,Website purchases
SK_ProduktLaunch26_META,SK_ProduktLaunch26_META_Reels,Reels_v1,2026-09-04,55-64,Female,1605,878.0,1.83,59,31,1.9,0.48,14.88,1.0,14.88,Website purchases
SK_BrandAwareness_Leto26_META,SK_BrandAwareness_Leto26_META_Video,Video_v1,2026-06-03,18-24,Female,2590,1393.0,1.86,78,47,1.8,0.65,30.55,,,
SK_ProduktLaunch26_META,SK_ProduktLaunch26_META_Feed,Feed_v1,2026-08-23,25-34,Female,3178,1625.0,1.96,58,32,1.0,0.5,16.0,1.0,16.0,Website purchases
SK_BrandAwareness_Leto26_META,SK_BrandAwareness_Leto26_META_Reels,Reels_v1,2026-07-16,18-24,Female,1848,1355.0,1.36,65,35,1.92,0.49,17.15,,,
SK_BrandAwareness_Leto26_META,SK_BrandAwareness_Leto26_META_Carousel,Carousel_v1,2026-07-07,65+,Male,1038,639.0,1.62,22,11,1.11,0.69,7.59,,,
SK_ProduktLaunch26_META,SK_ProduktLaunch26_META_Stories,Stories_v1,2026-10-25,18-24,Female,1898,1076.0,1.76,66,31,1.65,0.52,16.12,1.0,16.12,Website purchases
SK_BrandAwareness_Leto26_META,SK_BrandAwareness_Leto26_META_Carousel,Carousel_v1,2026-06-04,18-24,Male,2113,1101.0,1.92,48,22,1.06,0.49,10.78,,,
SK_BrandAwareness_Leto26_META,SK_BrandAwareness_Leto26_META_Carousel,Carousel_v1,2026-08-02,25-34,Female,2730,1590.0,1.72,81,46,1.69,0.41,18.86,,,
SK_BrandAwareness_Leto26_META,SK_BrandAwareness_Leto26_META_Reels,Reels_v1,2026-06-24,35-44,Female,2141,1400.0,1.53,61,28,1.32,0.37,10.36,,,
SK_BrandAwareness_Leto26_META,SK_BrandAwareness_Leto26_META_Carousel,Carousel_v1,2026-06-03,35-44,Male,2378,1777.0,1.34,71,34,1.43,0.49,16.66,,,
SK_BrandAwareness_Leto26_META,SK_BrandAwareness_Leto26_META_Reels,Reels_v1,2026-07-25,25-34,Male,4852,3635.0,1.33,116,62,1.28,0.34,21.08,,,
SK_ProduktLaunch26_META,SK_ProduktLaunch26_META_Feed,Feed_v1,2026-08-27,45-54,Female,1116,834.0,1.34,30,14,1.3,0.51,7.14,0.0,,Website purchases
SK_ProduktLaunch26_META,SK_ProduktLaunch26_META_Stories,Stories_v1,2026-08-16,25-34,Male,2542,1325.0,1.92,111,54,2.11,0.37,19.98,2.0,9.99,Website purchases
SK_BrandAwareness_Leto26_META,SK_BrandAwareness_Leto26_META_Carousel,Carousel_v1,2026-06-09,25-34,Male,2167,1092.0,1.98,62,32,1.45,0.66,21.12,,,
SK_ProduktLaunch26_META,SK_ProduktLaunch26_META_Reels,Reels_v1,2026-08-26,25-34,Male,2873,1307.0,2.2,92,50,1.73,0.37,18.5,2.0,9.25,Website purchases
SK_ProduktLaunch26_META,SK_ProduktLaunch26_META_Reels,Reels_v1,2026-08-21,18-24,Male,3576,2165.0,1.65,112,54,1.52,0.44,23.76,2.0,11.88,Website purchases
SK_BrandAwareness_Leto26_META,SK_BrandAwareness_Leto26_META_Reels,Reels_v1,2026-07-18,25-34,Female,2699,1680.0,1.61,64,33,1.22,0.44,14.52,,,
SK_ProduktLaunch26_META,SK_ProduktLaunch26_META_Feed,Feed_v1,2026-10-21,65+,Female,715,439.0,1.63,19,12,1.68,0.47,5.64,0.0,,Website purchases
SK_ProduktLaunch26_META,SK_ProduktLaunch26_META_Feed,Feed_v1,2026-10-02,35-44,Female,1910,,,74,35,1.82,0.48,16.8,1.0,16.8,Website purchases
SK_BrandAwareness_Leto26_META,SK_BrandAwareness_Leto26_META_Carousel,Carousel_v1,2026-08-05,25-34,Female,2520,1229.0,2.05,83,37,1.47,0.4,14.8,,,
SK_BrandAwareness_Leto26_META,SK_BrandAwareness_Leto26_META_Video,Video_v1,2026-06-16,65+,Male,1709,1150.0,1.49,57,27,1.6,0.42,11.34,,,
SK_BrandAwareness_Leto26_META,SK_BrandAwareness_Leto26_META_Video_V2,Video_v1,2026-07-08,45-54,Female,1430,661.0,2.16,48,21,1.46,0.59,12.39,,,
SK_ProduktLaunch26_META,SK_ProduktLaunch26_META_Feed,Feed_v1,2026-09-15,25-34,Male,2279,1319.0,1.73,62,42,1.84,0.48,20.16,1.0,20.16,Website purchases
SK_ProduktLaunch26_META,SK_ProduktLaunch26_META_Stories,Stories_v1,2026-08-28,18-24,Female,1444,662.0,2.18,25,16,1.12,0.46,7.36,0.0,,Website purchases
SK_BrandAwareness_Leto26_META,SK_BrandAwareness_Leto26_META_Carousel,Carousel_v1,2026-07-25,65+,Male,876,527.0,1.66,21,11,1.26,0.41,4.51,,,
SK_ProduktLaunch26_META,SK_ProduktLaunch26_META_Reels,Reels_v1,2026-10-27,55-64,Male,2010,927.0,2.17,97,45,2.23,0.41,18.45,1.0,18.45,Website purchases
SK_BrandAwareness_Leto26_META,SK_BrandAwareness_Leto26_META_Reels,Reels_v1,2026-08-12,65+,Male,1827,903.0,2.02,45,21,1.16,0.37,7.77,,,
SK_ProduktLaunch26_META,SK_ProduktLaunch26_META_Stories,Stories_v1,2026-10-25,55-64,Female,1155,590.0,1.96,24,15,1.32,0.45,6.75,0.0,,Website purchases
SK_BrandAwareness_Leto26_META,SK_BrandAwareness_Leto26_META_Video,Video_v1,2026-06-07,35-44,Male,2020,1264.0,1.6,41,26,1.26,0.51,13.26,,,
SK_BrandAwareness_Leto26_META,SK_BrandAwareness_Leto26_META_Reels,Reels_v1,2026-07-26,65+,Male,2051,1039.0,1.97,60,34,1.66,0.36,12.24,,,
SK_ProduktLaunch26_META,SK_ProduktLaunch26_META_Feed,Feed_v1,2026-09-28,25-34,Male,2181,1047.0,2.08,63,44,2.0,0.4,17.6,1.0,17.6,Website purchases
SK_BrandAwareness_Leto26_META,SK_BrandAwareness_Leto26_META_Reels,Reels_v1,2026-07-29,65+,Female,1236,762.0,1.62,27,19,1.53,0.43,8.17,,,
SK_ProduktLaunch26_META,SK_ProduktLaunch26_META_Reels,Reels_v1,2026-09-06,18-24,Male,3444,1822.0,1.89,111,56,1.62,0.35,19.6,2.0,9.8,Website purchases
SK_BrandAwareness_Leto26_META,SK_BrandAwareness_Leto26_META_Carousel,Carousel_v1,2026-08-04,18-24,Female,1464,747.0,1.96,34,15,1.01,0.45,6.75,,,
SK_ProduktLaunch26_META,SK_ProduktLaunch26_META_Reels,Reels_v1,2026-09-15,65+,Female,1616,1193.0,1.35,45,30,1.86,0.46,13.8,1.0,13.8,Website purchases
SK_BrandAwareness_Leto26_META,SK_BrandAwareness_Leto26_META_Carousel,Carousel_v1,2026-06-11,65+,Male,582,317.0,1.84,16,10,1.64,0.58,5.8,,,
SK_BrandAwareness_Leto26_META,SK_BrandAwareness_Leto26_META_Video_V2,Video_v1,2026-08-06,35-44,Female,3754,2009.0,1.87,69,47,1.25,0.43,20.21,,,
SK_ProduktLaunch26_META,SK_ProduktLaunch26_META_Reels,Reels_v1,2026-09-29,18-24,Male,2007,1167.0,1.72,65,36,1.82,0.45,16.2,1.0,16.2,Website purchases
SK_BrandAwareness_Leto26_META,SK_BrandAwareness_Leto26_META_Carousel,Carousel_v1,2026-08-08,55-64,Male,1239,620.0,2.0,27,16,1.3,0.52,8.32,,,
SK_ProduktLaunch26_META,SK_ProduktLaunch26_META_Reels,Reels_v1,2026-08-31,65+,Male,1179,,,39,20,1.71,0.45,9.0,1.0,9.0,Website purchases
SK_ProduktLaunch26_META,SK_ProduktLaunch26_META_Reels,Reels_v1,2026-08-17,55-64,Female,1816,864.0,2.1,50,25,1.37,0.49,12.25,1.0,12.25,Website purchases
SK_BrandAwareness_Leto26_META,SK_BrandAwareness_Leto26_META_Video,Video_v1,2026-06-05,25-34,Male,4636,2137.0,2.17,152,67,1.45,0.53,35.51,,,
SK_BrandAwareness_Leto26_META,SK_BrandAwareness_Leto26_META_Carousel,Carousel_v1,2026-07-28,25-34,Male,2338,1531.0,1.53,92,50,2.13,0.65,32.5,,,
SK_ProduktLaunch26_META,SK_ProduktLaunch26_META_Feed,Feed_v1,2026-08-17,65+,Male,658,321.0,2.05,15,9,1.33,0.44,3.96,0.0,,Website purchases
SK_ProduktLaunch26_META,SK_ProduktLaunch26_META_Reels,Reels_v1,2026-10-25,35-44,Male,3513,1894.0,1.85,88,49,1.39,0.41,20.09,1.0,20.09,Website purchases
SK_ProduktLaunch26_META,SK_ProduktLaunch26_META_Feed,Feed_v1,2026-09-24,65+,Male,792,599.0,1.32,26,12,1.54,0.38,4.56,0.0,,Website purchases
SK_ProduktLaunch26_META,SK_ProduktLaunch26_META_Feed,Feed_v1,2026-09-20,55-64,Female,1209,763.0,1.58,26,14,1.15,0.52,7.28,0.0,,Website purchases
SK_BrandAwareness_Leto26_META,SK_BrandAwareness_Leto26_META_Carousel,Carousel_v1,2026-08-03,55-64,Female,718,503.0,1.43,27,12,1.66,0.63,7.56,,,
SK_ProduktLaunch26_META,SK_ProduktLaunch26_META_Stories,Stories_v1,2026-08-16,65+,Female,1053,513.0,2.05,44,22,2.13,0.4,8.8,1.0,8.8,Website purchases
SK_ProduktLaunch26_META,SK_ProduktLaunch26_META_Feed,Feed_v1,2026-09-10,25-34,Female,2740,1560.0,1.76,75,51,1.85,0.49,24.99,1.0,24.99,Website purchases
SK_ProduktLaunch26_META,SK_ProduktLaunch26_META_Reels,Reels_v1,2026-09-12,25-34,Female,3830,2182.0,1.76,151,78,2.04,0.31,24.18,2.0,12.09,Website purchases
SK_BrandAwareness_Leto26_META,SK_BrandAwareness_Leto26_META_Video_V2,Video_v1,2026-08-14,55-64,Female,1794,846.0,2.12,62,28,1.55,0.42,11.76,,,
SK_BrandAwareness_Leto26_META,SK_BrandAwareness_Leto26_META_Carousel,Carousel_v1,2026-06-20,35-44,Male,1775,1050.0,1.69,46,31,1.77,0.56,17.36,,,
SK_BrandAwareness_Leto26_META,SK_BrandAwareness_Leto26_META_Video_V2,Video_v1,2026-08-04,45-54,Male,2150,1522.0,1.41,38,26,1.2,0.36,9.36,,,
SK_BrandAwareness_Leto26_META,SK_BrandAwareness_Leto26_META_Carousel,Carousel_v1,2026-07-15,55-64,Male,1611,748.0,2.15,50,34,2.09,0.68,23.12,,,
SK_BrandAwareness_Leto26_META,SK_BrandAwareness_Leto26_META_Reels,Reels_v1,2026-07-19,45-54,Male,2494,1338.0,1.86,75,36,1.45,0.49,17.64,,,
SK_BrandAwareness_Leto26_META,SK_BrandAwareness_Leto26_META_Reels,Reels_v1,2026-07-28,35-44,Female,2658,1961.0,1.36,43,27,1.01,0.36,9.72,,,
SK_BrandAwareness_Leto26_META,SK_BrandAwareness_Leto26_META_Carousel,Carousel_v1,2026-06-24,18-24,Male,1948,1188.0,1.64,61,34,1.75,0.41,13.94,,,
SK_BrandAwareness_Leto26_META,SK_BrandAwareness_Leto26_META_Video,Video_v1,2026-06-25,55-64,Male,1308,736.0,1.78,23,15,1.17,0.59,8.85,,,
SK_BrandAwareness_Leto26_META,SK_BrandAwareness_Leto26_META_Reels,Reels_v1,2026-07-16,45-54,Female,2341,1081.0,2.17,103,46,1.97,0.39,17.94,,,
SK_BrandAwareness_Leto26_META,SK_BrandAwareness_Leto26_META_Reels,Reels_v1,2026-06-20,35-44,Male,3529,1725.0,2.05,95,49,1.4,0.34,16.66,,,
SK_ProduktLaunch26_META,SK_ProduktLaunch26_META_Feed,Feed_v1,2026-10-26,55-64,Male,1649,975.0,1.69,30,21,1.29,0.5,10.5,1.0,10.5,Website purchases
SK_BrandAwareness_Leto26_META,SK_BrandAwareness_Leto26_META_Carousel,Carousel_v1,2026-07-29,25-34,Male,3291,2493.0,1.32,125,55,1.66,0.51,28.05,,,
SK_ProduktLaunch26_META,SK_ProduktLaunch26_META_Feed,Feed_v1,2026-09-18,25-34,Female,3302,2136.0,1.55,91,44,1.32,0.44,19.36,1.0,19.36,Website purchases
SK_BrandAwareness_Leto26_META,SK_BrandAwareness_Leto26_META_Video,Video_v1,2026-06-04,35-44,Female,2280,1626.0,1.4,45,21,0.91,0.42,8.82,,,
SK_ProduktLaunch26_META,SK_ProduktLaunch26_META_Stories,Stories_v1,2026-10-23,25-34,Male,2981,2219.0,1.34,133,59,1.98,0.32,18.88,2.0,9.44,Website purchases
SK_BrandAwareness_Leto26_META,SK_BrandAwareness_Leto26_META_Reels,Reels_v1,2026-08-03,55-64,Female,2275,,,66,34,1.48,0.33,11.22,,,
SK_ProduktLaunch26_META,SK_ProduktLaunch26_META_Reels,Reels_v1,2026-10-23,55-64,Female,1245,746.0,1.67,34,15,1.23,0.32,4.8,0.0,,Website purchases
SK_BrandAwareness_Leto26_META,SK_BrandAwareness_Leto26_META_Video_V2,Video_v1,2026-07-23,45-54,Female,2321,1469.0,1.58,61,33,1.44,0.37,12.21,,,
SK_BrandAwareness_Leto26_META,SK_BrandAwareness_Leto26_META_Video,Video_v1,2026-06-29,35-44,Male,2564,1258.0,2.04,56,31,1.22,0.54,16.74,,,
SK_BrandAwareness_Leto26_META,SK_BrandAwareness_Leto26_META_Reels,Reels_v1,2026-08-02,35-44,Female,4188,2186.0,1.92,141,68,1.61,0.36,24.48,,,
SK_BrandAwareness_Leto26_META,SK_BrandAwareness_Leto26_META_Video,Video_v1,2026-06-13,25-34,Male,4688,2475.0,1.89,118,64,1.36,0.62,39.68,,,
SK_ProduktLaunch26_META,SK_ProduktLaunch26_META_Feed,Feed_v1,2026-09-10,65+,Female,1175,591.0,1.99,20,13,1.14,0.45,5.85,0.0,,Website purchases
SK_ProduktLaunch26_META,SK_ProduktLaunch26_META_Feed,Feed_v1,2026-08-21,45-54,Male,1882,958.0,1.96,76,35,1.87,0.48,16.8,1.0,16.8,Website purchases
SK_ProduktLaunch26_META,SK_ProduktLaunch26_META_Reels,Reels_v1,2026-09-23,25-34,Male,2911,1718.0,1.69,121,54,1.84,0.51,27.54,2.0,13.77,Website purchases
SK_ProduktLaunch26_META,SK_ProduktLaunch26_META_Feed,Feed_v1,2026-10-12,25-34,Female,1558,761.0,2.05,57,26,1.69,0.43,11.18,1.0,11.18,Website purchases
SK_BrandAwareness_Leto26_META,SK_BrandAwareness_Leto26_META_Reels,Reels_v1,2026-08-06,55-64,Female,2778,1640.0,1.69,93,41,1.49,0.48,19.68,,,
SK_ProduktLaunch26_META,SK_ProduktLaunch26_META_Reels,Reels_v1,2026-10-12,65+,Female,1426,655.0,2.18,41,22,1.56,0.48,10.56,1.0,10.56,Website purchases
SK_BrandAwareness_Leto26_META,SK_BrandAwareness_Leto26_META_Reels,Reels_v1,2026-06-18,25-34,Female,4889,2844.0,1.72,95,48,0.99,0.53,25.44,,,
SK_ProduktLaunch26_META,SK_ProduktLaunch26_META_Reels,Reels_v1,2026-09-13,65+,Male,1826,1108.0,1.65,58,33,1.83,0.48,15.84,1.0,15.84,Website purchases
SK_ProduktLaunch26_META,SK_ProduktLaunch26_META_Reels,Reels_v1,2026-10-20,35-44,Male,2958,1643.0,1.8,112,74,2.5,0.42,31.08,2.0,15.54,Website purchases
SK_ProduktLaunch26_META,SK_ProduktLaunch26_META_Reels,Reels_v1,2026-08-25,65+,Male,1646,1163.0,1.42,35,23,1.37,0.37,8.51,1.0,8.51,Website purchases
SK_ProduktLaunch26_META,SK_ProduktLaunch26_META_Stories,Stories_v1,2026-10-01,35-44,Female,2054,1528.0,1.34,58,38,1.83,0.36,13.68,1.0,13.68,Website purchases
SK_ProduktLaunch26_META,SK_ProduktLaunch26_META_Reels,Reels_v1,2026-08-29,65+,Female,933,716.0,1.3,29,17,1.82,0.51,8.67,1.0,8.67,Website purchases
SK_ProduktLaunch26_META,SK_ProduktLaunch26_META_Feed,Feed_v1,2026-09-03,18-24,Male,1373,661.0,2.08,35,19,1.42,0.58,11.02,0.0,,Website purchases
SK_ProduktLaunch26_META,SK_ProduktLaunch26_META_Feed,Feed_v1,2026-08-30,35-44,Male,2604,1799.0,1.45,65,45,1.73,0.37,16.65,1.0,16.65,Website purchases
SK_BrandAwareness_Leto26_META,SK_BrandAwareness_Leto26_META_Video,Video_v1,2026-06-18,25-34,Male,2769,1307.0,2.12,68,41,1.5,0.52,21.32,,,
SK_BrandAwareness_Leto26_META,SK_BrandAwareness_Leto26_META_Carousel,Carousel_v1,2026-06-28,35-44,Female,2566,1175.0,2.18,45,32,1.26,0.63,20.16,,,
SK_BrandAwareness_Leto26_META,SK_BrandAwareness_Leto26_META_Video_V2,Video_v1,2026-08-14,65+,Female,1415,741.0,1.91,54,25,1.78,0.51,12.75,,,
SK_BrandAwareness_Leto26_META,SK_BrandAwareness_Leto26_META_Carousel,Carousel_v1,2026-07-10,25-34,Male,3195,2329.0,1.37,103,46,1.43,0.62,28.52,,,
SK_BrandAwareness_Leto26_META,SK_BrandAwareness_Leto26_META_Carousel,Carousel_v1,2026-06-22,18-24,Male,1363,669.0,2.04,63,30,2.17,0.55,16.5,,,
SK_ProduktLaunch26_META,SK_ProduktLaunch26_META_Stories,Stories_v1,2026-09-11,35-44,Male,2652,1501.0,1.77,79,43,1.63,0.39,16.77,1.0,16.77,Website purchases
SK_BrandAwareness_Leto26_META,SK_BrandAwareness_Leto26_META_Carousel,Carousel_v1,2026-07-12,25-34,Female,2768,1568.0,1.77,56,36,1.29,0.65,23.4,,,
SK_BrandAwareness_Leto26_META,SK_BrandAwareness_Leto26_META_Carousel,Carousel_v1,2026-07-19,65+,Female,808,542.0,1.49,28,14,1.72,0.55,7.7,,,
SK_BrandAwareness_Leto26_META,SK_BrandAwareness_Leto26_META_Reels,Reels_v1,2026-06-04,18-24,Female,1758,825.0,2.13,42,29,1.67,0.39,11.31,,,
SK_ProduktLaunch26_META,SK_ProduktLaunch26_META_Stories,Stories_v1,2026-10-05,35-44,Female,1872,969.0,1.93,70,39,2.06,0.4,15.6,1.0,15.6,Website purchases
SK_BrandAwareness_Leto26_META,SK_BrandAwareness_Leto26_META_Carousel,Carousel_v1,2026-06-01,65+,Female,1080,731.0,1.48,31,17,1.61,0.64,10.88,,,
SK_ProduktLaunch26_META,SK_ProduktLaunch26_META_Stories,Stories_v1,2026-10-09,45-54,Male,1881,1027.0,1.83,60,28,1.48,0.56,15.68,1.0,15.68,Website purchases
SK_ProduktLaunch26_META,SK_ProduktLaunch26_META_Reels,Reels_v1,2026-09-20,18-24,Female,1617,1028.0,1.57,41,22,1.37,0.32,7.04,1.0,7.04,Website purchases
SK_BrandAwareness_Leto26_META,SK_BrandAwareness_Leto26_META_Reels,Reels_v1,2026-06-29,25-34,Male,2945,2018.0,1.46,87,47,1.6,0.53,24.91,,,
SK_BrandAwareness_Leto26_META,SK_BrandAwareness_Leto26_META_Carousel,Carousel_v1,2026-06-20,25-34,Female,2403,1560.0,1.54,93,41,1.71,0.6,24.6,,,
SK_ProduktLaunch26_META,SK_ProduktLaunch26_META_Feed,Feed_v1,2026-08-30,45-54,Male,2393,1358.0,1.76,100,47,1.96,0.39,18.33,1.0,18.33,Website purchases
SK_BrandAwareness_Leto26_META,SK_BrandAwareness_Leto26_META_Reels,Reels_v1,2026-07-02,35-44,Female,3676,2037.0,1.8,113,60,1.64,0.39,23.4,,,
SK_ProduktLaunch26_META,SK_ProduktLaunch26_META_Feed,Feed_v1,2026-09-14,65+,Female,1003,492.0,2.04,17,12,1.15,0.54,6.48,0.0,,Website purchases
SK_ProduktLaunch26_META,SK_ProduktLaunch26_META_Reels,Reels_v1,2026-10-28,25-34,Male,2379,1249.0,1.9,69,33,1.37,0.36,11.88,1.0,11.88,Website purchases
SK_BrandAwareness_Leto26_META,SK_BrandAwareness_Leto26_META_Carousel,Carousel_v1,2026-07-30,25-34,Female,1635,1241.0,1.32,25,17,1.02,0.66,11.22,,,
SK_ProduktLaunch26_META,SK_ProduktLaunch26_META_Feed,Feed_v1,2026-09-29,55-64,Male,1724,1269.0,1.36,50,27,1.55,0.48,12.96,1.0,12.96,Website purchases
SK_ProduktLaunch26_META,SK_ProduktLaunch26_META_Reels,Reels_v1,2026-09-03,65+,Female,1667,828.0,2.01,43,29,1.72,0.47,13.63,1.0,13.63,Website purchases
SK_ProduktLaunch26_META,SK_ProduktLaunch26_META_Feed,Feed_v1,2026-09-27,55-64,Female,1098,640.0,1.72,34,16,1.44,0.55,8.8,0.0,,Website purchases
SK_BrandAwareness_Leto26_META,SK_BrandAwareness_Leto26_META_Reels,Reels_v1,2026-06-03,25-34,Female,2849,1421.0,2.0,77,46,1.61,0.36,16.56,,,
SK_BrandAwareness_Leto26_META,SK_BrandAwareness_Leto26_META_Video,Video_v1,2026-07-02,45-54,Male,1529,1145.0,1.34,53,24,1.54,0.44,10.56,,,
SK_BrandAwareness_Leto26_META,SK_BrandAwareness_Leto26_META_Video,Video_v1,2026-06-23,55-64,Male,2623,1813.0,1.45,50,31,1.17,0.57,17.67,,,
SK_BrandAwareness_Leto26_META,SK_BrandAwareness_Leto26_META_Carousel,Carousel_v1,2026-08-03,65+,Female,813,581.0,1.4,33,17,2.1,0.51,8.67,,,
SK_BrandAwareness_Leto26_META,SK_BrandAwareness_Leto26_META_Carousel,Carousel_v1,2026-07-05,65+,Female,648,300.0,2.16,18,12,1.8,0.59,7.08,,,
SK_ProduktLaunch26_META,SK_ProduktLaunch26_META_Reels,Reels_v1,2026-09-17,55-64,Female,2189,1107.0,1.98,85,49,2.23,0.36,17.64,1.0,17.64,Website purchases
SK_ProduktLaunch26_META,SK_ProduktLaunch26_META_Feed,Feed_v1,2026-10-02,25-34,Male,2772,1631.0,1.7,105,52,1.86,0.5,26.0,1.0,26.0,Website purchases
SK_ProduktLaunch26_META,SK_ProduktLaunch26_META_Feed,Feed_v1,2026-09-25,55-64,Male,1571,882.0,1.78,31,21,1.35,0.45,9.45,1.0,9.45,Website purchases
SK_BrandAwareness_Leto26_META,SK_BrandAwareness_Leto26_META_Reels,Reels_v1,2026-07-01,35-44,Female,4024,2020.0,1.99,87,52,1.29,0.38,19.76,,,
SK_ProduktLaunch26_META,SK_ProduktLaunch26_META_Stories,Stories_v1,2026-10-27,25-34,Female,1596,1123.0,1.42,52,33,2.09,0.5,16.5,1.0,16.5,Website purchases
SK_BrandAwareness_Leto26_META,SK_BrandAwareness_Leto26_META_Video_V2,Video_v1,2026-07-09,18-24,Male,1745,1047.0,1.67,28,16,0.92,0.51,8.16,,,
SK_ProduktLaunch26_META,SK_ProduktLaunch26_META_Reels,Reels_v1,2026-08-28,65+,Female,1557,801.0,1.94,40,20,1.27,0.42,8.4,1.0,8.4,Website purchases
SK_BrandAwareness_Leto26_META,SK_BrandAwareness_Leto26_META_Carousel,Carousel_v1,2026-06-18,18-24,Female,981,524.0,1.87,40,19,1.96,0.52,9.88,,,
SK_BrandAwareness_Leto26_META,SK_BrandAwareness_Leto26_META_Carousel,Carousel_v1,2026-06-17,35-44,Male,1630,1109.0,1.47,66,30,1.85,0.56,16.8,,,
SK_BrandAwareness_Leto26_META,SK_BrandAwareness_Leto26_META_Video_V2,Video_v1,2026-08-05,35-44,Female,3293,1604.0,2.05,88,42,1.26,0.43,18.06,,,
SK_ProduktLaunch26_META,SK_ProduktLaunch26_META_Feed,Feed_v1,2026-09-30,65+,Female,1307,606.0,2.16,42,21,1.63,0.56,11.76,1.0,11.76,Website purchases
SK_ProduktLaunch26_META,SK_ProduktLaunch26_META_Reels,Reels_v1,2026-10-24,65+,Female,1418,787.0,1.8,52,35,2.47,0.47,16.45,1.0,16.45,Website purchases
SK_ProduktLaunch26_META,SK_ProduktLaunch26_META_Stories,Stories_v1,2026-09-02,35-44,Male,2441,1165.0,2.1,92,43,1.74,0.44,18.92,1.0,18.92,Website purchases
SK_BrandAwareness_Leto26_META,SK_BrandAwareness_Leto26_META_Reels,Reels_v1,2026-06-02,55-64,Male,3012,2198.0,1.37,116,52,1.72,0.39,20.28,,,
SK_BrandAwareness_Leto26_META,SK_BrandAwareness_Leto26_META_Carousel,Carousel_v1,2026-07-05,18-24,Female,1821,991.0,1.84,36,21,1.14,0.62,13.02,,,
SK_ProduktLaunch26_META,SK_ProduktLaunch26_META_Stories,Stories_v1,2026-08-22,25-34,Male,2452,1677.0,1.46,71,44,1.78,0.33,14.52,1.0,14.52,Website purchases
SK_ProduktLaunch26_META,SK_ProduktLaunch26_META_Feed,Feed_v1,2026-10-25,18-24,Female,1521,1007.0,1.51,36,20,1.33,0.46,9.2,0.0,,Website purchases
SK_BrandAwareness_Leto26_META,SK_BrandAwareness_Leto26_META_Video_V2,Video_v1,2026-07-15,65+,Female,835,398.0,2.1,16,10,1.25,0.45,4.5,,,
SK_ProduktLaunch26_META,SK_ProduktLaunch26_META_Feed,Feed_v1,2026-09-21,18-24,Male,2121,1618.0,1.31,50,35,1.66,0.53,18.55,1.0,18.55,Website purchases
SK_ProduktLaunch26_META,SK_ProduktLaunch26_META_Feed,Feed_v1,2026-10-04,45-54,Female,1627,861.0,1.89,44,30,1.81,0.5,15.0,1.0,15.0,Website purchases
SK_BrandAwareness_Leto26_META,SK_BrandAwareness_Leto26_META_Video_V2,Video_v1,2026-07-15,18-24,Male,3211,2317.0,1.39,52,28,0.87,0.39,10.92,,,
SK_BrandAwareness_Leto26_META,SK_BrandAwareness_Leto26_META_Video_V2,Video_v1,2026-07-12,25-34,Male,3684,1711.0,2.15,138,63,1.71,0.48,30.24,,,
SK_BrandAwareness_Leto26_META,SK_BrandAwareness_Leto26_META_Reels,Reels_v1,2026-06-03,35-44,Male,3864,2027.0,1.91,88,58,1.5,0.34,19.72,,,
SK_ProduktLaunch26_META,SK_ProduktLaunch26_META_Stories,Stories_v1,2026-10-18,25-34,Male,2628,1906.0,1.38,68,44,1.67,0.49,21.56,1.0,21.56,Website purchases
SK_BrandAwareness_Leto26_META,SK_BrandAwareness_Leto26_META_Reels,Reels_v1,2026-08-12,35-44,Female,3667,1694.0,2.16,60,38,1.05,0.46,17.48,,,
SK_BrandAwareness_Leto26_META,SK_BrandAwareness_Leto26_META_Reels,Reels_v1,2026-08-05,25-34,Female,2639,1616.0,1.63,93,43,1.61,0.4,17.2,,,
SK_ProduktLaunch26_META,SK_ProduktLaunch26_META_Reels,Reels_v1,2026-09-02,18-24,Female,1747,1115.0,1.57,66,43,2.46,0.53,22.79,1.0,22.79,Website purchases
SK_ProduktLaunch26_META,SK_ProduktLaunch26_META_Stories,Stories_v1,2026-10-21,65+,Male,1008,639.0,1.58,36,22,2.22,0.37,8.14,1.0,8.14,Website purchases
SK_ProduktLaunch26_META,SK_ProduktLaunch26_META_Reels,Reels_v1,2026-10-11,65+,Female,1847,1210.0,1.53,67,36,1.94,0.33,11.88,1.0,11.88,Website purchases
SK_BrandAwareness_Leto26_META,SK_BrandAwareness_Leto26_META_Video_V2,Video_v1,2026-07-07,18-24,Female,1816,995.0,1.83,26,17,0.96,0.42,7.14,,,
SK_BrandAwareness_Leto26_META,SK_BrandAwareness_Leto26_META_Reels,Reels_v1,2026-08-11,55-64,Male,2989,1541.0,1.94,81,45,1.5,0.41,18.45,,,
SK_BrandAwareness_Leto26_META,SK_BrandAwareness_Leto26_META_Reels,Reels_v1,2026-06-12,55-64,Female,2780,2017.0,1.38,70,38,1.38,0.31,11.78,,,
SK_BrandAwareness_Leto26_META,SK_BrandAwareness_Leto26_META_Video,Video_v1,2026-06-25,45-54,Male,2645,1255.0,2.11,85,41,1.57,0.49,20.09,,,
SK_BrandAwareness_Leto26_META,SK_BrandAwareness_Leto26_META_Video,Video_v1,2026-07-04,25-34,Male,3842,2536.0,1.51,136,68,1.78,0.61,41.48,,,
SK_BrandAwareness_Leto26_META,SK_BrandAwareness_Leto26_META_Reels,Reels_v1,2026-06-12,25-34,Male,2775,2127.0,1.3,81,52,1.89,0.44,22.88,,,
SK_ProduktLaunch26_META,SK_ProduktLaunch26_META_Reels,Reels_v1,2026-09-25,45-54,Female,3139,1863.0,1.68,160,70,2.22,0.53,37.1,2.0,18.55,Website purchases
SK_ProduktLaunch26_META,SK_ProduktLaunch26_META_Stories,Stories_v1,2026-10-27,65+,Male,707,452.0,1.56,30,15,2.06,0.54,8.1,0.0,,Website purchases
SK_BrandAwareness_Leto26_META,SK_BrandAwareness_Leto26_META_Reels,Reels_v1,2026-06-28,25-34,Female,2876,1782.0,1.61,60,32,1.11,0.4,12.8,,,
SK_ProduktLaunch26_META,SK_ProduktLaunch26_META_Feed,Feed_v1,2026-10-11,35-44,Female,1537,1003.0,1.53,27,19,1.21,0.48,9.12,0.0,,Website purchases
SK_ProduktLaunch26_META,SK_ProduktLaunch26_META_Stories,Stories_v1,2026-10-11,65+,Female,766,582.0,1.32,26,13,1.72,0.5,6.5,0.0,,Website purchases
SK_BrandAwareness_Leto26_META,SK_BrandAwareness_Leto26_META_Video,Video_v1,2026-06-14,18-24,Female,1594,1188.0,1.34,52,24,1.5,0.61,14.64,,,
SK_ProduktLaunch26_META,SK_ProduktLaunch26_META_Reels,Reels_v1,2026-08-15,55-64,Male,2175,1127.0,1.93,118,52,2.38,0.38,19.76,2.0,9.88,Website purchases
SK_BrandAwareness_Leto26_META,SK_BrandAwareness_Leto26_META_Reels,Reels_v1,2026-07-28,25-34,Male,2612,1616.0,1.62,74,46,1.76,0.42,19.32,,,
SK_BrandAwareness_Leto26_META,SK_BrandAwareness_Leto26_META_Video_V2,Video_v1,2026-07-24,55-64,Female,1354,943.0,1.44,43,24,1.76,0.42,10.08,,,
SK_ProduktLaunch26_META,SK_ProduktLaunch26_META_Reels,Reels_v1,2026-09-08,45-54,Female,3452,1843.0,1.87,154,83,2.41,0.43,35.69,2.0,17.84,Website purchases
SK_BrandAwareness_Leto26_META,SK_BrandAwareness_Leto26_META_Carousel,Carousel_v1,2026-06-26,65+,Male,553,412.0,1.34,12,6,1.01,0.66,3.96,,,
SK_ProduktLaunch26_META,SK_ProduktLaunch26_META_Feed,Feed_v1,2026-09-20,65+,Female,865,477.0,1.81,24,13,1.54,0.57,7.41,0.0,,Website purchases
SK_BrandAwareness_Leto26_META,SK_BrandAwareness_Leto26_META_Carousel,Carousel_v1,2026-08-09,25-34,Female,2063,1261.0,1.64,63,36,1.74,0.63,22.68,,,
SK_ProduktLaunch26_META,SK_ProduktLaunch26_META_Stories,Stories_v1,2026-10-24,65+,Male,875,541.0,1.62,33,15,1.7,0.44,6.6,0.0,,Website purchases
SK_BrandAwareness_Leto26_META,SK_BrandAwareness_Leto26_META_Carousel,Carousel_v1,2026-06-03,18-24,Male,1613,1114.0,1.45,58,26,1.6,0.51,13.26,,,
SK_ProduktLaunch26_META,SK_ProduktLaunch26_META_Stories,Stories_v1,2026-09-03,65+,Male,1195,804.0,1.49,46,27,2.25,0.55,14.85,1.0,14.85,Website purchases
SK_ProduktLaunch26_META,SK_ProduktLaunch26_META_Reels,Reels_v1,2026-10-15,65+,Female,1835,863.0,2.13,53,23,1.27,0.49,11.27,1.0,11.27,Website purchases
SK_ProduktLaunch26_META,SK_ProduktLaunch26_META_Stories,Stories_v1,2026-08-24,65+,Female,917,680.0,1.35,41,19,2.12,0.39,7.41,1.0,7.41,Website purchases
SK_BrandAwareness_Leto26_META,SK_BrandAwareness_Leto26_META_Reels,Reels_v1,2026-06-22,18-24,Female,1647,763.0,2.16,53,28,1.68,0.33,9.24,,,
SK_BrandAwareness_Leto26_META,SK_BrandAwareness_Leto26_META_Reels,Reels_v1,2026-08-03,65+,Female,1490,925.0,1.61,43,26,1.75,0.3,7.8,,,
SK_BrandAwareness_Leto26_META,SK_BrandAwareness_Leto26_META_Reels,Reels_v1,2026-06-11,18-24,Male,3456,1906.0,1.81,89,62,1.8,0.48,29.76,,,
SK_ProduktLaunch26_META,SK_ProduktLaunch26_META_Feed,Feed_v1,2026-10-05,55-64,Female,2002,1070.0,1.87,42,24,1.19,0.53,12.72,1.0,12.72,Website purchases
SK_BrandAwareness_Leto26_META,SK_BrandAwareness_Leto26_META_Reels,Reels_v1,2026-07-29,45-54,Male,3811,2586.0,1.47,125,64,1.69,0.53,33.92,,,
SK_ProduktLaunch26_META,SK_ProduktLaunch26_META_Stories,Stories_v1,2026-10-13,35-44,Male,2232,1196.0,1.87,57,26,1.18,0.56,14.56,1.0,14.56,Website purchases
SK_ProduktLaunch26_META,SK_ProduktLaunch26_META_Feed,Feed_v1,2026-10-24,25-34,Male,3356,2538.0,1.32,68,34,1.01,0.46,15.64,1.0,15.64,Website purchases
SK_BrandAwareness_Leto26_META,SK_BrandAwareness_Leto26_META_Video_V2,Video_v1,2026-08-13,18-24,Female,1939,959.0,2.02,57,25,1.31,0.51,12.75,,,
SK_BrandAwareness_Leto26_META,SK_BrandAwareness_Leto26_META_Video_V2,Video_v1,2026-08-01,55-64,Female,2238,1124.0,1.99,42,26,1.18,0.64,16.64,,,
SK_BrandAwareness_Leto26_META,SK_BrandAwareness_Leto26_META_Carousel,Carousel_v1,2026-06-09,65+,Male,1290,761.0,1.7,27,16,1.23,0.54,8.64,,,
SK_BrandAwareness_Leto26_META,SK_BrandAwareness_Leto26_META_Carousel,Carousel_v1,2026-06-20,45-54,Female,1520,1159.0,1.31,35,16,1.08,0.54,8.64,,,
SK_ProduktLaunch26_META,SK_ProduktLaunch26_META_Stories,Stories_v1,2026-08-17,25-34,Male,2144,1501.0,1.43,75,41,1.89,0.38,15.58,1.0,15.58,Website purchases
SK_BrandAwareness_Leto26_META,SK_BrandAwareness_Leto26_META_Video,Video_v1,2026-07-04,18-24,Female,2264,1544.0,1.47,31,19,0.86,0.5,9.5,,,
SK_ProduktLaunch26_META,SK_ProduktLaunch26_META_Stories,Stories_v1,2026-09-11,55-64,Male,1235,806.0,1.53,40,26,2.07,0.47,12.22,1.0,12.22,Website purchases
SK_BrandAwareness_Leto26_META,SK_BrandAwareness_Leto26_META_Reels,Reels_v1,2026-08-08,55-64,Female,1536,721.0,2.13,46,30,1.96,0.54,16.2,,,
SK_BrandAwareness_Leto26_META,SK_BrandAwareness_Leto26_META_Carousel,Carousel_v1,2026-06-15,18-24,Male,1236,752.0,1.64,43,27,2.16,0.5,13.5,,,
SK_ProduktLaunch26_META,SK_ProduktLaunch26_META_Feed,Feed_v1,2026-08-23,65+,Male,1088,643.0,1.69,24,16,1.49,0.55,8.8,0.0,,Website purchases
SK_ProduktLaunch26_META,SK_ProduktLaunch26_META_Reels,Reels_v1,2026-10-25,18-24,Female,2203,1084.0,2.03,51,29,1.33,0.39,11.31,1.0,11.31,Website purchases
SK_ProduktLaunch26_META,SK_ProduktLaunch26_META_Stories,Stories_v1,2026-09-15,65+,Female,695,483.0,1.44,17,11,1.54,0.45,4.95,0.0,,Website purchases
SK_ProduktLaunch26_META,SK_ProduktLaunch26_META_Reels,Reels_v1,2026-09-17,35-44,Female,3357,1662.0,2.02,115,64,1.92,0.54,34.56,2.0,17.28,Website purchases
SK_BrandAwareness_Leto26_META,SK_BrandAwareness_Leto26_META_Reels,Reels_v1,2026-07-06,18-24,Female,1753,856.0,2.05,55,34,1.92,0.49,16.66,,,
SK_BrandAwareness_Leto26_META,SK_BrandAwareness_Leto26_META_Video,Video_v1,2026-07-01,25-34,Female,2940,1495.0,1.97,73,37,1.26,0.58,21.46,,,
SK_BrandAwareness_Leto26_META,SK_BrandAwareness_Leto26_META_Video,Video_v1,2026-06-08,65+,Female,1469,775.0,1.9,18,12,0.81,0.44,5.28,,,
SK_ProduktLaunch26_META,SK_ProduktLaunch26_META_Feed,Feed_v1,2026-10-09,35-44,Female,2247,1152.0,1.95,65,30,1.32,0.44,13.2,1.0,13.2,Website purchases
SK_BrandAwareness_Leto26_META,SK_BrandAwareness_Leto26_META_Carousel,Carousel_v1,2026-07-08,65+,Male,1266,768.0,1.65,27,17,1.36,0.43,7.31,,,
SK_BrandAwareness_Leto26_META,SK_BrandAwareness_Leto26_META_Video,Video_v1,2026-06-21,35-44,Male,3623,2686.0,1.35,46,30,0.82,0.56,16.8,,,
SK_ProduktLaunch26_META,SK_ProduktLaunch26_META_Feed,Feed_v1,2026-10-09,55-64,Female,1028,744.0,1.38,45,20,1.95,0.39,7.8,0.0,,Website purchases
SK_BrandAwareness_Leto26_META,SK_BrandAwareness_Leto26_META_Carousel,Carousel_v1,2026-07-06,18-24,Male,1322,792.0,1.67,36,22,1.64,0.45,9.9,,,
SK_ProduktLaunch26_META,SK_ProduktLaunch26_META_Stories,Stories_v1,2026-10-16,65+,Female,921,496.0,1.86,43,20,2.16,0.34,6.8,1.0,6.8,Website purchases
SK_BrandAwareness_Leto26_META,SK_BrandAwareness_Leto26_META_Carousel,Carousel_v1,2026-07-27,45-54,Male,1887,1161.0,1.63,62,31,1.66,0.59,18.29,,,
SK_ProduktLaunch26_META,SK_ProduktLaunch26_META_Reels,Reels_v1,2026-09-14,25-34,Female,4773,3264.0,1.46,195,116,2.43,0.36,41.76,3.0,13.92,Website purchases
SK_BrandAwareness_Leto26_META,SK_BrandAwareness_Leto26_META_Carousel,Carousel_v1,2026-06-06,35-44,Female,2122,1016.0,2.09,62,28,1.34,0.44,12.32,,,
SK_ProduktLaunch26_META,SK_ProduktLaunch26_META_Stories,Stories_v1,2026-09-18,55-64,Female,1050,589.0,1.78,41,20,1.91,0.36,7.2,1.0,7.2,Website purchases
SK_ProduktLaunch26_META,SK_ProduktLaunch26_META_Stories,Stories_v1,2026-09-25,65+,Male,958,453.0,2.11,27,13,1.33,0.58,7.54,0.0,,Website purchases
SK_BrandAwareness_Leto26_META,SK_BrandAwareness_Leto26_META_Carousel,Carousel_v1,2026-06-15,65+,Male,1303,761.0,1.71,39,26,2.0,0.44,11.44,,,
SK_BrandAwareness_Leto26_META,SK_BrandAwareness_Leto26_META_Video,Video_v1,2026-06-22,25-34,Male,3058,2216.0,1.38,46,25,0.83,0.64,16.0,,,
SK_ProduktLaunch26_META,SK_ProduktLaunch26_META_Feed,Feed_v1,2026-09-27,35-44,Female,2778,1926.0,1.44,73,32,1.16,0.59,18.88,1.0,18.88,Website purchases
SK_BrandAwareness_Leto26_META,SK_BrandAwareness_Leto26_META_Video_V2,Video_v1,2026-07-16,65+,Male,1274,601.0,2.12,39,22,1.73,0.62,13.64,,,
SK_BrandAwareness_Leto26_META,SK_BrandAwareness_Leto26_META_Reels,Reels_v1,2026-07-10,45-54,Female,2782,1687.0,1.65,63,30,1.07,0.53,15.9,,,
SK_BrandAwareness_Leto26_META,SK_BrandAwareness_Leto26_META_Video_V2,Video_v1,2026-07-15,35-44,Male,1837,1377.0,1.33,39,19,1.01,0.44,8.36,,,
SK_BrandAwareness_Leto26_META,SK_BrandAwareness_Leto26_META_Video,Video_v1,2026-06-28,55-64,Female,1892,985.0,1.92,37,18,0.96,0.64,11.52,,,
SK_BrandAwareness_Leto26_META,SK_BrandAwareness_Leto26_META_Reels,Reels_v1,2026-08-02,65+,Male,1317,776.0,1.7,40,18,1.37,0.4,7.2,,,
SK_ProduktLaunch26_META,SK_ProduktLaunch26_META_Feed,Feed_v1,2026-08-15,55-64,Female,2014,1484.0,1.36,48,34,1.69,0.41,13.94,1.0,13.94,Website purchases
SK_ProduktLaunch26_META,SK_ProduktLaunch26_META_Feed,Feed_v1,2026-10-25,35-44,Male,1806,874.0,2.07,35,21,1.19,0.54,11.34,1.0,11.34,Website purchases
SK_BrandAwareness_Leto26_META,SK_BrandAwareness_Leto26_META_Carousel,Carousel_v1,2026-07-08,55-64,Male,795,392.0,2.03,25,15,1.92,0.62,9.3,,,
SK_BrandAwareness_Leto26_META,SK_BrandAwareness_Leto26_META_Carousel,Carousel_v1,2026-07-01,35-44,Male,1306,616.0,2.12,39,17,1.31,0.47,7.99,,,
SK_ProduktLaunch26_META,SK_ProduktLaunch26_META_Stories,Stories_v1,2026-08-28,18-24,Male,1395,866.0,1.61,59,26,1.9,0.53,13.78,1.0,13.78,Website purchases
SK_ProduktLaunch26_META,SK_ProduktLaunch26_META_Reels,Reels_v1,2026-10-09,45-54,Female,1844,1324.0,1.39,57,27,1.46,0.45,12.15,1.0,12.15,Website purchases
SK_BrandAwareness_Leto26_META,SK_BrandAwareness_Leto26_META_Carousel,Carousel_v1,2026-06-02,65+,Male,1067,625.0,1.71,24,11,1.06,0.47,5.17,,,
SK_ProduktLaunch26_META,SK_ProduktLaunch26_META_Reels,Reels_v1,2026-09-08,65+,Male,1323,713.0,1.86,71,32,2.4,0.35,11.2,1.0,11.2,Website purchases
SK_ProduktLaunch26_META,SK_ProduktLaunch26_META_Feed,Feed_v1,2026-09-18,25-34,Male,3658,2344.0,1.56,74,49,1.34,0.59,28.91,1.0,28.91,Website purchases
SK_BrandAwareness_Leto26_META,SK_BrandAwareness_Leto26_META_Video,Video_v1,2026-07-04,45-54,Male,2981,1927.0,1.55,67,35,1.17,0.59,20.65,,,
SK_BrandAwareness_Leto26_META,SK_BrandAwareness_Leto26_META_Reels,Reels_v1,2026-06-01,35-44,Female,3000,1566.0,1.92,79,48,1.6,0.41,19.68,,,
SK_BrandAwareness_Leto26_META,SK_BrandAwareness_Leto26_META_Carousel,Carousel_v1,2026-06-30,25-34,Female,1577,1026.0,1.54,52,30,1.9,0.48,14.4,,,
SK_ProduktLaunch26_META,SK_ProduktLaunch26_META_Feed,Feed_v1,2026-10-08,45-54,Male,1370,648.0,2.11,31,14,1.05,0.55,7.7,0.0,,Website purchases
SK_ProduktLaunch26_META,SK_ProduktLaunch26_META_Reels,Reels_v1,2026-10-20,65+,Female,1367,801.0,1.71,66,32,2.35,0.38,12.16,1.0,12.16,Website purchases
SK_ProduktLaunch26_META,SK_ProduktLaunch26_META_Reels,Reels_v1,2026-10-10,45-54,Male,2251,1674.0,1.34,59,33,1.47,0.41,13.53,1.0,13.53,Website purchases
SK_ProduktLaunch26_META,SK_ProduktLaunch26_META_Stories,Stories_v1,2026-09-19,25-34,Male,3019,1617.0,1.87,78,43,1.44,0.51,21.93,1.0,21.93,Website purchases
SK_ProduktLaunch26_META,SK_ProduktLaunch26_META_Stories,Stories_v1,2026-09-04,18-24,Female,1878,868.0,2.16,67,30,1.58,0.53,15.9,1.0,15.9,Website purchases
SK_BrandAwareness_Leto26_META,SK_BrandAwareness_Leto26_META_Video,Video_v1,2026-07-04,65+,Female,1402,969.0,1.45,43,22,1.54,0.62,13.64,,,
SK_BrandAwareness_Leto26_META,SK_BrandAwareness_Leto26_META_Carousel,Carousel_v1,2026-07-04,18-24,Male,1501,810.0,1.85,58,32,2.11,0.45,14.4,,,
SK_ProduktLaunch26_META,SK_ProduktLaunch26_META_Feed,Feed_v1,2026-09-10,35-44,Female,1392,720.0,1.93,39,25,1.8,0.56,14.0,1.0,14.0,Website purchases
SK_ProduktLaunch26_META,SK_ProduktLaunch26_META_Stories,Stories_v1,2026-09-26,65+,Female,534,341.0,1.57,21,11,2.14,0.33,3.63,0.0,,Website purchases
SK_ProduktLaunch26_META,SK_ProduktLaunch26_META_Reels,Reels_v1,2026-10-24,45-54,Male,2212,1314.0,1.68,90,50,2.28,0.43,21.5,2.0,10.75,Website purchases
SK_ProduktLaunch26_META,SK_ProduktLaunch26_META_Stories,Stories_v1,2026-09-04,65+,Male,633,292.0,2.17,26,13,2.01,0.53,6.89,0.0,,Website purchases
SK_ProduktLaunch26_META,SK_ProduktLaunch26_META_Stories,Stories_v1,2026-10-12,25-34,Male,1875,928.0,2.02,50,22,1.17,0.53,11.66,1.0,11.66,Website purchases
SK_BrandAwareness_Leto26_META,SK_BrandAwareness_Leto26_META_Carousel,Carousel_v1,2026-06-30,65+,Female,783,494.0,1.59,32,15,1.9,0.67,10.05,,,
SK_BrandAwareness_Leto26_META,SK_BrandAwareness_Leto26_META_Reels,Reels_v1,2026-07-18,18-24,Male,2392,1260.0,1.9,94,47,1.98,0.33,15.51,,,
SK_ProduktLaunch26_META,SK_ProduktLaunch26_META_Reels,Reels_v1,2026-10-23,65+,Male,1038,560.0,1.85,52,24,2.36,0.31,7.44,1.0,7.44,Website purchases
SK_BrandAwareness_Leto26_META,SK_BrandAwareness_Leto26_META_Carousel,Carousel_v1,2026-06-17,65+,Male,559,333.0,1.68,16,8,1.46,0.48,3.84,,,
SK_BrandAwareness_Leto26_META,SK_BrandAwareness_Leto26_META_Reels,Reels_v1,2026-06-09,65+,Female,1805,1115.0,1.62,70,34,1.88,0.35,11.9,,,
SK_ProduktLaunch26_META,SK_ProduktLaunch26_META_Reels,Reels_v1,2026-10-10,45-54,Female,2001,1233.0,1.62,41,27,1.34,0.53,14.31,1.0,14.31,Website purchases
SK_BrandAwareness_Leto26_META,SK_BrandAwareness_Leto26_META_Carousel,Carousel_v1,2026-06-10,55-64,Male,1787,1210.0,1.48,46,28,1.54,0.67,18.76,,,
SK_ProduktLaunch26_META,SK_ProduktLaunch26_META_Stories,Stories_v1,2026-10-05,45-54,Male,1614,885.0,1.82,35,22,1.38,0.44,9.68,1.0,9.68,Website purchases
SK_BrandAwareness_Leto26_META,SK_BrandAwareness_Leto26_META_Carousel,Carousel_v1,2026-08-09,35-44,Female,2040,1359.0,1.5,52,31,1.51,0.43,13.33,,,
SK_BrandAwareness_Leto26_META,SK_BrandAwareness_Leto26_META_Video_V2,Video_v1,2026-07-22,25-34,Female,4207,2368.0,1.78,72,38,0.9,0.56,21.28,,,
SK_ProduktLaunch26_META,SK_ProduktLaunch26_META_Feed,Feed_v1,2026-09-09,35-44,Female,2483,1833.0,1.35,41,27,1.11,0.43,11.61,1.0,11.61,Website purchases
SK_BrandAwareness_Leto26_META,SK_BrandAwareness_Leto26_META_Reels,Reels_v1,2026-07-12,55-64,Female,2641,1293.0,2.04,76,39,1.47,0.51,19.89,,,
SK_ProduktLaunch26_META,SK_ProduktLaunch26_META_Stories,Stories_v1,2026-08-24,18-24,Male,1209,595.0,2.03,34,16,1.31,0.52,8.32,0.0,,Website purchases
SK_BrandAwareness_Leto26_META,SK_BrandAwareness_Leto26_META_Carousel,Carousel_v1,2026-06-19,18-24,Female,1744,1085.0,1.61,41,22,1.23,0.69,15.18,,,
SK_BrandAwareness_Leto26_META,SK_BrandAwareness_Leto26_META_Video_V2,Video_v1,2026-07-15,45-54,Female,1906,1025.0,1.86,69,33,1.76,0.61,20.13,,,
SK_ProduktLaunch26_META,SK_ProduktLaunch26_META_Reels,Reels_v1,2026-09-25,25-34,Female,2460,1562.0,1.57,78,39,1.58,0.35,13.65,1.0,13.65,Website purchases
SK_BrandAwareness_Leto26_META,SK_BrandAwareness_Leto26_META_Carousel,Carousel_v1,2026-07-31,18-24,Female,1246,723.0,1.72,30,13,1.04,0.66,8.58,,,
SK_ProduktLaunch26_META,SK_ProduktLaunch26_META_Stories,Stories_v1,2026-09-02,18-24,Male,1673,806.0,2.08,76,34,2.03,0.53,18.02,1.0,18.02,Website purchases
SK_BrandAwareness_Leto26_META,SK_BrandAwareness_Leto26_META_Video_V2,Video_v1,2026-08-11,45-54,Female,3025,2093.0,1.45,101,51,1.67,0.49,24.99,,,
SK_BrandAwareness_Leto26_META,SK_BrandAwareness_Leto26_META_Carousel,Carousel_v1,2026-07-08,18-24,Male,1907,1411.0,1.35,68,36,1.91,0.41,14.76,,,
SK_BrandAwareness_Leto26_META,SK_BrandAwareness_Leto26_META_Reels,Reels_v1,2026-06-19,45-54,Male,2047,1500.0,1.36,82,40,1.94,0.34,13.6,,,
SK_BrandAwareness_Leto26_META,SK_BrandAwareness_Leto26_META_Reels,Reels_v1,2026-06-24,18-24,Female,1805,1181.0,1.53,65,34,1.88,0.5,17.0,,,
SK_BrandAwareness_Leto26_META,SK_BrandAwareness_Leto26_META_Reels,Reels_v1,2026-06-27,45-54,Female,3311,1849.0,1.79,77,34,1.03,0.52,17.68,,,
SK_ProduktLaunch26_META,SK_ProduktLaunch26_META_Stories,Stories_v1,2026-10-03,18-24,Female,1413,780.0,1.81,35,18,1.24,0.47,8.46,1.0,8.46,Website purchases
SK_ProduktLaunch26_META,SK_ProduktLaunch26_META_Stories,Stories_v1,2026-08-23,25-34,Male,2110,1071.0,1.97,59,35,1.65,0.44,15.4,1.0,15.4,Website purchases
SK_ProduktLaunch26_META,SK_ProduktLaunch26_META_Feed,Feed_v1,2026-08-22,45-54,Male,1849,848.0,2.18,39,19,1.04,0.38,7.22,0.0,,Website purchases
SK_BrandAwareness_Leto26_META,SK_BrandAwareness_Leto26_META_Carousel,Carousel_v1,2026-07-28,55-64,Male,841,478.0,1.76,16,10,1.18,0.52,5.2,,,
SK_ProduktLaunch26_META,SK_ProduktLaunch26_META_Stories,Stories_v1,2026-10-09,18-24,Male,1281,738.0,1.74,35,17,1.33,0.36,6.12,0.0,,Website purchases
SK_ProduktLaunch26_META,SK_ProduktLaunch26_META_Stories,Stories_v1,2026-10-27,55-64,Female,1276,610.0,2.09,30,15,1.16,0.58,8.7,0.0,,Website purchases
SK_BrandAwareness_Leto26_META,SK_BrandAwareness_Leto26_META_Carousel,Carousel_v1,2026-06-23,45-54,Female,1604,861.0,1.86,38,24,1.47,0.56,13.44,,,
SK_BrandAwareness_Leto26_META,SK_BrandAwareness_Leto26_META_Reels,Reels_v1,2026-07-22,65+,Female,1043,649.0,1.61,28,14,1.3,0.31,4.34,,,
SK_BrandAwareness_Leto26_META,SK_BrandAwareness_Leto26_META_Carousel,Carousel_v1,2026-07-10,18-24,Male,2234,1315.0,1.7,42,24,1.1,0.42,10.08,,,
SK_ProduktLaunch26_META,SK_ProduktLaunch26_META_Stories,Stories_v1,2026-10-14,35-44,Male,2811,1705.0,1.65,129,57,2.03,0.42,23.94,2.0,11.97,Website purchases
SK_BrandAwareness_Leto26_META,SK_BrandAwareness_Leto26_META_Carousel,Carousel_v1,2026-06-22,65+,Female,1014,734.0,1.38,18,12,1.23,0.42,5.04,,,
SK_ProduktLaunch26_META,SK_ProduktLaunch26_META_Stories,Stories_v1,2026-10-27,45-54,Male,1980,915.0,2.16,82,39,1.96,0.44,17.16,1.0,17.16,Website purchases
SK_BrandAwareness_Leto26_META,SK_BrandAwareness_Leto26_META_Carousel,Carousel_v1,2026-06-14,65+,Male,960,486.0,1.98,34,16,1.63,0.67,10.72,,,
SK_ProduktLaunch26_META,SK_ProduktLaunch26_META_Reels,Reels_v1,2026-10-20,55-64,Male,1806,1269.0,1.42,43,28,1.57,0.4,11.2,1.0,11.2,Website purchases
SK_BrandAwareness_Leto26_META,SK_BrandAwareness_Leto26_META_Video,Video_v1,2026-06-12,55-64,Female,1994,1412.0,1.41,40,25,1.24,0.47,11.75,,,
SK_BrandAwareness_Leto26_META,SK_BrandAwareness_Leto26_META_Video_V2,Video_v1,2026-07-20,55-64,Male,2339,1586.0,1.47,39,26,1.11,0.64,16.64,,,
SK_ProduktLaunch26_META,SK_ProduktLaunch26_META_Reels,Reels_v1,2026-09-26,55-64,Female,2489,1889.0,1.32,93,61,2.44,0.36,21.96,2.0,10.98,Website purchases
SK_ProduktLaunch26_META,SK_ProduktLaunch26_META_Stories,Stories_v1,2026-08-26,18-24,Male,1134,613.0,1.85,38,24,2.1,0.57,13.68,1.0,13.68,Website purchases
SK_ProduktLaunch26_META,SK_ProduktLaunch26_META_Feed,Feed_v1,2026-08-15,35-44,Male,2022,1019.0,1.98,37,23,1.13,0.59,13.57,1.0,13.57,Website purchases
SK_ProduktLaunch26_META,SK_ProduktLaunch26_META_Stories,Stories_v1,2026-10-11,25-34,Male,3262,1623.0,2.01,122,56,1.72,0.36,20.16,2.0,10.08,Website purchases
SK_ProduktLaunch26_META,SK_ProduktLaunch26_META_Feed,Feed_v1,2026-08-27,35-44,Male,3068,2275.0,1.35,84,59,1.93,0.37,21.83,1.0,21.83,Website purchases
SK_BrandAwareness_Leto26_META,SK_BrandAwareness_Leto26_META_Carousel,Carousel_v1,2026-07-20,55-64,Female,881,443.0,1.99,21,10,1.16,0.46,4.6,,,
SK_ProduktLaunch26_META,SK_ProduktLaunch26_META_Feed,Feed_v1,2026-10-15,55-64,Female,1244,662.0,1.88,31,18,1.41,0.38,6.84,0.0,,Website purchases
SK_ProduktLaunch26_META,SK_ProduktLaunch26_META_Stories,Stories_v1,2026-09-12,25-34,Male,2911,1689.0,1.72,108,53,1.82,0.48,25.44,1.0,25.44,Website purchases
SK_BrandAwareness_Leto26_META,SK_BrandAwareness_Leto26_META_Video_V2,Video_v1,2026-07-15,25-34,Female,3842,2249.0,1.71,57,40,1.03,0.61,24.4,,,
SK_BrandAwareness_Leto26_META,SK_BrandAwareness_Leto26_META_Video,Video_v1,2026-07-04,35-44,Female,2928,1360.0,2.15,80,48,1.63,0.62,29.76,,,
SK_BrandAwareness_Leto26_META,SK_BrandAwareness_Leto26_META_Carousel,Carousel_v1,2026-07-05,18-24,Male,1173,581.0,2.02,21,14,1.21,0.48,6.72,,,
SK_BrandAwareness_Leto26_META,SK_BrandAwareness_Leto26_META_Reels,Reels_v1,2026-07-14,35-44,Male,3812,2696.0,1.41,104,70,1.84,0.46,32.2,,,
SK_BrandAwareness_Leto26_META,SK_BrandAwareness_Leto26_META_Carousel,Carousel_v1,2026-06-12,55-64,Female,807,447.0,1.81,22,10,1.18,0.65,6.5,,,
SK_ProduktLaunch26_META,SK_ProduktLaunch26_META_Feed,Feed_v1,2026-08-18,18-24,Female,1801,1327.0,1.36,48,23,1.25,0.53,12.19,1.0,12.19,Website purchases
SK_ProduktLaunch26_META,SK_ProduktLaunch26_META_Reels,Reels_v1,2026-08-24,65+,Female,849,450.0,1.89,36,18,2.11,0.36,6.48,1.0,6.48,Website purchases
SK_BrandAwareness_Leto26_META,SK_BrandAwareness_Leto26_META_Reels,Reels_v1,2026-08-13,45-54,Female,2755,1459.0,1.89,71,40,1.44,0.35,14.0,,,
SK_BrandAwareness_Leto26_META,SK_BrandAwareness_Leto26_META_Reels,Reels_v1,2026-08-08,18-24,Male,2730,1398.0,1.95,47,27,0.98,0.38,10.26,,,
SK_ProduktLaunch26_META,SK_ProduktLaunch26_META_Feed,Feed_v1,2026-10-20,25-34,Female,3264,2293.0,1.42,55,34,1.03,0.47,15.98,1.0,15.98,Website purchases
SK_BrandAwareness_Leto26_META,SK_BrandAwareness_Leto26_META_Reels,Reels_v1,2026-06-04,65+,Female,1599,853.0,1.87,57,25,1.54,0.41,10.25,,,
SK_BrandAwareness_Leto26_META,SK_BrandAwareness_Leto26_META_Video_V2,Video_v1,2026-07-24,18-24,Male,2667,1278.0,2.09,79,41,1.53,0.47,19.27,,,
SK_BrandAwareness_Leto26_META,SK_BrandAwareness_Leto26_META_Reels,Reels_v1,2026-08-12,18-24,Male,3021,2137.0,1.41,84,51,1.69,0.52,26.52,,,
SK_ProduktLaunch26_META,SK_ProduktLaunch26_META_Reels,Reels_v1,2026-08-17,35-44,Female,3038,1619.0,1.88,80,53,1.73,0.44,23.32,2.0,11.66,Website purchases
SK_ProduktLaunch26_META,SK_ProduktLaunch26_META_Stories,Stories_v1,2026-08-30,35-44,Female,2165,1134.0,1.91,73,43,1.98,0.46,19.78,1.0,19.78,Website purchases
SK_BrandAwareness_Leto26_META,SK_BrandAwareness_Leto26_META_Reels,Reels_v1,2026-06-05,65+,Male,1749,865.0,2.02,36,25,1.46,0.39,9.75,,,
SK_ProduktLaunch26_META,SK_ProduktLaunch26_META_Stories,Stories_v1,2026-09-11,25-34,Female,1717,944.0,1.82,66,38,2.23,0.36,13.68,1.0,13.68,Website purchases
SK_ProduktLaunch26_META,SK_ProduktLaunch26_META_Stories,Stories_v1,2026-09-19,65+,Female,836,410.0,2.04,30,14,1.72,0.52,7.28,0.0,,Website purchases
SK_BrandAwareness_Leto26_META,SK_BrandAwareness_Leto26_META_Carousel,Carousel_v1,2026-07-13,45-54,Male,1412,862.0,1.64,55,28,1.95,0.63,17.64,,,
SK_BrandAwareness_Leto26_META,SK_BrandAwareness_Leto26_META_Carousel,Carousel_v1,2026-07-12,55-64,Male,905,454.0,1.99,39,18,1.97,0.41,7.38,,,
SK_ProduktLaunch26_META,SK_ProduktLaunch26_META_Reels,Reels_v1,2026-10-08,35-44,Female,2983,1406.0,2.12,151,70,2.33,0.38,26.6,2.0,13.3,Website purchases
SK_ProduktLaunch26_META,SK_ProduktLaunch26_META_Reels,Reels_v1,2026-09-14,55-64,Female,2262,1587.0,1.43,89,49,2.16,0.53,25.97,1.0,25.97,Website purchases
SK_ProduktLaunch26_META,SK_ProduktLaunch26_META_Stories,Stories_v1,2026-10-08,18-24,Male,1260,671.0,1.88,49,29,2.27,0.36,10.44,1.0,10.44,Website purchases
SK_ProduktLaunch26_META,SK_ProduktLaunch26_META_Stories,Stories_v1,2026-09-25,18-24,Female,1339,630.0,2.13,42,20,1.47,0.42,8.4,1.0,8.4,Website purchases
SK_BrandAwareness_Leto26_META,SK_BrandAwareness_Leto26_META_Reels,Reels_v1,2026-06-24,45-54,Female,3370,1775.0,1.9,91,58,1.74,0.43,24.94,,,
SK_ProduktLaunch26_META,SK_ProduktLaunch26_META_Reels,Reels_v1,2026-10-03,18-24,Female,2325,1331.0,1.75,106,54,2.32,0.51,27.54,2.0,13.77,Website purchases
SK_ProduktLaunch26_META,SK_ProduktLaunch26_META_Reels,Reels_v1,2026-08-27,45-54,Female,2901,1864.0,1.56,144,72,2.49,0.47,33.84,2.0,16.92,Website purchases
SK_ProduktLaunch26_META,SK_ProduktLaunch26_META_Feed,Feed_v1,2026-09-04,25-34,Male,3461,2639.0,1.31,80,41,1.2,0.39,15.99,1.0,15.99,Website purchases
SK_ProduktLaunch26_META,SK_ProduktLaunch26_META_Stories,Stories_v1,2026-10-10,25-34,Male,2727,1261.0,2.16,80,44,1.63,0.4,17.6,1.0,17.6,Website purchases
SK_BrandAwareness_Leto26_META,SK_BrandAwareness_Leto26_META_Video,Video_v1,2026-06-11,35-44,Male,2185,1116.0,1.96,72,33,1.53,0.47,15.51,,,
SK_BrandAwareness_Leto26_META,SK_BrandAwareness_Leto26_META_Carousel,Carousel_v1,2026-07-09,45-54,Male,1547,860.0,1.8,39,17,1.07,0.62,10.54,,,
SK_ProduktLaunch26_META,SK_ProduktLaunch26_META_Reels,Reels_v1,2026-09-14,45-54,Male,3678,2796.0,1.32,77,49,1.34,0.51,24.99,1.0,24.99,Website purchases
SK_BrandAwareness_Leto26_META,SK_BrandAwareness_Leto26_META_Carousel,Carousel_v1,2026-06-13,65+,Male,816,545.0,1.5,29,14,1.77,0.61,8.54,,,
SK_BrandAwareness_Leto26_META,SK_BrandAwareness_Leto26_META_Carousel,Carousel_v1,2026-07-05,35-44,Female,2245,1439.0,1.56,44,31,1.36,0.52,16.12,,,
SK_ProduktLaunch26_META,SK_ProduktLaunch26_META_Reels,Reels_v1,2026-09-08,25-34,Male,4291,2442.0,1.76,176,88,2.05,0.41,36.08,3.0,12.03,Website purchases
SK_ProduktLaunch26_META,SK_ProduktLaunch26_META_Stories,Stories_v1,2026-10-12,65+,Male,1041,740.0,1.41,34,16,1.52,0.34,5.44,0.0,,Website purchases
SK_BrandAwareness_Leto26_META,SK_BrandAwareness_Leto26_META_Reels,Reels_v1,2026-07-21,18-24,Male,2624,1723.0,1.52,59,34,1.3,0.34,11.56,,,
SK_BrandAwareness_Leto26_META,SK_BrandAwareness_Leto26_META_Carousel,Carousel_v1,2026-06-29,35-44,Female,2098,1083.0,1.94,101,45,2.13,0.58,26.1,,,
SK_ProduktLaunch26_META,SK_ProduktLaunch26_META_Reels,Reels_v1,2026-08-25,18-24,Female,2430,1106.0,2.2,101,53,2.17,0.51,27.03,2.0,13.52,Website purchases
SK_BrandAwareness_Leto26_META,SK_BrandAwareness_Leto26_META_Carousel,Carousel_v1,2026-06-15,25-34,Female,2090,1404.0,1.49,34,21,1.03,0.44,9.24,,,
SK_BrandAwareness_Leto26_META,SK_BrandAwareness_Leto26_META_Video,Video_v1,2026-06-01,45-54,Male,2667,1958.0,1.36,73,39,1.46,0.41,15.99,,,
SK_ProduktLaunch26_META,SK_ProduktLaunch26_META_Stories,Stories_v1,2026-09-21,25-34,Female,1785,1207.0,1.48,34,22,1.22,0.54,11.88,1.0,11.88,Website purchases
SK_BrandAwareness_Leto26_META,SK_BrandAwareness_Leto26_META_Video,Video_v1,2026-06-05,55-64,Male,2110,1379.0,1.53,79,35,1.64,0.57,19.95,,,
SK_BrandAwareness_Leto26_META,SK_BrandAwareness_Leto26_META_Reels,Reels_v1,2026-06-22,55-64,Female,1816,871.0,2.08,41,25,1.4,0.49,12.25,,,
SK_ProduktLaunch26_META,SK_ProduktLaunch26_META_Reels,Reels_v1,2026-10-08,35-44,Male,4170,1936.0,2.15,193,98,2.35,0.43,42.14,3.0,14.05,Website purchases
SK_ProduktLaunch26_META,SK_ProduktLaunch26_META_Feed,Feed_v1,2026-10-01,55-64,Male,1340,811.0,1.65,26,18,1.33,0.41,7.38,0.0,,Website purchases
SK_ProduktLaunch26_META,SK_ProduktLaunch26_META_Feed,Feed_v1,2026-09-24,35-44,Female,1900,1440.0,1.32,36,22,1.14,0.4,8.8,1.0,8.8,Website purchases
SK_ProduktLaunch26_META,SK_ProduktLaunch26_META_Stories,Stories_v1,2026-10-13,45-54,Male,1086,509.0,2.13,32,18,1.65,0.33,5.94,1.0,5.94,Website purchases
SK_ProduktLaunch26_META,SK_ProduktLaunch26_META_Feed,Feed_v1,2026-09-29,18-24,Female,2197,1099.0,2.0,67,39,1.79,0.6,23.4,1.0,23.4,Website purchases
SK_BrandAwareness_Leto26_META,SK_BrandAwareness_Leto26_META_Carousel,Carousel_v1,2026-08-01,25-34,Female,2549,1336.0,1.91,68,36,1.42,0.47,16.92,,,
SK_ProduktLaunch26_META,SK_ProduktLaunch26_META_Stories,Stories_v1,2026-09-15,25-34,Male,2964,1850.0,1.6,110,50,1.7,0.5,25.0,1.0,25.0,Website purchases
SK_ProduktLaunch26_META,SK_ProduktLaunch26_META_Feed,Feed_v1,2026-08-22,25-34,Male,3789,2259.0,1.68,110,71,1.87,0.42,29.82,2.0,14.91,Website purchases
SK_ProduktLaunch26_META,SK_ProduktLaunch26_META_Reels,Reels_v1,2026-10-21,65+,Male,1166,675.0,1.73,45,24,2.07,0.48,11.52,1.0,11.52,Website purchases
SK_BrandAwareness_Leto26_META,SK_BrandAwareness_Leto26_META_Reels,Reels_v1,2026-07-09,45-54,Male,2571,1672.0,1.54,53,26,1.02,0.33,8.58,,,
SK_ProduktLaunch26_META,SK_ProduktLaunch26_META_Feed,Feed_v1,2026-10-12,35-44,Female,1865,945.0,1.97,43,20,1.08,0.58,11.6,0.0,,Website purchases
SK_ProduktLaunch26_META,SK_ProduktLaunch26_META_Stories,Stories_v1,2026-09-19,18-24,Female,1791,831.0,2.16,46,23,1.28,0.54,12.42,1.0,12.42,Website purchases
SK_ProduktLaunch26_META,SK_ProduktLaunch26_META_Reels,Reels_v1,2026-09-06,45-54,Male,2654,1885.0,1.41,149,65,2.47,0.34,22.1,2.0,11.05,Website purchases
SK_BrandAwareness_Leto26_META,SK_BrandAwareness_Leto26_META_Carousel,Carousel_v1,2026-07-16,45-54,Female,1300,960.0,1.35,54,24,1.84,0.62,14.88,,,
SK_BrandAwareness_Leto26_META,SK_BrandAwareness_Leto26_META_Video_V2,Video_v1,2026-07-20,18-24,Female,2783,2041.0,1.36,60,29,1.04,0.6,17.4,,,
SK_ProduktLaunch26_META,SK_ProduktLaunch26_META_Feed,Feed_v1,2026-10-11,55-64,Male,1252,769.0,1.63,30,19,1.49,0.59,11.21,0.0,,Website purchases
SK_ProduktLaunch26_META,SK_ProduktLaunch26_META_Reels,Reels_v1,2026-10-16,65+,Female,953,441.0,2.16,28,18,1.93,0.5,9.0,1.0,9.0,Website purchases
SK_BrandAwareness_Leto26_META,SK_BrandAwareness_Leto26_META_Carousel,Carousel_v1,2026-06-06,45-54,Male,1684,1155.0,1.46,62,28,1.66,0.46,12.88,,,
SK_BrandAwareness_Leto26_META,SK_BrandAwareness_Leto26_META_Carousel,Carousel_v1,2026-06-24,55-64,Female,1008,494.0,2.04,27,13,1.33,0.57,7.41,,,
SK_BrandAwareness_Leto26_META,SK_BrandAwareness_Leto26_META_Carousel,Carousel_v1,2026-06-19,65+,Female,624,411.0,1.52,29,13,2.09,0.56,7.28,,,
SK_ProduktLaunch26_META,SK_ProduktLaunch26_META_Stories,Stories_v1,2026-09-07,35-44,Male,2341,1764.0,1.33,71,39,1.67,0.42,16.38,1.0,16.38,Website purchases
SK_ProduktLaunch26_META,SK_ProduktLaunch26_META_Feed,Feed_v1,2026-09-10,65+,Male,763,494.0,1.54,23,12,1.6,0.49,5.88,0.0,,Website purchases
SK_ProduktLaunch26_META,SK_ProduktLaunch26_META_Reels,Reels_v1,2026-10-11,45-54,Male,2232,1418.0,1.57,60,39,1.74,0.54,21.06,1.0,21.06,Website purchases
SK_BrandAwareness_Leto26_META,SK_BrandAwareness_Leto26_META_Carousel,Carousel_v1,2026-07-03,18-24,Male,1516,1032.0,1.47,64,29,1.94,0.58,16.82,,,
SK_ProduktLaunch26_META,SK_ProduktLaunch26_META_Feed,Feed_v1,2026-10-25,55-64,Male,1325,873.0,1.52,28,20,1.48,0.37,7.4,0.0,,Website purchases
SK_BrandAwareness_Leto26_META,SK_BrandAwareness_Leto26_META_Video,Video_v1,2026-06-30,65+,Male,810,505.0,1.6,15,7,0.81,0.46,3.22,,,
SK_ProduktLaunch26_META,SK_ProduktLaunch26_META_Reels,Reels_v1,2026-10-03,35-44,Male,4100,2038.0,2.01,201,94,2.29,0.31,29.14,3.0,9.71,Website purchases
SK_BrandAwareness_Leto26_META,SK_BrandAwareness_Leto26_META_Video_V2,Video_v1,2026-07-16,45-54,Female,2610,1899.0,1.37,50,27,1.05,0.57,15.39,,,
SK_ProduktLaunch26_META,SK_ProduktLaunch26_META_Stories,Stories_v1,2026-10-27,65+,Female,530,292.0,1.82,15,8,1.57,0.34,2.72,0.0,,Website purchases
SK_BrandAwareness_Leto26_META,SK_BrandAwareness_Leto26_META_Video_V2,Video_v1,2026-07-27,18-24,Male,2436,1277.0,1.91,65,41,1.67,0.63,25.83,,,
SK_ProduktLaunch26_META,SK_ProduktLaunch26_META_Feed,Feed_v1,2026-08-21,35-44,Male,2167,1117.0,1.94,76,35,1.61,0.48,16.8,1.0,16.8,Website purchases
SK_ProduktLaunch26_META,SK_ProduktLaunch26_META_Feed,Feed_v1,2026-09-30,45-54,Male,2406,1283.0,1.88,56,29,1.2,0.53,15.37,1.0,15.37,Website purchases
SK_ProduktLaunch26_META,SK_ProduktLaunch26_META_Reels,Reels_v1,2026-10-07,45-54,Male,3785,2016.0,1.88,103,57,1.52,0.48,27.36,2.0,13.68,Website purchases
SK_BrandAwareness_Leto26_META,SK_BrandAwareness_Leto26_META_Video_V2,Video_v1,2026-07-27,45-54,Female,1691,1203.0,1.41,31,16,0.96,0.58,9.28,,,
SK_ProduktLaunch26_META,SK_ProduktLaunch26_META_Stories,Stories_v1,2026-10-22,65+,Female,484,326.0,1.48,10,7,1.45,0.46,3.22,0.0,,Website purchases
SK_BrandAwareness_Leto26_META,SK_BrandAwareness_Leto26_META_Reels,Reels_v1,2026-08-09,18-24,Female,1837,871.0,2.11,51,25,1.34,0.36,9.0,,,
SK_ProduktLaunch26_META,SK_ProduktLaunch26_META_Feed,Feed_v1,2026-10-27,45-54,Female,2082,1257.0,1.66,54,24,1.16,0.52,12.48,1.0,12.48,Website purchases
SK_BrandAwareness_Leto26_META,SK_BrandAwareness_Leto26_META_Reels,Reels_v1,2026-07-03,18-24,Male,2563,1816.0,1.41,82,51,1.98,0.43,21.93,,,
SK_BrandAwareness_Leto26_META,SK_BrandAwareness_Leto26_META_Video,Video_v1,2026-06-25,35-44,Male,3413,2249.0,1.52,92,50,1.47,0.51,25.5,,,
SK_BrandAwareness_Leto26_META,SK_BrandAwareness_Leto26_META_Video,Video_v1,2026-06-08,18-24,Female,2597,1501.0,1.73,62,30,1.17,0.49,14.7,,,
SK_ProduktLaunch26_META,SK_ProduktLaunch26_META_Stories,Stories_v1,2026-08-27,18-24,Male,1019,508.0,2.01,34,20,1.99,0.4,8.0,1.0,8.0,Website purchases
SK_ProduktLaunch26_META,SK_ProduktLaunch26_META_Feed,Feed_v1,2026-08-22,55-64,Female,1390,1047.0,1.33,48,24,1.73,0.56,13.44,1.0,13.44,Website purchases
SK_BrandAwareness_Leto26_META,SK_BrandAwareness_Leto26_META_Carousel,Carousel_v1,2026-06-05,65+,Male,1038,503.0,2.06,27,15,1.41,0.66,9.9,,,
SK_ProduktLaunch26_META,SK_ProduktLaunch26_META_Reels,Reels_v1,2026-10-23,65+,Female,1106,544.0,2.03,42,22,1.95,0.44,9.68,1.0,9.68,Website purchases
SK_BrandAwareness_Leto26_META,SK_BrandAwareness_Leto26_META_Carousel,Carousel_v1,2026-06-04,45-54,Female,1114,800.0,1.39,22,16,1.43,0.64,10.24,,,
SK_BrandAwareness_Leto26_META,SK_BrandAwareness_Leto26_META_Video,Video_v1,2026-06-11,65+,Male,1691,933.0,1.81,52,28,1.65,0.46,12.88,,,
SK_BrandAwareness_Leto26_META,SK_BrandAwareness_Leto26_META_Video,Video_v1,2026-06-25,25-34,Male,2747,1754.0,1.57,40,22,0.82,0.41,9.02,,,
SK_BrandAwareness_Leto26_META,SK_BrandAwareness_Leto26_META_Video,Video_v1,2026-06-13,65+,Female,1088,701.0,1.55,21,11,0.98,0.4,4.4,,,
SK_ProduktLaunch26_META,SK_ProduktLaunch26_META_Reels,Reels_v1,2026-08-26,65+,Male,1474,949.0,1.55,52,33,2.27,0.43,14.19,1.0,14.19,Website purchases
SK_BrandAwareness_Leto26_META,SK_BrandAwareness_Leto26_META_Carousel,Carousel_v1,2026-07-22,65+,Female,894,472.0,1.89,28,16,1.74,0.69,11.04,,,
SK_ProduktLaunch26_META,SK_ProduktLaunch26_META_Reels,Reels_v1,2026-09-19,35-44,Female,3927,2515.0,1.56,142,77,1.97,0.53,40.81,2.0,20.41,Website purchases
SK_ProduktLaunch26_META,SK_ProduktLaunch26_META_Reels,Reels_v1,2026-08-24,45-54,Female,2280,1174.0,1.94,61,42,1.83,0.43,18.06,1.0,18.06,Website purchases
SK_BrandAwareness_Leto26_META,SK_BrandAwareness_Leto26_META_Video,Video_v1,2026-06-01,25-34,Female,3359,2048.0,1.64,62,36,1.07,0.63,22.68,,,
SK_ProduktLaunch26_META,SK_ProduktLaunch26_META_Reels,Reels_v1,2026-08-29,25-34,Female,4733,2527.0,1.87,183,84,1.77,0.37,31.08,3.0,10.36,Website purchases
SK_BrandAwareness_Leto26_META,SK_BrandAwareness_Leto26_META_Video,Video_v1,2026-06-19,18-24,Female,1918,906.0,2.12,49,25,1.28,0.64,16.0,,,
SK_ProduktLaunch26_META,SK_ProduktLaunch26_META_Stories,Stories_v1,2026-10-01,18-24,Male,1506,709.0,2.12,29,19,1.28,0.54,10.26,1.0,10.26,Website purchases
SK_BrandAwareness_Leto26_META,SK_BrandAwareness_Leto26_META_Reels,Reels_v1,2026-07-19,45-54,Female,2189,1177.0,1.86,56,38,1.72,0.37,14.06,,,
SK_ProduktLaunch26_META,SK_ProduktLaunch26_META_Reels,Reels_v1,2026-09-06,25-34,Male,5180,2896.0,1.79,121,84,1.61,0.38,31.92,3.0,10.64,Website purchases
SK_ProduktLaunch26_META,SK_ProduktLaunch26_META_Feed,Feed_v1,2026-09-29,35-44,Female,1891,1197.0,1.58,44,26,1.35,0.59,15.34,1.0,15.34,Website purchases
SK_ProduktLaunch26_META,SK_ProduktLaunch26_META_Stories,Stories_v1,2026-09-22,25-34,Female,2174,1142.0,1.9,67,36,1.64,0.42,15.12,1.0,15.12,Website purchases
SK_ProduktLaunch26_META,SK_ProduktLaunch26_META_Reels,Reels_v1,2026-08-29,45-54,Male,3750,2494.0,1.5,135,77,2.05,0.33,25.41,2.0,12.71,Website purchases
SK_BrandAwareness_Leto26_META,SK_BrandAwareness_Leto26_META_Video,Video_v1,2026-07-04,55-64,Female,1156,810.0,1.43,32,15,1.32,0.42,6.3,,,
SK_BrandAwareness_Leto26_META,SK_BrandAwareness_Leto26_META_Video,Video_v1,2026-06-22,55-64,Male,1187,702.0,1.69,46,20,1.67,0.57,11.4,,,
SK_ProduktLaunch26_META,SK_ProduktLaunch26_META_Feed,Feed_v1,2026-10-15,18-24,Female,1172,855.0,1.37,38,21,1.79,0.52,10.92,1.0,10.92,Website purchases
SK_ProduktLaunch26_META,SK_ProduktLaunch26_META_Feed,Feed_v1,2026-08-19,35-44,Male,3342,1607.0,2.08,85,47,1.4,0.35,16.45,1.0,16.45,Website purchases
SK_ProduktLaunch26_META,SK_ProduktLaunch26_META_Reels,Reels_v1,2026-10-02,45-54,Male,2900,1344.0,2.16,69,45,1.55,0.41,18.45,1.0,18.45,Website purchases
SK_ProduktLaunch26_META,SK_ProduktLaunch26_META_Stories,Stories_v1,2026-08-16,55-64,Female,1199,712.0,1.68,28,18,1.53,0.37,6.66,1.0,6.66,Website purchases
SK_ProduktLaunch26_META,SK_ProduktLaunch26_META_Stories,Stories_v1,2026-10-27,35-44,Female,1953,1498.0,1.3,61,31,1.58,0.36,11.16,1.0,11.16,Website purchases
SK_ProduktLaunch26_META,SK_ProduktLaunch26_META_Stories,Stories_v1,2026-10-14,25-34,Female,1468,698.0,2.1,37,21,1.41,0.49,10.29,1.0,10.29,Website purchases
SK_ProduktLaunch26_META,SK_ProduktLaunch26_META_Stories,Stories_v1,2026-09-03,35-44,Male,2090,1214.0,1.72,59,41,1.97,0.47,19.27,1.0,19.27,Website purchases
SK_BrandAwareness_Leto26_META,SK_BrandAwareness_Leto26_META_Reels,Reels_v1,2026-06-11,65+,Female,1377,673.0,2.05,41,18,1.33,0.38,6.84,,,
SK_BrandAwareness_Leto26_META,SK_BrandAwareness_Leto26_META_Reels,Reels_v1,2026-07-06,25-34,Female,3812,1846.0,2.07,86,46,1.21,0.51,23.46,,,
SK_ProduktLaunch26_META,SK_ProduktLaunch26_META_Reels,Reels_v1,2026-10-25,18-24,Male,3779,2720.0,1.39,67,47,1.25,0.44,20.68,1.0,20.68,Website purchases
SK_BrandAwareness_Leto26_META,SK_BrandAwareness_Leto26_META_Carousel,Carousel_v1,2026-06-22,25-34,Male,1663,931.0,1.79,40,25,1.51,0.42,10.5,,,
SK_BrandAwareness_Leto26_META,SK_BrandAwareness_Leto26_META_Carousel,Carousel_v1,2026-06-19,25-34,Male,2125,1433.0,1.48,91,45,2.11,0.54,24.3,,,
SK_ProduktLaunch26_META,SK_ProduktLaunch26_META_Reels,Reels_v1,2026-09-23,25-34,Female,2106,1067.0,1.97,97,49,2.34,0.47,23.03,1.0,23.03,Website purchases
SK_BrandAwareness_Leto26_META,SK_BrandAwareness_Leto26_META_Video_V2,Video_v1,2026-07-13,55-64,Male,1662,1138.0,1.46,43,21,1.28,0.52,10.92,,,
SK_BrandAwareness_Leto26_META,SK_BrandAwareness_Leto26_META_Video_V2,Video_v1,2026-07-09,65+,Female,1020,502.0,2.03,29,14,1.36,0.59,8.26,,,
SK_BrandAwareness_Leto26_META,SK_BrandAwareness_Leto26_META_Video_V2,Video_v1,2026-07-19,18-24,Female,2079,1055.0,1.97,37,23,1.11,0.64,14.72,,,
SK_ProduktLaunch26_META,SK_ProduktLaunch26_META_Reels,Reels_v1,2026-10-03,45-54,Male,2091,1007.0,2.08,67,36,1.71,0.33,11.88,1.0,11.88,Website purchases
SK_BrandAwareness_Leto26_META,SK_BrandAwareness_Leto26_META_Video_V2,Video_v1,2026-07-10,55-64,Male,2030,1516.0,1.34,36,25,1.23,0.58,14.5,,,
SK_BrandAwareness_Leto26_META,SK_BrandAwareness_Leto26_META_Carousel,Carousel_v1,2026-07-24,25-34,Male,2254,1236.0,1.82,37,23,1.01,0.52,11.96,,,
SK_BrandAwareness_Leto26_META,SK_BrandAwareness_Leto26_META_Carousel,Carousel_v1,2026-08-07,45-54,Male,2163,1272.0,1.7,40,23,1.08,0.62,14.26,,,
SK_BrandAwareness_Leto26_META,SK_BrandAwareness_Leto26_META_Video_V2,Video_v1,2026-07-12,45-54,Female,2410,1841.0,1.31,60,42,1.76,0.39,16.38,,,
SK_BrandAwareness_Leto26_META,SK_BrandAwareness_Leto26_META_Carousel,Carousel_v1,2026-06-23,65+,Male,655,308.0,2.13,19,9,1.42,0.63,5.67,,,
SK_BrandAwareness_Leto26_META,SK_BrandAwareness_Leto26_META_Video_V2,Video_v1,2026-07-12,45-54,Male,2093,991.0,2.11,62,33,1.56,0.56,18.48,,,
SK_BrandAwareness_Leto26_META,SK_BrandAwareness_Leto26_META_Carousel,Carousel_v1,2026-07-02,25-34,Female,2411,1135.0,2.12,68,31,1.3,0.65,20.15,,,
SK_BrandAwareness_Leto26_META,SK_BrandAwareness_Leto26_META_Video,Video_v1,2026-06-08,25-34,Male,2758,1323.0,2.08,82,36,1.32,0.4,14.4,,,
SK_ProduktLaunch26_META,SK_ProduktLaunch26_META_Stories,Stories_v1,2026-08-29,35-44,Female,1934,966.0,2.0,58,27,1.41,0.57,15.39,1.0,15.39,Website purchases
SK_BrandAwareness_Leto26_META,SK_BrandAwareness_Leto26_META_Carousel,Carousel_v1,2026-07-02,65+,Female,530,279.0,1.9,11,7,1.39,0.52,3.64,,,
SK_ProduktLaunch26_META,SK_ProduktLaunch26_META_Reels,Reels_v1,2026-10-28,55-64,Male,2426,1118.0,2.17,74,46,1.91,0.39,17.94,1.0,17.94,Website purchases
SK_ProduktLaunch26_META,SK_ProduktLaunch26_META_Stories,Stories_v1,2026-10-28,18-24,Male,2096,1415.0,1.48,80,41,1.97,0.44,18.04,1.0,18.04,Website purchases
SK_ProduktLaunch26_META,SK_ProduktLaunch26_META_Reels,Reels_v1,2026-09-06,45-54,Female,1734,934.0,1.86,66,40,2.31,0.53,21.2,1.0,21.2,Website purchases
SK_BrandAwareness_Leto26_META,SK_BrandAwareness_Leto26_META_Carousel,Carousel_v1,2026-06-27,55-64,Female,1728,1189.0,1.45,32,19,1.08,0.65,12.35,,,
SK_ProduktLaunch26_META,SK_ProduktLaunch26_META_Feed,Feed_v1,2026-10-16,18-24,Female,1571,818.0,1.92,41,23,1.44,0.42,9.66,1.0,9.66,Website purchases
SK_ProduktLaunch26_META,SK_ProduktLaunch26_META_Stories,Stories_v1,2026-10-25,18-24,Male,2170,1187.0,1.83,44,27,1.25,0.54,14.58,1.0,14.58,Website purchases
SK_BrandAwareness_Leto26_META,SK_BrandAwareness_Leto26_META_Reels,Reels_v1,2026-07-18,55-64,Female,2443,1608.0,1.52,48,33,1.36,0.37,12.21,,,
SK_ProduktLaunch26_META,SK_ProduktLaunch26_META_Feed,Feed_v1,2026-09-01,18-24,Female,1249,801.0,1.56,29,15,1.24,0.41,6.15,0.0,,Website purchases
SK_BrandAwareness_Leto26_META,SK_BrandAwareness_Leto26_META_Reels,Reels_v1,2026-08-14,45-54,Male,2178,1312.0,1.66,58,38,1.76,0.41,15.58,,,
SK_ProduktLaunch26_META,SK_ProduktLaunch26_META_Reels,Reels_v1,2026-10-14,18-24,Female,2274,1496.0,1.52,114,53,2.33,0.37,19.61,2.0,9.8,Website purchases
SK_ProduktLaunch26_META,SK_ProduktLaunch26_META_Stories,Stories_v1,2026-09-09,35-44,Male,2038,1096.0,1.86,70,43,2.13,0.45,19.35,1.0,19.35,Website purchases
SK_ProduktLaunch26_META,SK_ProduktLaunch26_META_Reels,Reels_v1,2026-10-23,18-24,Female,2640,1434.0,1.84,61,35,1.32,0.45,15.75,1.0,15.75,Website purchases
SK_BrandAwareness_Leto26_META,SK_BrandAwareness_Leto26_META_Carousel,Carousel_v1,2026-07-17,25-34,Male,3296,1527.0,2.16,100,69,2.09,0.58,40.02,,,
SK_BrandAwareness_Leto26_META,SK_BrandAwareness_Leto26_META_Carousel,Carousel_v1,2026-08-10,25-34,Female,1988,1113.0,1.79,40,25,1.25,0.49,12.25,,,
SK_BrandAwareness_Leto26_META,SK_BrandAwareness_Leto26_META_Carousel,Carousel_v1,2026-08-13,55-64,Female,1101,659.0,1.67,39,20,1.8,0.67,13.4,,,
SK_BrandAwareness_Leto26_META,SK_BrandAwareness_Leto26_META_Carousel,Carousel_v1,2026-06-23,65+,Female,577,272.0,2.12,10,6,1.02,0.43,2.58,,,
SK_BrandAwareness_Leto26_META,SK_BrandAwareness_Leto26_META_Video,Video_v1,2026-06-15,65+,Female,973,706.0,1.38,13,8,0.82,0.36,2.88,,,
SK_ProduktLaunch26_META,SK_ProduktLaunch26_META_Feed,Feed_v1,2026-08-16,45-54,Female,1396,685.0,2.04,38,25,1.82,0.58,14.5,1.0,14.5,Website purchases
SK_BrandAwareness_Leto26_META,SK_BrandAwareness_Leto26_META_Video,Video_v1,2026-06-18,55-64,Female,1987,1150.0,1.73,55,26,1.29,0.6,15.6,,,
SK_ProduktLaunch26_META,SK_ProduktLaunch26_META_Reels,Reels_v1,2026-10-20,18-24,Female,1791,967.0,1.85,62,30,1.69,0.41,12.3,1.0,12.3,Website purchases
SK_BrandAwareness_Leto26_META,SK_BrandAwareness_Leto26_META_Video_V2,Video_v1,2026-07-09,65+,Male,846,525.0,1.61,27,14,1.64,0.37,5.18,,,
SK_BrandAwareness_Leto26_META,SK_BrandAwareness_Leto26_META_Carousel,Carousel_v1,2026-07-25,45-54,Male,1387,960.0,1.44,38,17,1.24,0.6,10.2,,,
SK_ProduktLaunch26_META,SK_ProduktLaunch26_META_Reels,Reels_v1,2026-10-05,65+,Female,1079,636.0,1.7,23,16,1.46,0.48,7.68,0.0,,Website purchases
SK_ProduktLaunch26_META,SK_ProduktLaunch26_META_Feed,Feed_v1,2026-10-26,45-54,Female,2036,1359.0,1.5,64,40,1.94,0.38,15.2,1.0,15.2,Website purchases
SK_ProduktLaunch26_META,SK_ProduktLaunch26_META_Reels,Reels_v1,2026-09-08,18-24,Female,1898,1165.0,1.63,62,37,1.97,0.54,19.98,1.0,19.98,Website purchases
SK_BrandAwareness_Leto26_META,SK_BrandAwareness_Leto26_META_Carousel,Carousel_v1,2026-07-24,65+,Male,751,532.0,1.41,32,15,2.05,0.51,7.65,,,
SK_ProduktLaunch26_META,SK_ProduktLaunch26_META_Feed,Feed_v1,2026-10-23,18-24,Female,1203,649.0,1.85,22,15,1.27,0.58,8.7,0.0,,Website purchases
SK_BrandAwareness_Leto26_META,SK_BrandAwareness_Leto26_META_Carousel,Carousel_v1,2026-07-27,35-44,Male,1554,850.0,1.83,53,33,2.1,0.59,19.47,,,
SK_BrandAwareness_Leto26_META,SK_BrandAwareness_Leto26_META_Carousel,Carousel_v1,2026-06-27,45-54,Male,2372,1300.0,1.82,89,46,1.96,0.48,22.08,,,
SK_BrandAwareness_Leto26_META,SK_BrandAwareness_Leto26_META_Reels,Reels_v1,2026-08-08,45-54,Male,3545,1621.0,2.19,64,32,0.91,0.51,16.32,,,
SK_ProduktLaunch26_META,SK_ProduktLaunch26_META_Reels,Reels_v1,2026-08-25,55-64,Female,2664,,,132,64,2.39,0.46,29.44,2.0,14.72,Website purchases
SK_ProduktLaunch26_META,SK_ProduktLaunch26_META_Stories,Stories_v1,2026-10-04,45-54,Male,1208,873.0,1.38,46,22,1.86,0.42,9.24,1.0,9.24,Website purchases
SK_BrandAwareness_Leto26_META,SK_BrandAwareness_Leto26_META_Carousel,Carousel_v1,2026-07-21,25-34,Male,3078,1798.0,1.71,93,57,1.84,0.66,37.62,,,
SK_BrandAwareness_Leto26_META,SK_BrandAwareness_Leto26_META_Carousel,Carousel_v1,2026-07-13,35-44,Male,2210,1615.0,1.37,95,47,2.11,0.61,28.67,,,
SK_ProduktLaunch26_META,SK_ProduktLaunch26_META_Stories,Stories_v1,2026-09-25,55-64,Female,1708,798.0,2.14,64,28,1.66,0.52,14.56,1.0,14.56,Website purchases
SK_BrandAwareness_Leto26_META,SK_BrandAwareness_Leto26_META_Video,Video_v1,2026-06-22,65+,Male,797,562.0,1.42,20,10,1.27,0.48,4.8,,,
SK_BrandAwareness_Leto26_META,SK_BrandAwareness_Leto26_META_Video_V2,Video_v1,2026-07-14,65+,Male,1516,910.0,1.67,20,14,0.92,0.43,6.02,,,
SK_BrandAwareness_Leto26_META,SK_BrandAwareness_Leto26_META_Video_V2,Video_v1,2026-08-10,45-54,Female,1654,825.0,2.0,24,15,0.89,0.58,8.7,,,
SK_BrandAwareness_Leto26_META,SK_BrandAwareness_Leto26_META_Carousel,Carousel_v1,2026-06-10,45-54,Female,1950,1237.0,1.58,33,20,1.04,0.53,10.6,,,
SK_BrandAwareness_Leto26_META,SK_BrandAwareness_Leto26_META_Video,Video_v1,2026-06-27,35-44,Male,2725,1962.0,1.39,72,32,1.17,0.47,15.04,,,
SK_ProduktLaunch26_META,SK_ProduktLaunch26_META_Stories,Stories_v1,2026-10-20,65+,Male,1052,617.0,1.71,43,21,2.0,0.49,10.29,1.0,10.29,Website purchases
SK_ProduktLaunch26_META,SK_ProduktLaunch26_META_Feed,Feed_v1,2026-10-22,18-24,Male,1519,861.0,1.76,46,24,1.56,0.5,12.0,1.0,12.0,Website purchases
SK_BrandAwareness_Leto26_META,SK_BrandAwareness_Leto26_META_Carousel,Carousel_v1,2026-06-12,25-34,Female,2730,1988.0,1.37,81,42,1.53,0.64,26.88,,,
SK_BrandAwareness_Leto26_META,SK_BrandAwareness_Leto26_META_Video_V2,Video_v1,2026-07-18,25-34,Male,2960,1534.0,1.93,50,28,0.94,0.52,14.56,,,
SK_BrandAwareness_Leto26_META,SK_BrandAwareness_Leto26_META_Reels,Reels_v1,2026-06-08,45-54,Female,3342,2559.0,1.31,116,53,1.58,0.38,20.14,,,
SK_ProduktLaunch26_META,SK_ProduktLaunch26_META_Feed,Feed_v1,2026-09-27,25-34,Female,2143,1053.0,2.04,56,36,1.69,0.53,19.08,1.0,19.08,Website purchases
SK_BrandAwareness_Leto26_META,SK_BrandAwareness_Leto26_META_Video_V2,Video_v1,2026-07-21,35-44,Male,2318,,,35,19,0.8,0.52,9.88,,,
SK_BrandAwareness_Leto26_META,SK_BrandAwareness_Leto26_META_Video_V2,Video_v1,2026-07-22,55-64,Male,1284,737.0,1.74,46,23,1.76,0.5,11.5,,,
SK_BrandAwareness_Leto26_META,SK_BrandAwareness_Leto26_META_Video,Video_v1,2026-06-25,25-34,Female,2772,1773.0,1.56,95,47,1.68,0.37,17.39,,,
SK_BrandAwareness_Leto26_META,SK_BrandAwareness_Leto26_META_Carousel,Carousel_v1,2026-08-14,55-64,Female,1558,1003.0,1.55,39,22,1.44,0.49,10.78,,,
SK_BrandAwareness_Leto26_META,SK_BrandAwareness_Leto26_META_Reels,Reels_v1,2026-06-22,35-44,Female,3407,1663.0,2.05,117,52,1.54,0.52,27.04,,,
SK_BrandAwareness_Leto26_META,SK_BrandAwareness_Leto26_META_Reels,Reels_v1,2026-07-18,65+,Female,1506,733.0,2.05,30,19,1.27,0.33,6.27,,,
SK_ProduktLaunch26_META,SK_ProduktLaunch26_META_Reels,Reels_v1,2026-09-26,45-54,Female,3302,2500.0,1.32,135,70,2.11,0.52,36.4,2.0,18.2,Website purchases
SK_ProduktLaunch26_META,SK_ProduktLaunch26_META_Reels,Reels_v1,2026-08-22,45-54,Male,3305,1753.0,1.89,66,45,1.36,0.32,14.4,1.0,14.4,Website purchases
SK_ProduktLaunch26_META,SK_ProduktLaunch26_META_Reels,Reels_v1,2026-09-05,18-24,Female,1816,996.0,1.82,39,24,1.33,0.5,12.0,1.0,12.0,Website purchases
SK_ProduktLaunch26_META,SK_ProduktLaunch26_META_Stories,Stories_v1,2026-09-15,18-24,Female,1351,917.0,1.47,35,19,1.43,0.54,10.26,1.0,10.26,Website purchases
SK_ProduktLaunch26_META,SK_ProduktLaunch26_META_Feed,Feed_v1,2026-09-18,18-24,Male,1211,849.0,1.43,43,19,1.57,0.57,10.83,0.0,,Website purchases
SK_BrandAwareness_Leto26_META,SK_BrandAwareness_Leto26_META_Video_V2,Video_v1,2026-08-06,25-34,Female,3956,2831.0,1.4,66,36,0.91,0.52,18.72,,,
SK_BrandAwareness_Leto26_META,SK_BrandAwareness_Leto26_META_Reels,Reels_v1,2026-06-25,55-64,Male,1875,1177.0,1.59,53,27,1.47,0.39,10.53,,,
SK_ProduktLaunch26_META,SK_ProduktLaunch26_META_Feed,Feed_v1,2026-09-28,35-44,Male,3431,2501.0,1.37,75,42,1.23,0.5,21.0,1.0,21.0,Website purchases
SK_ProduktLaunch26_META,SK_ProduktLaunch26_META_Feed,Feed_v1,2026-09-11,35-44,Female,2105,981.0,2.15,60,42,1.99,0.49,20.58,1.0,20.58,Website purchases
SK_ProduktLaunch26_META,SK_ProduktLaunch26_META_Feed,Feed_v1,2026-10-25,25-34,Female,2809,1632.0,1.72,62,31,1.11,0.41,12.71,1.0,12.71,Website purchases
SK_ProduktLaunch26_META,SK_ProduktLaunch26_META_Feed,Feed_v1,2026-08-20,35-44,Male,2284,1290.0,1.77,44,30,1.3,0.47,14.1,1.0,14.1,Website purchases
SK_ProduktLaunch26_META,SK_ProduktLaunch26_META_Stories,Stories_v1,2026-10-19,55-64,Female,1395,867.0,1.61,30,18,1.26,0.44,7.92,1.0,7.92,Website purchases
SK_BrandAwareness_Leto26_META,SK_BrandAwareness_Leto26_META_Carousel,Carousel_v1,2026-08-05,45-54,Male,1779,1120.0,1.59,65,31,1.75,0.64,19.84,,,
SK_BrandAwareness_Leto26_META,SK_BrandAwareness_Leto26_META_Video,Video_v1,2026-07-05,25-34,Female,4266,2258.0,1.89,112,57,1.33,0.42,23.94,,,
SK_BrandAwareness_Leto26_META,SK_BrandAwareness_Leto26_META_Video,Video_v1,2026-06-25,18-24,Male,2302,1207.0,1.91,60,40,1.76,0.36,14.4,,,
SK_ProduktLaunch26_META,SK_ProduktLaunch26_META_Reels,Reels_v1,2026-10-15,25-34,Female,3819,2040.0,1.87,95,66,1.72,0.36,23.76,2.0,11.88,Website purchases
SK_BrandAwareness_Leto26_META,SK_BrandAwareness_Leto26_META_Reels,Reels_v1,2026-07-23,65+,Male,1359,689.0,1.97,33,20,1.5,0.4,8.0,,,
SK_ProduktLaunch26_META,SK_ProduktLaunch26_META_Stories,Stories_v1,2026-09-19,55-64,Male,902,454.0,1.99,21,10,1.11,0.37,3.7,0.0,,Website purchases
SK_BrandAwareness_Leto26_META,SK_BrandAwareness_Leto26_META_Video_V2,Video_v1,2026-08-11,18-24,Female,1934,1221.0,1.58,60,28,1.44,0.37,10.36,,,
SK_ProduktLaunch26_META,SK_ProduktLaunch26_META_Stories,Stories_v1,2026-10-19,65+,Female,798,601.0,1.33,29,16,2.01,0.49,7.84,0.0,,Website purchases
SK_ProduktLaunch26_META,SK_ProduktLaunch26_META_Feed,Feed_v1,2026-09-23,55-64,Male,1793,1303.0,1.38,52,27,1.48,0.43,11.61,1.0,11.61,Website purchases
SK_ProduktLaunch26_META,SK_ProduktLaunch26_META_Reels,Reels_v1,2026-10-08,45-54,Female,1652,1119.0,1.48,64,33,1.98,0.33,10.89,1.0,10.89,Website purchases
SK_ProduktLaunch26_META,SK_ProduktLaunch26_META_Feed,Feed_v1,2026-08-21,18-24,Female,1950,887.0,2.2,47,21,1.08,0.54,11.34,1.0,11.34,Website purchases
SK_BrandAwareness_Leto26_META,SK_BrandAwareness_Leto26_META_Reels,Reels_v1,2026-07-06,55-64,Female,2173,1004.0,2.16,55,26,1.21,0.37,9.62,,,
SK_ProduktLaunch26_META,SK_ProduktLaunch26_META_Feed,Feed_v1,2026-10-15,45-54,Female,2118,1026.0,2.06,60,35,1.65,0.58,20.3,1.0,20.3,Website purchases
SK_ProduktLaunch26_META,SK_ProduktLaunch26_META_Reels,Reels_v1,2026-09-29,55-64,Female,1298,609.0,2.13,35,18,1.38,0.49,8.82,1.0,8.82,Website purchases
SK_ProduktLaunch26_META,SK_ProduktLaunch26_META_Feed,Feed_v1,2026-08-24,18-24,Male,2141,1106.0,1.94,67,32,1.51,0.48,15.36,1.0,15.36,Website purchases
SK_ProduktLaunch26_META,SK_ProduktLaunch26_META_Reels,Reels_v1,2026-10-26,55-64,Male,1961,897.0,2.19,61,39,1.97,0.49,19.11,1.0,19.11,Website purchases
SK_BrandAwareness_Leto26_META,SK_BrandAwareness_Leto26_META_Video_V2,Video_v1,2026-08-06,55-64,Male,2573,1586.0,1.62,69,40,1.54,0.39,15.6,,,
SK_ProduktLaunch26_META,SK_ProduktLaunch26_META_Stories,Stories_v1,2026-09-29,55-64,Female,904,638.0,1.42,27,19,2.12,0.56,10.64,1.0,10.64,Website purchases
SK_ProduktLaunch26_META,SK_ProduktLaunch26_META_Feed,Feed_v1,2026-10-15,35-44,Male,1568,1095.0,1.43,51,29,1.87,0.53,15.37,1.0,15.37,Website purchases
SK_BrandAwareness_Leto26_META,SK_BrandAwareness_Leto26_META_Video_V2,Video_v1,2026-08-01,45-54,Female,1370,,,39,20,1.49,0.42,8.4,,,
SK_BrandAwareness_Leto26_META,SK_BrandAwareness_Leto26_META_Reels,Reels_v1,2026-07-05,25-34,Female,2273,1308.0,1.74,84,41,1.81,0.35,14.35,,,
SK_ProduktLaunch26_META,SK_ProduktLaunch26_META_Reels,Reels_v1,2026-10-06,65+,Male,897,437.0,2.05,22,13,1.49,0.3,3.9,0.0,,Website purchases
SK_ProduktLaunch26_META,SK_ProduktLaunch26_META_Stories,Stories_v1,2026-09-07,45-54,Female,1818,1278.0,1.42,63,42,2.3,0.39,16.38,1.0,16.38,Website purchases
SK_ProduktLaunch26_META,SK_ProduktLaunch26_META_Stories,Stories_v1,2026-10-17,25-34,Female,1809,830.0,2.18,69,30,1.63,0.53,15.9,1.0,15.9,Website purchases
SK_ProduktLaunch26_META,SK_ProduktLaunch26_META_Reels,Reels_v1,2026-09-10,55-64,Female,1635,964.0,1.7,51,35,2.13,0.32,11.2,1.0,11.2,Website purchases
SK_ProduktLaunch26_META,SK_ProduktLaunch26_META_Reels,Reels_v1,2026-08-18,18-24,Female,2299,1086.0,2.12,73,32,1.4,0.34,10.88,1.0,10.88,Website purchases
SK_ProduktLaunch26_META,SK_ProduktLaunch26_META_Feed,Feed_v1,2026-09-27,45-54,Male,2248,1086.0,2.07,54,32,1.41,0.56,17.92,1.0,17.92,Website purchases
SK_BrandAwareness_Leto26_META,SK_BrandAwareness_Leto26_META_Carousel,Carousel_v1,2026-07-08,18-24,Female,1993,992.0,2.01,53,31,1.56,0.54,16.74,,,
SK_BrandAwareness_Leto26_META,SK_BrandAwareness_Leto26_META_Carousel,Carousel_v1,2026-08-07,55-64,Male,1126,519.0,2.17,20,12,1.1,0.54,6.48,,,
SK_BrandAwareness_Leto26_META,SK_BrandAwareness_Leto26_META_Video_V2,Video_v1,2026-07-12,65+,Male,1309,872.0,1.5,31,16,1.25,0.51,8.16,,,
SK_ProduktLaunch26_META,SK_ProduktLaunch26_META_Feed,Feed_v1,2026-09-19,18-24,Female,1790,960.0,1.86,71,31,1.72,0.44,13.64,1.0,13.64,Website purchases
SK_BrandAwareness_Leto26_META,SK_BrandAwareness_Leto26_META_Carousel,Carousel_v1,2026-06-28,45-54,Female,2209,,,64,44,1.97,0.65,28.6,,,
SK_BrandAwareness_Leto26_META,SK_BrandAwareness_Leto26_META_Carousel,Carousel_v1,2026-07-16,65+,Female,1102,748.0,1.47,42,21,1.93,0.45,9.45,,,
SK_BrandAwareness_Leto26_META,SK_BrandAwareness_Leto26_META_Reels,Reels_v1,2026-06-10,25-34,Male,5331,2527.0,2.11,121,61,1.14,0.34,20.74,,,
SK_ProduktLaunch26_META,SK_ProduktLaunch26_META_Reels,Reels_v1,2026-10-06,25-34,Male,2790,1700.0,1.64,82,42,1.49,0.39,16.38,1.0,16.38,Website purchases
SK_ProduktLaunch26_META,SK_ProduktLaunch26_META_Feed,Feed_v1,2026-09-15,35-44,Female,2257,1354.0,1.67,51,28,1.24,0.5,14.0,1.0,14.0,Website purchases
SK_ProduktLaunch26_META,SK_ProduktLaunch26_META_Feed,Feed_v1,2026-09-03,35-44,Female,1516,762.0,1.99,32,16,1.03,0.45,7.2,0.0,,Website purchases
SK_BrandAwareness_Leto26_META,SK_BrandAwareness_Leto26_META_Video_V2,Video_v1,2026-07-22,55-64,Female,1785,917.0,1.95,43,24,1.33,0.63,15.12,,,
SK_ProduktLaunch26_META,SK_ProduktLaunch26_META_Feed,Feed_v1,2026-08-22,65+,Female,604,,,17,8,1.25,0.51,4.08,0.0,,Website purchases
SK_BrandAwareness_Leto26_META,SK_BrandAwareness_Leto26_META_Video,Video_v1,2026-06-03,65+,Male,1715,973.0,1.76,60,31,1.79,0.62,19.22,,,
SK_BrandAwareness_Leto26_META,SK_BrandAwareness_Leto26_META_Reels,Reels_v1,2026-07-17,18-24,Female,1573,973.0,1.62,46,30,1.92,0.34,10.2,,,
SK_ProduktLaunch26_META,SK_ProduktLaunch26_META_Stories,Stories_v1,2026-08-16,45-54,Female,2077,1039.0,2.0,52,26,1.27,0.46,11.96,1.0,11.96,Website purchases
SK_ProduktLaunch26_META,SK_ProduktLaunch26_META_Feed,Feed_v1,2026-10-28,55-64,Male,2278,1350.0,1.69,51,30,1.32,0.45,13.5,1.0,13.5,Website purchases
SK_ProduktLaunch26_META,SK_ProduktLaunch26_META_Feed,Feed_v1,2026-09-19,45-54,Male,2607,1209.0,2.16,71,32,1.24,0.48,15.36,1.0,15.36,Website purchases
SK_ProduktLaunch26_META,SK_ProduktLaunch26_META_Reels,Reels_v1,2026-09-15,45-54,Male,3561,2019.0,1.76,121,55,1.54,0.36,19.8,2.0,9.9,Website purchases
SK_ProduktLaunch26_META,SK_ProduktLaunch26_META_Reels,Reels_v1,2026-08-15,25-34,Female,4537,2172.0,2.09,134,62,1.36,0.43,26.66,2.0,13.33,Website purchases
SK_ProduktLaunch26_META,SK_ProduktLaunch26_META_Stories,Stories_v1,2026-10-08,25-34,Male,2583,1247.0,2.07,85,56,2.18,0.37,20.72,2.0,10.36,Website purchases
SK_BrandAwareness_Leto26_META,SK_BrandAwareness_Leto26_META_Carousel,Carousel_v1,2026-07-10,35-44,Female,2432,1114.0,2.18,92,41,1.68,0.44,18.04,,,
SK_ProduktLaunch26_META,SK_ProduktLaunch26_META_Stories,Stories_v1,2026-10-23,45-54,Male,2116,970.0,2.18,51,35,1.66,0.55,19.25,1.0,19.25,Website purchases
SK_ProduktLaunch26_META,SK_ProduktLaunch26_META_Stories,Stories_v1,2026-08-29,18-24,Female,1116,609.0,1.83,32,17,1.51,0.37,6.29,0.0,,Website purchases
SK_BrandAwareness_Leto26_META,SK_BrandAwareness_Leto26_META_Carousel,Carousel_v1,2026-06-16,45-54,Male,2033,,,67,38,1.88,0.52,19.76,,,
SK_ProduktLaunch26_META,SK_ProduktLaunch26_META_Stories,Stories_v1,2026-09-17,25-34,Male,2298,1251.0,1.84,56,30,1.31,0.38,11.4,1.0,11.4,Website purchases
SK_ProduktLaunch26_META,SK_ProduktLaunch26_META_Reels,Reels_v1,2026-09-14,35-44,Female,2624,1344.0,1.95,69,36,1.38,0.31,11.16,1.0,11.16,Website purchases
SK_BrandAwareness_Leto26_META,SK_BrandAwareness_Leto26_META_Carousel,Carousel_v1,2026-07-09,65+,Female,665,405.0,1.64,18,8,1.27,0.67,5.36,,,
SK_BrandAwareness_Leto26_META,SK_BrandAwareness_Leto26_META_Carousel,Carousel_v1,2026-08-06,55-64,Female,774,382.0,2.03,21,12,1.55,0.56,6.72,,,
SK_ProduktLaunch26_META,SK_ProduktLaunch26_META_Stories,Stories_v1,2026-08-21,35-44,Female,2193,1441.0,1.52,66,33,1.5,0.32,10.56,1.0,10.56,Website purchases
SK_ProduktLaunch26_META,SK_ProduktLaunch26_META_Reels,Reels_v1,2026-10-12,25-34,Male,5199,3545.0,1.47,199,108,2.07,0.44,47.52,3.0,15.84,Website purchases
SK_ProduktLaunch26_META,SK_ProduktLaunch26_META_Stories,Stories_v1,2026-09-14,45-54,Female,1956,1502.0,1.3,72,33,1.68,0.49,16.17,1.0,16.17,Website purchases
SK_BrandAwareness_Leto26_META,SK_BrandAwareness_Leto26_META_Video_V2,Video_v1,2026-07-19,25-34,Male,3274,2045.0,1.6,105,49,1.5,0.47,23.03,,,
SK_ProduktLaunch26_META,SK_ProduktLaunch26_META_Stories,Stories_v1,2026-09-28,45-54,Female,1988,950.0,2.09,78,35,1.76,0.47,16.45,1.0,16.45,Website purchases
SK_BrandAwareness_Leto26_META,SK_BrandAwareness_Leto26_META_Reels,Reels_v1,2026-07-02,55-64,Female,1445,788.0,1.83,37,19,1.34,0.43,8.17,,,
SK_BrandAwareness_Leto26_META,SK_BrandAwareness_Leto26_META_Reels,Reels_v1,2026-07-10,18-24,Male,3518,1953.0,1.8,134,60,1.71,0.38,22.8,,,
SK_BrandAwareness_Leto26_META,SK_BrandAwareness_Leto26_META_Carousel,Carousel_v1,2026-06-16,18-24,Male,2157,1330.0,1.62,75,47,2.16,0.62,29.14,,,
SK_ProduktLaunch26_META,SK_ProduktLaunch26_META_Stories,Stories_v1,2026-10-28,45-54,Male,1980,1382.0,1.43,76,40,2.0,0.38,15.2,1.0,15.2,Website purchases
SK_BrandAwareness_Leto26_META,SK_BrandAwareness_Leto26_META_Video,Video_v1,2026-06-28,25-34,Female,3982,2038.0,1.95,125,61,1.53,0.58,35.38,,,
SK_BrandAwareness_Leto26_META,SK_BrandAwareness_Leto26_META_Video,Video_v1,2026-06-18,25-34,Female,2224,1280.0,1.74,71,39,1.74,0.59,23.01,,,
SK_ProduktLaunch26_META,SK_ProduktLaunch26_META_Reels,Reels_v1,2026-08-20,45-54,Male,3266,2242.0,1.46,152,67,2.05,0.43,28.81,2.0,14.4,Website purchases
SK_BrandAwareness_Leto26_META,SK_BrandAwareness_Leto26_META_Video_V2,Video_v1,2026-07-29,18-24,Male,2120,1409.0,1.5,33,23,1.1,0.46,10.58,,,
SK_BrandAwareness_Leto26_META,SK_BrandAwareness_Leto26_META_Carousel,Carousel_v1,2026-07-23,25-34,Male,2487,1785.0,1.39,58,33,1.31,0.57,18.81,,,
SK_BrandAwareness_Leto26_META,SK_BrandAwareness_Leto26_META_Carousel,Carousel_v1,2026-07-14,35-44,Male,1407,667.0,2.11,31,20,1.45,0.61,12.2,,,
SK_ProduktLaunch26_META,SK_ProduktLaunch26_META_Reels,Reels_v1,2026-09-28,55-64,Female,1245,928.0,1.34,36,25,2.03,0.45,11.25,1.0,11.25,Website purchases
SK_ProduktLaunch26_META,SK_ProduktLaunch26_META_Feed,Feed_v1,2026-09-10,18-24,Male,1548,771.0,2.01,43,22,1.45,0.37,8.14,1.0,8.14,Website purchases
SK_ProduktLaunch26_META,SK_ProduktLaunch26_META_Feed,Feed_v1,2026-10-10,35-44,Female,2205,1431.0,1.54,50,34,1.55,0.37,12.58,1.0,12.58,Website purchases
SK_BrandAwareness_Leto26_META,SK_BrandAwareness_Leto26_META_Video_V2,Video_v1,2026-08-07,65+,Male,974,707.0,1.38,19,11,1.1,0.6,6.6,,,
SK_BrandAwareness_Leto26_META,SK_BrandAwareness_Leto26_META_Reels,Reels_v1,2026-06-29,18-24,Male,3612,2107.0,1.71,93,61,1.69,0.38,23.18,,,
SK_ProduktLaunch26_META,SK_ProduktLaunch26_META_Reels,Reels_v1,2026-10-16,45-54,Female,3257,1612.0,2.02,62,40,1.24,0.46,18.4,1.0,18.4,Website purchases
SK_ProduktLaunch26_META,SK_ProduktLaunch26_META_Feed,Feed_v1,2026-08-17,45-54,Male,1231,643.0,1.91,35,16,1.26,0.51,8.16,0.0,,Website purchases
SK_BrandAwareness_Leto26_META,SK_BrandAwareness_Leto26_META_Video_V2,Video_v1,2026-07-08,45-54,Male,1498,761.0,1.97,26,18,1.22,0.41,7.38,,,
SK_ProduktLaunch26_META,SK_ProduktLaunch26_META_Feed,Feed_v1,2026-09-11,65+,Male,1198,828.0,1.45,38,20,1.7,0.4,8.0,0.0,,Website purchases
SK_BrandAwareness_Leto26_META,SK_BrandAwareness_Leto26_META_Carousel,Carousel_v1,2026-07-21,18-24,Female,1245,627.0,1.99,37,18,1.43,0.65,11.7,,,
SK_ProduktLaunch26_META,SK_ProduktLaunch26_META_Reels,Reels_v1,2026-10-02,35-44,Female,3255,1538.0,2.12,86,55,1.7,0.35,19.25,2.0,9.62,Website purchases
SK_BrandAwareness_Leto26_META,SK_BrandAwareness_Leto26_META_Video_V2,Video_v1,2026-07-10,35-44,Female,2632,1296.0,2.03,66,44,1.68,0.59,25.96,,,
SK_BrandAwareness_Leto26_META,SK_BrandAwareness_Leto26_META_Reels,Reels_v1,2026-06-04,35-44,Male,2814,1875.0,1.5,84,42,1.49,0.5,21.0,,,
SK_BrandAwareness_Leto26_META,SK_BrandAwareness_Leto26_META_Video_V2,Video_v1,2026-07-29,45-54,Male,2224,1145.0,1.94,48,21,0.93,0.39,8.19,,,
SK_ProduktLaunch26_META,SK_ProduktLaunch26_META_Reels,Reels_v1,2026-10-12,55-64,Female,2037,1537.0,1.33,54,30,1.47,0.41,12.3,1.0,12.3,Website purchases
SK_ProduktLaunch26_META,SK_ProduktLaunch26_META_Reels,Reels_v1,2026-08-24,18-24,Female,1462,821.0,1.78,45,23,1.56,0.44,10.12,1.0,10.12,Website purchases
SK_ProduktLaunch26_META,SK_ProduktLaunch26_META_Feed,Feed_v1,2026-10-05,35-44,Male,3100,2274.0,1.36,107,52,1.69,0.51,26.52,1.0,26.52,Website purchases
SK_BrandAwareness_Leto26_META,SK_BrandAwareness_Leto26_META_Reels,Reels_v1,2026-06-06,35-44,Male,4115,2138.0,1.92,119,59,1.44,0.51,30.09,,,
SK_BrandAwareness_Leto26_META,SK_BrandAwareness_Leto26_META_Reels,Reels_v1,2026-07-16,55-64,Female,1667,814.0,2.05,67,30,1.82,0.31,9.3,,,
SK_ProduktLaunch26_META,SK_ProduktLaunch26_META_Reels,Reels_v1,2026-10-16,18-24,Female,2925,1366.0,2.14,105,64,2.19,0.39,24.96,2.0,12.48,Website purchases
SK_ProduktLaunch26_META,SK_ProduktLaunch26_META_Reels,Reels_v1,2026-09-01,18-24,Male,2331,1231.0,1.89,95,57,2.43,0.47,26.79,2.0,13.39,Website purchases
SK_BrandAwareness_Leto26_META,SK_BrandAwareness_Leto26_META_Reels,Reels_v1,2026-08-12,55-64,Female,1561,1152.0,1.36,27,18,1.15,0.36,6.48,,,
SK_BrandAwareness_Leto26_META,SK_BrandAwareness_Leto26_META_Reels,Reels_v1,2026-06-26,18-24,Male,2370,1416.0,1.67,46,27,1.13,0.38,10.26,,,
SK_BrandAwareness_Leto26_META,SK_BrandAwareness_Leto26_META_Video_V2,Video_v1,2026-08-01,55-64,Male,1330,921.0,1.44,31,19,1.41,0.61,11.59,,,
SK_BrandAwareness_Leto26_META,SK_BrandAwareness_Leto26_META_Reels,Reels_v1,2026-07-22,25-34,Female,4620,2369.0,1.95,87,49,1.07,0.46,22.54,,,
SK_BrandAwareness_Leto26_META,SK_BrandAwareness_Leto26_META_Video_V2,Video_v1,2026-07-13,18-24,Female,1667,1276.0,1.31,47,24,1.45,0.41,9.84,,,
SK_ProduktLaunch26_META,SK_ProduktLaunch26_META_Reels,Reels_v1,2026-10-14,65+,Male,1286,686.0,1.87,56,29,2.28,0.38,11.02,1.0,11.02,Website purchases
SK_BrandAwareness_Leto26_META,SK_BrandAwareness_Leto26_META_Carousel,Carousel_v1,2026-06-14,35-44,Male,2159,1194.0,1.81,61,27,1.24,0.45,12.15,,,
SK_ProduktLaunch26_META,SK_ProduktLaunch26_META_Stories,Stories_v1,2026-09-18,18-24,Female,947,624.0,1.52,30,18,1.92,0.53,9.54,1.0,9.54,Website purchases
SK_BrandAwareness_Leto26_META,SK_BrandAwareness_Leto26_META_Carousel,Carousel_v1,2026-08-04,35-44,Female,1746,1334.0,1.31,32,19,1.11,0.67,12.73,,,
SK_ProduktLaunch26_META,SK_ProduktLaunch26_META_Stories,Stories_v1,2026-10-15,25-34,Male,2530,1742.0,1.45,74,40,1.58,0.55,22.0,1.0,22.0,Website purchases
SK_BrandAwareness_Leto26_META,SK_BrandAwareness_Leto26_META_Reels,Reels_v1,2026-08-03,45-54,Male,2620,1590.0,1.65,53,29,1.09,0.48,13.92,,,
SK_ProduktLaunch26_META,SK_ProduktLaunch26_META_Feed,Feed_v1,2026-09-22,65+,Male,1372,801.0,1.71,56,25,1.84,0.37,9.25,1.0,9.25,Website purchases
SK_BrandAwareness_Leto26_META,SK_BrandAwareness_Leto26_META_Video_V2,Video_v1,2026-08-06,25-34,Male,3535,2540.0,1.39,100,45,1.26,0.39,17.55,,,
SK_ProduktLaunch26_META,SK_ProduktLaunch26_META_Reels,Reels_v1,2026-10-14,18-24,Male,3440,2323.0,1.48,98,57,1.64,0.36,20.52,2.0,10.26,Website purchases
SK_ProduktLaunch26_META,SK_ProduktLaunch26_META_Feed,Feed_v1,2026-09-24,55-64,Male,2014,,,51,28,1.39,0.55,15.4,1.0,15.4,Website purchases
SK_ProduktLaunch26_META,SK_ProduktLaunch26_META_Stories,Stories_v1,2026-10-16,35-44,Female,1976,975.0,2.03,49,31,1.59,0.33,10.23,1.0,10.23,Website purchases
SK_BrandAwareness_Leto26_META,SK_BrandAwareness_Leto26_META_Video,Video_v1,2026-07-05,25-34,Male,2761,1529.0,1.81,43,28,1.03,0.49,13.72,,,
SK_ProduktLaunch26_META,SK_ProduktLaunch26_META_Feed,Feed_v1,2026-10-05,55-64,Male,1450,,,29,16,1.08,0.46,7.36,0.0,,Website purchases
SK_ProduktLaunch26_META,SK_ProduktLaunch26_META_Reels,Reels_v1,2026-09-17,55-64,Male,2631,1329.0,1.98,144,64,2.43,0.54,34.56,2.0,17.28,Website purchases
SK_BrandAwareness_Leto26_META,SK_BrandAwareness_Leto26_META_Reels,Reels_v1,2026-08-02,25-34,Female,4455,2134.0,2.09,62,40,0.91,0.34,13.6,,,
SK_BrandAwareness_Leto26_META,SK_BrandAwareness_Leto26_META_Video,Video_v1,2026-07-01,18-24,Male,2201,1355.0,1.62,85,38,1.72,0.51,19.38,,,
SK_BrandAwareness_Leto26_META,SK_BrandAwareness_Leto26_META_Carousel,Carousel_v1,2026-08-12,65+,Female,1110,621.0,1.79,45,23,2.1,0.43,9.89,,,
SK_ProduktLaunch26_META,SK_ProduktLaunch26_META_Reels,Reels_v1,2026-10-05,35-44,Male,4814,3261.0,1.48,164,96,2.0,0.33,31.68,3.0,10.56,Website purchases
SK_ProduktLaunch26_META,SK_ProduktLaunch26_META_Reels,Reels_v1,2026-10-05,45-54,Male,3907,1872.0,2.09,117,55,1.41,0.45,24.75,2.0,12.38,Website purchases
SK_BrandAwareness_Leto26_META,SK_BrandAwareness_Leto26_META_Carousel,Carousel_v1,2026-07-02,45-54,Female,959,576.0,1.66,27,14,1.46,0.63,8.82,,,
SK_ProduktLaunch26_META,SK_ProduktLaunch26_META_Feed,Feed_v1,2026-10-27,65+,Female,1358,900.0,1.51,23,14,1.06,0.49,6.86,0.0,,Website purchases
SK_ProduktLaunch26_META,SK_ProduktLaunch26_META_Stories,Stories_v1,2026-10-04,55-64,Male,1266,770.0,1.64,31,21,1.63,0.37,7.77,1.0,7.77,Website purchases
SK_BrandAwareness_Leto26_META,SK_BrandAwareness_Leto26_META_Reels,Reels_v1,2026-06-13,65+,Male,1866,997.0,1.87,44,23,1.23,0.35,8.05,,,
SK_BrandAwareness_Leto26_META,SK_BrandAwareness_Leto26_META_Video,Video_v1,2026-07-02,65+,Male,1166,565.0,2.06,31,18,1.55,0.42,7.56,,,
SK_BrandAwareness_Leto26_META,SK_BrandAwareness_Leto26_META_Reels,Reels_v1,2026-07-23,25-34,Female,2574,1864.0,1.38,91,46,1.8,0.39,17.94,,,
SK_ProduktLaunch26_META,SK_ProduktLaunch26_META_Stories,Stories_v1,2026-10-18,25-34,Female,1347,945.0,1.43,59,31,2.29,0.43,13.33,1.0,13.33,Website purchases
SK_ProduktLaunch26_META,SK_ProduktLaunch26_META_Feed,Feed_v1,2026-10-25,45-54,Male,2682,1650.0,1.63,80,35,1.3,0.55,19.25,1.0,19.25,Website purchases
SK_ProduktLaunch26_META,SK_ProduktLaunch26_META_Stories,Stories_v1,2026-10-07,55-64,Female,1007,559.0,1.8,32,16,1.59,0.32,5.12,0.0,,Website purchases
SK_ProduktLaunch26_META,SK_ProduktLaunch26_META_Feed,Feed_v1,2026-08-21,65+,Female,999,711.0,1.41,24,15,1.5,0.53,7.95,0.0,,Website purchases
SK_BrandAwareness_Leto26_META,SK_BrandAwareness_Leto26_META_Carousel,Carousel_v1,2026-06-04,65+,Female,576,327.0,1.76,15,8,1.39,0.65,5.2,,,
SK_ProduktLaunch26_META,SK_ProduktLaunch26_META_Reels,Reels_v1,2026-09-19,65+,Female,1226,620.0,1.98,39,20,1.66,0.38,7.6,1.0,7.6,Website purchases
SK_ProduktLaunch26_META,SK_ProduktLaunch26_META_Stories,Stories_v1,2026-10-08,65+,Male,1122,576.0,1.95,49,25,2.19,0.47,11.75,1.0,11.75,Website purchases
SK_BrandAwareness_Leto26_META,SK_BrandAwareness_Leto26_META_Video_V2,Video_v1,2026-08-12,65+,Male,1762,1069.0,1.65,33,21,1.2,0.52,10.92,,,
SK_ProduktLaunch26_META,SK_ProduktLaunch26_META_Reels,Reels_v1,2026-10-09,55-64,Male,2932,1545.0,1.9,78,36,1.24,0.42,15.12,1.0,15.12,Website purchases
SK_ProduktLaunch26_META,SK_ProduktLaunch26_META_Reels,Reels_v1,2026-09-22,25-34,Female,2945,1355.0,2.17,93,46,1.57,0.46,21.16,1.0,21.16,Website purchases
SK_ProduktLaunch26_META,SK_ProduktLaunch26_META_Feed,Feed_v1,2026-09-05,65+,Male,1463,761.0,1.92,37,18,1.26,0.48,8.64,0.0,,Website purchases
SK_ProduktLaunch26_META,SK_ProduktLaunch26_META_Reels,Reels_v1,2026-10-05,25-34,Female,4266,2553.0,1.67,111,71,1.67,0.3,21.3,2.0,10.65,Website purchases
SK_ProduktLaunch26_META,SK_ProduktLaunch26_META_Feed,Feed_v1,2026-09-24,65+,Female,983,567.0,1.73,19,12,1.21,0.4,4.8,0.0,,Website purchases
SK_ProduktLaunch26_META,SK_ProduktLaunch26_META_Reels,Reels_v1,2026-08-26,55-64,Male,3124,1895.0,1.65,104,53,1.68,0.52,27.56,2.0,13.78,Website purchases
SK_ProduktLaunch26_META,SK_ProduktLaunch26_META_Stories,Stories_v1,2026-08-23,55-64,Male,1513,835.0,1.81,41,20,1.35,0.57,11.4,1.0,11.4,Website purchases
SK_ProduktLaunch26_META,SK_ProduktLaunch26_META_Reels,Reels_v1,2026-09-03,55-64,Female,1525,807.0,1.89,64,38,2.48,0.45,17.1,1.0,17.1,Website purchases
SK_BrandAwareness_Leto26_META,SK_BrandAwareness_Leto26_META_Carousel,Carousel_v1,2026-07-19,55-64,Male,1368,638.0,2.14,31,14,1.0,0.57,7.98,,,
SK_BrandAwareness_Leto26_META,SK_BrandAwareness_Leto26_META_Reels,Reels_v1,2026-06-16,25-34,Male,3183,1753.0,1.82,90,61,1.93,0.44,26.84,,,
SK_BrandAwareness_Leto26_META,SK_BrandAwareness_Leto26_META_Video_V2,Video_v1,2026-07-22,45-54,Female,2461,1643.0,1.5,75,42,1.71,0.57,23.94,,,
SK_BrandAwareness_Leto26_META,SK_BrandAwareness_Leto26_META_Video_V2,Video_v1,2026-07-06,45-54,Male,1954,936.0,2.09,27,16,0.83,0.6,9.6,,,
SK_BrandAwareness_Leto26_META,SK_BrandAwareness_Leto26_META_Video,Video_v1,2026-06-24,35-44,Female,3592,1718.0,2.09,93,55,1.52,0.44,24.2,,,
SK_BrandAwareness_Leto26_META,SK_BrandAwareness_Leto26_META_Video_V2,Video_v1,2026-08-05,35-44,Male,2267,1359.0,1.67,40,28,1.22,0.43,12.04,,,
SK_ProduktLaunch26_META,SK_ProduktLaunch26_META_Reels,Reels_v1,2026-09-24,45-54,Male,3260,1791.0,1.82,81,46,1.42,0.41,18.86,1.0,18.86,Website purchases
SK_ProduktLaunch26_META,SK_ProduktLaunch26_META_Reels,Reels_v1,2026-08-16,55-64,Male,2848,1668.0,1.71,116,54,1.91,0.43,23.22,2.0,11.61,Website purchases
SK_ProduktLaunch26_META,SK_ProduktLaunch26_META_Reels,Reels_v1,2026-10-17,65+,Female,1152,706.0,1.63,53,23,1.95,0.51,11.73,1.0,11.73,Website purchases
SK_BrandAwareness_Leto26_META,SK_BrandAwareness_Leto26_META_Reels,Reels_v1,2026-06-11,55-64,Female,2385,1157.0,2.06,70,32,1.36,0.37,11.84,,,
SK_ProduktLaunch26_META,SK_ProduktLaunch26_META_Stories,Stories_v1,2026-10-16,45-54,Male,1649,853.0,1.93,77,35,2.12,0.55,19.25,1.0,19.25,Website purchases
SK_BrandAwareness_Leto26_META,SK_BrandAwareness_Leto26_META_Reels,Reels_v1,2026-06-19,35-44,Female,4331,2717.0,1.59,135,74,1.7,0.41,30.34,,,
SK_ProduktLaunch26_META,SK_ProduktLaunch26_META_Stories,Stories_v1,2026-09-05,55-64,Female,1075,805.0,1.34,29,18,1.67,0.46,8.28,1.0,8.28,Website purchases
SK_ProduktLaunch26_META,SK_ProduktLaunch26_META_Reels,Reels_v1,2026-09-16,35-44,Female,3498,1995.0,1.75,139,69,1.97,0.3,20.7,2.0,10.35,Website purchases
SK_BrandAwareness_Leto26_META,SK_BrandAwareness_Leto26_META_Reels,Reels_v1,2026-08-10,25-34,Male,5005,2588.0,1.93,168,93,1.85,0.38,35.34,,,
SK_BrandAwareness_Leto26_META,SK_BrandAwareness_Leto26_META_Reels,Reels_v1,2026-07-06,45-54,Male,2607,1509.0,1.73,98,50,1.93,0.47,23.5,,,
SK_ProduktLaunch26_META,SK_ProduktLaunch26_META_Reels,Reels_v1,2026-09-14,18-24,Male,2778,1826.0,1.52,88,51,1.83,0.41,20.91,2.0,10.46,Website purchases
SK_BrandAwareness_Leto26_META,SK_BrandAwareness_Leto26_META_Reels,Reels_v1,2026-06-18,65+,Female,1813,1364.0,1.33,55,28,1.56,0.55,15.4,,,
SK_ProduktLaunch26_META,SK_ProduktLaunch26_META_Reels,Reels_v1,2026-09-01,55-64,Female,1338,680.0,1.97,53,23,1.74,0.44,10.12,1.0,10.12,Website purchases
SK_BrandAwareness_Leto26_META,SK_BrandAwareness_Leto26_META_Video_V2,Video_v1,2026-07-30,18-24,Male,2815,1298.0,2.17,54,31,1.09,0.51,15.81,,,
SK_ProduktLaunch26_META,SK_ProduktLaunch26_META_Reels,Reels_v1,2026-09-04,18-24,Female,2800,2048.0,1.37,55,39,1.4,0.51,19.89,1.0,19.89,Website purchases
SK_ProduktLaunch26_META,SK_ProduktLaunch26_META_Reels,Reels_v1,2026-09-07,18-24,Male,2812,1697.0,1.66,105,60,2.14,0.43,25.8,2.0,12.9,Website purchases
SK_BrandAwareness_Leto26_META,SK_BrandAwareness_Leto26_META_Carousel,Carousel_v1,2026-08-01,35-44,Female,2653,1405.0,1.89,54,35,1.32,0.5,17.5,,,
SK_BrandAwareness_Leto26_META,SK_BrandAwareness_Leto26_META_Carousel,Carousel_v1,2026-08-14,25-34,Female,2530,1717.0,1.47,49,33,1.31,0.45,14.85,,,
SK_ProduktLaunch26_META,SK_ProduktLaunch26_META_Stories,Stories_v1,2026-08-21,18-24,Female,1030,566.0,1.82,35,21,2.06,0.48,10.08,1.0,10.08,Website purchases
SK_BrandAwareness_Leto26_META,SK_BrandAwareness_Leto26_META_Reels,Reels_v1,2026-07-13,35-44,Male,2968,1407.0,2.11,81,38,1.26,0.46,17.48,,,
SK_BrandAwareness_Leto26_META,SK_BrandAwareness_Leto26_META_Reels,Reels_v1,2026-07-26,35-44,Female,3312,1717.0,1.93,129,60,1.8,0.51,30.6,,,
SK_ProduktLaunch26_META,SK_ProduktLaunch26_META_Stories,Stories_v1,2026-09-12,55-64,Female,1362,648.0,2.1,58,29,2.12,0.56,16.24,1.0,16.24,Website purchases
SK_ProduktLaunch26_META,SK_ProduktLaunch26_META_Feed,Feed_v1,2026-10-17,35-44,Female,2690,1911.0,1.41,89,46,1.7,0.46,21.16,1.0,21.16,Website purchases
SK_ProduktLaunch26_META,SK_ProduktLaunch26_META_Stories,Stories_v1,2026-08-20,45-54,Female,2072,1142.0,1.81,74,33,1.58,0.42,13.86,1.0,13.86,Website purchases
SK_BrandAwareness_Leto26_META,SK_BrandAwareness_Leto26_META_Video,Video_v1,2026-06-27,18-24,Female,1551,871.0,1.78,32,17,1.07,0.5,8.5,,,
SK_BrandAwareness_Leto26_META,SK_BrandAwareness_Leto26_META_Carousel,Carousel_v1,2026-07-14,45-54,Male,2213,1298.0,1.7,53,36,1.63,0.42,15.12,,,
SK_ProduktLaunch26_META,SK_ProduktLaunch26_META_Stories,Stories_v1,2026-10-01,45-54,Female,1003,545.0,1.84,24,14,1.38,0.34,4.76,0.0,,Website purchases
SK_ProduktLaunch26_META,SK_ProduktLaunch26_META_Stories,Stories_v1,2026-10-15,18-24,Male,2164,1018.0,2.13,52,28,1.29,0.55,15.4,1.0,15.4,Website purchases
SK_BrandAwareness_Leto26_META,SK_BrandAwareness_Leto26_META_Reels,Reels_v1,2026-07-16,55-64,Male,2236,1081.0,2.07,72,41,1.83,0.47,19.27,,,
SK_ProduktLaunch26_META,SK_ProduktLaunch26_META_Reels,Reels_v1,2026-08-19,45-54,Female,3188,2260.0,1.41,134,80,2.5,0.51,40.8,2.0,20.4,Website purchases
SK_BrandAwareness_Leto26_META,SK_BrandAwareness_Leto26_META_Video,Video_v1,2026-06-29,55-64,Female,1159,802.0,1.45,19,12,1.06,0.59,7.08,,,
SK_ProduktLaunch26_META,SK_ProduktLaunch26_META_Stories,Stories_v1,2026-10-07,18-24,Male,1788,1087.0,1.64,43,22,1.26,0.53,11.66,1.0,11.66,Website purchases
SK_BrandAwareness_Leto26_META,SK_BrandAwareness_Leto26_META_Video_V2,Video_v1,2026-08-06,18-24,Male,2388,1505.0,1.59,71,37,1.56,0.6,22.2,,,
SK_BrandAwareness_Leto26_META,SK_BrandAwareness_Leto26_META_Carousel,Carousel_v1,2026-06-27,45-54,Female,1186,673.0,1.76,33,15,1.27,0.7,10.5,,,
SK_BrandAwareness_Leto26_META,SK_BrandAwareness_Leto26_META_Carousel,Carousel_v1,2026-06-08,55-64,Male,1558,1137.0,1.37,34,20,1.27,0.59,11.8,,,
SK_BrandAwareness_Leto26_META,SK_BrandAwareness_Leto26_META_Reels,Reels_v1,2026-06-11,18-24,Female,3378,1940.0,1.74,82,43,1.26,0.31,13.33,,,
SK_ProduktLaunch26_META,SK_ProduktLaunch26_META_Stories,Stories_v1,2026-09-17,45-54,Male,1284,825.0,1.56,48,24,1.89,0.44,10.56,1.0,10.56,Website purchases
SK_ProduktLaunch26_META,SK_ProduktLaunch26_META_Feed,Feed_v1,2026-10-15,65+,Female,1017,492.0,2.07,25,16,1.54,0.35,5.6,0.0,,Website purchases
SK_BrandAwareness_Leto26_META,SK_BrandAwareness_Leto26_META_Carousel,Carousel_v1,2026-06-26,25-34,Female,2342,1678.0,1.4,88,44,1.88,0.55,24.2,,,
SK_ProduktLaunch26_META,SK_ProduktLaunch26_META_Feed,Feed_v1,2026-08-18,35-44,Female,1595,733.0,2.18,32,19,1.17,0.36,6.84,0.0,,Website purchases
SK_BrandAwareness_Leto26_META,SK_BrandAwareness_Leto26_META_Video_V2,Video_v1,2026-07-18,45-54,Female,1491,896.0,1.66,31,18,1.18,0.62,11.16,,,
SK_ProduktLaunch26_META,SK_ProduktLaunch26_META_Reels,Reels_v1,2026-10-10,25-34,Male,3588,1827.0,1.96,145,79,2.2,0.32,25.28,2.0,12.64,Website purchases
SK_ProduktLaunch26_META,SK_ProduktLaunch26_META_Stories,Stories_v1,2026-10-19,18-24,Female,1910,1071.0,1.78,53,35,1.84,0.34,11.9,1.0,11.9,Website purchases
SK_BrandAwareness_Leto26_META,SK_BrandAwareness_Leto26_META_Reels,Reels_v1,2026-07-09,45-54,Female,2554,1837.0,1.39,39,28,1.08,0.41,11.48,,,
SK_BrandAwareness_Leto26_META,SK_BrandAwareness_Leto26_META_Carousel,Carousel_v1,2026-06-15,45-54,Male,2422,1337.0,1.81,93,48,2.0,0.63,30.24,,,
SK_BrandAwareness_Leto26_META,SK_BrandAwareness_Leto26_META_Video_V2,Video_v1,2026-07-25,45-54,Male,2554,1598.0,1.6,77,36,1.43,0.48,17.28,,,
SK_BrandAwareness_Leto26_META,SK_BrandAwareness_Leto26_META_Carousel,Carousel_v1,2026-07-15,45-54,Male,1838,875.0,2.1,50,29,1.57,0.52,15.08,,,
SK_ProduktLaunch26_META,SK_ProduktLaunch26_META_Reels,Reels_v1,2026-09-13,18-24,Female,1869,1187.0,1.57,65,40,2.13,0.48,19.2,1.0,19.2,Website purchases
SK_ProduktLaunch26_META,SK_ProduktLaunch26_META_Feed,Feed_v1,2026-09-27,55-64,Male,2092,1347.0,1.55,57,27,1.29,0.4,10.8,1.0,10.8,Website purchases
SK_BrandAwareness_Leto26_META,SK_BrandAwareness_Leto26_META_Video,Video_v1,2026-06-15,18-24,Female,2034,973.0,2.09,42,27,1.34,0.39,10.53,,,
SK_BrandAwareness_Leto26_META,SK_BrandAwareness_Leto26_META_Video_V2,Video_v1,2026-08-12,35-44,Female,3269,1564.0,2.09,74,44,1.34,0.45,19.8,,,
SK_BrandAwareness_Leto26_META,SK_BrandAwareness_Leto26_META_Carousel,Carousel_v1,2026-06-21,18-24,Female,1238,857.0,1.44,32,16,1.31,0.62,9.92,,,
SK_BrandAwareness_Leto26_META,SK_BrandAwareness_Leto26_META_Video,Video_v1,2026-06-30,35-44,Male,2303,1314.0,1.75,58,28,1.2,0.6,16.8,,,
SK_BrandAwareness_Leto26_META,SK_BrandAwareness_Leto26_META_Reels,Reels_v1,2026-07-24,55-64,Female,2509,1430.0,1.75,65,36,1.44,0.45,16.2,,,
SK_ProduktLaunch26_META,SK_ProduktLaunch26_META_Feed,Feed_v1,2026-09-11,18-24,Female,1822,1348.0,1.35,44,31,1.69,0.36,11.16,1.0,11.16,Website purchases
SK_ProduktLaunch26_META,SK_ProduktLaunch26_META_Stories,Stories_v1,2026-08-20,18-24,Male,2039,1272.0,1.6,55,28,1.36,0.4,11.2,1.0,11.2,Website purchases
SK_ProduktLaunch26_META,SK_ProduktLaunch26_META_Stories,Stories_v1,2026-09-06,25-34,Female,2947,1920.0,1.53,122,56,1.91,0.44,24.64,2.0,12.32,Website purchases
SK_ProduktLaunch26_META,SK_ProduktLaunch26_META_Reels,Reels_v1,2026-09-30,45-54,Female,3062,1484.0,2.06,109,49,1.61,0.41,20.09,1.0,20.09,Website purchases
SK_BrandAwareness_Leto26_META,SK_BrandAwareness_Leto26_META_Video,Video_v1,2026-06-14,18-24,Male,2176,,,58,30,1.36,0.64,19.2,,,
SK_ProduktLaunch26_META,SK_ProduktLaunch26_META_Feed,Feed_v1,2026-09-11,25-34,Female,2883,1646.0,1.75,74,33,1.14,0.57,18.81,1.0,18.81,Website purchases
SK_BrandAwareness_Leto26_META,SK_BrandAwareness_Leto26_META_Carousel,Carousel_v1,2026-07-25,65+,Female,483,327.0,1.48,8,5,1.02,0.57,2.85,,,
SK_BrandAwareness_Leto26_META,SK_BrandAwareness_Leto26_META_Reels,Reels_v1,2026-08-10,65+,Female,1857,1028.0,1.81,29,18,0.98,0.44,7.92,,,
SK_BrandAwareness_Leto26_META,SK_BrandAwareness_Leto26_META_Video_V2,Video_v1,2026-07-20,65+,Female,840,444.0,1.89,14,10,1.2,0.43,4.3,,,
SK_BrandAwareness_Leto26_META,SK_BrandAwareness_Leto26_META_Carousel,Carousel_v1,2026-07-20,18-24,Female,1925,1358.0,1.42,92,42,2.16,0.64,26.88,,,
SK_ProduktLaunch26_META,SK_ProduktLaunch26_META_Stories,Stories_v1,2026-09-25,25-34,Female,2604,1249.0,2.08,99,54,2.08,0.44,23.76,2.0,11.88,Website purchases
SK_BrandAwareness_Leto26_META,SK_BrandAwareness_Leto26_META_Carousel,Carousel_v1,2026-08-05,35-44,Male,1546,,,44,23,1.47,0.59,13.57,,,
SK_ProduktLaunch26_META,SK_ProduktLaunch26_META_Reels,Reels_v1,2026-08-15,55-64,Female,1489,1074.0,1.39,61,34,2.3,0.5,17.0,1.0,17.0,Website purchases
SK_BrandAwareness_Leto26_META,SK_BrandAwareness_Leto26_META_Reels,Reels_v1,2026-06-15,55-64,Female,2310,1479.0,1.56,66,39,1.7,0.51,19.89,,,
SK_BrandAwareness_Leto26_META,SK_BrandAwareness_Leto26_META_Reels,Reels_v1,2026-08-04,45-54,Male,1803,1017.0,1.77,69,31,1.72,0.44,13.64,,,
SK_BrandAwareness_Leto26_META,SK_BrandAwareness_Leto26_META_Video_V2,Video_v1,2026-07-30,45-54,Male,3296,2409.0,1.37,87,53,1.61,0.57,30.21,,,
SK_ProduktLaunch26_META,SK_ProduktLaunch26_META_Feed,Feed_v1,2026-09-11,55-64,Female,908,670.0,1.36,23,13,1.47,0.35,4.55,0.0,,Website purchases
SK_BrandAwareness_Leto26_META,SK_BrandAwareness_Leto26_META_Carousel,Carousel_v1,2026-07-28,35-44,Female,2034,1558.0,1.31,66,35,1.7,0.53,18.55,,,
SK_BrandAwareness_Leto26_META,SK_BrandAwareness_Leto26_META_Video_V2,Video_v1,2026-07-18,35-44,Female,3292,2228.0,1.48,95,58,1.75,0.6,34.8,,,
SK_ProduktLaunch26_META,SK_ProduktLaunch26_META_Feed,Feed_v1,2026-10-20,35-44,Female,1611,1098.0,1.47,54,31,1.93,0.46,14.26,1.0,14.26,Website purchases
SK_BrandAwareness_Leto26_META,SK_BrandAwareness_Leto26_META_Video,Video_v1,2026-06-02,55-64,Male,1256,766.0,1.64,20,12,0.97,0.5,6.0,,,
SK_BrandAwareness_Leto26_META,SK_BrandAwareness_Leto26_META_Video_V2,Video_v1,2026-08-13,18-24,Male,2238,1664.0,1.34,67,35,1.54,0.48,16.8,,,
SK_BrandAwareness_Leto26_META,SK_BrandAwareness_Leto26_META_Reels,Reels_v1,2026-07-03,55-64,Male,3078,1619.0,1.9,138,61,1.99,0.34,20.74,,,
SK_ProduktLaunch26_META,SK_ProduktLaunch26_META_Stories,Stories_v1,2026-09-30,65+,Male,1075,684.0,1.57,37,22,2.08,0.45,9.9,1.0,9.9,Website purchases
SK_ProduktLaunch26_META,SK_ProduktLaunch26_META_Stories,Stories_v1,2026-09-27,65+,Male,1037,760.0,1.36,45,20,1.89,0.36,7.2,1.0,7.2,Website purchases
SK_ProduktLaunch26_META,SK_ProduktLaunch26_META_Stories,Stories_v1,2026-09-01,18-24,Male,1435,777.0,1.85,59,27,1.89,0.38,10.26,1.0,10.26,Website purchases
SK_ProduktLaunch26_META,SK_ProduktLaunch26_META_Feed,Feed_v1,2026-08-28,65+,Female,807,604.0,1.34,24,15,1.88,0.49,7.35,0.0,,Website purchases
SK_ProduktLaunch26_META,SK_ProduktLaunch26_META_Feed,Feed_v1,2026-10-21,25-34,Female,1505,,,41,22,1.49,0.57,12.54,1.0,12.54,Website purchases
SK_ProduktLaunch26_META,SK_ProduktLaunch26_META_Feed,Feed_v1,2026-10-05,18-24,Female,1608,858.0,1.87,45,20,1.22,0.56,11.2,0.0,,Website purchases
SK_ProduktLaunch26_META,SK_ProduktLaunch26_META_Feed,Feed_v1,2026-10-06,18-24,Male,1710,1054.0,1.62,43,21,1.22,0.54,11.34,1.0,11.34,Website purchases
SK_ProduktLaunch26_META,SK_ProduktLaunch26_META_Feed,Feed_v1,2026-10-11,18-24,Female,1420,1060.0,1.34,34,15,1.03,0.48,7.2,0.0,,Website purchases
SK_BrandAwareness_Leto26_META,SK_BrandAwareness_Leto26_META_Reels,Reels_v1,2026-06-26,45-54,Male,3976,2549.0,1.56,76,42,1.07,0.32,13.44,,,
SK_BrandAwareness_Leto26_META,SK_BrandAwareness_Leto26_META_Reels,Reels_v1,2026-08-02,18-24,Male,3205,2123.0,1.51,125,61,1.9,0.39,23.79,,,
SK_ProduktLaunch26_META,SK_ProduktLaunch26_META_Feed,Feed_v1,2026-08-18,45-54,Female,2610,1388.0,1.88,59,36,1.4,0.51,18.36,1.0,18.36,Website purchases
SK_ProduktLaunch26_META,SK_ProduktLaunch26_META_Feed,Feed_v1,2026-09-26,18-24,Female,2267,1082.0,2.1,50,29,1.29,0.43,12.47,1.0,12.47,Website purchases
SK_BrandAwareness_Leto26_META,SK_BrandAwareness_Leto26_META_Reels,Reels_v1,2026-06-07,55-64,Male,1690,774.0,2.18,45,21,1.22,0.33,6.93,,,
SK_BrandAwareness_Leto26_META,SK_BrandAwareness_Leto26_META_Carousel,Carousel_v1,2026-06-21,25-34,Male,2912,1629.0,1.79,62,43,1.49,0.54,23.22,,,
SK_ProduktLaunch26_META,SK_ProduktLaunch26_META_Reels,Reels_v1,2026-10-12,18-24,Female,1625,829.0,1.96,37,22,1.35,0.54,11.88,1.0,11.88,Website purchases
SK_ProduktLaunch26_META,SK_ProduktLaunch26_META_Reels,Reels_v1,2026-09-11,35-44,Male,3653,1932.0,1.89,181,90,2.47,0.4,36.0,3.0,12.0,Website purchases
SK_ProduktLaunch26_META,SK_ProduktLaunch26_META_Feed,Feed_v1,2026-09-22,55-64,Female,1294,645.0,2.01,32,19,1.47,0.51,9.69,0.0,,Website purchases
SK_ProduktLaunch26_META,SK_ProduktLaunch26_META_Stories,Stories_v1,2026-10-23,55-64,Male,1109,513.0,2.16,36,24,2.14,0.46,11.04,1.0,11.04,Website purchases
SK_ProduktLaunch26_META,SK_ProduktLaunch26_META_Stories,Stories_v1,2026-10-06,55-64,Female,1508,1027.0,1.47,36,21,1.41,0.52,10.92,1.0,10.92,Website purchases
SK_BrandAwareness_Leto26_META,SK_BrandAwareness_Leto26_META_Video,Video_v1,2026-06-09,25-34,Female,2992,1486.0,2.01,55,34,1.13,0.5,17.0,,,
SK_ProduktLaunch26_META,SK_ProduktLaunch26_META_Feed,Feed_v1,2026-08-29,18-24,Female,1507,1127.0,1.34,50,22,1.47,0.48,10.56,1.0,10.56,Website purchases
SK_BrandAwareness_Leto26_META,SK_BrandAwareness_Leto26_META_Video_V2,Video_v1,2026-07-24,55-64,Male,2183,1400.0,1.56,61,37,1.67,0.5,18.5,,,
SK_ProduktLaunch26_META,SK_ProduktLaunch26_META_Reels,Reels_v1,2026-08-27,55-64,Male,1828,877.0,2.08,60,43,2.35,0.44,18.92,1.0,18.92,Website purchases
SK_BrandAwareness_Leto26_META,SK_BrandAwareness_Leto26_META_Carousel,Carousel_v1,2026-07-02,55-64,Male,1731,920.0,1.88,47,24,1.38,0.66,15.84,,,
SK_ProduktLaunch26_META,SK_ProduktLaunch26_META_Reels,Reels_v1,2026-08-21,55-64,Male,2862,1607.0,1.78,103,71,2.49,0.45,31.95,2.0,15.97,Website purchases
SK_BrandAwareness_Leto26_META,SK_BrandAwareness_Leto26_META_Carousel,Carousel_v1,2026-07-05,45-54,Male,2118,1081.0,1.96,65,37,1.76,0.48,17.76,,,
SK_ProduktLaunch26_META,SK_ProduktLaunch26_META_Feed,Feed_v1,2026-09-13,35-44,Female,1424,666.0,2.14,42,21,1.45,0.56,11.76,1.0,11.76,Website purchases
SK_BrandAwareness_Leto26_META,SK_BrandAwareness_Leto26_META_Reels,Reels_v1,2026-06-14,55-64,Female,1929,968.0,1.99,45,21,1.07,0.52,10.92,,,
SK_BrandAwareness_Leto26_META,SK_BrandAwareness_Leto26_META_Carousel,Carousel_v1,2026-08-10,55-64,Male,1289,643.0,2.0,48,27,2.06,0.58,15.66,,,
SK_ProduktLaunch26_META,SK_ProduktLaunch26_META_Stories,Stories_v1,2026-09-21,35-44,Male,1339,636.0,2.11,45,30,2.2,0.33,9.9,1.0,9.9,Website purchases
SK_BrandAwareness_Leto26_META,SK_BrandAwareness_Leto26_META_Reels,Reels_v1,2026-08-11,65+,Female,1426,667.0,2.14,52,24,1.7,0.42,10.08,,,
SK_BrandAwareness_Leto26_META,SK_BrandAwareness_Leto26_META_Video_V2,Video_v1,2026-08-07,45-54,Female,1962,941.0,2.09,52,28,1.4,0.59,16.52,,,
SK_ProduktLaunch26_META,SK_ProduktLaunch26_META_Reels,Reels_v1,2026-09-30,25-34,Male,2552,1494.0,1.71,106,53,2.06,0.31,16.43,2.0,8.21,Website purchases
SK_BrandAwareness_Leto26_META,SK_BrandAwareness_Leto26_META_Reels,Reels_v1,2026-06-02,45-54,Female,2344,1211.0,1.94,90,44,1.88,0.52,22.88,,,
SK_BrandAwareness_Leto26_META,SK_BrandAwareness_Leto26_META_Reels,Reels_v1,2026-07-15,55-64,Female,1417,696.0,2.04,30,20,1.42,0.52,10.4,,,
SK_BrandAwareness_Leto26_META,SK_BrandAwareness_Leto26_META_Video_V2,Video_v1,2026-07-30,65+,Male,1071,715.0,1.5,23,16,1.46,0.53,8.48,,,
SK_ProduktLaunch26_META,SK_ProduktLaunch26_META_Feed,Feed_v1,2026-09-08,65+,Male,1024,679.0,1.51,28,13,1.32,0.55,7.15,0.0,,Website purchases
SK_BrandAwareness_Leto26_META,SK_BrandAwareness_Leto26_META_Video_V2,Video_v1,2026-07-06,65+,Male,800,402.0,1.99,21,11,1.31,0.39,4.29,,,
SK_ProduktLaunch26_META,SK_ProduktLaunch26_META_Stories,Stories_v1,2026-09-14,55-64,Female,1130,837.0,1.35,39,17,1.51,0.53,9.01,0.0,,Website purchases
SK_BrandAwareness_Leto26_META,SK_BrandAwareness_Leto26_META_Video_V2,Video_v1,2026-08-10,55-64,Male,1379,692.0,1.99,20,13,0.93,0.52,6.76,,,
SK_BrandAwareness_Leto26_META,SK_BrandAwareness_Leto26_META_Carousel,Carousel_v1,2026-06-21,35-44,Female,1662,960.0,1.73,58,31,1.89,0.45,13.95,,,
SK_ProduktLaunch26_META,SK_ProduktLaunch26_META_Feed,Feed_v1,2026-10-12,25-34,Male,3650,1696.0,2.15,143,63,1.73,0.55,34.65,2.0,17.32,Website purchases
SK_BrandAwareness_Leto26_META,SK_BrandAwareness_Leto26_META_Reels,Reels_v1,2026-06-21,35-44,Male,4010,1929.0,2.08,125,58,1.45,0.42,24.36,,,
SK_BrandAwareness_Leto26_META,SK_BrandAwareness_Leto26_META_Reels,Reels_v1,2026-07-01,55-64,Female,1789,960.0,1.86,51,33,1.87,0.38,12.54,,,
SK_ProduktLaunch26_META,SK_ProduktLaunch26_META_Reels,Reels_v1,2026-09-03,45-54,Male,2941,1530.0,1.92,140,66,2.26,0.37,24.42,2.0,12.21,Website purchases
SK_ProduktLaunch26_META,SK_ProduktLaunch26_META_Stories,Stories_v1,2026-09-13,65+,Female,832,446.0,1.87,33,18,2.15,0.49,8.82,1.0,8.82,Website purchases
SK_ProduktLaunch26_META,SK_ProduktLaunch26_META_Reels,Reels_v1,2026-09-19,55-64,Male,2564,1789.0,1.43,85,54,2.09,0.54,29.16,2.0,14.58,Website purchases
SK_BrandAwareness_Leto26_META,SK_BrandAwareness_Leto26_META_Reels,Reels_v1,2026-06-08,35-44,Female,2937,1340.0,2.19,91,43,1.45,0.31,13.33,,,
SK_ProduktLaunch26_META,SK_ProduktLaunch26_META_Stories,Stories_v1,2026-09-14,55-64,Male,1558,1129.0,1.38,47,31,2.01,0.56,17.36,1.0,17.36,Website purchases
SK_ProduktLaunch26_META,SK_ProduktLaunch26_META_Reels,Reels_v1,2026-10-05,65+,Male,1672,1080.0,1.55,71,37,2.23,0.53,19.61,1.0,19.61,Website purchases
SK_ProduktLaunch26_META,SK_ProduktLaunch26_META_Stories,Stories_v1,2026-10-04,35-44,Female,1459,813.0,1.79,53,28,1.92,0.41,11.48,1.0,11.48,Website purchases
SK_BrandAwareness_Leto26_META,SK_BrandAwareness_Leto26_META_Carousel,Carousel_v1,2026-08-14,65+,Male,1022,573.0,1.78,24,15,1.44,0.68,10.2,,,
SK_ProduktLaunch26_META,SK_ProduktLaunch26_META_Feed,Feed_v1,2026-10-04,65+,Male,847,403.0,2.1,29,13,1.51,0.59,7.67,0.0,,Website purchases
SK_ProduktLaunch26_META,SK_ProduktLaunch26_META_Reels,Reels_v1,2026-10-07,25-34,Male,4022,2542.0,1.58,161,77,1.91,0.48,36.96,2.0,18.48,Website purchases
SK_ProduktLaunch26_META,SK_ProduktLaunch26_META_Feed,Feed_v1,2026-10-15,35-44,Female,2139,1006.0,2.13,38,26,1.21,0.51,13.26,1.0,13.26,Website purchases
SK_ProduktLaunch26_META,SK_ProduktLaunch26_META_Feed,Feed_v1,2026-10-16,55-64,Female,1068,765.0,1.4,35,21,1.94,0.57,11.97,1.0,11.97,Website purchases
SK_BrandAwareness_Leto26_META,SK_BrandAwareness_Leto26_META_Reels,Reels_v1,2026-06-25,65+,Male,1883,1344.0,1.4,52,33,1.75,0.5,16.5,,,
SK_BrandAwareness_Leto26_META,SK_BrandAwareness_Leto26_META_Video,Video_v1,2026-06-14,25-34,Male,2910,1344.0,2.17,62,33,1.14,0.47,15.51,,,
SK_ProduktLaunch26_META,SK_ProduktLaunch26_META_Reels,Reels_v1,2026-09-28,45-54,Female,2212,1445.0,1.53,93,41,1.85,0.51,20.91,1.0,20.91,Website purchases
SK_BrandAwareness_Leto26_META,SK_BrandAwareness_Leto26_META_Video_V2,Video_v1,2026-07-17,55-64,Female,1472,720.0,2.04,43,20,1.34,0.58,11.6,,,
SK_ProduktLaunch26_META,SK_ProduktLaunch26_META_Reels,Reels_v1,2026-08-20,65+,Male,1947,904.0,2.15,65,29,1.49,0.44,12.76,1.0,12.76,Website purchases
SK_BrandAwareness_Leto26_META,SK_BrandAwareness_Leto26_META_Video_V2,Video_v1,2026-08-14,25-34,Male,2054,1306.0,1.57,32,19,0.93,0.55,10.45,,,
SK_BrandAwareness_Leto26_META,SK_BrandAwareness_Leto26_META_Carousel,Carousel_v1,2026-06-03,55-64,Male,1632,1090.0,1.5,50,34,2.11,0.45,15.3,,,
SK_BrandAwareness_Leto26_META,SK_BrandAwareness_Leto26_META_Carousel,Carousel_v1,2026-08-12,35-44,Male,2806,1614.0,1.74,73,45,1.61,0.59,26.55,,,
SK_BrandAwareness_Leto26_META,SK_BrandAwareness_Leto26_META_Carousel,Carousel_v1,2026-06-15,25-34,Male,2132,1177.0,1.81,43,26,1.22,0.57,14.82,,,
SK_ProduktLaunch26_META,SK_ProduktLaunch26_META_Feed,Feed_v1,2026-09-04,25-34,Female,2215,1369.0,1.62,93,41,1.85,0.39,15.99,1.0,15.99,Website purchases
SK_BrandAwareness_Leto26_META,SK_BrandAwareness_Leto26_META_Carousel,Carousel_v1,2026-07-28,35-44,Male,2902,1457.0,1.99,73,35,1.2,0.66,23.1,,,
SK_BrandAwareness_Leto26_META,SK_BrandAwareness_Leto26_META_Video_V2,Video_v1,2026-07-31,35-44,Male,3058,2083.0,1.47,111,49,1.61,0.42,20.58,,,
SK_BrandAwareness_Leto26_META,SK_BrandAwareness_Leto26_META_Video_V2,Video_v1,2026-07-18,55-64,Female,2339,1350.0,1.73,42,22,0.93,0.35,7.7,,,
SK_ProduktLaunch26_META,SK_ProduktLaunch26_META_Reels,Reels_v1,2026-09-23,35-44,Female,3837,2702.0,1.42,205,92,2.41,0.5,46.0,3.0,15.33,Website purchases
SK_ProduktLaunch26_META,SK_ProduktLaunch26_META_Feed,Feed_v1,2026-08-26,25-34,Male,3948,2019.0,1.96,106,51,1.28,0.54,27.54,1.0,27.54,Website purchases
SK_BrandAwareness_Leto26_META,SK_BrandAwareness_Leto26_META_Carousel,Carousel_v1,2026-07-05,55-64,Male,1040,791.0,1.31,20,10,1.01,0.43,4.3,,,
SK_BrandAwareness_Leto26_META,SK_BrandAwareness_Leto26_META_Reels,Reels_v1,2026-07-17,45-54,Female,3050,1683.0,1.81,62,35,1.16,0.44,15.4,,,
SK_ProduktLaunch26_META,SK_ProduktLaunch26_META_Reels,Reels_v1,2026-10-01,45-54,Male,3573,1737.0,2.06,91,48,1.34,0.43,20.64,1.0,20.64,Website purchases
SK_BrandAwareness_Leto26_META,SK_BrandAwareness_Leto26_META_Reels,Reels_v1,2026-07-16,35-44,Male,2563,1665.0,1.54,47,23,0.92,0.35,8.05,,,
SK_ProduktLaunch26_META,SK_ProduktLaunch26_META_Stories,Stories_v1,2026-10-10,55-64,Female,1685,879.0,1.92,36,25,1.51,0.36,9.0,1.0,9.0,Website purchases
SK_BrandAwareness_Leto26_META,SK_BrandAwareness_Leto26_META_Reels,Reels_v1,2026-07-20,65+,Female,1583,888.0,1.78,51,25,1.6,0.48,12.0,,,
SK_ProduktLaunch26_META,SK_ProduktLaunch26_META_Stories,Stories_v1,2026-10-09,65+,Male,1122,536.0,2.09,28,18,1.61,0.47,8.46,1.0,8.46,Website purchases
SK_ProduktLaunch26_META,SK_ProduktLaunch26_META_Reels,Reels_v1,2026-09-22,35-44,Male,2087,1463.0,1.43,43,25,1.2,0.49,12.25,1.0,12.25,Website purchases
SK_ProduktLaunch26_META,SK_ProduktLaunch26_META_Stories,Stories_v1,2026-10-14,35-44,Female,1914,1115.0,1.72,63,32,1.69,0.37,11.84,1.0,11.84,Website purchases
SK_ProduktLaunch26_META,SK_ProduktLaunch26_META_Feed,Feed_v1,2026-09-23,35-44,Male,3048,1874.0,1.63,85,45,1.47,0.52,23.4,1.0,23.4,Website purchases
SK_BrandAwareness_Leto26_META,SK_BrandAwareness_Leto26_META_Video,Video_v1,2026-06-30,18-24,Male,3092,2258.0,1.37,72,49,1.57,0.56,27.44,,,
SK_BrandAwareness_Leto26_META,SK_BrandAwareness_Leto26_META_Reels,Reels_v1,2026-07-31,25-34,Female,3390,1864.0,1.82,94,48,1.42,0.43,20.64,,,
SK_BrandAwareness_Leto26_META,SK_BrandAwareness_Leto26_META_Reels,Reels_v1,2026-08-03,45-54,Female,2994,1881.0,1.59,91,59,1.97,0.5,29.5,,,
SK_ProduktLaunch26_META,SK_ProduktLaunch26_META_Feed,Feed_v1,2026-08-15,18-24,Male,2184,,,47,30,1.37,0.49,14.7,1.0,14.7,Website purchases
SK_BrandAwareness_Leto26_META,SK_BrandAwareness_Leto26_META_Carousel,Carousel_v1,2026-07-13,65+,Male,656,408.0,1.61,27,14,2.09,0.61,8.54,,,
SK_ProduktLaunch26_META,SK_ProduktLaunch26_META_Stories,Stories_v1,2026-08-29,55-64,Male,1171,,,39,26,2.21,0.55,14.3,1.0,14.3,Website purchases
SK_BrandAwareness_Leto26_META,SK_BrandAwareness_Leto26_META_Video,Video_v1,2026-06-06,45-54,Female,1962,1220.0,1.61,62,28,1.42,0.61,17.08,,,
SK_ProduktLaunch26_META,SK_ProduktLaunch26_META_Stories,Stories_v1,2026-10-15,65+,Male,1073,607.0,1.77,24,17,1.59,0.41,6.97,0.0,,Website purchases
SK_ProduktLaunch26_META,SK_ProduktLaunch26_META_Stories,Stories_v1,2026-10-16,55-64,Male,1775,946.0,1.88,73,32,1.82,0.44,14.08,1.0,14.08,Website purchases
SK_BrandAwareness_Leto26_META,SK_BrandAwareness_Leto26_META_Reels,Reels_v1,2026-08-05,35-44,Male,4075,2607.0,1.56,142,69,1.7,0.54,37.26,,,
SK_ProduktLaunch26_META,SK_ProduktLaunch26_META_Feed,Feed_v1,2026-09-03,55-64,Male,1184,661.0,1.79,43,20,1.7,0.36,7.2,0.0,,Website purchases
SK_BrandAwareness_Leto26_META,SK_BrandAwareness_Leto26_META_Reels,Reels_v1,2026-07-22,35-44,Male,3880,1870.0,2.07,94,59,1.52,0.37,21.83,,,
SK_ProduktLaunch26_META,SK_ProduktLaunch26_META_Feed,Feed_v1,2026-09-16,45-54,Male,2239,1329.0,1.68,63,30,1.35,0.54,16.2,1.0,16.2,Website purchases
SK_BrandAwareness_Leto26_META,SK_BrandAwareness_Leto26_META_Reels,Reels_v1,2026-07-01,18-24,Female,2309,1079.0,2.14,72,36,1.55,0.53,19.08,,,
SK_ProduktLaunch26_META,SK_ProduktLaunch26_META_Reels,Reels_v1,2026-10-18,55-64,Male,2972,1617.0,1.84,68,45,1.53,0.41,18.45,1.0,18.45,Website purchases
SK_ProduktLaunch26_META,SK_ProduktLaunch26_META_Feed,Feed_v1,2026-09-21,25-34,Male,1721,883.0,1.95,61,28,1.61,0.52,14.56,1.0,14.56,Website purchases
SK_ProduktLaunch26_META,SK_ProduktLaunch26_META_Stories,Stories_v1,2026-08-24,25-34,Male,1994,1022.0,1.95,71,32,1.6,0.46,14.72,1.0,14.72,Website purchases
SK_BrandAwareness_Leto26_META,SK_BrandAwareness_Leto26_META_Video,Video_v1,2026-06-03,45-54,Female,2832,1358.0,2.09,63,29,1.03,0.6,17.4,,,
SK_BrandAwareness_Leto26_META,SK_BrandAwareness_Leto26_META_Carousel,Carousel_v1,2026-06-13,45-54,Male,1132,733.0,1.54,43,23,2.01,0.45,10.35,,,
SK_ProduktLaunch26_META,SK_ProduktLaunch26_META_Feed,Feed_v1,2026-10-15,25-34,Male,2974,1404.0,2.12,68,33,1.1,0.48,15.84,1.0,15.84,Website purchases
SK_BrandAwareness_Leto26_META,SK_BrandAwareness_Leto26_META_Video,Video_v1,2026-06-06,65+,Female,1345,1007.0,1.34,33,22,1.61,0.38,8.36,,,
SK_ProduktLaunch26_META,SK_ProduktLaunch26_META_Reels,Reels_v1,2026-08-30,25-34,Female,3562,2676.0,1.33,120,75,2.09,0.43,32.25,2.0,16.12,Website purchases
SK_ProduktLaunch26_META,SK_ProduktLaunch26_META_Stories,Stories_v1,2026-10-18,45-54,Male,1716,1090.0,1.57,43,22,1.3,0.33,7.26,1.0,7.26,Website purchases
SK_ProduktLaunch26_META,SK_ProduktLaunch26_META_Feed,Feed_v1,2026-10-20,25-34,Male,3331,1686.0,1.98,105,61,1.84,0.44,26.84,2.0,13.42,Website purchases
SK_ProduktLaunch26_META,SK_ProduktLaunch26_META_Feed,Feed_v1,2026-09-06,65+,Male,1260,825.0,1.53,33,19,1.52,0.41,7.79,0.0,,Website purchases
SK_ProduktLaunch26_META,SK_ProduktLaunch26_META_Reels,Reels_v1,2026-09-12,65+,Male,1320,735.0,1.8,49,27,2.04,0.44,11.88,1.0,11.88,Website purchases
SK_BrandAwareness_Leto26_META,SK_BrandAwareness_Leto26_META_Video_V2,Video_v1,2026-07-18,25-34,Female,4079,3043.0,1.34,124,59,1.46,0.37,21.83,,,
SK_BrandAwareness_Leto26_META,SK_BrandAwareness_Leto26_META_Reels,Reels_v1,2026-08-14,55-64,Male,2935,1863.0,1.58,102,55,1.88,0.42,23.1,,,
SK_ProduktLaunch26_META,SK_ProduktLaunch26_META_Reels,Reels_v1,2026-10-17,25-34,Female,2109,1358.0,1.55,55,34,1.63,0.37,12.58,1.0,12.58,Website purchases
SK_ProduktLaunch26_META,SK_ProduktLaunch26_META_Feed,Feed_v1,2026-09-20,25-34,Male,3262,1488.0,2.19,90,60,1.85,0.47,28.2,2.0,14.1,Website purchases
SK_BrandAwareness_Leto26_META,SK_BrandAwareness_Leto26_META_Video,Video_v1,2026-06-20,45-54,Male,3011,2039.0,1.48,51,34,1.14,0.47,15.98,,,
SK_BrandAwareness_Leto26_META,SK_BrandAwareness_Leto26_META_Reels,Reels_v1,2026-06-22,18-24,Male,2627,,,41,28,1.06,0.53,14.84,,,
SK_ProduktLaunch26_META,SK_ProduktLaunch26_META_Reels,Reels_v1,2026-09-22,65+,Male,2074,1019.0,2.04,99,45,2.18,0.43,19.35,1.0,19.35,Website purchases
SK_ProduktLaunch26_META,SK_ProduktLaunch26_META_Feed,Feed_v1,2026-09-11,35-44,Male,1762,983.0,1.79,42,21,1.21,0.36,7.56,1.0,7.56,Website purchases
SK_BrandAwareness_Leto26_META,SK_BrandAwareness_Leto26_META_Carousel,Carousel_v1,2026-06-01,55-64,Male,1958,894.0,2.19,68,38,1.93,0.56,21.28,,,
SK_ProduktLaunch26_META,SK_ProduktLaunch26_META_Feed,Feed_v1,2026-09-19,25-34,Male,2612,1463.0,1.79,59,28,1.08,0.48,13.44,1.0,13.44,Website purchases
SK_ProduktLaunch26_META,SK_ProduktLaunch26_META_Reels,Reels_v1,2026-10-26,18-24,Female,1804,948.0,1.9,61,37,2.03,0.47,17.39,1.0,17.39,Website purchases
SK_ProduktLaunch26_META,SK_ProduktLaunch26_META_Stories,Stories_v1,2026-10-01,18-24,Female,1147,697.0,1.65,49,24,2.07,0.58,13.92,1.0,13.92,Website purchases
SK_ProduktLaunch26_META,SK_ProduktLaunch26_META_Feed,Feed_v1,2026-10-25,65+,Male,1491,985.0,1.51,55,25,1.7,0.36,9.0,1.0,9.0,Website purchases
SK_BrandAwareness_Leto26_META,SK_BrandAwareness_Leto26_META_Video_V2,Video_v1,2026-07-21,55-64,Female,1618,791.0,2.05,34,15,0.94,0.47,7.05,,,
SK_ProduktLaunch26_META,SK_ProduktLaunch26_META_Reels,Reels_v1,2026-08-17,45-54,Male,3565,1730.0,2.06,110,73,2.04,0.49,35.77,2.0,17.89,Website purchases
SK_BrandAwareness_Leto26_META,SK_BrandAwareness_Leto26_META_Carousel,Carousel_v1,2026-06-30,55-64,Female,894,502.0,1.78,24,14,1.53,0.45,6.3,,,
SK_ProduktLaunch26_META,SK_ProduktLaunch26_META_Feed,Feed_v1,2026-09-02,25-34,Female,2363,1143.0,2.07,81,38,1.61,0.38,14.44,1.0,14.44,Website purchases
SK_ProduktLaunch26_META,SK_ProduktLaunch26_META_Reels,Reels_v1,2026-09-29,45-54,Male,3526,1659.0,2.13,98,68,1.94,0.33,22.44,2.0,11.22,Website purchases
SK_ProduktLaunch26_META,SK_ProduktLaunch26_META_Feed,Feed_v1,2026-08-28,55-64,Male,1577,732.0,2.15,64,29,1.86,0.48,13.92,1.0,13.92,Website purchases
SK_ProduktLaunch26_META,SK_ProduktLaunch26_META_Feed,Feed_v1,2026-10-10,65+,Male,760,411.0,1.85,22,15,1.96,0.59,8.85,0.0,,Website purchases
SK_BrandAwareness_Leto26_META,SK_BrandAwareness_Leto26_META_Reels,Reels_v1,2026-06-11,35-44,Male,2197,1690.0,1.3,55,29,1.33,0.53,15.37,,,
SK_ProduktLaunch26_META,SK_ProduktLaunch26_META_Stories,Stories_v1,2026-09-11,65+,Female,662,418.0,1.58,18,11,1.61,0.49,5.39,0.0,,Website purchases
SK_ProduktLaunch26_META,SK_ProduktLaunch26_META_Reels,Reels_v1,2026-09-23,65+,Male,1854,900.0,2.06,52,29,1.58,0.42,12.18,1.0,12.18,Website purchases
SK_BrandAwareness_Leto26_META,SK_BrandAwareness_Leto26_META_Video_V2,Video_v1,2026-07-15,55-64,Male,1277,618.0,2.07,34,23,1.79,0.58,13.34,,,
SK_BrandAwareness_Leto26_META,SK_BrandAwareness_Leto26_META_Carousel,Carousel_v1,2026-06-17,18-24,Male,1531,935.0,1.64,35,18,1.19,0.47,8.46,,,
SK_ProduktLaunch26_META,SK_ProduktLaunch26_META_Reels,Reels_v1,2026-10-16,55-64,Male,1691,801.0,2.11,84,38,2.22,0.46,17.48,1.0,17.48,Website purchases
SK_ProduktLaunch26_META,SK_ProduktLaunch26_META_Reels,Reels_v1,2026-10-22,55-64,Male,2612,1188.0,2.2,105,46,1.75,0.36,16.56,1.0,16.56,Website purchases
SK_BrandAwareness_Leto26_META,SK_BrandAwareness_Leto26_META_Reels,Reels_v1,2026-07-21,35-44,Male,3494,1653.0,2.11,76,51,1.45,0.32,16.32,,,
SK_ProduktLaunch26_META,SK_ProduktLaunch26_META_Reels,Reels_v1,2026-09-15,35-44,Female,3509,1605.0,2.19,86,47,1.34,0.52,24.44,1.0,24.44,Website purchases
SK_ProduktLaunch26_META,SK_ProduktLaunch26_META_Stories,Stories_v1,2026-10-18,55-64,Female,1458,937.0,1.56,38,21,1.43,0.4,8.4,1.0,8.4,Website purchases
SK_ProduktLaunch26_META,SK_ProduktLaunch26_META_Stories,Stories_v1,2026-08-21,55-64,Female,1139,656.0,1.74,39,17,1.52,0.37,6.29,0.0,,Website purchases
SK_BrandAwareness_Leto26_META,SK_BrandAwareness_Leto26_META_Video_V2,Video_v1,2026-08-05,18-24,Male,1944,935.0,2.08,48,28,1.44,0.64,17.92,,,
SK_BrandAwareness_Leto26_META,SK_BrandAwareness_Leto26_META_Video,Video_v1,2026-06-26,65+,Male,1492,811.0,1.84,39,20,1.34,0.46,9.2,,,
SK_ProduktLaunch26_META,SK_ProduktLaunch26_META_Reels,Reels_v1,2026-08-30,45-54,Male,3181,1613.0,1.97,134,76,2.38,0.42,31.92,2.0,15.96,Website purchases
SK_BrandAwareness_Leto26_META,SK_BrandAwareness_Leto26_META_Reels,Reels_v1,2026-06-13,25-34,Female,3522,1886.0,1.87,104,62,1.76,0.54,33.48,,,
SK_BrandAwareness_Leto26_META,SK_BrandAwareness_Leto26_META_Video,Video_v1,2026-06-10,55-64,Male,1393,936.0,1.49,31,18,1.32,0.56,10.08,,,
SK_BrandAwareness_Leto26_META,SK_BrandAwareness_Leto26_META_Reels,Reels_v1,2026-06-12,35-44,Female,3646,2747.0,1.33,90,61,1.68,0.54,32.94,,,
SK_BrandAwareness_Leto26_META,SK_BrandAwareness_Leto26_META_Reels,Reels_v1,2026-06-26,18-24,Female,2271,1214.0,1.87,59,42,1.85,0.38,15.96,,,
SK_BrandAwareness_Leto26_META,SK_BrandAwareness_Leto26_META_Carousel,Carousel_v1,2026-08-11,35-44,Male,2148,1537.0,1.4,95,43,1.99,0.51,21.93,,,
SK_ProduktLaunch26_META,SK_ProduktLaunch26_META_Feed,Feed_v1,2026-10-27,55-64,Female,1444,985.0,1.47,23,16,1.08,0.41,6.56,0.0,,Website purchases
SK_BrandAwareness_Leto26_META,SK_BrandAwareness_Leto26_META_Video_V2,Video_v1,2026-08-03,25-34,Male,2762,1480.0,1.87,86,44,1.58,0.39,17.16,,,
SK_ProduktLaunch26_META,SK_ProduktLaunch26_META_Feed,Feed_v1,2026-09-27,18-24,Male,2136,1110.0,1.92,68,38,1.79,0.55,20.9,1.0,20.9,Website purchases
SK_ProduktLaunch26_META,SK_ProduktLaunch26_META_Feed,Feed_v1,2026-08-28,18-24,Male,1143,546.0,2.09,34,15,1.33,0.44,6.6,0.0,,Website purchases
SK_BrandAwareness_Leto26_META,SK_BrandAwareness_Leto26_META_Reels,Reels_v1,2026-07-29,55-64,Male,2901,1564.0,1.85,108,58,1.99,0.49,28.42,,,
SK_ProduktLaunch26_META,SK_ProduktLaunch26_META_Stories,Stories_v1,2026-09-14,45-54,Male,1203,561.0,2.14,40,19,1.58,0.39,7.41,1.0,7.41,Website purchases
SK_ProduktLaunch26_META,SK_ProduktLaunch26_META_Stories,Stories_v1,2026-09-07,65+,Female,986,603.0,1.64,20,12,1.26,0.52,6.24,0.0,,Website purchases
SK_ProduktLaunch26_META,SK_ProduktLaunch26_META_Reels,Reels_v1,2026-10-21,18-24,Female,2757,1410.0,1.96,110,55,1.99,0.53,29.15,2.0,14.57,Website purchases
SK_ProduktLaunch26_META,SK_ProduktLaunch26_META_Stories,Stories_v1,2026-08-25,55-64,Female,1339,784.0,1.71,25,15,1.11,0.5,7.5,0.0,,Website purchases
SK_BrandAwareness_Leto26_META,SK_BrandAwareness_Leto26_META_Carousel,Carousel_v1,2026-07-29,65+,Male,673,435.0,1.55,17,12,1.74,0.51,6.12,,,
SK_BrandAwareness_Leto26_META,SK_BrandAwareness_Leto26_META_Video,Video_v1,2026-06-09,65+,Male,1836,873.0,2.1,47,31,1.71,0.64,19.84,,,
SK_ProduktLaunch26_META,SK_ProduktLaunch26_META_Stories,Stories_v1,2026-08-20,18-24,Female,1044,478.0,2.18,28,15,1.42,0.34,5.1,0.0,,Website purchases
SK_ProduktLaunch26_META,SK_ProduktLaunch26_META_Reels,Reels_v1,2026-09-03,35-44,Female,1941,1145.0,1.7,44,26,1.32,0.44,11.44,1.0,11.44,Website purchases
SK_BrandAwareness_Leto26_META,SK_BrandAwareness_Leto26_META_Carousel,Carousel_v1,2026-06-14,55-64,Male,1289,900.0,1.43,34,16,1.26,0.56,8.96,,,
SK_ProduktLaunch26_META,SK_ProduktLaunch26_META_Feed,Feed_v1,2026-10-05,25-34,Female,2157,1210.0,1.78,76,37,1.72,0.52,19.24,1.0,19.24,Website purchases
SK_ProduktLaunch26_META,SK_ProduktLaunch26_META_Reels,Reels_v1,2026-09-16,45-54,Female,2390,1677.0,1.43,81,37,1.55,0.41,15.17,1.0,15.17,Website purchases
SK_BrandAwareness_Leto26_META,SK_BrandAwareness_Leto26_META_Reels,Reels_v1,2026-08-09,65+,Female,1560,,,37,25,1.59,0.36,9.0,,,
SK_BrandAwareness_Leto26_META,SK_BrandAwareness_Leto26_META_Reels,Reels_v1,2026-06-21,45-54,Male,2353,1112.0,2.12,64,28,1.17,0.31,8.68,,,
SK_ProduktLaunch26_META,SK_ProduktLaunch26_META_Feed,Feed_v1,2026-10-24,35-44,Female,1891,1311.0,1.44,48,21,1.1,0.46,9.66,1.0,9.66,Website purchases
SK_ProduktLaunch26_META,SK_ProduktLaunch26_META_Feed,Feed_v1,2026-09-05,35-44,Female,3061,1640.0,1.87,59,41,1.33,0.48,19.68,1.0,19.68,Website purchases
SK_ProduktLaunch26_META,SK_ProduktLaunch26_META_Feed,Feed_v1,2026-09-28,45-54,Female,1839,1187.0,1.55,57,32,1.73,0.51,16.32,1.0,16.32,Website purchases
SK_ProduktLaunch26_META,SK_ProduktLaunch26_META_Stories,Stories_v1,2026-10-24,35-44,Female,2287,1555.0,1.47,106,51,2.24,0.46,23.46,1.0,23.46,Website purchases
SK_ProduktLaunch26_META,SK_ProduktLaunch26_META_Feed,Feed_v1,2026-08-27,55-64,Female,921,583.0,1.58,24,14,1.53,0.53,7.42,0.0,,Website purchases
SK_BrandAwareness_Leto26_META,SK_BrandAwareness_Leto26_META_Carousel,Carousel_v1,2026-06-23,18-24,Female,1818,1373.0,1.32,50,27,1.49,0.47,12.69,,,
SK_ProduktLaunch26_META,SK_ProduktLaunch26_META_Reels,Reels_v1,2026-10-05,18-24,Male,2868,2043.0,1.4,100,46,1.61,0.52,23.92,1.0,23.92,Website purchases
SK_ProduktLaunch26_META,SK_ProduktLaunch26_META_Reels,Reels_v1,2026-10-17,55-64,Female,2011,1158.0,1.74,67,38,1.89,0.3,11.4,1.0,11.4,Website purchases
SK_BrandAwareness_Leto26_META,SK_BrandAwareness_Leto26_META_Reels,Reels_v1,2026-08-07,35-44,Female,3532,1643.0,2.15,147,68,1.92,0.54,36.72,,,
SK_BrandAwareness_Leto26_META,SK_BrandAwareness_Leto26_META_Carousel,Carousel_v1,2026-08-04,65+,Male,942,563.0,1.67,28,18,1.87,0.69,12.42,,,
SK_ProduktLaunch26_META,SK_ProduktLaunch26_META_Reels,Reels_v1,2026-09-06,25-34,Female,2552,1291.0,1.98,78,36,1.41,0.53,19.08,1.0,19.08,Website purchases
SK_ProduktLaunch26_META,SK_ProduktLaunch26_META_Stories,Stories_v1,2026-09-16,25-34,Female,1321,853.0,1.55,31,17,1.32,0.51,8.67,0.0,,Website purchases
SK_BrandAwareness_Leto26_META,SK_BrandAwareness_Leto26_META_Reels,Reels_v1,2026-06-11,25-34,Male,5132,3092.0,1.66,165,73,1.42,0.47,34.31,,,
SK_BrandAwareness_Leto26_META,SK_BrandAwareness_Leto26_META_Video_V2,Video_v1,2026-08-11,25-34,Male,4384,2042.0,2.15,130,70,1.6,0.61,42.7,,,
SK_ProduktLaunch26_META,SK_ProduktLaunch26_META_Feed,Feed_v1,2026-10-09,18-24,Female,1322,688.0,1.92,44,21,1.62,0.46,9.66,1.0,9.66,Website purchases
SK_ProduktLaunch26_META,SK_ProduktLaunch26_META_Stories,Stories_v1,2026-09-08,65+,Male,638,363.0,1.76,20,9,1.42,0.55,4.95,0.0,,Website purchases
SK_BrandAwareness_Leto26_META,SK_BrandAwareness_Leto26_META_Video,Video_v1,2026-06-09,55-64,Male,2727,1990.0,1.37,54,27,0.99,0.65,17.55,,,
SK_ProduktLaunch26_META,SK_ProduktLaunch26_META_Reels,Reels_v1,2026-09-24,18-24,Female,3113,1935.0,1.61,143,70,2.25,0.47,32.9,2.0,16.45,Website purchases
SK_ProduktLaunch26_META,SK_ProduktLaunch26_META_Reels,Reels_v1,2026-09-25,65+,Female,987,670.0,1.47,41,20,2.03,0.35,7.0,1.0,7.0,Website purchases
SK_ProduktLaunch26_META,SK_ProduktLaunch26_META_Reels,Reels_v1,2026-09-28,25-34,Male,4212,2002.0,2.1,126,58,1.38,0.5,29.0,2.0,14.5,Website purchases
SK_BrandAwareness_Leto26_META,SK_BrandAwareness_Leto26_META_Reels,Reels_v1,2026-07-17,35-44,Male,3699,2467.0,1.5,121,72,1.96,0.4,28.8,,,
SK_BrandAwareness_Leto26_META,SK_BrandAwareness_Leto26_META_Carousel,Carousel_v1,2026-06-01,45-54,Male,1083,597.0,1.81,24,11,1.04,0.46,5.06,,,
SK_BrandAwareness_Leto26_META,SK_BrandAwareness_Leto26_META_Carousel,Carousel_v1,2026-08-11,55-64,Male,884,528.0,1.67,20,9,1.02,0.57,5.13,,,
SK_BrandAwareness_Leto26_META,SK_BrandAwareness_Leto26_META_Carousel,Carousel_v1,2026-06-01,45-54,Female,1153,632.0,1.82,36,16,1.39,0.5,8.0,,,
SK_BrandAwareness_Leto26_META,SK_BrandAwareness_Leto26_META_Video_V2,Video_v1,2026-07-11,55-64,Male,1504,1112.0,1.35,26,13,0.86,0.47,6.11,,,
SK_ProduktLaunch26_META,SK_ProduktLaunch26_META_Reels,Reels_v1,2026-09-10,25-34,Female,4928,2386.0,2.07,152,95,1.92,0.41,38.95,3.0,12.98,Website purchases
SK_BrandAwareness_Leto26_META,SK_BrandAwareness_Leto26_META_Reels,Reels_v1,2026-08-07,25-34,Female,4786,2517.0,1.9,115,62,1.3,0.51,31.62,,,
SK_ProduktLaunch26_META,SK_ProduktLaunch26_META_Reels,Reels_v1,2026-10-18,25-34,Female,3622,2065.0,1.75,85,56,1.55,0.54,30.24,2.0,15.12,Website purchases
SK_ProduktLaunch26_META,SK_ProduktLaunch26_META_Reels,Reels_v1,2026-09-23,55-64,Male,1598,732.0,2.18,44,29,1.82,0.47,13.63,1.0,13.63,Website purchases
SK_ProduktLaunch26_META,SK_ProduktLaunch26_META_Stories,Stories_v1,2026-10-08,35-44,Female,1517,717.0,2.12,45,26,1.73,0.54,14.04,1.0,14.04,Website purchases
SK_BrandAwareness_Leto26_META,SK_BrandAwareness_Leto26_META_Video_V2,Video_v1,2026-07-18,65+,Male,1673,1205.0,1.39,42,27,1.64,0.51,13.77,,,
SK_ProduktLaunch26_META,SK_ProduktLaunch26_META_Reels,Reels_v1,2026-09-14,25-34,Male,2933,1390.0,2.11,95,45,1.53,0.37,16.65,1.0,16.65,Website purchases
SK_ProduktLaunch26_META,SK_ProduktLaunch26_META_Stories,Stories_v1,2026-10-20,35-44,Male,2835,1719.0,1.65,111,54,1.89,0.35,18.9,2.0,9.45,Website purchases
SK_BrandAwareness_Leto26_META,SK_BrandAwareness_Leto26_META_Reels,Reels_v1,2026-08-11,45-54,Male,2715,1831.0,1.48,43,29,1.06,0.52,15.08,,,
SK_ProduktLaunch26_META,SK_ProduktLaunch26_META_Stories,Stories_v1,2026-09-09,55-64,Male,943,594.0,1.59,26,13,1.37,0.37,4.81,0.0,,Website purchases
SK_ProduktLaunch26_META,SK_ProduktLaunch26_META_Stories,Stories_v1,2026-09-14,25-34,Male,2917,1371.0,2.13,73,36,1.23,0.42,15.12,1.0,15.12,Website purchases
SK_ProduktLaunch26_META,SK_ProduktLaunch26_META_Stories,Stories_v1,2026-08-26,45-54,Female,1219,603.0,2.02,39,24,1.98,0.38,9.12,1.0,9.12,Website purchases
SK_ProduktLaunch26_META,SK_ProduktLaunch26_META_Reels,Reels_v1,2026-09-14,55-64,Male,2201,1382.0,1.59,94,55,2.48,0.42,23.1,2.0,11.55,Website purchases
SK_BrandAwareness_Leto26_META,SK_BrandAwareness_Leto26_META_Video,Video_v1,2026-06-19,55-64,Female,1090,604.0,1.8,41,18,1.62,0.57,10.26,,,
SK_BrandAwareness_Leto26_META,SK_BrandAwareness_Leto26_META_Carousel,Carousel_v1,2026-08-02,45-54,Female,2142,1516.0,1.41,80,42,1.98,0.47,19.74,,,
SK_ProduktLaunch26_META,SK_ProduktLaunch26_META_Stories,Stories_v1,2026-09-12,25-34,Female,2403,1565.0,1.54,63,28,1.16,0.4,11.2,1.0,11.2,Website purchases
SK_BrandAwareness_Leto26_META,SK_BrandAwareness_Leto26_META_Video,Video_v1,2026-06-06,18-24,Female,2944,1472.0,2.0,71,48,1.63,0.56,26.88,,,
SK_BrandAwareness_Leto26_META,SK_BrandAwareness_Leto26_META_Reels,Reels_v1,2026-07-10,55-64,Male,2107,1304.0,1.62,48,22,1.07,0.41,9.02,,,
SK_BrandAwareness_Leto26_META,SK_BrandAwareness_Leto26_META_Reels,Reels_v1,2026-07-23,45-54,Male,3622,1659.0,2.18,101,54,1.5,0.37,19.98,,,
SK_ProduktLaunch26_META,SK_ProduktLaunch26_META_Stories,Stories_v1,2026-10-10,55-64,Male,1048,659.0,1.59,44,23,2.2,0.53,12.19,1.0,12.19,Website purchases
SK_BrandAwareness_Leto26_META,SK_BrandAwareness_Leto26_META_Reels,Reels_v1,2026-06-08,25-34,Female,4694,3197.0,1.47,102,50,1.06,0.34,17.0,,,
SK_BrandAwareness_Leto26_META,SK_BrandAwareness_Leto26_META_Video,Video_v1,2026-06-11,65+,Female,1553,953.0,1.63,45,24,1.53,0.6,14.4,,,
SK_ProduktLaunch26_META,SK_ProduktLaunch26_META_Stories,Stories_v1,2026-10-06,25-34,Female,1724,1153.0,1.5,37,21,1.23,0.37,7.77,1.0,7.77,Website purchases
SK_ProduktLaunch26_META,SK_ProduktLaunch26_META_Reels,Reels_v1,2026-10-17,45-54,Female,1593,,,45,28,1.73,0.46,12.88,1.0,12.88,Website purchases
SK_ProduktLaunch26_META,SK_ProduktLaunch26_META_Reels,Reels_v1,2026-09-18,55-64,Male,2084,1192.0,1.75,41,27,1.27,0.32,8.64,1.0,8.64,Website purchases
SK_ProduktLaunch26_META,SK_ProduktLaunch26_META_Feed,Feed_v1,2026-09-11,18-24,Male,2570,1197.0,2.15,64,41,1.58,0.49,20.09,1.0,20.09,Website purchases
SK_ProduktLaunch26_META,SK_ProduktLaunch26_META_Stories,Stories_v1,2026-09-07,45-54,Male,1390,638.0,2.18,38,19,1.39,0.4,7.6,1.0,7.6,Website purchases
SK_BrandAwareness_Leto26_META,SK_BrandAwareness_Leto26_META_Reels,Reels_v1,2026-06-23,25-34,Male,4832,2732.0,1.77,174,94,1.94,0.5,47.0,,,
SK_ProduktLaunch26_META,SK_ProduktLaunch26_META_Reels,Reels_v1,2026-08-26,25-34,Female,3819,2301.0,1.66,121,67,1.75,0.51,34.17,2.0,17.09,Website purchases
SK_ProduktLaunch26_META,SK_ProduktLaunch26_META_Feed,Feed_v1,2026-09-05,65+,Female,997,518.0,1.92,37,16,1.57,0.39,6.24,0.0,,Website purchases
SK_ProduktLaunch26_META,SK_ProduktLaunch26_META_Feed,Feed_v1,2026-10-08,65+,Male,1338,643.0,2.08,37,18,1.35,0.4,7.2,0.0,,Website purchases
SK_ProduktLaunch26_META,SK_ProduktLaunch26_META_Stories,Stories_v1,2026-10-28,35-44,Female,1118,802.0,1.39,24,15,1.33,0.33,4.95,0.0,,Website purchases
SK_ProduktLaunch26_META,SK_ProduktLaunch26_META_Feed,Feed_v1,2026-09-07,65+,Male,1458,780.0,1.87,61,27,1.83,0.53,14.31,1.0,14.31,Website purchases
SK_BrandAwareness_Leto26_META,SK_BrandAwareness_Leto26_META_Reels,Reels_v1,2026-06-13,45-54,Female,3150,1561.0,2.02,62,32,1.01,0.39,12.48,,,
SK_ProduktLaunch26_META,SK_ProduktLaunch26_META_Reels,Reels_v1,2026-10-28,18-24,Male,3109,2095.0,1.48,75,44,1.43,0.38,16.72,1.0,16.72,Website purchases
SK_ProduktLaunch26_META,SK_ProduktLaunch26_META_Stories,Stories_v1,2026-09-21,45-54,Male,1087,509.0,2.14,53,24,2.24,0.51,12.24,1.0,12.24,Website purchases
SK_BrandAwareness_Leto26_META,SK_BrandAwareness_Leto26_META_Carousel,Carousel_v1,2026-07-29,65+,Female,905,607.0,1.49,15,9,1.0,0.56,5.04,,,
SK_BrandAwareness_Leto26_META,SK_BrandAwareness_Leto26_META_Carousel,Carousel_v1,2026-07-08,35-44,Male,1743,1304.0,1.34,50,25,1.45,0.53,13.25,,,
SK_BrandAwareness_Leto26_META,SK_BrandAwareness_Leto26_META_Reels,Reels_v1,2026-08-04,18-24,Male,2678,1806.0,1.48,90,45,1.66,0.45,20.25,,,
SK_ProduktLaunch26_META,SK_ProduktLaunch26_META_Stories,Stories_v1,2026-09-30,18-24,Female,1962,994.0,1.97,77,44,2.22,0.45,19.8,1.0,19.8,Website purchases
SK_BrandAwareness_Leto26_META,SK_BrandAwareness_Leto26_META_Carousel,Carousel_v1,2026-06-10,18-24,Female,1893,1143.0,1.66,67,31,1.66,0.58,17.98,,,
SK_BrandAwareness_Leto26_META,SK_BrandAwareness_Leto26_META_Carousel,Carousel_v1,2026-07-06,25-34,Male,1558,1033.0,1.51,30,17,1.1,0.46,7.82,,,
SK_BrandAwareness_Leto26_META,SK_BrandAwareness_Leto26_META_Reels,Reels_v1,2026-08-04,45-54,Female,3245,1570.0,2.07,113,59,1.81,0.52,30.68,,,
SK_ProduktLaunch26_META,SK_ProduktLaunch26_META_Feed,Feed_v1,2026-09-06,18-24,Female,2330,1157.0,2.01,60,39,1.67,0.39,15.21,1.0,15.21,Website purchases
SK_ProduktLaunch26_META,SK_ProduktLaunch26_META_Reels,Reels_v1,2026-09-06,65+,Male,1319,729.0,1.81,50,24,1.79,0.41,9.84,1.0,9.84,Website purchases
SK_ProduktLaunch26_META,SK_ProduktLaunch26_META_Reels,Reels_v1,2026-10-25,65+,Female,1633,848.0,1.93,39,22,1.33,0.46,10.12,1.0,10.12,Website purchases
SK_ProduktLaunch26_META,SK_ProduktLaunch26_META_Feed,Feed_v1,2026-10-25,45-54,Female,2222,1207.0,1.84,63,31,1.39,0.59,18.29,1.0,18.29,Website purchases
SK_ProduktLaunch26_META,SK_ProduktLaunch26_META_Stories,Stories_v1,2026-10-28,25-34,Male,2185,1330.0,1.64,70,35,1.59,0.45,15.75,1.0,15.75,Website purchases
SK_BrandAwareness_Leto26_META,SK_BrandAwareness_Leto26_META_Reels,Reels_v1,2026-06-27,25-34,Male,3555,2518.0,1.41,103,62,1.74,0.53,32.86,,,
SK_BrandAwareness_Leto26_META,SK_BrandAwareness_Leto26_META_Reels,Reels_v1,2026-06-23,65+,Male,2040,1351.0,1.51,39,20,0.99,0.32,6.4,,,
SK_BrandAwareness_Leto26_META,SK_BrandAwareness_Leto26_META_Carousel,Carousel_v1,2026-07-06,45-54,Female,1873,882.0,2.12,37,19,1.0,0.57,10.83,,,
SK_ProduktLaunch26_META,SK_ProduktLaunch26_META_Reels,Reels_v1,2026-09-29,35-44,Female,2664,1234.0,2.16,76,43,1.6,0.5,21.5,1.0,21.5,Website purchases
SK_ProduktLaunch26_META,SK_ProduktLaunch26_META_Feed,Feed_v1,2026-08-21,45-54,Female,2128,1101.0,1.93,46,25,1.18,0.37,9.25,1.0,9.25,Website purchases
SK_ProduktLaunch26_META,SK_ProduktLaunch26_META_Reels,Reels_v1,2026-10-17,65+,Male,2082,1071.0,1.94,72,36,1.73,0.42,15.12,1.0,15.12,Website purchases
SK_ProduktLaunch26_META,SK_ProduktLaunch26_META_Feed,Feed_v1,2026-10-08,35-44,Male,2856,1696.0,1.68,86,47,1.64,0.54,25.38,1.0,25.38,Website purchases
SK_BrandAwareness_Leto26_META,SK_BrandAwareness_Leto26_META_Video_V2,Video_v1,2026-08-11,55-64,Female,2169,1318.0,1.65,48,28,1.29,0.45,12.6,,,
SK_BrandAwareness_Leto26_META,SK_BrandAwareness_Leto26_META_Reels,Reels_v1,2026-06-23,25-34,Female,4032,2874.0,1.4,98,49,1.21,0.36,17.64,,,
SK_BrandAwareness_Leto26_META,SK_BrandAwareness_Leto26_META_Reels,Reels_v1,2026-07-08,65+,Male,991,451.0,2.2,28,13,1.29,0.38,4.94,,,
SK_BrandAwareness_Leto26_META,SK_BrandAwareness_Leto26_META_Carousel,Carousel_v1,2026-06-29,18-24,Male,1839,858.0,2.14,62,30,1.63,0.62,18.6,,,
SK_BrandAwareness_Leto26_META,SK_BrandAwareness_Leto26_META_Video_V2,Video_v1,2026-07-31,25-34,Female,2172,1322.0,1.64,29,19,0.88,0.57,10.83,,,
SK_BrandAwareness_Leto26_META,SK_BrandAwareness_Leto26_META_Reels,Reels_v1,2026-07-13,45-54,Male,2813,1965.0,1.43,71,48,1.71,0.47,22.56,,,
SK_ProduktLaunch26_META,SK_ProduktLaunch26_META_Feed,Feed_v1,2026-08-28,35-44,Male,3132,1775.0,1.76,73,38,1.22,0.38,14.44,1.0,14.44,Website purchases
SK_BrandAwareness_Leto26_META,SK_BrandAwareness_Leto26_META_Carousel,Carousel_v1,2026-07-07,45-54,Female,1712,826.0,2.07,45,25,1.46,0.43,10.75,,,
SK_ProduktLaunch26_META,SK_ProduktLaunch26_META_Reels,Reels_v1,2026-10-21,45-54,Female,1750,1146.0,1.53,42,21,1.22,0.34,7.14,1.0,7.14,Website purchases
SK_BrandAwareness_Leto26_META,SK_BrandAwareness_Leto26_META_Reels,Reels_v1,2026-07-31,25-34,Male,3895,1792.0,2.17,140,61,1.58,0.32,19.52,,,
SK_ProduktLaunch26_META,SK_ProduktLaunch26_META_Reels,Reels_v1,2026-08-23,55-64,Female,2631,1531.0,1.72,65,43,1.64,0.35,15.05,1.0,15.05,Website purchases
SK_BrandAwareness_Leto26_META,SK_BrandAwareness_Leto26_META_Reels,Reels_v1,2026-06-24,35-44,Male,2655,1355.0,1.96,77,35,1.32,0.4,14.0,,,
SK_ProduktLaunch26_META,SK_ProduktLaunch26_META_Stories,Stories_v1,2026-08-19,45-54,Male,2084,1069.0,1.95,37,23,1.11,0.36,8.28,1.0,8.28,Website purchases
SK_BrandAwareness_Leto26_META,SK_BrandAwareness_Leto26_META_Reels,Reels_v1,2026-07-17,35-44,Female,2908,1564.0,1.86,96,45,1.56,0.53,23.85,,,
SK_BrandAwareness_Leto26_META,SK_BrandAwareness_Leto26_META_Reels,Reels_v1,2026-06-10,45-54,Male,2190,1109.0,1.97,52,25,1.16,0.47,11.75,,,
SK_ProduktLaunch26_META,SK_ProduktLaunch26_META_Stories,Stories_v1,2026-09-12,65+,Female,586,442.0,1.33,19,10,1.78,0.33,3.3,0.0,,Website purchases
SK_BrandAwareness_Leto26_META,SK_BrandAwareness_Leto26_META_Reels,Reels_v1,2026-08-07,45-54,Male,1876,1011.0,1.86,44,23,1.22,0.33,7.59,,,
SK_ProduktLaunch26_META,SK_ProduktLaunch26_META_Reels,Reels_v1,2026-10-13,25-34,Male,3490,2417.0,1.44,95,54,1.55,0.37,19.98,2.0,9.99,Website purchases
SK_ProduktLaunch26_META,SK_ProduktLaunch26_META_Feed,Feed_v1,2026-09-16,18-24,Male,1273,815.0,1.56,36,22,1.74,0.39,8.58,1.0,8.58,Website purchases
SK_ProduktLaunch26_META,SK_ProduktLaunch26_META_Stories,Stories_v1,2026-09-02,25-34,Male,3052,1572.0,1.94,97,63,2.06,0.53,33.39,2.0,16.7,Website purchases
SK_ProduktLaunch26_META,SK_ProduktLaunch26_META_Feed,Feed_v1,2026-10-28,45-54,Male,1273,627.0,2.03,29,14,1.09,0.43,6.02,0.0,,Website purchases
SK_ProduktLaunch26_META,SK_ProduktLaunch26_META_Stories,Stories_v1,2026-08-17,25-34,Female,1336,625.0,2.14,31,22,1.68,0.56,12.32,1.0,12.32,Website purchases
SK_ProduktLaunch26_META,SK_ProduktLaunch26_META_Feed,Feed_v1,2026-09-14,25-34,Male,2224,1225.0,1.82,75,42,1.87,0.38,15.96,1.0,15.96,Website purchases
SK_BrandAwareness_Leto26_META,SK_BrandAwareness_Leto26_META_Carousel,Carousel_v1,2026-07-14,18-24,Male,1020,511.0,2.0,32,15,1.44,0.58,8.7,,,
SK_BrandAwareness_Leto26_META,SK_BrandAwareness_Leto26_META_Video,Video_v1,2026-06-11,18-24,Male,2353,1453.0,1.62,69,32,1.36,0.52,16.64,,,
SK_BrandAwareness_Leto26_META,SK_BrandAwareness_Leto26_META_Carousel,Carousel_v1,2026-08-07,55-64,Female,1743,830.0,2.1,43,20,1.14,0.45,9.0,,,
SK_ProduktLaunch26_META,SK_ProduktLaunch26_META_Reels,Reels_v1,2026-10-16,45-54,Male,1828,1160.0,1.58,77,43,2.35,0.49,21.07,1.0,21.07,Website purchases
SK_ProduktLaunch26_META,SK_ProduktLaunch26_META_Reels,Reels_v1,2026-09-14,65+,Male,1196,849.0,1.41,27,15,1.28,0.32,4.8,0.0,,Website purchases
SK_BrandAwareness_Leto26_META,SK_BrandAwareness_Leto26_META_Video_V2,Video_v1,2026-07-15,65+,Male,1760,1323.0,1.33,34,20,1.12,0.37,7.4,,,
SK_BrandAwareness_Leto26_META,SK_BrandAwareness_Leto26_META_Carousel,Carousel_v1,2026-06-26,55-64,Male,1569,,,63,28,1.79,0.4,11.2,,,
SK_BrandAwareness_Leto26_META,SK_BrandAwareness_Leto26_META_Carousel,Carousel_v1,2026-06-04,45-54,Male,1234,775.0,1.59,25,13,1.03,0.61,7.93,,,
SK_ProduktLaunch26_META,SK_ProduktLaunch26_META_Stories,Stories_v1,2026-08-18,35-44,Male,2382,1203.0,1.98,57,38,1.61,0.52,19.76,1.0,19.76,Website purchases
SK_BrandAwareness_Leto26_META,SK_BrandAwareness_Leto26_META_Reels,Reels_v1,2026-07-08,45-54,Male,2410,1465.0,1.65,59,26,1.07,0.42,10.92,,,
SK_ProduktLaunch26_META,SK_ProduktLaunch26_META_Feed,Feed_v1,2026-09-05,25-34,Female,1827,994.0,1.84,50,35,1.91,0.44,15.4,1.0,15.4,Website purchases
SK_ProduktLaunch26_META,SK_ProduktLaunch26_META_Reels,Reels_v1,2026-10-25,55-64,Male,1580,894.0,1.77,82,38,2.41,0.54,20.52,1.0,20.52,Website purchases
SK_ProduktLaunch26_META,SK_ProduktLaunch26_META_Reels,Reels_v1,2026-08-16,65+,Female,1582,762.0,2.08,50,27,1.73,0.3,8.1,1.0,8.1,Website purchases
SK_ProduktLaunch26_META,SK_ProduktLaunch26_META_Feed,Feed_v1,2026-10-03,25-34,Female,3198,1502.0,2.13,63,44,1.38,0.54,23.76,1.0,23.76,Website purchases
SK_ProduktLaunch26_META,SK_ProduktLaunch26_META_Stories,Stories_v1,2026-08-19,25-34,Female,1273,661.0,1.93,43,24,1.9,0.45,10.8,1.0,10.8,Website purchases
SK_BrandAwareness_Leto26_META,SK_BrandAwareness_Leto26_META_Carousel,Carousel_v1,2026-08-05,18-24,Male,1889,860.0,2.2,48,33,1.76,0.55,18.15,,,
SK_BrandAwareness_Leto26_META,SK_BrandAwareness_Leto26_META_Carousel,Carousel_v1,2026-07-13,18-24,Female,1298,810.0,1.6,53,23,1.79,0.64,14.72,,,
SK_BrandAwareness_Leto26_META,SK_BrandAwareness_Leto26_META_Reels,Reels_v1,2026-08-09,55-64,Female,2756,1536.0,1.79,91,42,1.53,0.47,19.74,,,
SK_BrandAwareness_Leto26_META,SK_BrandAwareness_Leto26_META_Carousel,Carousel_v1,2026-07-23,45-54,Female,1587,742.0,2.14,52,24,1.5,0.66,15.84,,,
SK_ProduktLaunch26_META,SK_ProduktLaunch26_META_Stories,Stories_v1,2026-09-23,25-34,Male,1640,875.0,1.87,41,29,1.75,0.43,12.47,1.0,12.47,Website purchases
SK_BrandAwareness_Leto26_META,SK_BrandAwareness_Leto26_META_Reels,Reels_v1,2026-07-27,65+,Female,1272,589.0,2.16,48,21,1.62,0.36,7.56,,,
SK_BrandAwareness_Leto26_META,SK_BrandAwareness_Leto26_META_Carousel,Carousel_v1,2026-06-14,45-54,Female,1238,871.0,1.42,54,25,2.0,0.45,11.25,,,
SK_ProduktLaunch26_META,SK_ProduktLaunch26_META_Feed,Feed_v1,2026-09-18,18-24,Female,1041,727.0,1.43,27,12,1.19,0.4,4.8,0.0,,Website purchases
SK_ProduktLaunch26_META,SK_ProduktLaunch26_META_Feed,Feed_v1,2026-09-21,25-34,Female,2770,1960.0,1.41,74,34,1.24,0.39,13.26,1.0,13.26,Website purchases
SK_ProduktLaunch26_META,SK_ProduktLaunch26_META_Stories,Stories_v1,2026-09-28,65+,Female,516,270.0,1.91,16,9,1.83,0.37,3.33,0.0,,Website purchases
SK_BrandAwareness_Leto26_META,SK_BrandAwareness_Leto26_META_Video,Video_v1,2026-06-25,18-24,Female,2253,1068.0,2.11,68,39,1.75,0.58,22.62,,,
SK_BrandAwareness_Leto26_META,SK_BrandAwareness_Leto26_META_Carousel,Carousel_v1,2026-06-21,45-54,Male,1068,531.0,2.01,32,17,1.61,0.45,7.65,,,
SK_BrandAwareness_Leto26_META,SK_BrandAwareness_Leto26_META_Reels,Reels_v1,2026-07-11,45-54,Male,3334,1880.0,1.77,80,40,1.19,0.52,20.8,,,
SK_BrandAwareness_Leto26_META,SK_BrandAwareness_Leto26_META_Carousel,Carousel_v1,2026-07-18,35-44,Male,2109,1099.0,1.92,72,44,2.07,0.6,26.4,,,
SK_ProduktLaunch26_META,SK_ProduktLaunch26_META_Stories,Stories_v1,2026-10-04,65+,Female,1097,659.0,1.66,39,24,2.2,0.53,12.72,1.0,12.72,Website purchases
SK_BrandAwareness_Leto26_META,SK_BrandAwareness_Leto26_META_Video_V2,Video_v1,2026-07-19,65+,Male,934,569.0,1.64,27,14,1.48,0.47,6.58,,,
SK_BrandAwareness_Leto26_META,SK_BrandAwareness_Leto26_META_Carousel,Carousel_v1,2026-06-06,65+,Female,1077,727.0,1.48,37,20,1.88,0.41,8.2,,,
SK_BrandAwareness_Leto26_META,SK_BrandAwareness_Leto26_META_Reels,Reels_v1,2026-07-21,65+,Male,1258,881.0,1.43,49,24,1.92,0.4,9.6,,,
SK_BrandAwareness_Leto26_META,SK_BrandAwareness_Leto26_META_Video_V2,Video_v1,2026-07-23,18-24,Female,2709,1354.0,2.0,36,24,0.87,0.65,15.6,,,
SK_BrandAwareness_Leto26_META,SK_BrandAwareness_Leto26_META_Video,Video_v1,2026-06-26,45-54,Female,2427,1161.0,2.09,71,35,1.45,0.46,16.1,,,
SK_BrandAwareness_Leto26_META,SK_BrandAwareness_Leto26_META_Video,Video_v1,2026-06-30,25-34,Female,2405,1429.0,1.68,53,25,1.02,0.64,16.0,,,
SK_BrandAwareness_Leto26_META,SK_BrandAwareness_Leto26_META_Video_V2,Video_v1,2026-07-29,55-64,Male,1752,1260.0,1.39,39,24,1.37,0.36,8.64,,,
SK_ProduktLaunch26_META,SK_ProduktLaunch26_META_Feed,Feed_v1,2026-09-13,18-24,Female,1808,962.0,1.88,53,35,1.91,0.44,15.4,1.0,15.4,Website purchases
SK_BrandAwareness_Leto26_META,SK_BrandAwareness_Leto26_META_Carousel,Carousel_v1,2026-07-13,45-54,Female,1495,802.0,1.86,60,32,2.14,0.58,18.56,,,
SK_BrandAwareness_Leto26_META,SK_BrandAwareness_Leto26_META_Reels,Reels_v1,2026-06-26,25-34,Male,3345,1980.0,1.69,88,46,1.38,0.34,15.64,,,
SK_ProduktLaunch26_META,SK_ProduktLaunch26_META_Reels,Reels_v1,2026-10-04,18-24,Male,3717,1796.0,2.07,86,54,1.46,0.49,26.46,2.0,13.23,Website purchases
SK_BrandAwareness_Leto26_META,SK_BrandAwareness_Leto26_META_Video_V2,Video_v1,2026-07-19,55-64,Female,1568,1039.0,1.51,42,24,1.5,0.52,12.48,,,
SK_ProduktLaunch26_META,SK_ProduktLaunch26_META_Feed,Feed_v1,2026-09-17,18-24,Male,1371,698.0,1.96,37,26,1.91,0.46,11.96,1.0,11.96,Website purchases
SK_BrandAwareness_Leto26_META,SK_BrandAwareness_Leto26_META_Video_V2,Video_v1,2026-08-02,55-64,Male,1231,772.0,1.59,36,17,1.4,0.56,9.52,,,
SK_BrandAwareness_Leto26_META,SK_BrandAwareness_Leto26_META_Video_V2,Video_v1,2026-07-30,25-34,Female,3474,1716.0,2.02,94,58,1.67,0.49,28.42,,,
SK_ProduktLaunch26_META,SK_ProduktLaunch26_META_Reels,Reels_v1,2026-09-27,65+,Male,1732,811.0,2.14,56,26,1.49,0.31,8.06,1.0,8.06,Website purchases
SK_ProduktLaunch26_META,SK_ProduktLaunch26_META_Feed,Feed_v1,2026-09-18,45-54,Female,2532,1782.0,1.42,97,43,1.69,0.6,25.8,1.0,25.8,Website purchases
SK_ProduktLaunch26_META,SK_ProduktLaunch26_META_Feed,Feed_v1,2026-10-07,55-64,Male,1046,604.0,1.73,25,12,1.18,0.54,6.48,0.0,,Website purchases
SK_BrandAwareness_Leto26_META,SK_BrandAwareness_Leto26_META_Carousel,Carousel_v1,2026-08-02,65+,Male,690,314.0,2.2,25,12,1.67,0.65,7.8,,,
SK_ProduktLaunch26_META,SK_ProduktLaunch26_META_Reels,Reels_v1,2026-10-01,35-44,Male,4517,2430.0,1.86,98,67,1.49,0.47,31.49,2.0,15.74,Website purchases
SK_BrandAwareness_Leto26_META,SK_BrandAwareness_Leto26_META_Carousel,Carousel_v1,2026-07-31,55-64,Male,1725,1206.0,1.43,45,28,1.65,0.44,12.32,,,
SK_BrandAwareness_Leto26_META,SK_BrandAwareness_Leto26_META_Reels,Reels_v1,2026-06-09,18-24,Male,2250,1051.0,2.14,35,24,1.08,0.34,8.16,,,
SK_BrandAwareness_Leto26_META,SK_BrandAwareness_Leto26_META_Reels,Reels_v1,2026-07-23,35-44,Female,3276,1708.0,1.92,141,62,1.89,0.42,26.04,,,
SK_ProduktLaunch26_META,SK_ProduktLaunch26_META_Feed,Feed_v1,2026-08-25,55-64,Male,1588,963.0,1.65,54,31,1.98,0.44,13.64,1.0,13.64,Website purchases
SK_ProduktLaunch26_META,SK_ProduktLaunch26_META_Feed,Feed_v1,2026-08-31,18-24,Male,2624,1198.0,2.19,95,44,1.67,0.49,21.56,1.0,21.56,Website purchases
SK_BrandAwareness_Leto26_META,SK_BrandAwareness_Leto26_META_Reels,Reels_v1,2026-07-29,25-34,Male,2689,1305.0,2.06,76,40,1.49,0.47,18.8,,,
SK_BrandAwareness_Leto26_META,SK_BrandAwareness_Leto26_META_Reels,Reels_v1,2026-07-28,25-34,Female,3435,1929.0,1.78,152,68,1.98,0.32,21.76,,,
SK_BrandAwareness_Leto26_META,SK_BrandAwareness_Leto26_META_Video,Video_v1,2026-06-12,65+,Female,902,464.0,1.94,24,11,1.23,0.44,4.84,,,
SK_BrandAwareness_Leto26_META,SK_BrandAwareness_Leto26_META_Video_V2,Video_v1,2026-07-16,45-54,Male,1501,1112.0,1.35,37,17,1.14,0.65,11.05,,,
SK_ProduktLaunch26_META,SK_ProduktLaunch26_META_Stories,Stories_v1,2026-08-27,55-64,Male,1382,679.0,2.04,40,27,1.97,0.45,12.15,1.0,12.15,Website purchases
SK_BrandAwareness_Leto26_META,SK_BrandAwareness_Leto26_META_Carousel,Carousel_v1,2026-06-23,45-54,Male,2300,1190.0,1.93,51,35,1.51,0.45,15.75,,,
SK_ProduktLaunch26_META,SK_ProduktLaunch26_META_Reels,Reels_v1,2026-09-04,45-54,Female,3420,1725.0,1.98,110,76,2.23,0.44,33.44,2.0,16.72,Website purchases
SK_ProduktLaunch26_META,SK_ProduktLaunch26_META_Stories,Stories_v1,2026-09-20,18-24,Male,2028,956.0,2.12,42,25,1.23,0.35,8.75,1.0,8.75,Website purchases
SK_BrandAwareness_Leto26_META,SK_BrandAwareness_Leto26_META_Reels,Reels_v1,2026-07-07,45-54,Female,3070,1461.0,2.1,108,55,1.8,0.38,20.9,,,
SK_ProduktLaunch26_META,SK_ProduktLaunch26_META_Stories,Stories_v1,2026-10-07,35-44,Male,2053,1055.0,1.95,97,47,2.29,0.4,18.8,1.0,18.8,Website purchases
SK_BrandAwareness_Leto26_META,SK_BrandAwareness_Leto26_META_Reels,Reels_v1,2026-07-06,35-44,Female,3740,1860.0,2.01,152,69,1.84,0.33,22.77,,,
SK_BrandAwareness_Leto26_META,SK_BrandAwareness_Leto26_META_Video_V2,Video_v1,2026-07-20,25-34,Female,3411,1903.0,1.79,137,60,1.76,0.5,30.0,,,
SK_BrandAwareness_Leto26_META,SK_BrandAwareness_Leto26_META_Video,Video_v1,2026-06-13,65+,Male,852,413.0,2.06,31,14,1.69,0.44,6.16,,,
SK_ProduktLaunch26_META,SK_ProduktLaunch26_META_Stories,Stories_v1,2026-09-27,25-34,Male,1672,1068.0,1.57,60,31,1.83,0.39,12.09,1.0,12.09,Website purchases
SK_ProduktLaunch26_META,SK_ProduktLaunch26_META_Reels,Reels_v1,2026-10-13,65+,Male,1005,754.0,1.33,30,16,1.6,0.36,5.76,0.0,,Website purchases
SK_ProduktLaunch26_META,SK_ProduktLaunch26_META_Feed,Feed_v1,2026-10-20,65+,Female,910,616.0,1.48,23,15,1.66,0.45,6.75,0.0,,Website purchases
SK_BrandAwareness_Leto26_META,SK_BrandAwareness_Leto26_META_Carousel,Carousel_v1,2026-08-14,45-54,Male,1323,846.0,1.56,27,18,1.38,0.57,10.26,,,
SK_BrandAwareness_Leto26_META,SK_BrandAwareness_Leto26_META_Reels,Reels_v1,2026-06-07,65+,Female,1785,995.0,1.79,51,28,1.58,0.39,10.92,,,
SK_BrandAwareness_Leto26_META,SK_BrandAwareness_Leto26_META_Reels,Reels_v1,2026-07-02,35-44,Male,2451,1127.0,2.17,63,44,1.78,0.39,17.16,,,
SK_BrandAwareness_Leto26_META,SK_BrandAwareness_Leto26_META_Reels,Reels_v1,2026-06-14,35-44,Male,2355,1773.0,1.33,49,24,1.01,0.36,8.64,,,
SK_BrandAwareness_Leto26_META,SK_BrandAwareness_Leto26_META_Reels,Reels_v1,2026-06-29,65+,Female,1460,884.0,1.65,44,27,1.83,0.55,14.85,,,
SK_BrandAwareness_Leto26_META,SK_BrandAwareness_Leto26_META_Reels,Reels_v1,2026-07-21,25-34,Male,5094,3804.0,1.34,106,62,1.23,0.45,27.9,,,
SK_BrandAwareness_Leto26_META,SK_BrandAwareness_Leto26_META_Carousel,Carousel_v1,2026-08-07,18-24,Male,2031,959.0,2.12,45,23,1.12,0.42,9.66,,,
SK_BrandAwareness_Leto26_META,SK_BrandAwareness_Leto26_META_Carousel,Carousel_v1,2026-06-13,45-54,Female,1444,675.0,2.14,54,30,2.07,0.42,12.6,,,
SK_ProduktLaunch26_META,SK_ProduktLaunch26_META_Stories,Stories_v1,2026-09-21,18-24,Female,1537,1080.0,1.42,37,25,1.64,0.41,10.25,1.0,10.25,Website purchases
SK_BrandAwareness_Leto26_META,SK_BrandAwareness_Leto26_META_Reels,Reels_v1,2026-06-26,65+,Female,1319,613.0,2.15,22,14,1.07,0.51,7.14,,,
SK_ProduktLaunch26_META,SK_ProduktLaunch26_META_Stories,Stories_v1,2026-10-27,45-54,Female,1118,593.0,1.89,31,18,1.62,0.39,7.02,1.0,7.02,Website purchases
SK_BrandAwareness_Leto26_META,SK_BrandAwareness_Leto26_META_Carousel,Carousel_v1,2026-07-15,45-54,Female,2040,1026.0,1.99,92,42,2.04,0.67,28.14,,,
SK_ProduktLaunch26_META,SK_ProduktLaunch26_META_Reels,Reels_v1,2026-08-21,45-54,Female,2585,1254.0,2.06,105,48,1.87,0.36,17.28,1.0,17.28,Website purchases
SK_ProduktLaunch26_META,SK_ProduktLaunch26_META_Stories,Stories_v1,2026-09-07,55-64,Female,1633,943.0,1.73,80,35,2.17,0.39,13.65,1.0,13.65,Website purchases
SK_BrandAwareness_Leto26_META,SK_BrandAwareness_Leto26_META_Carousel,Carousel_v1,2026-07-28,55-64,Female,878,487.0,1.8,19,11,1.24,0.47,5.17,,,
SK_ProduktLaunch26_META,SK_ProduktLaunch26_META_Stories,Stories_v1,2026-08-16,55-64,Male,1697,808.0,2.1,47,30,1.8,0.57,17.1,1.0,17.1,Website purchases
SK_BrandAwareness_Leto26_META,SK_BrandAwareness_Leto26_META_Reels,Reels_v1,2026-07-26,45-54,Female,1686,1005.0,1.68,38,17,0.99,0.42,7.14,,,
SK_BrandAwareness_Leto26_META,SK_BrandAwareness_Leto26_META_Video_V2,Video_v1,2026-07-17,65+,Female,1555,807.0,1.93,33,20,1.26,0.64,12.8,,,
SK_ProduktLaunch26_META,SK_ProduktLaunch26_META_Feed,Feed_v1,2026-09-15,45-54,Female,1997,969.0,2.06,40,28,1.39,0.39,10.92,1.0,10.92,Website purchases
SK_ProduktLaunch26_META,SK_ProduktLaunch26_META_Feed,Feed_v1,2026-10-04,35-44,Female,1769,839.0,2.11,46,27,1.55,0.48,12.96,1.0,12.96,Website purchases
SK_ProduktLaunch26_META,SK_ProduktLaunch26_META_Stories,Stories_v1,2026-09-12,55-64,Male,1441,744.0,1.94,47,26,1.79,0.51,13.26,1.0,13.26,Website purchases
SK_ProduktLaunch26_META,SK_ProduktLaunch26_META_Feed,Feed_v1,2026-10-16,45-54,Male,1310,878.0,1.49,25,18,1.4,0.53,9.54,0.0,,Website purchases
SK_ProduktLaunch26_META,SK_ProduktLaunch26_META_Reels,Reels_v1,2026-08-19,18-24,Female,3314,1651.0,2.01,124,75,2.26,0.46,34.5,2.0,17.25,Website purchases
SK_BrandAwareness_Leto26_META,SK_BrandAwareness_Leto26_META_Reels,Reels_v1,2026-07-30,18-24,Female,2986,2211.0,1.35,70,43,1.45,0.47,20.21,,,
SK_BrandAwareness_Leto26_META,SK_BrandAwareness_Leto26_META_Carousel,Carousel_v1,2026-07-27,55-64,Male,1786,973.0,1.84,35,24,1.36,0.56,13.44,,,
SK_ProduktLaunch26_META,SK_ProduktLaunch26_META_Feed,Feed_v1,2026-09-02,45-54,Male,2671,1260.0,2.12,75,37,1.4,0.43,15.91,1.0,15.91,Website purchases
SK_BrandAwareness_Leto26_META,SK_BrandAwareness_Leto26_META_Video,Video_v1,2026-06-17,65+,Male,1232,584.0,2.11,41,19,1.5,0.54,10.26,,,
SK_ProduktLaunch26_META,SK_ProduktLaunch26_META_Feed,Feed_v1,2026-10-11,35-44,Male,2189,1090.0,2.01,56,34,1.57,0.48,16.32,1.0,16.32,Website purchases
SK_BrandAwareness_Leto26_META,SK_BrandAwareness_Leto26_META_Carousel,Carousel_v1,2026-06-25,55-64,Female,883,484.0,1.82,23,12,1.41,0.57,6.84,,,
SK_ProduktLaunch26_META,SK_ProduktLaunch26_META_Feed,Feed_v1,2026-09-17,25-34,Female,2320,1619.0,1.43,65,40,1.73,0.37,14.8,1.0,14.8,Website purchases
SK_ProduktLaunch26_META,SK_ProduktLaunch26_META_Stories,Stories_v1,2026-08-30,45-54,Female,1305,829.0,1.57,54,26,2.0,0.34,8.84,1.0,8.84,Website purchases
SK_ProduktLaunch26_META,SK_ProduktLaunch26_META_Reels,Reels_v1,2026-09-08,25-34,Female,2298,,,81,51,2.23,0.42,21.42,2.0,10.71,Website purchases
SK_ProduktLaunch26_META,SK_ProduktLaunch26_META_Feed,Feed_v1,2026-10-04,35-44,Male,2294,1734.0,1.32,33,23,1.02,0.47,10.81,1.0,10.81,Website purchases
SK_BrandAwareness_Leto26_META,SK_BrandAwareness_Leto26_META_Reels,Reels_v1,2026-06-04,65+,Male,1213,768.0,1.58,50,23,1.9,0.38,8.74,,,
SK_BrandAwareness_Leto26_META,SK_BrandAwareness_Leto26_META_Reels,Reels_v1,2026-07-23,55-64,Male,2545,1407.0,1.81,72,37,1.46,0.41,15.17,,,
SK_BrandAwareness_Leto26_META,SK_BrandAwareness_Leto26_META_Video_V2,Video_v1,2026-07-17,45-54,Male,2424,1202.0,2.02,64,39,1.6,0.59,23.01,,,
SK_BrandAwareness_Leto26_META,SK_BrandAwareness_Leto26_META_Reels,Reels_v1,2026-07-27,35-44,Male,2774,1373.0,2.02,116,54,1.96,0.38,20.52,,,
SK_ProduktLaunch26_META,SK_ProduktLaunch26_META_Reels,Reels_v1,2026-10-19,18-24,Male,3694,1731.0,2.13,137,66,1.8,0.38,25.08,2.0,12.54,Website purchases
SK_BrandAwareness_Leto26_META,SK_BrandAwareness_Leto26_META_Video,Video_v1,2026-06-04,18-24,Female,1282,769.0,1.67,31,15,1.16,0.64,9.6,,,
SK_BrandAwareness_Leto26_META,SK_BrandAwareness_Leto26_META_Video_V2,Video_v1,2026-07-06,35-44,Female,2165,1029.0,2.1,45,25,1.14,0.63,15.75,,,
SK_ProduktLaunch26_META,SK_ProduktLaunch26_META_Feed,Feed_v1,2026-09-18,35-44,Male,2725,1415.0,1.93,101,53,1.96,0.47,24.91,1.0,24.91,Website purchases
SK_BrandAwareness_Leto26_META,SK_BrandAwareness_Leto26_META_Reels,Reels_v1,2026-07-05,35-44,Female,3159,2145.0,1.47,120,55,1.73,0.48,26.4,,,
SK_BrandAwareness_Leto26_META,SK_BrandAwareness_Leto26_META_Reels,Reels_v1,2026-08-10,25-34,Female,4815,2270.0,2.12,122,76,1.59,0.38,28.88,,,
SK_ProduktLaunch26_META,SK_ProduktLaunch26_META_Reels,Reels_v1,2026-10-21,25-34,Male,3274,1737.0,1.88,87,42,1.29,0.31,13.02,1.0,13.02,Website purchases
SK_BrandAwareness_Leto26_META,SK_BrandAwareness_Leto26_META_Reels,Reels_v1,2026-07-11,55-64,Female,2731,1388.0,1.97,97,47,1.71,0.53,24.91,,,
SK_ProduktLaunch26_META,SK_ProduktLaunch26_META_Reels,Reels_v1,2026-10-02,18-24,Female,3293,1818.0,1.81,142,81,2.46,0.31,25.11,2.0,12.55,Website purchases
SK_BrandAwareness_Leto26_META,SK_BrandAwareness_Leto26_META_Video,Video_v1,2026-06-10,18-24,Male,2334,1764.0,1.32,57,39,1.68,0.61,23.79,,,
SK_ProduktLaunch26_META,SK_ProduktLaunch26_META_Reels,Reels_v1,2026-10-13,25-34,Female,3501,2612.0,1.34,143,67,1.9,0.47,31.49,2.0,15.74,Website purchases
SK_BrandAwareness_Leto26_META,SK_BrandAwareness_Leto26_META_Video_V2,Video_v1,2026-07-12,35-44,Female,2496,1174.0,2.13,62,38,1.53,0.49,18.62,,,
SK_ProduktLaunch26_META,SK_ProduktLaunch26_META_Feed,Feed_v1,2026-09-01,45-54,Female,1547,790.0,1.96,39,18,1.19,0.47,8.46,0.0,,Website purchases
SK_BrandAwareness_Leto26_META,SK_BrandAwareness_Leto26_META_Reels,Reels_v1,2026-07-13,25-34,Male,3923,2137.0,1.84,64,40,1.01,0.48,19.2,,,
SK_BrandAwareness_Leto26_META,SK_BrandAwareness_Leto26_META_Reels,Reels_v1,2026-07-05,25-34,Male,3360,1859.0,1.81,68,39,1.17,0.53,20.67,,,
SK_ProduktLaunch26_META,SK_ProduktLaunch26_META_Feed,Feed_v1,2026-10-18,45-54,Male,1879,992.0,1.89,40,28,1.49,0.56,15.68,1.0,15.68,Website purchases
SK_BrandAwareness_Leto26_META,SK_BrandAwareness_Leto26_META_Reels,Reels_v1,2026-06-02,18-24,Male,2897,2064.0,1.4,66,42,1.46,0.37,15.54,,,
SK_BrandAwareness_Leto26_META,SK_BrandAwareness_Leto26_META_Carousel,Carousel_v1,2026-07-29,45-54,Female,1340,855.0,1.57,49,22,1.65,0.51,11.22,,,
SK_ProduktLaunch26_META,SK_ProduktLaunch26_META_Reels,Reels_v1,2026-09-08,65+,Female,819,564.0,1.45,36,17,2.05,0.39,6.63,1.0,6.63,Website purchases
SK_ProduktLaunch26_META,SK_ProduktLaunch26_META_Reels,Reels_v1,2026-08-18,35-44,Male,3048,1437.0,2.12,116,67,2.21,0.48,32.16,2.0,16.08,Website purchases
SK_ProduktLaunch26_META,SK_ProduktLaunch26_META_Stories,Stories_v1,2026-10-25,65+,Female,617,416.0,1.48,18,9,1.52,0.44,3.96,0.0,,Website purchases
SK_BrandAwareness_Leto26_META,SK_BrandAwareness_Leto26_META_Carousel,Carousel_v1,2026-07-29,55-64,Male,1819,834.0,2.18,45,21,1.17,0.65,13.65,,,
SK_ProduktLaunch26_META,SK_ProduktLaunch26_META_Reels,Reels_v1,2026-09-10,65+,Male,1522,849.0,1.79,53,23,1.54,0.3,6.9,1.0,6.9,Website purchases
SK_BrandAwareness_Leto26_META,SK_BrandAwareness_Leto26_META_Video,Video_v1,2026-06-21,35-44,Female,2823,1745.0,1.62,95,42,1.47,0.41,17.22,,,
SK_BrandAwareness_Leto26_META,SK_BrandAwareness_Leto26_META_Video_V2,Video_v1,2026-08-01,18-24,Female,2349,1264.0,1.86,46,24,1.04,0.63,15.12,,,
SK_BrandAwareness_Leto26_META,SK_BrandAwareness_Leto26_META_Video_V2,Video_v1,2026-08-03,45-54,Female,2832,2162.0,1.31,79,44,1.54,0.52,22.88,,,
SK_BrandAwareness_Leto26_META,SK_BrandAwareness_Leto26_META_Video,Video_v1,2026-06-24,35-44,Male,2865,1441.0,1.99,98,51,1.79,0.38,19.38,,,
SK_BrandAwareness_Leto26_META,SK_BrandAwareness_Leto26_META_Video,Video_v1,2026-06-22,18-24,Female,2419,1397.0,1.73,71,40,1.65,0.54,21.6,,,
SK_BrandAwareness_Leto26_META,SK_BrandAwareness_Leto26_META_Video_V2,Video_v1,2026-07-16,55-64,Female,1944,1066.0,1.82,45,25,1.31,0.39,9.75,,,
SK_BrandAwareness_Leto26_META,SK_BrandAwareness_Leto26_META_Carousel,Carousel_v1,2026-06-30,18-24,Female,1121,616.0,1.82,29,20,1.78,0.48,9.6,,,
SK_ProduktLaunch26_META,SK_ProduktLaunch26_META_Reels,Reels_v1,2026-08-31,35-44,Male,3192,1644.0,1.94,93,58,1.82,0.45,26.1,2.0,13.05,Website purchases
SK_BrandAwareness_Leto26_META,SK_BrandAwareness_Leto26_META_Carousel,Carousel_v1,2026-06-27,65+,Male,948,642.0,1.48,44,19,1.99,0.64,12.16,,,
SK_BrandAwareness_Leto26_META,SK_BrandAwareness_Leto26_META_Carousel,Carousel_v1,2026-08-01,55-64,Female,1140,759.0,1.5,20,13,1.11,0.57,7.41,,,
SK_BrandAwareness_Leto26_META,SK_BrandAwareness_Leto26_META_Video,Video_v1,2026-07-03,55-64,Female,1374,882.0,1.56,20,13,0.91,0.59,7.67,,,
SK_ProduktLaunch26_META,SK_ProduktLaunch26_META_Stories,Stories_v1,2026-09-28,35-44,Male,1923,1303.0,1.48,85,42,2.17,0.38,15.96,1.0,15.96,Website purchases
SK_ProduktLaunch26_META,SK_ProduktLaunch26_META_Reels,Reels_v1,2026-09-13,35-44,Male,2549,1300.0,1.96,100,46,1.8,0.31,14.26,1.0,14.26,Website purchases
SK_BrandAwareness_Leto26_META,SK_BrandAwareness_Leto26_META_Video_V2,Video_v1,2026-08-09,18-24,Male,2600,1830.0,1.42,54,30,1.14,0.48,14.4,,,
SK_BrandAwareness_Leto26_META,SK_BrandAwareness_Leto26_META_Video,Video_v1,2026-06-16,18-24,Female,2065,1118.0,1.85,43,28,1.37,0.53,14.84,,,
SK_ProduktLaunch26_META,SK_ProduktLaunch26_META_Reels,Reels_v1,2026-09-20,65+,Female,969,520.0,1.86,52,24,2.44,0.45,10.8,1.0,10.8,Website purchases
SK_ProduktLaunch26_META,SK_ProduktLaunch26_META_Stories,Stories_v1,2026-10-25,55-64,Male,1037,556.0,1.87,25,15,1.48,0.47,7.05,0.0,,Website purchases
SK_ProduktLaunch26_META,SK_ProduktLaunch26_META_Stories,Stories_v1,2026-10-22,25-34,Male,2930,1555.0,1.88,92,61,2.07,0.38,23.18,2.0,11.59,Website purchases
SK_BrandAwareness_Leto26_META,SK_BrandAwareness_Leto26_META_Video_V2,Video_v1,2026-07-26,55-64,Male,2519,1529.0,1.65,46,26,1.03,0.62,16.12,,,
SK_BrandAwareness_Leto26_META,SK_BrandAwareness_Leto26_META_Carousel,Carousel_v1,2026-08-12,45-54,Male,1934,1236.0,1.56,57,37,1.94,0.46,17.02,,,
SK_BrandAwareness_Leto26_META,SK_BrandAwareness_Leto26_META_Carousel,Carousel_v1,2026-06-09,45-54,Male,1246,740.0,1.68,36,20,1.64,0.49,9.8,,,
SK_BrandAwareness_Leto26_META,SK_BrandAwareness_Leto26_META_Carousel,Carousel_v1,2026-07-05,65+,Male,1274,840.0,1.52,40,24,1.91,0.54,12.96,,,
SK_BrandAwareness_Leto26_META,SK_BrandAwareness_Leto26_META_Carousel,Carousel_v1,2026-07-24,65+,Female,838,628.0,1.33,27,14,1.68,0.58,8.12,,,
SK_ProduktLaunch26_META,SK_ProduktLaunch26_META_Reels,Reels_v1,2026-08-16,18-24,Female,2075,,,76,45,2.17,0.46,20.7,1.0,20.7,Website purchases
SK_BrandAwareness_Leto26_META,SK_BrandAwareness_Leto26_META_Carousel,Carousel_v1,2026-08-13,65+,Male,546,360.0,1.52,20,10,1.77,0.65,6.5,,,
SK_BrandAwareness_Leto26_META,SK_BrandAwareness_Leto26_META_Video,Video_v1,2026-06-24,18-24,Female,2462,1617.0,1.52,55,28,1.15,0.45,12.6,,,
SK_ProduktLaunch26_META,SK_ProduktLaunch26_META_Feed,Feed_v1,2026-10-28,25-34,Male,3943,2120.0,1.86,94,51,1.29,0.4,20.4,1.0,20.4,Website purchases
SK_BrandAwareness_Leto26_META,SK_BrandAwareness_Leto26_META_Reels,Reels_v1,2026-08-06,45-54,Male,3530,1910.0,1.85,106,67,1.88,0.51,34.17,,,
SK_ProduktLaunch26_META,SK_ProduktLaunch26_META_Feed,Feed_v1,2026-08-19,35-44,Female,1406,731.0,1.92,51,23,1.64,0.37,8.51,1.0,8.51,Website purchases
SK_ProduktLaunch26_META,SK_ProduktLaunch26_META_Stories,Stories_v1,2026-08-26,35-44,Female,2604,1201.0,2.17,76,35,1.34,0.42,14.7,1.0,14.7,Website purchases
SK_BrandAwareness_Leto26_META,SK_BrandAwareness_Leto26_META_Reels,Reels_v1,2026-07-15,65+,Female,1133,540.0,2.1,27,14,1.28,0.38,5.32,,,
SK_ProduktLaunch26_META,SK_ProduktLaunch26_META_Feed,Feed_v1,2026-10-26,55-64,Female,1926,1418.0,1.36,56,32,1.66,0.37,11.84,1.0,11.84,Website purchases
SK_BrandAwareness_Leto26_META,SK_BrandAwareness_Leto26_META_Reels,Reels_v1,2026-06-08,35-44,Male,4190,2783.0,1.51,136,82,1.96,0.54,44.28,,,
SK_ProduktLaunch26_META,SK_ProduktLaunch26_META_Reels,Reels_v1,2026-10-24,25-34,Female,4684,2725.0,1.72,213,93,1.98,0.32,29.76,3.0,9.92,Website purchases
SK_BrandAwareness_Leto26_META,SK_BrandAwareness_Leto26_META_Video,Video_v1,2026-07-02,35-44,Female,1836,1107.0,1.66,41,23,1.24,0.46,10.58,,,
SK_ProduktLaunch26_META,SK_ProduktLaunch26_META_Stories,Stories_v1,2026-09-19,65+,Male,1191,827.0,1.44,41,18,1.53,0.54,9.72,1.0,9.72,Website purchases
SK_BrandAwareness_Leto26_META,SK_BrandAwareness_Leto26_META_Carousel,Carousel_v1,2026-06-24,45-54,Female,1045,478.0,2.19,40,22,2.06,0.58,12.76,,,
SK_BrandAwareness_Leto26_META,SK_BrandAwareness_Leto26_META_Video_V2,Video_v1,2026-07-23,65+,Male,1585,830.0,1.91,25,17,1.07,0.42,7.14,,,
SK_ProduktLaunch26_META,SK_ProduktLaunch26_META_Reels,Reels_v1,2026-09-17,45-54,Female,2570,,,90,55,2.15,0.51,28.05,2.0,14.03,Website purchases
SK_ProduktLaunch26_META,SK_ProduktLaunch26_META_Reels,Reels_v1,2026-09-29,35-44,Male,2195,1019.0,2.15,97,52,2.38,0.54,28.08,2.0,14.04,Website purchases
SK_BrandAwareness_Leto26_META,SK_BrandAwareness_Leto26_META_Reels,Reels_v1,2026-06-08,45-54,Male,2429,1714.0,1.42,60,29,1.18,0.51,14.79,,,
SK_BrandAwareness_Leto26_META,SK_BrandAwareness_Leto26_META_Video,Video_v1,2026-06-07,45-54,Female,1924,1460.0,1.32,43,20,1.03,0.44,8.8,,,
SK_ProduktLaunch26_META,SK_ProduktLaunch26_META_Stories,Stories_v1,2026-08-23,45-54,Female,1046,752.0,1.39,20,13,1.25,0.46,5.98,0.0,,Website purchases
SK_ProduktLaunch26_META,SK_ProduktLaunch26_META_Feed,Feed_v1,2026-09-09,65+,Male,786,388.0,2.03,24,11,1.45,0.58,6.38,0.0,,Website purchases
SK_BrandAwareness_Leto26_META,SK_BrandAwareness_Leto26_META_Carousel,Carousel_v1,2026-06-11,55-64,Female,1480,1051.0,1.41,57,30,2.05,0.58,17.4,,,
SK_BrandAwareness_Leto26_META,SK_BrandAwareness_Leto26_META_Reels,Reels_v1,2026-07-16,45-54,Male,2050,1223.0,1.68,56,30,1.47,0.46,13.8,,,
SK_BrandAwareness_Leto26_META,SK_BrandAwareness_Leto26_META_Carousel,Carousel_v1,2026-06-02,25-34,Female,2308,1117.0,2.07,73,35,1.53,0.61,21.35,,,
SK_BrandAwareness_Leto26_META,SK_BrandAwareness_Leto26_META_Reels,Reels_v1,2026-06-14,65+,Female,1872,885.0,2.12,50,32,1.73,0.33,10.56,,,
SK_ProduktLaunch26_META,SK_ProduktLaunch26_META_Stories,Stories_v1,2026-09-24,35-44,Male,1311,835.0,1.57,41,23,1.75,0.33,7.59,1.0,7.59,Website purchases
SK_BrandAwareness_Leto26_META,SK_BrandAwareness_Leto26_META_Carousel,Carousel_v1,2026-07-12,45-54,Male,2492,1699.0,1.47,46,30,1.21,0.58,17.4,,,
SK_ProduktLaunch26_META,SK_ProduktLaunch26_META_Reels,Reels_v1,2026-10-19,55-64,Male,2029,1520.0,1.33,41,29,1.41,0.45,13.05,1.0,13.05,Website purchases
SK_BrandAwareness_Leto26_META,SK_BrandAwareness_Leto26_META_Reels,Reels_v1,2026-07-10,25-34,Male,2811,1479.0,1.9,70,36,1.28,0.37,13.32,,,
SK_ProduktLaunch26_META,SK_ProduktLaunch26_META_Reels,Reels_v1,2026-09-09,55-64,Male,2726,1771.0,1.54,124,55,2.01,0.54,29.7,2.0,14.85,Website purchases
SK_BrandAwareness_Leto26_META,SK_BrandAwareness_Leto26_META_Reels,Reels_v1,2026-06-09,35-44,Female,2511,1685.0,1.49,54,24,0.96,0.37,8.88,,,
SK_BrandAwareness_Leto26_META,SK_BrandAwareness_Leto26_META_Carousel,Carousel_v1,2026-06-24,25-34,Female,1554,1019.0,1.53,59,31,2.02,0.54,16.74,,,
SK_BrandAwareness_Leto26_META,SK_BrandAwareness_Leto26_META_Reels,Reels_v1,2026-06-17,18-24,Female,2730,1541.0,1.77,79,52,1.9,0.38,19.76,,,
SK_BrandAwareness_Leto26_META,SK_BrandAwareness_Leto26_META_Carousel,Carousel_v1,2026-08-10,35-44,Female,2099,1101.0,1.91,53,27,1.3,0.43,11.61,,,
SK_ProduktLaunch26_META,SK_ProduktLaunch26_META_Reels,Reels_v1,2026-08-15,35-44,Female,2907,1337.0,2.17,100,71,2.45,0.32,22.72,2.0,11.36,Website purchases
SK_BrandAwareness_Leto26_META,SK_BrandAwareness_Leto26_META_Carousel,Carousel_v1,2026-07-25,35-44,Male,2428,1792.0,1.35,45,31,1.28,0.44,13.64,,,
SK_ProduktLaunch26_META,SK_ProduktLaunch26_META_Feed,Feed_v1,2026-08-16,55-64,Female,902,637.0,1.42,27,16,1.82,0.51,8.16,0.0,,Website purchases
SK_ProduktLaunch26_META,SK_ProduktLaunch26_META_Reels,Reels_v1,2026-09-26,25-34,Male,3236,1596.0,2.03,134,81,2.49,0.49,39.69,2.0,19.84,Website purchases
SK_BrandAwareness_Leto26_META,SK_BrandAwareness_Leto26_META_Video,Video_v1,2026-06-27,65+,Male,1154,613.0,1.88,39,19,1.64,0.52,9.88,,,
SK_BrandAwareness_Leto26_META,SK_BrandAwareness_Leto26_META_Video_V2,Video_v1,2026-08-05,25-34,Female,2074,981.0,2.11,68,35,1.67,0.51,17.85,,,
SK_BrandAwareness_Leto26_META,SK_BrandAwareness_Leto26_META_Reels,Reels_v1,2026-06-13,55-64,Female,1892,1133.0,1.67,70,33,1.75,0.47,15.51,,,
SK_BrandAwareness_Leto26_META,SK_BrandAwareness_Leto26_META_Video_V2,Video_v1,2026-08-03,65+,Male,1832,1202.0,1.52,44,23,1.25,0.35,8.05,,,
SK_BrandAwareness_Leto26_META,SK_BrandAwareness_Leto26_META_Video,Video_v1,2026-06-04,55-64,Female,2108,1022.0,2.06,60,28,1.34,0.45,12.6,,,
SK_ProduktLaunch26_META,SK_ProduktLaunch26_META_Stories,Stories_v1,2026-09-10,65+,Male,548,366.0,1.5,21,10,1.82,0.48,4.8,0.0,,Website purchases
SK_BrandAwareness_Leto26_META,SK_BrandAwareness_Leto26_META_Reels,Reels_v1,2026-07-12,18-24,Male,3524,,,68,34,0.96,0.38,12.92,,,
SK_BrandAwareness_Leto26_META,SK_BrandAwareness_Leto26_META_Carousel,Carousel_v1,2026-07-24,55-64,Male,1738,1056.0,1.65,54,29,1.65,0.65,18.85,,,
SK_ProduktLaunch26_META,SK_ProduktLaunch26_META_Feed,Feed_v1,2026-10-04,55-64,Male,2190,1244.0,1.76,75,43,1.98,0.6,25.8,1.0,25.8,Website purchases
SK_BrandAwareness_Leto26_META,SK_BrandAwareness_Leto26_META_Video_V2,Video_v1,2026-08-05,55-64,Male,2643,1739.0,1.52,65,46,1.73,0.56,25.76,,,
SK_BrandAwareness_Leto26_META,SK_BrandAwareness_Leto26_META_Reels,Reels_v1,2026-07-04,45-54,Female,3088,1686.0,1.83,104,49,1.58,0.52,25.48,,,
SK_BrandAwareness_Leto26_META,SK_BrandAwareness_Leto26_META_Reels,Reels_v1,2026-06-16,65+,Male,1437,846.0,1.7,39,23,1.58,0.38,8.74,,,
SK_ProduktLaunch26_META,SK_ProduktLaunch26_META_Reels,Reels_v1,2026-09-01,45-54,Female,2549,1689.0,1.51,102,59,2.31,0.33,19.47,2.0,9.73,Website purchases
SK_ProduktLaunch26_META,SK_ProduktLaunch26_META_Reels,Reels_v1,2026-09-19,55-64,Female,1644,749.0,2.19,71,33,2.01,0.51,16.83,1.0,16.83,Website purchases
SK_ProduktLaunch26_META,SK_ProduktLaunch26_META_Stories,Stories_v1,2026-10-23,45-54,Female,2157,1066.0,2.02,87,45,2.09,0.34,15.3,1.0,15.3,Website purchases
SK_ProduktLaunch26_META,SK_ProduktLaunch26_META_Feed,Feed_v1,2026-10-05,35-44,Female,1598,855.0,1.87,51,24,1.49,0.42,10.08,1.0,10.08,Website purchases
SK_ProduktLaunch26_META,SK_ProduktLaunch26_META_Reels,Reels_v1,2026-09-03,35-44,Male,2827,1527.0,1.85,97,50,1.77,0.53,26.5,2.0,13.25,Website purchases
SK_BrandAwareness_Leto26_META,SK_BrandAwareness_Leto26_META_Reels,Reels_v1,2026-08-11,45-54,Female,2044,1424.0,1.44,47,24,1.17,0.41,9.84,,,
SK_BrandAwareness_Leto26_META,SK_BrandAwareness_Leto26_META_Carousel,Carousel_v1,2026-07-03,35-44,Male,1684,786.0,2.14,39,20,1.21,0.55,11.0,,,
SK_ProduktLaunch26_META,SK_ProduktLaunch26_META_Reels,Reels_v1,2026-08-29,45-54,Female,1647,780.0,2.11,47,21,1.29,0.35,7.35,1.0,7.35,Website purchases
SK_BrandAwareness_Leto26_META,SK_BrandAwareness_Leto26_META_Reels,Reels_v1,2026-06-06,65+,Female,1514,997.0,1.52,35,18,1.21,0.5,9.0,,,
SK_BrandAwareness_Leto26_META,SK_BrandAwareness_Leto26_META_Carousel,Carousel_v1,2026-08-01,55-64,Male,1467,757.0,1.94,54,25,1.68,0.64,16.0,,,
SK_BrandAwareness_Leto26_META,SK_BrandAwareness_Leto26_META_Carousel,Carousel_v1,2026-06-29,65+,Male,743,396.0,1.88,26,16,2.14,0.46,7.36,,,
SK_ProduktLaunch26_META,SK_ProduktLaunch26_META_Reels,Reels_v1,2026-09-04,45-54,Male,3544,2364.0,1.5,154,87,2.45,0.47,40.89,3.0,13.63,Website purchases
SK_BrandAwareness_Leto26_META,SK_BrandAwareness_Leto26_META_Carousel,Carousel_v1,2026-07-06,18-24,Female,1129,708.0,1.59,27,12,1.07,0.55,6.6,,,
SK_BrandAwareness_Leto26_META,SK_BrandAwareness_Leto26_META_Reels,Reels_v1,2026-07-09,25-34,Male,4671,2242.0,2.08,70,43,0.91,0.35,15.05,,,
SK_ProduktLaunch26_META,SK_ProduktLaunch26_META_Feed,Feed_v1,2026-09-01,45-54,Male,1544,940.0,1.64,32,20,1.28,0.35,7.0,0.0,,Website purchases
SK_BrandAwareness_Leto26_META,SK_BrandAwareness_Leto26_META_Reels,Reels_v1,2026-08-14,35-44,Male,3275,2350.0,1.39,129,63,1.94,0.45,28.35,,,
SK_BrandAwareness_Leto26_META,SK_BrandAwareness_Leto26_META_Video_V2,Video_v1,2026-08-04,35-44,Male,2474,1422.0,1.74,48,21,0.85,0.51,10.71,,,
SK_BrandAwareness_Leto26_META,SK_BrandAwareness_Leto26_META_Video_V2,Video_v1,2026-07-23,25-34,Male,4336,2260.0,1.92,82,58,1.35,0.4,23.2,,,
SK_ProduktLaunch26_META,SK_ProduktLaunch26_META_Stories,Stories_v1,2026-09-19,25-34,Female,2476,1667.0,1.49,69,36,1.46,0.56,20.16,1.0,20.16,Website purchases
SK_ProduktLaunch26_META,SK_ProduktLaunch26_META_Stories,Stories_v1,2026-10-05,55-64,Male,1366,712.0,1.92,58,26,1.93,0.55,14.3,1.0,14.3,Website purchases
SK_ProduktLaunch26_META,SK_ProduktLaunch26_META_Feed,Feed_v1,2026-09-26,55-64,Male,1642,908.0,1.81,49,23,1.39,0.54,12.42,1.0,12.42,Website purchases
SK_BrandAwareness_Leto26_META,SK_BrandAwareness_Leto26_META_Carousel,Carousel_v1,2026-06-22,25-34,Female,1705,1130.0,1.51,41,28,1.66,0.49,13.72,,,
SK_ProduktLaunch26_META,SK_ProduktLaunch26_META_Stories,Stories_v1,2026-08-18,65+,Female,716,363.0,1.97,16,9,1.29,0.39,3.51,0.0,,Website purchases
SK_BrandAwareness_Leto26_META,SK_BrandAwareness_Leto26_META_Video,Video_v1,2026-06-13,25-34,Female,4258,2543.0,1.67,101,45,1.05,0.46,20.7,,,
SK_BrandAwareness_Leto26_META,SK_BrandAwareness_Leto26_META_Video_V2,Video_v1,2026-07-14,18-24,Female,1900,962.0,1.98,31,22,1.16,0.58,12.76,,,
SK_ProduktLaunch26_META,SK_ProduktLaunch26_META_Stories,Stories_v1,2026-08-24,45-54,Female,1774,875.0,2.03,42,23,1.31,0.44,10.12,1.0,10.12,Website purchases
SK_ProduktLaunch26_META,SK_ProduktLaunch26_META_Stories,Stories_v1,2026-10-10,35-44,Male,2092,1336.0,1.57,90,44,2.08,0.39,17.16,1.0,17.16,Website purchases
SK_ProduktLaunch26_META,SK_ProduktLaunch26_META_Stories,Stories_v1,2026-09-01,18-24,Female,1421,825.0,1.72,49,23,1.6,0.33,7.59,1.0,7.59,Website purchases
SK_BrandAwareness_Leto26_META,SK_BrandAwareness_Leto26_META_Reels,Reels_v1,2026-06-11,35-44,Female,2256,1297.0,1.74,80,37,1.65,0.35,12.95,,,
SK_ProduktLaunch26_META,SK_ProduktLaunch26_META_Feed,Feed_v1,2026-10-21,45-54,Female,1696,908.0,1.87,44,22,1.29,0.38,8.36,1.0,8.36,Website purchases
SK_ProduktLaunch26_META,SK_ProduktLaunch26_META_Stories,Stories_v1,2026-10-13,65+,Male,1054,569.0,1.85,40,20,1.87,0.45,9.0,1.0,9.0,Website purchases
SK_BrandAwareness_Leto26_META,SK_BrandAwareness_Leto26_META_Video_V2,Video_v1,2026-07-07,35-44,Female,2440,1307.0,1.87,44,22,0.89,0.54,11.88,,,
SK_ProduktLaunch26_META,SK_ProduktLaunch26_META_Stories,Stories_v1,2026-09-28,55-64,Male,1659,818.0,2.03,53,28,1.71,0.39,10.92,1.0,10.92,Website purchases
SK_BrandAwareness_Leto26_META,SK_BrandAwareness_Leto26_META_Reels,Reels_v1,2026-07-22,18-24,Female,2710,1769.0,1.53,86,42,1.55,0.49,20.58,,,
SK_BrandAwareness_Leto26_META,SK_BrandAwareness_Leto26_META_Reels,Reels_v1,2026-07-23,18-24,Male,2030,1406.0,1.44,34,19,0.92,0.39,7.41,,,
SK_BrandAwareness_Leto26_META,SK_BrandAwareness_Leto26_META_Reels,Reels_v1,2026-07-15,35-44,Male,2900,2114.0,1.37,56,34,1.18,0.49,16.66,,,
SK_BrandAwareness_Leto26_META,SK_BrandAwareness_Leto26_META_Video,Video_v1,2026-06-12,65+,Male,1755,874.0,2.01,39,22,1.26,0.52,11.44,,,
SK_BrandAwareness_Leto26_META,SK_BrandAwareness_Leto26_META_Video_V2,Video_v1,2026-07-26,25-34,Female,3648,2394.0,1.52,48,32,0.88,0.62,19.84,,,
SK_ProduktLaunch26_META,SK_ProduktLaunch26_META_Feed,Feed_v1,2026-10-04,45-54,Male,1984,931.0,2.13,59,26,1.33,0.53,13.78,1.0,13.78,Website purchases
SK_ProduktLaunch26_META,SK_ProduktLaunch26_META_Reels,Reels_v1,2026-09-07,35-44,Female,3686,1784.0,2.07,82,55,1.5,0.52,28.6,2.0,14.3,Website purchases
SK_BrandAwareness_Leto26_META,SK_BrandAwareness_Leto26_META_Video_V2,Video_v1,2026-07-29,55-64,Female,1125,803.0,1.4,31,16,1.46,0.59,9.44,,,
SK_ProduktLaunch26_META,SK_ProduktLaunch26_META_Feed,Feed_v1,2026-08-27,35-44,Female,3000,1412.0,2.12,55,31,1.02,0.37,11.47,1.0,11.47,Website purchases
SK_BrandAwareness_Leto26_META,SK_BrandAwareness_Leto26_META_Reels,Reels_v1,2026-06-26,45-54,Female,1862,1262.0,1.48,25,17,0.92,0.33,5.61,,,
SK_ProduktLaunch26_META,SK_ProduktLaunch26_META_Stories,Stories_v1,2026-08-17,18-24,Female,1421,1048.0,1.36,48,23,1.64,0.5,11.5,1.0,11.5,Website purchases
SK_ProduktLaunch26_META,SK_ProduktLaunch26_META_Stories,Stories_v1,2026-09-15,18-24,Male,1855,1269.0,1.46,74,36,1.92,0.39,14.04,1.0,14.04,Website purchases
SK_ProduktLaunch26_META,SK_ProduktLaunch26_META_Feed,Feed_v1,2026-09-20,18-24,Male,2318,1624.0,1.43,73,46,2.0,0.42,19.32,1.0,19.32,Website purchases
SK_ProduktLaunch26_META,SK_ProduktLaunch26_META_Reels,Reels_v1,2026-09-01,55-64,Male,2368,1587.0,1.49,47,30,1.25,0.5,15.0,1.0,15.0,Website purchases
SK_BrandAwareness_Leto26_META,SK_BrandAwareness_Leto26_META_Carousel,Carousel_v1,2026-06-28,45-54,Male,1504,741.0,2.03,40,25,1.64,0.7,17.5,,,
SK_ProduktLaunch26_META,SK_ProduktLaunch26_META_Reels,Reels_v1,2026-09-03,45-54,Female,1934,1105.0,1.75,68,35,1.79,0.48,16.8,1.0,16.8,Website purchases
SK_ProduktLaunch26_META,SK_ProduktLaunch26_META_Reels,Reels_v1,2026-09-05,55-64,Male,1858,1042.0,1.78,48,27,1.44,0.41,11.07,1.0,11.07,Website purchases
SK_BrandAwareness_Leto26_META,SK_BrandAwareness_Leto26_META_Carousel,Carousel_v1,2026-07-12,45-54,Female,2106,1260.0,1.67,51,30,1.4,0.55,16.5,,,
SK_BrandAwareness_Leto26_META,SK_BrandAwareness_Leto26_META_Reels,Reels_v1,2026-07-02,18-24,Male,3574,2034.0,1.76,111,65,1.81,0.4,26.0,,,
SK_BrandAwareness_Leto26_META,SK_BrandAwareness_Leto26_META_Reels,Reels_v1,2026-07-25,25-34,Female,3911,2074.0,1.89,72,39,0.99,0.51,19.89,,,
SK_BrandAwareness_Leto26_META,SK_BrandAwareness_Leto26_META_Video,Video_v1,2026-06-19,55-64,Male,1633,920.0,1.77,22,14,0.85,0.36,5.04,,,
SK_ProduktLaunch26_META,SK_ProduktLaunch26_META_Feed,Feed_v1,2026-08-22,25-34,Female,3204,1734.0,1.85,76,38,1.2,0.43,16.34,1.0,16.34,Website purchases
SK_BrandAwareness_Leto26_META,SK_BrandAwareness_Leto26_META_Carousel,Carousel_v1,2026-07-20,65+,Female,1064,737.0,1.44,45,21,1.94,0.53,11.13,,,
SK_BrandAwareness_Leto26_META,SK_BrandAwareness_Leto26_META_Video,Video_v1,2026-06-18,55-64,Male,2241,1513.0,1.48,69,39,1.76,0.43,16.77,,,
SK_ProduktLaunch26_META,SK_ProduktLaunch26_META_Feed,Feed_v1,2026-10-01,25-34,Female,3060,2178.0,1.4,73,39,1.26,0.37,14.43,1.0,14.43,Website purchases
SK_BrandAwareness_Leto26_META,SK_BrandAwareness_Leto26_META_Carousel,Carousel_v1,2026-06-24,18-24,Female,1358,752.0,1.81,44,29,2.14,0.54,15.66,,,
SK_BrandAwareness_Leto26_META,SK_BrandAwareness_Leto26_META_Video_V2,Video_v1,2026-08-10,65+,Male,790,478.0,1.65,22,11,1.44,0.59,6.49,,,
SK_BrandAwareness_Leto26_META,SK_BrandAwareness_Leto26_META_Carousel,Carousel_v1,2026-08-07,25-34,Female,2999,1903.0,1.58,70,50,1.66,0.55,27.5,,,
SK_BrandAwareness_Leto26_META,SK_BrandAwareness_Leto26_META_Carousel,Carousel_v1,2026-08-03,35-44,Male,2194,1336.0,1.64,53,33,1.51,0.43,14.19,,,
SK_BrandAwareness_Leto26_META,SK_BrandAwareness_Leto26_META_Reels,Reels_v1,2026-07-25,55-64,Female,2406,1673.0,1.44,45,23,0.94,0.48,11.04,,,
SK_ProduktLaunch26_META,SK_ProduktLaunch26_META_Feed,Feed_v1,2026-09-15,65+,Male,1305,738.0,1.77,25,14,1.1,0.42,5.88,0.0,,Website purchases
SK_BrandAwareness_Leto26_META,SK_BrandAwareness_Leto26_META_Reels,Reels_v1,2026-07-31,65+,Female,1669,1023.0,1.63,26,16,0.93,0.37,5.92,,,
SK_ProduktLaunch26_META,SK_ProduktLaunch26_META_Reels,Reels_v1,2026-10-21,45-54,Male,2827,1449.0,1.95,115,60,2.12,0.49,29.4,2.0,14.7,Website purchases
SK_ProduktLaunch26_META,SK_ProduktLaunch26_META_Feed,Feed_v1,2026-08-27,25-34,Female,2153,982.0,2.19,56,36,1.68,0.59,21.24,1.0,21.24,Website purchases
SK_BrandAwareness_Leto26_META,SK_BrandAwareness_Leto26_META_Video_V2,Video_v1,2026-07-17,65+,Male,1830,1115.0,1.64,43,19,1.03,0.4,7.6,,,
SK_ProduktLaunch26_META,SK_ProduktLaunch26_META_Stories,Stories_v1,2026-09-04,55-64,Male,1760,1265.0,1.39,68,37,2.11,0.51,18.87,1.0,18.87,Website purchases
SK_ProduktLaunch26_META,SK_ProduktLaunch26_META_Stories,Stories_v1,2026-08-16,35-44,Male,2542,1595.0,1.59,78,55,2.15,0.47,25.85,2.0,12.93,Website purchases
SK_ProduktLaunch26_META,SK_ProduktLaunch26_META_Reels,Reels_v1,2026-08-30,55-64,Male,2445,1133.0,2.16,105,51,2.08,0.41,20.91,2.0,10.46,Website purchases
SK_BrandAwareness_Leto26_META,SK_BrandAwareness_Leto26_META_Carousel,Carousel_v1,2026-06-13,25-34,Female,1810,888.0,2.04,33,18,1.0,0.67,12.06,,,
SK_BrandAwareness_Leto26_META,SK_BrandAwareness_Leto26_META_Reels,Reels_v1,2026-07-06,65+,Female,1579,758.0,2.08,30,17,1.06,0.32,5.44,,,
SK_BrandAwareness_Leto26_META,SK_BrandAwareness_Leto26_META_Carousel,Carousel_v1,2026-06-19,35-44,Female,2357,1470.0,1.6,49,27,1.15,0.44,11.88,,,
SK_ProduktLaunch26_META,SK_ProduktLaunch26_META_Feed,Feed_v1,2026-10-05,65+,Male,1012,485.0,2.09,32,18,1.79,0.51,9.18,0.0,,Website purchases
SK_BrandAwareness_Leto26_META,SK_BrandAwareness_Leto26_META_Carousel,Carousel_v1,2026-07-06,45-54,Male,1353,797.0,1.7,46,26,1.91,0.46,11.96,,,
SK_ProduktLaunch26_META,SK_ProduktLaunch26_META_Reels,Reels_v1,2026-08-26,55-64,Female,1865,1013.0,1.84,45,26,1.4,0.33,8.58,1.0,8.58,Website purchases
SK_BrandAwareness_Leto26_META,SK_BrandAwareness_Leto26_META_Video,Video_v1,2026-06-27,18-24,Male,2011,1258.0,1.6,45,30,1.48,0.4,12.0,,,
SK_ProduktLaunch26_META,SK_ProduktLaunch26_META_Stories,Stories_v1,2026-09-14,65+,Male,725,546.0,1.33,19,11,1.47,0.39,4.29,0.0,,Website purchases
SK_ProduktLaunch26_META,SK_ProduktLaunch26_META_Stories,Stories_v1,2026-08-16,45-54,Male,1550,834.0,1.86,51,29,1.88,0.35,10.15,1.0,10.15,Website purchases
SK_ProduktLaunch26_META,SK_ProduktLaunch26_META_Reels,Reels_v1,2026-10-07,25-34,Female,2875,1727.0,1.66,65,44,1.54,0.37,16.28,1.0,16.28,Website purchases
SK_ProduktLaunch26_META,SK_ProduktLaunch26_META_Feed,Feed_v1,2026-10-03,65+,Male,1181,722.0,1.64,29,17,1.44,0.41,6.97,0.0,,Website purchases
SK_BrandAwareness_Leto26_META,SK_BrandAwareness_Leto26_META_Reels,Reels_v1,2026-06-02,45-54,Male,3036,1937.0,1.57,56,38,1.26,0.42,15.96,,,
SK_BrandAwareness_Leto26_META,SK_BrandAwareness_Leto26_META_Carousel,Carousel_v1,2026-06-17,45-54,Female,2034,1281.0,1.59,76,35,1.74,0.4,14.0,,,
SK_BrandAwareness_Leto26_META,SK_BrandAwareness_Leto26_META_Carousel,Carousel_v1,2026-07-02,18-24,Male,1671,909.0,1.84,58,33,1.95,0.65,21.45,,,
SK_BrandAwareness_Leto26_META,SK_BrandAwareness_Leto26_META_Video_V2,Video_v1,2026-07-06,55-64,Female,2007,1078.0,1.86,36,17,0.85,0.58,9.86,,,
SK_BrandAwareness_Leto26_META,SK_BrandAwareness_Leto26_META_Carousel,Carousel_v1,2026-07-17,25-34,Female,2920,1828.0,1.6,101,57,1.96,0.55,31.35,,,
SK_BrandAwareness_Leto26_META,SK_BrandAwareness_Leto26_META_Carousel,Carousel_v1,2026-07-13,18-24,Male,1170,635.0,1.84,31,14,1.22,0.5,7.0,,,
SK_BrandAwareness_Leto26_META,SK_BrandAwareness_Leto26_META_Reels,Reels_v1,2026-06-28,18-24,Male,3480,2566.0,1.36,58,33,0.95,0.38,12.54,,,
SK_BrandAwareness_Leto26_META,SK_BrandAwareness_Leto26_META_Reels,Reels_v1,2026-07-09,18-24,Female,3154,1596.0,1.98,78,45,1.41,0.55,24.75,,,
SK_BrandAwareness_Leto26_META,SK_BrandAwareness_Leto26_META_Carousel,Carousel_v1,2026-07-25,55-64,Male,941,519.0,1.81,29,15,1.62,0.41,6.15,,,
SK_ProduktLaunch26_META,SK_ProduktLaunch26_META_Feed,Feed_v1,2026-10-08,18-24,Female,1515,1049.0,1.44,28,18,1.2,0.53,9.54,0.0,,Website purchases
SK_ProduktLaunch26_META,SK_ProduktLaunch26_META_Stories,Stories_v1,2026-08-29,65+,Male,558,363.0,1.54,13,7,1.33,0.49,3.43,0.0,,Website purchases
SK_BrandAwareness_Leto26_META,SK_BrandAwareness_Leto26_META_Carousel,Carousel_v1,2026-06-24,25-34,Male,1599,915.0,1.75,49,29,1.83,0.66,19.14,,,
SK_ProduktLaunch26_META,SK_ProduktLaunch26_META_Stories,Stories_v1,2026-08-23,18-24,Male,1600,876.0,1.83,54,27,1.69,0.39,10.53,1.0,10.53,Website purchases
SK_ProduktLaunch26_META,SK_ProduktLaunch26_META_Reels,Reels_v1,2026-09-12,65+,Female,992,651.0,1.52,37,25,2.49,0.53,13.25,1.0,13.25,Website purchases
SK_ProduktLaunch26_META,SK_ProduktLaunch26_META_Reels,Reels_v1,2026-10-04,45-54,Male,1834,938.0,1.96,44,31,1.71,0.39,12.09,1.0,12.09,Website purchases
SK_ProduktLaunch26_META,SK_ProduktLaunch26_META_Reels,Reels_v1,2026-10-03,65+,Male,1231,681.0,1.81,26,16,1.28,0.49,7.84,0.0,,Website purchases
SK_BrandAwareness_Leto26_META,SK_BrandAwareness_Leto26_META_Reels,Reels_v1,2026-07-06,35-44,Male,2297,1668.0,1.38,82,42,1.82,0.32,13.44,,,
SK_BrandAwareness_Leto26_META,SK_BrandAwareness_Leto26_META_Carousel,Carousel_v1,2026-07-31,18-24,Male,1867,1138.0,1.64,64,28,1.48,0.49,13.72,,,
SK_ProduktLaunch26_META,SK_ProduktLaunch26_META_Stories,Stories_v1,2026-08-27,18-24,Female,1358,766.0,1.77,51,27,1.99,0.58,15.66,1.0,15.66,Website purchases
SK_BrandAwareness_Leto26_META,SK_BrandAwareness_Leto26_META_Reels,Reels_v1,2026-07-09,25-34,Female,3272,2188.0,1.5,63,37,1.12,0.4,14.8,,,
SK_ProduktLaunch26_META,SK_ProduktLaunch26_META_Stories,Stories_v1,2026-09-05,65+,Female,696,321.0,2.17,20,10,1.5,0.33,3.3,0.0,,Website purchases
SK_BrandAwareness_Leto26_META,SK_BrandAwareness_Leto26_META_Reels,Reels_v1,2026-07-29,25-34,Female,3156,1789.0,1.76,62,38,1.19,0.36,13.68,,,
SK_BrandAwareness_Leto26_META,SK_BrandAwareness_Leto26_META_Reels,Reels_v1,2026-08-12,55-64,Male,2525,1377.0,1.83,70,48,1.91,0.47,22.56,,,
SK_ProduktLaunch26_META,SK_ProduktLaunch26_META_Reels,Reels_v1,2026-08-30,55-64,Female,1531,951.0,1.61,68,36,2.37,0.33,11.88,1.0,11.88,Website purchases
SK_BrandAwareness_Leto26_META,SK_BrandAwareness_Leto26_META_Reels,Reels_v1,2026-08-04,55-64,Female,1960,1302.0,1.51,63,28,1.45,0.38,10.64,,,
SK_ProduktLaunch26_META,SK_ProduktLaunch26_META_Reels,Reels_v1,2026-10-27,55-64,Female,1900,951.0,2.0,55,31,1.61,0.35,10.85,1.0,10.85,Website purchases
SK_BrandAwareness_Leto26_META,SK_BrandAwareness_Leto26_META_Reels,Reels_v1,2026-07-28,18-24,Female,3404,1731.0,1.97,57,39,1.14,0.48,18.72,,,
SK_ProduktLaunch26_META,SK_ProduktLaunch26_META_Reels,Reels_v1,2026-08-15,45-54,Male,3618,1733.0,2.09,169,76,2.09,0.39,29.64,2.0,14.82,Website purchases
SK_BrandAwareness_Leto26_META,SK_BrandAwareness_Leto26_META_Carousel,Carousel_v1,2026-06-05,45-54,Male,1040,595.0,1.75,23,12,1.14,0.42,5.04,,,
SK_ProduktLaunch26_META,SK_ProduktLaunch26_META_Feed,Feed_v1,2026-10-03,65+,Female,639,317.0,2.02,13,8,1.18,0.43,3.44,0.0,,Website purchases
SK_BrandAwareness_Leto26_META,SK_BrandAwareness_Leto26_META_Carousel,Carousel_v1,2026-06-13,55-64,Male,1134,663.0,1.71,35,16,1.42,0.6,9.6,,,
SK_BrandAwareness_Leto26_META,SK_BrandAwareness_Leto26_META_Reels,Reels_v1,2026-07-24,55-64,Male,2743,1274.0,2.15,86,40,1.45,0.32,12.8,,,
SK_ProduktLaunch26_META,SK_ProduktLaunch26_META_Reels,Reels_v1,2026-08-23,45-54,Female,3235,1568.0,2.06,107,52,1.6,0.49,25.48,2.0,12.74,Website purchases
SK_BrandAwareness_Leto26_META,SK_BrandAwareness_Leto26_META_Video_V2,Video_v1,2026-08-14,18-24,Male,1559,832.0,1.87,47,25,1.62,0.47,11.75,,,
SK_ProduktLaunch26_META,SK_ProduktLaunch26_META_Reels,Reels_v1,2026-09-13,65+,Female,1612,789.0,2.04,61,27,1.7,0.33,8.91,1.0,8.91,Website purchases
SK_ProduktLaunch26_META,SK_ProduktLaunch26_META_Feed,Feed_v1,2026-10-07,65+,Male,852,588.0,1.45,18,10,1.13,0.6,6.0,0.0,,Website purchases
SK_BrandAwareness_Leto26_META,SK_BrandAwareness_Leto26_META_Video,Video_v1,2026-06-12,45-54,Female,2163,1166.0,1.86,68,38,1.75,0.62,23.56,,,
SK_BrandAwareness_Leto26_META,SK_BrandAwareness_Leto26_META_Video_V2,Video_v1,2026-07-23,35-44,Female,1681,805.0,2.09,35,22,1.28,0.39,8.58,,,
SK_BrandAwareness_Leto26_META,SK_BrandAwareness_Leto26_META_Video,Video_v1,2026-06-05,18-24,Female,1983,1276.0,1.55,34,22,1.11,0.41,9.02,,,
SK_BrandAwareness_Leto26_META,SK_BrandAwareness_Leto26_META_Reels,Reels_v1,2026-06-09,65+,Male,1298,831.0,1.56,42,19,1.44,0.51,9.69,,,
SK_ProduktLaunch26_META,SK_ProduktLaunch26_META_Reels,Reels_v1,2026-10-09,65+,Female,1037,760.0,1.36,35,16,1.59,0.4,6.4,0.0,,Website purchases
SK_BrandAwareness_Leto26_META,SK_BrandAwareness_Leto26_META_Video_V2,Video_v1,2026-07-10,18-24,Female,2060,1361.0,1.51,49,22,1.07,0.63,13.86,,,
SK_BrandAwareness_Leto26_META,SK_BrandAwareness_Leto26_META_Video_V2,Video_v1,2026-08-14,25-34,Female,3664,1924.0,1.9,62,44,1.19,0.37,16.28,,,
SK_ProduktLaunch26_META,SK_ProduktLaunch26_META_Reels,Reels_v1,2026-08-23,65+,Female,1073,620.0,1.73,46,22,2.02,0.46,10.12,1.0,10.12,Website purchases
SK_BrandAwareness_Leto26_META,SK_BrandAwareness_Leto26_META_Video_V2,Video_v1,2026-07-25,35-44,Male,3618,2236.0,1.62,69,31,0.86,0.37,11.47,,,
SK_ProduktLaunch26_META,SK_ProduktLaunch26_META_Feed,Feed_v1,2026-08-18,35-44,Male,2340,1260.0,1.86,61,27,1.15,0.37,9.99,1.0,9.99,Website purchases
SK_BrandAwareness_Leto26_META,SK_BrandAwareness_Leto26_META_Carousel,Carousel_v1,2026-06-26,25-34,Male,3303,1580.0,2.09,97,45,1.35,0.41,18.45,,,
SK_ProduktLaunch26_META,SK_ProduktLaunch26_META_Stories,Stories_v1,2026-09-20,25-34,Male,2216,1234.0,1.8,75,33,1.49,0.52,17.16,1.0,17.16,Website purchases
SK_ProduktLaunch26_META,SK_ProduktLaunch26_META_Feed,Feed_v1,2026-10-01,35-44,Male,1634,752.0,2.17,46,26,1.61,0.48,12.48,1.0,12.48,Website purchases
SK_BrandAwareness_Leto26_META,SK_BrandAwareness_Leto26_META_Video,Video_v1,2026-06-16,45-54,Female,1513,952.0,1.59,42,26,1.71,0.46,11.96,,,
SK_ProduktLaunch26_META,SK_ProduktLaunch26_META_Feed,Feed_v1,2026-08-25,25-34,Male,1863,1129.0,1.65,32,20,1.06,0.51,10.2,0.0,,Website purchases
SK_BrandAwareness_Leto26_META,SK_BrandAwareness_Leto26_META_Reels,Reels_v1,2026-06-30,35-44,Female,2548,1233.0,2.07,61,33,1.31,0.4,13.2,,,
SK_BrandAwareness_Leto26_META,SK_BrandAwareness_Leto26_META_Video_V2,Video_v1,2026-08-01,65+,Male,1460,1068.0,1.37,35,24,1.67,0.57,13.68,,,
SK_BrandAwareness_Leto26_META,SK_BrandAwareness_Leto26_META_Reels,Reels_v1,2026-06-10,35-44,Female,3447,1981.0,1.74,68,44,1.27,0.41,18.04,,,
SK_ProduktLaunch26_META,SK_ProduktLaunch26_META_Reels,Reels_v1,2026-10-16,35-44,Male,4728,3356.0,1.41,156,93,1.96,0.48,44.64,3.0,14.88,Website purchases
SK_ProduktLaunch26_META,SK_ProduktLaunch26_META_Reels,Reels_v1,2026-08-27,65+,Female,1628,791.0,2.06,45,25,1.56,0.52,13.0,1.0,13.0,Website purchases
SK_BrandAwareness_Leto26_META,SK_BrandAwareness_Leto26_META_Video_V2,Video_v1,2026-08-06,18-24,Female,2647,1393.0,1.9,61,28,1.08,0.41,11.48,,,
SK_ProduktLaunch26_META,SK_ProduktLaunch26_META_Stories,Stories_v1,2026-10-26,35-44,Male,1310,890.0,1.47,31,15,1.14,0.39,5.85,0.0,,Website purchases
SK_BrandAwareness_Leto26_META,SK_BrandAwareness_Leto26_META_Carousel,Carousel_v1,2026-06-01,65+,Male,1049,588.0,1.78,34,18,1.72,0.63,11.34,,,
SK_BrandAwareness_Leto26_META,SK_BrandAwareness_Leto26_META_Video,Video_v1,2026-06-05,45-54,Male,1709,848.0,2.02,37,21,1.21,0.39,8.19,,,
SK_BrandAwareness_Leto26_META,SK_BrandAwareness_Leto26_META_Reels,Reels_v1,2026-08-06,25-34,Female,2589,1269.0,2.04,72,45,1.74,0.32,14.4,,,
SK_ProduktLaunch26_META,SK_ProduktLaunch26_META_Stories,Stories_v1,2026-08-20,25-34,Female,2440,1611.0,1.51,80,51,2.1,0.57,29.07,1.0,29.07,Website purchases
SK_BrandAwareness_Leto26_META,SK_BrandAwareness_Leto26_META_Video_V2,Video_v1,2026-08-02,55-64,Female,2013,1098.0,1.83,57,34,1.68,0.44,14.96,,,
SK_ProduktLaunch26_META,SK_ProduktLaunch26_META_Stories,Stories_v1,2026-10-08,55-64,Female,1649,799.0,2.06,57,27,1.65,0.53,14.31,1.0,14.31,Website purchases
SK_ProduktLaunch26_META,SK_ProduktLaunch26_META_Stories,Stories_v1,2026-10-17,35-44,Male,2274,1657.0,1.37,46,29,1.26,0.44,12.76,1.0,12.76,Website purchases
SK_ProduktLaunch26_META,SK_ProduktLaunch26_META_Feed,Feed_v1,2026-09-02,55-64,Female,903,412.0,2.19,20,12,1.35,0.54,6.48,0.0,,Website purchases
SK_BrandAwareness_Leto26_META,SK_BrandAwareness_Leto26_META_Carousel,Carousel_v1,2026-07-04,25-34,Female,2777,1668.0,1.66,81,47,1.71,0.63,29.61,,,
SK_ProduktLaunch26_META,SK_ProduktLaunch26_META_Feed,Feed_v1,2026-09-07,45-54,Male,2115,996.0,2.12,47,24,1.15,0.4,9.6,1.0,9.6,Website purchases
SK_BrandAwareness_Leto26_META,SK_BrandAwareness_Leto26_META_Video_V2,Video_v1,2026-08-03,55-64,Female,1463,722.0,2.03,30,21,1.46,0.52,10.92,,,
SK_BrandAwareness_Leto26_META,SK_BrandAwareness_Leto26_META_Video,Video_v1,2026-06-04,35-44,Male,1981,984.0,2.01,65,32,1.59,0.53,16.96,,,
SK_ProduktLaunch26_META,SK_ProduktLaunch26_META_Feed,Feed_v1,2026-09-24,45-54,Female,2075,1537.0,1.35,43,28,1.35,0.54,15.12,1.0,15.12,Website purchases
SK_BrandAwareness_Leto26_META,SK_BrandAwareness_Leto26_META_Carousel,Carousel_v1,2026-07-03,55-64,Male,826,469.0,1.76,23,13,1.63,0.43,5.59,,,
SK_ProduktLaunch26_META,SK_ProduktLaunch26_META_Stories,Stories_v1,2026-09-30,25-34,Male,2319,1547.0,1.5,62,31,1.35,0.48,14.88,1.0,14.88,Website purchases
SK_BrandAwareness_Leto26_META,SK_BrandAwareness_Leto26_META_Video,Video_v1,2026-06-28,35-44,Male,2276,1157.0,1.97,62,36,1.6,0.63,22.68,,,
SK_ProduktLaunch26_META,SK_ProduktLaunch26_META_Stories,Stories_v1,2026-09-01,35-44,Male,2582,1699.0,1.52,116,58,2.26,0.35,20.3,2.0,10.15,Website purchases
SK_BrandAwareness_Leto26_META,SK_BrandAwareness_Leto26_META_Video_V2,Video_v1,2026-07-11,45-54,Female,1999,1046.0,1.91,71,36,1.79,0.38,13.68,,,
SK_ProduktLaunch26_META,SK_ProduktLaunch26_META_Reels,Reels_v1,2026-10-14,25-34,Female,2587,1365.0,1.9,56,36,1.4,0.41,14.76,1.0,14.76,Website purchases
SK_ProduktLaunch26_META,SK_ProduktLaunch26_META_Feed,Feed_v1,2026-10-03,55-64,Female,1540,738.0,2.09,37,22,1.41,0.43,9.46,1.0,9.46,Website purchases
SK_BrandAwareness_Leto26_META,SK_BrandAwareness_Leto26_META_Carousel,Carousel_v1,2026-08-09,18-24,Female,904,643.0,1.41,33,15,1.63,0.42,6.3,,,
SK_BrandAwareness_Leto26_META,SK_BrandAwareness_Leto26_META_Reels,Reels_v1,2026-07-29,35-44,Female,3559,2695.0,1.32,139,66,1.86,0.32,21.12,,,
SK_ProduktLaunch26_META,SK_ProduktLaunch26_META_Reels,Reels_v1,2026-10-21,55-64,Male,2473,1270.0,1.95,54,37,1.51,0.33,12.21,1.0,12.21,Website purchases
SK_ProduktLaunch26_META,SK_ProduktLaunch26_META_Reels,Reels_v1,2026-09-12,45-54,Male,2793,1414.0,1.98,103,50,1.79,0.46,23.0,2.0,11.5,Website purchases
SK_BrandAwareness_Leto26_META,SK_BrandAwareness_Leto26_META_Carousel,Carousel_v1,2026-06-14,18-24,Female,1691,839.0,2.02,42,23,1.33,0.48,11.04,,,
SK_ProduktLaunch26_META,SK_ProduktLaunch26_META_Stories,Stories_v1,2026-10-10,18-24,Male,1263,829.0,1.52,32,14,1.12,0.55,7.7,0.0,,Website purchases
SK_ProduktLaunch26_META,SK_ProduktLaunch26_META_Reels,Reels_v1,2026-08-17,35-44,Male,3999,2161.0,1.85,147,68,1.71,0.51,34.68,2.0,17.34,Website purchases
SK_ProduktLaunch26_META,SK_ProduktLaunch26_META_Stories,Stories_v1,2026-09-24,65+,Female,1038,517.0,2.01,30,15,1.43,0.46,6.9,0.0,,Website purchases
SK_ProduktLaunch26_META,SK_ProduktLaunch26_META_Stories,Stories_v1,2026-09-28,18-24,Male,1286,628.0,2.05,28,15,1.13,0.32,4.8,0.0,,Website purchases
SK_ProduktLaunch26_META,SK_ProduktLaunch26_META_Reels,Reels_v1,2026-10-08,45-54,Male,2930,1974.0,1.48,110,67,2.3,0.37,24.79,2.0,12.39,Website purchases
SK_ProduktLaunch26_META,SK_ProduktLaunch26_META_Feed,Feed_v1,2026-10-21,65+,Male,1499,981.0,1.53,50,22,1.48,0.54,11.88,1.0,11.88,Website purchases
SK_BrandAwareness_Leto26_META,SK_BrandAwareness_Leto26_META_Video,Video_v1,2026-06-26,25-34,Male,2395,1595.0,1.5,87,38,1.59,0.36,13.68,,,
SK_BrandAwareness_Leto26_META,SK_BrandAwareness_Leto26_META_Reels,Reels_v1,2026-06-17,55-64,Male,2491,1163.0,2.14,36,25,1.0,0.5,12.5,,,
SK_ProduktLaunch26_META,SK_ProduktLaunch26_META_Reels,Reels_v1,2026-10-27,35-44,Female,4091,2116.0,1.93,117,53,1.3,0.37,19.61,2.0,9.8,Website purchases
SK_ProduktLaunch26_META,SK_ProduktLaunch26_META_Feed,Feed_v1,2026-10-01,45-54,Female,2609,1574.0,1.66,72,33,1.25,0.43,14.19,1.0,14.19,Website purchases
SK_ProduktLaunch26_META,SK_ProduktLaunch26_META_Stories,Stories_v1,2026-09-17,65+,Female,1064,546.0,1.95,44,24,2.25,0.52,12.48,1.0,12.48,Website purchases
SK_BrandAwareness_Leto26_META,SK_BrandAwareness_Leto26_META_Reels,Reels_v1,2026-06-26,25-34,Female,2478,1601.0,1.55,43,25,1.0,0.42,10.5,,,
SK_ProduktLaunch26_META,SK_ProduktLaunch26_META_Reels,Reels_v1,2026-09-25,35-44,Female,4090,1905.0,2.15,179,96,2.34,0.39,37.44,3.0,12.48,Website purchases
SK_BrandAwareness_Leto26_META,SK_BrandAwareness_Leto26_META_Carousel,Carousel_v1,2026-06-06,55-64,Male,1112,662.0,1.68,26,18,1.59,0.5,9.0,,,
SK_ProduktLaunch26_META,SK_ProduktLaunch26_META_Feed,Feed_v1,2026-08-16,35-44,Female,1584,722.0,2.19,39,21,1.35,0.5,10.5,1.0,10.5,Website purchases
SK_ProduktLaunch26_META,SK_ProduktLaunch26_META_Reels,Reels_v1,2026-09-19,55-64,Female,1644,749.0,2.19,71,33,2.01,0.51,16.83,1.0,16.83,Website purchases
SK_BrandAwareness_Leto26_META,SK_BrandAwareness_Leto26_META_Video_V2,Video_v1,2026-07-07,35-44,Male,2654,1441.0,1.84,32,23,0.86,0.49,11.27,,,
SK_BrandAwareness_Leto26_META,SK_BrandAwareness_Leto26_META_Video_V2,Video_v1,2026-08-12,65+,Female,1521,806.0,1.89,44,21,1.4,0.36,7.56,,,
SK_ProduktLaunch26_META,SK_ProduktLaunch26_META_Stories,Stories_v1,2026-10-11,18-24,Female,1110,558.0,1.99,52,24,2.19,0.35,8.4,1.0,8.4,Website purchases
SK_ProduktLaunch26_META,SK_ProduktLaunch26_META_Stories,Stories_v1,2026-09-12,45-54,Male,1426,901.0,1.58,42,30,2.12,0.35,10.5,1.0,10.5,Website purchases
SK_BrandAwareness_Leto26_META,SK_BrandAwareness_Leto26_META_Reels,Reels_v1,2026-07-13,45-54,Female,2816,1821.0,1.55,100,49,1.75,0.37,18.13,,,
SK_BrandAwareness_Leto26_META,SK_BrandAwareness_Leto26_META_Reels,Reels_v1,2026-08-10,18-24,Female,2618,1202.0,2.18,70,42,1.62,0.54,22.68,,,
SK_BrandAwareness_Leto26_META,SK_BrandAwareness_Leto26_META_Video_V2,Video_v1,2026-08-08,55-64,Male,1649,868.0,1.9,22,14,0.84,0.47,6.58,,,
SK_ProduktLaunch26_META,SK_ProduktLaunch26_META_Stories,Stories_v1,2026-08-31,18-24,Female,1937,1372.0,1.41,36,22,1.12,0.58,12.76,1.0,12.76,Website purchases
SK_ProduktLaunch26_META,SK_ProduktLaunch26_META_Stories,Stories_v1,2026-09-25,45-54,Female,1567,1153.0,1.36,60,33,2.11,0.58,19.14,1.0,19.14,Website purchases
SK_ProduktLaunch26_META,SK_ProduktLaunch26_META_Reels,Reels_v1,2026-08-27,25-34,Female,4796,2780.0,1.73,131,59,1.23,0.34,20.06,2.0,10.03,Website purchases
SK_BrandAwareness_Leto26_META,SK_BrandAwareness_Leto26_META_Video,Video_v1,2026-06-02,65+,Female,1070,664.0,1.61,23,14,1.31,0.5,7.0,,,
SK_ProduktLaunch26_META,SK_ProduktLaunch26_META_Reels,Reels_v1,2026-09-02,25-34,Female,3807,1783.0,2.14,104,68,1.79,0.39,26.52,2.0,13.26,Website purchases
SK_ProduktLaunch26_META,SK_ProduktLaunch26_META_Feed,Feed_v1,2026-10-26,45-54,Male,1629,895.0,1.82,36,25,1.54,0.48,12.0,1.0,12.0,Website purchases
SK_BrandAwareness_Leto26_META,SK_BrandAwareness_Leto26_META_Reels,Reels_v1,2026-07-11,18-24,Female,2512,1275.0,1.97,56,34,1.35,0.43,14.62,,,
SK_BrandAwareness_Leto26_META,SK_BrandAwareness_Leto26_META_Reels,Reels_v1,2026-06-19,55-64,Male,1431,959.0,1.49,41,25,1.76,0.43,10.75,,,
SK_ProduktLaunch26_META,SK_ProduktLaunch26_META_Reels,Reels_v1,2026-10-01,55-64,Male,1912,1096.0,1.74,46,31,1.64,0.32,9.92,1.0,9.92,Website purchases
SK_ProduktLaunch26_META,SK_ProduktLaunch26_META_Stories,Stories_v1,2026-09-08,55-64,Male,1559,857.0,1.82,54,24,1.56,0.5,12.0,1.0,12.0,Website purchases
SK_ProduktLaunch26_META,SK_ProduktLaunch26_META_Feed,Feed_v1,2026-08-28,18-24,Female,2118,1399.0,1.51,83,39,1.85,0.53,20.67,1.0,20.67,Website purchases
SK_ProduktLaunch26_META,SK_ProduktLaunch26_META_Stories,Stories_v1,2026-10-10,25-34,Female,2062,959.0,2.15,64,36,1.75,0.46,16.56,1.0,16.56,Website purchases
SK_ProduktLaunch26_META,SK_ProduktLaunch26_META_Feed,Feed_v1,2026-10-12,55-64,Female,1580,961.0,1.64,32,19,1.22,0.39,7.41,0.0,,Website purchases
SK_ProduktLaunch26_META,SK_ProduktLaunch26_META_Stories,Stories_v1,2026-10-03,45-54,Male,2135,1283.0,1.66,71,41,1.91,0.32,13.12,1.0,13.12,Website purchases
SK_BrandAwareness_Leto26_META,SK_BrandAwareness_Leto26_META_Reels,Reels_v1,2026-07-21,35-44,Female,3922,2122.0,1.85,157,71,1.81,0.4,28.4,,,
SK_BrandAwareness_Leto26_META,SK_BrandAwareness_Leto26_META_Reels,Reels_v1,2026-07-17,25-34,Male,4909,2400.0,2.05,208,95,1.94,0.45,42.75,,,
SK_ProduktLaunch26_META,SK_ProduktLaunch26_META_Stories,Stories_v1,2026-08-21,45-54,Female,928,441.0,2.1,32,17,1.81,0.48,8.16,0.0,,Website purchases
SK_ProduktLaunch26_META,SK_ProduktLaunch26_META_Stories,Stories_v1,2026-10-09,65+,Female,908,417.0,2.18,20,12,1.31,0.47,5.64,0.0,,Website purchases
SK_ProduktLaunch26_META,SK_ProduktLaunch26_META_Stories,Stories_v1,2026-09-08,55-64,Female,1690,1230.0,1.37,67,31,1.83,0.39,12.09,1.0,12.09,Website purchases
SK_ProduktLaunch26_META,SK_ProduktLaunch26_META_Stories,Stories_v1,2026-09-09,65+,Male,840,397.0,2.12,22,14,1.61,0.33,4.62,0.0,,Website purchases
SK_ProduktLaunch26_META,SK_ProduktLaunch26_META_Stories,Stories_v1,2026-10-24,25-34,Female,1861,975.0,1.91,88,40,2.14,0.58,23.2,1.0,23.2,Website purchases
SK_ProduktLaunch26_META,SK_ProduktLaunch26_META_Reels,Reels_v1,2026-09-08,55-64,Male,1880,1255.0,1.5,42,27,1.42,0.48,12.96,1.0,12.96,Website purchases
SK_ProduktLaunch26_META,SK_ProduktLaunch26_META_Feed,Feed_v1,2026-10-11,65+,Male,1355,958.0,1.41,33,20,1.51,0.36,7.2,0.0,,Website purchases
SK_ProduktLaunch26_META,SK_ProduktLaunch26_META_Reels,Reels_v1,2026-10-03,25-34,Female,4889,2430.0,2.01,163,88,1.81,0.49,43.12,3.0,14.37,Website purchases
SK_BrandAwareness_Leto26_META,SK_BrandAwareness_Leto26_META_Carousel,Carousel_v1,2026-06-15,35-44,Female,1690,798.0,2.12,65,29,1.73,0.69,20.01,,,
SK_BrandAwareness_Leto26_META,SK_BrandAwareness_Leto26_META_Carousel,Carousel_v1,2026-06-14,35-44,Female,1164,575.0,2.02,36,18,1.58,0.42,7.56,,,
SK_ProduktLaunch26_META,SK_ProduktLaunch26_META_Reels,Reels_v1,2026-09-30,45-54,Male,1839,1105.0,1.66,88,45,2.43,0.36,16.2,1.0,16.2,Website purchases
SK_BrandAwareness_Leto26_META,SK_BrandAwareness_Leto26_META_Carousel,Carousel_v1,2026-08-13,45-54,Female,2073,1005.0,2.06,72,45,2.18,0.48,21.6,,,
SK_ProduktLaunch26_META,SK_ProduktLaunch26_META_Feed,Feed_v1,2026-08-25,18-24,Male,1621,752.0,2.16,44,28,1.73,0.44,12.32,1.0,12.32,Website purchases
SK_BrandAwareness_Leto26_META,SK_BrandAwareness_Leto26_META_Reels,Reels_v1,2026-07-24,25-34,Male,3392,2547.0,1.33,63,31,0.92,0.37,11.47,,,
SK_ProduktLaunch26_META,SK_ProduktLaunch26_META_Stories,Stories_v1,2026-10-12,55-64,Male,917,481.0,1.91,23,10,1.13,0.34,3.4,0.0,,Website purchases
SK_ProduktLaunch26_META,SK_ProduktLaunch26_META_Stories,Stories_v1,2026-09-14,35-44,Male,1318,925.0,1.42,62,29,2.19,0.47,13.63,1.0,13.63,Website purchases
SK_ProduktLaunch26_META,SK_ProduktLaunch26_META_Reels,Reels_v1,2026-08-28,18-24,Female,2475,1234.0,2.01,80,37,1.48,0.3,11.1,1.0,11.1,Website purchases
SK_BrandAwareness_Leto26_META,SK_BrandAwareness_Leto26_META_Reels,Reels_v1,2026-08-14,35-44,Female,2304,1225.0,1.88,84,39,1.69,0.33,12.87,,,
SK_BrandAwareness_Leto26_META,SK_BrandAwareness_Leto26_META_Carousel,Carousel_v1,2026-06-25,25-34,Female,1478,935.0,1.58,60,27,1.81,0.64,17.28,,,
SK_BrandAwareness_Leto26_META,SK_BrandAwareness_Leto26_META_Carousel,Carousel_v1,2026-06-20,55-64,Female,1345,1013.0,1.33,52,23,1.72,0.61,14.03,,,
SK_ProduktLaunch26_META,SK_ProduktLaunch26_META_Feed,Feed_v1,2026-10-23,35-44,Female,1924,1419.0,1.36,38,22,1.13,0.39,8.58,1.0,8.58,Website purchases
SK_ProduktLaunch26_META,SK_ProduktLaunch26_META_Reels,Reels_v1,2026-08-24,55-64,Male,2949,1405.0,2.1,79,44,1.49,0.32,14.08,1.0,14.08,Website purchases
SK_ProduktLaunch26_META,SK_ProduktLaunch26_META_Reels,Reels_v1,2026-09-28,25-34,Female,4820,2791.0,1.73,167,114,2.36,0.49,55.86,3.0,18.62,Website purchases
SK_BrandAwareness_Leto26_META,SK_BrandAwareness_Leto26_META_Carousel,Carousel_v1,2026-07-15,35-44,Male,1643,855.0,1.92,59,29,1.79,0.64,18.56,,,
SK_ProduktLaunch26_META,SK_ProduktLaunch26_META_Feed,Feed_v1,2026-10-02,35-44,Male,3106,1961.0,1.58,104,54,1.72,0.56,30.24,1.0,30.24,Website purchases
SK_ProduktLaunch26_META,SK_ProduktLaunch26_META_Feed,Feed_v1,2026-10-06,25-34,Female,2452,1232.0,1.99,60,31,1.25,0.42,13.02,1.0,13.02,Website purchases
SK_ProduktLaunch26_META,SK_ProduktLaunch26_META_Reels,Reels_v1,2026-09-04,65+,Female,1496,686.0,2.18,70,35,2.34,0.49,17.15,1.0,17.15,Website purchases
SK_BrandAwareness_Leto26_META,SK_BrandAwareness_Leto26_META_Carousel,Carousel_v1,2026-08-14,35-44,Male,1919,956.0,2.01,49,29,1.52,0.51,14.79,,,
SK_BrandAwareness_Leto26_META,SK_BrandAwareness_Leto26_META_Reels,Reels_v1,2026-06-07,18-24,Female,2645,1579.0,1.68,63,44,1.65,0.44,19.36,,,
SK_BrandAwareness_Leto26_META,SK_BrandAwareness_Leto26_META_Reels,Reels_v1,2026-06-29,45-54,Male,2418,1401.0,1.73,92,45,1.87,0.52,23.4,,,
SK_BrandAwareness_Leto26_META,SK_BrandAwareness_Leto26_META_Reels,Reels_v1,2026-07-20,18-24,Female,2536,1548.0,1.64,106,50,1.98,0.31,15.5,,,
SK_BrandAwareness_Leto26_META,SK_BrandAwareness_Leto26_META_Carousel,Carousel_v1,2026-06-10,45-54,Male,2140,1555.0,1.38,107,47,2.2,0.44,20.68,,,
SK_ProduktLaunch26_META,SK_ProduktLaunch26_META_Reels,Reels_v1,2026-09-07,65+,Female,891,468.0,1.9,24,13,1.48,0.36,4.68,0.0,,Website purchases
SK_BrandAwareness_Leto26_META,SK_BrandAwareness_Leto26_META_Video_V2,Video_v1,2026-08-08,18-24,Male,2432,1376.0,1.77,70,32,1.3,0.38,12.16,,,
SK_BrandAwareness_Leto26_META,SK_BrandAwareness_Leto26_META_Reels,Reels_v1,2026-06-16,25-34,Female,2357,1266.0,1.86,64,29,1.25,0.31,8.99,,,
SK_ProduktLaunch26_META,SK_ProduktLaunch26_META_Reels,Reels_v1,2026-09-07,18-24,Female,1780,812.0,2.19,69,37,2.08,0.53,19.61,1.0,19.61,Website purchases
SK_BrandAwareness_Leto26_META,SK_BrandAwareness_Leto26_META_Carousel,Carousel_v1,2026-08-02,18-24,Male,1463,694.0,2.11,33,19,1.28,0.57,10.83,,,
SK_ProduktLaunch26_META,SK_ProduktLaunch26_META_Feed,Feed_v1,2026-10-12,35-44,Male,2575,1501.0,1.72,68,45,1.76,0.4,18.0,1.0,18.0,Website purchases
SK_BrandAwareness_Leto26_META,SK_BrandAwareness_Leto26_META_Video_V2,Video_v1,2026-07-11,45-54,Male,2063,1428.0,1.44,35,21,1.01,0.65,13.65,,,
SK_ProduktLaunch26_META,SK_ProduktLaunch26_META_Feed,Feed_v1,2026-10-02,55-64,Female,954,603.0,1.58,31,16,1.68,0.36,5.76,0.0,,Website purchases
SK_BrandAwareness_Leto26_META,SK_BrandAwareness_Leto26_META_Reels,Reels_v1,2026-06-21,35-44,Female,2175,1373.0,1.58,65,33,1.53,0.45,14.85,,,
SK_BrandAwareness_Leto26_META,SK_BrandAwareness_Leto26_META_Video,Video_v1,2026-06-01,35-44,Male,3423,2005.0,1.71,48,29,0.84,0.56,16.24,,,
SK_BrandAwareness_Leto26_META,SK_BrandAwareness_Leto26_META_Video,Video_v1,2026-06-06,25-34,Male,3606,2521.0,1.43,130,58,1.62,0.64,37.12,,,
SK_ProduktLaunch26_META,SK_ProduktLaunch26_META_Stories,Stories_v1,2026-09-09,35-44,Female,1453,736.0,1.97,47,32,2.18,0.55,17.6,1.0,17.6,Website purchases
SK_ProduktLaunch26_META,SK_ProduktLaunch26_META_Feed,Feed_v1,2026-10-13,45-54,Female,1526,1170.0,1.3,29,17,1.14,0.51,8.67,0.0,,Website purchases
SK_ProduktLaunch26_META,SK_ProduktLaunch26_META_Feed,Feed_v1,2026-10-07,55-64,Female,919,617.0,1.49,20,9,1.0,0.51,4.59,0.0,,Website purchases
SK_BrandAwareness_Leto26_META,SK_BrandAwareness_Leto26_META_Video_V2,Video_v1,2026-08-09,55-64,Female,2469,1293.0,1.91,89,42,1.72,0.47,19.74,,,
SK_BrandAwareness_Leto26_META,SK_BrandAwareness_Leto26_META_Reels,Reels_v1,2026-07-17,25-34,Female,4476,3314.0,1.35,72,42,0.94,0.34,14.28,,,
SK_ProduktLaunch26_META,SK_ProduktLaunch26_META_Stories,Stories_v1,2026-09-14,18-24,Female,2004,1054.0,1.9,94,45,2.24,0.37,16.65,1.0,16.65,Website purchases
SK_ProduktLaunch26_META,SK_ProduktLaunch26_META_Stories,Stories_v1,2026-09-08,45-54,Female,1916,1180.0,1.62,83,37,1.91,0.53,19.61,1.0,19.61,Website purchases
SK_ProduktLaunch26_META,SK_ProduktLaunch26_META_Reels,Reels_v1,2026-09-02,25-34,Male,2331,1180.0,1.98,60,38,1.61,0.42,15.96,1.0,15.96,Website purchases
SK_BrandAwareness_Leto26_META,SK_BrandAwareness_Leto26_META_Video,Video_v1,2026-06-26,18-24,Female,1574,821.0,1.92,31,17,1.09,0.38,6.46,,,
SK_ProduktLaunch26_META,SK_ProduktLaunch26_META_Reels,Reels_v1,2026-10-16,65+,Male,1489,736.0,2.02,79,37,2.5,0.42,15.54,1.0,15.54,Website purchases
SK_BrandAwareness_Leto26_META,SK_BrandAwareness_Leto26_META_Reels,Reels_v1,2026-08-02,65+,Female,1835,974.0,1.88,35,20,1.08,0.45,9.0,,,
SK_ProduktLaunch26_META,SK_ProduktLaunch26_META_Reels,Reels_v1,2026-08-27,18-24,Female,2646,1321.0,2.0,78,36,1.35,0.48,17.28,1.0,17.28,Website purchases
SK_ProduktLaunch26_META,SK_ProduktLaunch26_META_Stories,Stories_v1,2026-09-26,25-34,Female,2042,1309.0,1.56,103,47,2.29,0.34,15.98,1.0,15.98,Website purchases
SK_BrandAwareness_Leto26_META,SK_BrandAwareness_Leto26_META_Video,Video_v1,2026-06-27,65+,Female,1086,516.0,2.1,18,10,0.96,0.36,3.6,,,
SK_ProduktLaunch26_META,SK_ProduktLaunch26_META_Feed,Feed_v1,2026-09-24,45-54,Male,2098,1367.0,1.53,70,42,1.98,0.38,15.96,1.0,15.96,Website purchases
SK_BrandAwareness_Leto26_META,SK_BrandAwareness_Leto26_META_Carousel,Carousel_v1,2026-07-17,18-24,Female,1349,842.0,1.6,29,14,1.07,0.62,8.68,,,
SK_ProduktLaunch26_META,SK_ProduktLaunch26_META_Stories,Stories_v1,2026-10-22,55-64,Female,745,,,18,9,1.21,0.36,3.24,0.0,,Website purchases
SK_BrandAwareness_Leto26_META,SK_BrandAwareness_Leto26_META_Carousel,Carousel_v1,2026-06-17,25-34,Female,2587,,,118,56,2.17,0.46,25.76,,,
SK_BrandAwareness_Leto26_META,SK_BrandAwareness_Leto26_META_Carousel,Carousel_v1,2026-07-14,55-64,Male,1400,982.0,1.43,38,21,1.48,0.52,10.92,,,
SK_ProduktLaunch26_META,SK_ProduktLaunch26_META_Feed,Feed_v1,2026-08-29,18-24,Male,2324,1362.0,1.71,37,24,1.05,0.37,8.88,1.0,8.88,Website purchases
SK_BrandAwareness_Leto26_META,SK_BrandAwareness_Leto26_META_Reels,Reels_v1,2026-06-21,55-64,Female,1459,1074.0,1.36,34,24,1.67,0.4,9.6,,,
SK_ProduktLaunch26_META,SK_ProduktLaunch26_META_Reels,Reels_v1,2026-10-06,55-64,Female,2054,983.0,2.09,70,42,2.02,0.42,17.64,1.0,17.64,Website purchases
SK_ProduktLaunch26_META,SK_ProduktLaunch26_META_Reels,Reels_v1,2026-10-26,65+,Male,988,598.0,1.65,28,15,1.49,0.46,6.9,0.0,,Website purchases
SK_BrandAwareness_Leto26_META,SK_BrandAwareness_Leto26_META_Carousel,Carousel_v1,2026-06-25,18-24,Female,1000,459.0,2.18,21,13,1.27,0.5,6.5,,,
SK_ProduktLaunch26_META,SK_ProduktLaunch26_META_Reels,Reels_v1,2026-09-12,35-44,Male,2066,1377.0,1.5,55,27,1.31,0.51,13.77,1.0,13.77,Website purchases
SK_BrandAwareness_Leto26_META,SK_BrandAwareness_Leto26_META_Video,Video_v1,2026-06-26,25-34,Female,1862,1320.0,1.41,26,16,0.87,0.6,9.6,,,
SK_BrandAwareness_Leto26_META,SK_BrandAwareness_Leto26_META_Video_V2,Video_v1,2026-07-19,45-54,Male,2368,1343.0,1.76,61,33,1.4,0.35,11.55,,,
SK_ProduktLaunch26_META,SK_ProduktLaunch26_META_Reels,Reels_v1,2026-08-18,55-64,Female,1975,1048.0,1.88,73,45,2.28,0.49,22.05,1.0,22.05,Website purchases
SK_ProduktLaunch26_META,SK_ProduktLaunch26_META_Stories,Stories_v1,2026-10-28,45-54,Female,2128,1001.0,2.13,52,28,1.32,0.53,14.84,1.0,14.84,Website purchases
SK_BrandAwareness_Leto26_META,SK_BrandAwareness_Leto26_META_Video,Video_v1,2026-06-12,25-34,Male,4346,2889.0,1.5,167,77,1.77,0.62,47.74,,,
SK_BrandAwareness_Leto26_META,SK_BrandAwareness_Leto26_META_Carousel,Carousel_v1,2026-06-05,25-34,Female,1344,682.0,1.97,29,16,1.23,0.56,8.96,,,
SK_ProduktLaunch26_META,SK_ProduktLaunch26_META_Stories,Stories_v1,2026-10-19,25-34,Male,2087,978.0,2.13,68,32,1.54,0.34,10.88,1.0,10.88,Website purchases
SK_ProduktLaunch26_META,SK_ProduktLaunch26_META_Feed,Feed_v1,2026-08-17,55-64,Male,2244,1505.0,1.49,74,36,1.62,0.43,15.48,1.0,15.48,Website purchases
SK_ProduktLaunch26_META,SK_ProduktLaunch26_META_Feed,Feed_v1,2026-10-13,18-24,Female,2088,1510.0,1.38,69,40,1.91,0.47,18.8,1.0,18.8,Website purchases
SK_BrandAwareness_Leto26_META,SK_BrandAwareness_Leto26_META_Carousel,Carousel_v1,2026-06-21,18-24,Male,1101,786.0,1.4,26,14,1.27,0.63,8.82,,,
SK_ProduktLaunch26_META,SK_ProduktLaunch26_META_Reels,Reels_v1,2026-09-28,35-44,Female,3664,2620.0,1.4,65,44,1.21,0.55,24.2,1.0,24.2,Website purchases
SK_BrandAwareness_Leto26_META,SK_BrandAwareness_Leto26_META_Reels,Reels_v1,2026-06-20,45-54,Male,2104,1110.0,1.9,46,27,1.3,0.3,8.1,,,
SK_BrandAwareness_Leto26_META,SK_BrandAwareness_Leto26_META_Video,Video_v1,2026-07-03,25-34,Female,3703,1924.0,1.92,64,44,1.19,0.43,18.92,,,
SK_ProduktLaunch26_META,SK_ProduktLaunch26_META_Reels,Reels_v1,2026-08-28,55-64,Female,1824,1289.0,1.42,65,34,1.88,0.34,11.56,1.0,11.56,Website purchases
SK_BrandAwareness_Leto26_META,SK_BrandAwareness_Leto26_META_Carousel,Carousel_v1,2026-06-24,65+,Male,668,353.0,1.89,25,11,1.59,0.53,5.83,,,
SK_ProduktLaunch26_META,SK_ProduktLaunch26_META_Reels,Reels_v1,2026-08-25,25-34,Male,3229,1495.0,2.16,110,76,2.37,0.46,34.96,2.0,17.48,Website purchases
SK_ProduktLaunch26_META,SK_ProduktLaunch26_META_Reels,Reels_v1,2026-08-28,55-64,Male,3108,1526.0,2.04,107,67,2.16,0.31,20.77,2.0,10.38,Website purchases
SK_BrandAwareness_Leto26_META,SK_BrandAwareness_Leto26_META_Video_V2,Video_v1,2026-07-06,18-24,Female,2954,1398.0,2.11,40,24,0.81,0.35,8.4,,,
SK_ProduktLaunch26_META,SK_ProduktLaunch26_META_Reels,Reels_v1,2026-10-04,18-24,Female,2946,1771.0,1.66,105,58,1.98,0.54,31.32,2.0,15.66,Website purchases
SK_BrandAwareness_Leto26_META,SK_BrandAwareness_Leto26_META_Carousel,Carousel_v1,2026-07-09,35-44,Male,1441,999.0,1.44,47,30,2.07,0.53,15.9,,,
SK_BrandAwareness_Leto26_META,SK_BrandAwareness_Leto26_META_Carousel,Carousel_v1,2026-07-18,25-34,Female,1764,856.0,2.06,40,20,1.16,0.67,13.4,,,
SK_BrandAwareness_Leto26_META,SK_BrandAwareness_Leto26_META_Carousel,Carousel_v1,2026-06-02,45-54,Female,1263,712.0,1.77,22,13,1.04,0.47,6.11,,,
SK_ProduktLaunch26_META,SK_ProduktLaunch26_META_Reels,Reels_v1,2026-09-23,18-24,Male,2737,1296.0,2.11,97,64,2.34,0.53,33.92,2.0,16.96,Website purchases
SK_BrandAwareness_Leto26_META,SK_BrandAwareness_Leto26_META_Carousel,Carousel_v1,2026-08-10,18-24,Female,1837,1105.0,1.66,56,32,1.73,0.7,22.4,,,
SK_ProduktLaunch26_META,SK_ProduktLaunch26_META_Feed,Feed_v1,2026-08-19,55-64,Female,1183,703.0,1.68,22,12,1.02,0.55,6.6,0.0,,Website purchases
SK_ProduktLaunch26_META,SK_ProduktLaunch26_META_Stories,Stories_v1,2026-10-18,65+,Female,889,456.0,1.95,25,18,2.05,0.57,10.26,1.0,10.26,Website purchases
SK_BrandAwareness_Leto26_META,SK_BrandAwareness_Leto26_META_Carousel,Carousel_v1,2026-07-09,18-24,Male,2283,1584.0,1.44,42,24,1.06,0.64,15.36,,,
SK_BrandAwareness_Leto26_META,SK_BrandAwareness_Leto26_META_Reels,Reels_v1,2026-06-30,55-64,Male,3126,2245.0,1.39,92,56,1.78,0.51,28.56,,,
SK_ProduktLaunch26_META,SK_ProduktLaunch26_META_Reels,Reels_v1,2026-09-16,18-24,Male,3702,2247.0,1.65,103,52,1.4,0.42,21.84,2.0,10.92,Website purchases
SK_ProduktLaunch26_META,SK_ProduktLaunch26_META_Feed,Feed_v1,2026-08-21,55-64,Male,2203,1154.0,1.91,56,30,1.36,0.5,15.0,1.0,15.0,Website purchases
SK_ProduktLaunch26_META,SK_ProduktLaunch26_META_Feed,Feed_v1,2026-09-23,45-54,Female,1907,1159.0,1.65,43,23,1.18,0.51,11.73,1.0,11.73,Website purchases
SK_ProduktLaunch26_META,SK_ProduktLaunch26_META_Stories,Stories_v1,2026-09-03,55-64,Male,1758,897.0,1.96,49,24,1.34,0.36,8.64,1.0,8.64,Website purchases
SK_BrandAwareness_Leto26_META,SK_BrandAwareness_Leto26_META_Reels,Reels_v1,2026-06-24,55-64,Female,2192,1564.0,1.4,79,40,1.82,0.31,12.4,,,
SK_BrandAwareness_Leto26_META,SK_BrandAwareness_Leto26_META_Carousel,Carousel_v1,2026-07-10,18-24,Female,2022,1200.0,1.69,62,40,1.97,0.62,24.8,,,
SK_BrandAwareness_Leto26_META,SK_BrandAwareness_Leto26_META_Carousel,Carousel_v1,2026-06-19,45-54,Male,2114,1426.0,1.48,82,38,1.81,0.68,25.84,,,
SK_BrandAwareness_Leto26_META,SK_BrandAwareness_Leto26_META_Reels,Reels_v1,2026-06-19,65+,Female,1750,1155.0,1.52,66,34,1.92,0.4,13.6,,,
SK_BrandAwareness_Leto26_META,SK_BrandAwareness_Leto26_META_Carousel,Carousel_v1,2026-06-24,35-44,Female,1797,1070.0,1.68,58,29,1.63,0.61,17.69,,,
SK_ProduktLaunch26_META,SK_ProduktLaunch26_META_Reels,Reels_v1,2026-10-12,65+,Male,1906,1316.0,1.45,72,46,2.4,0.5,23.0,1.0,23.0,Website purchases
SK_BrandAwareness_Leto26_META,SK_BrandAwareness_Leto26_META_Carousel,Carousel_v1,2026-06-17,45-54,Male,2397,1114.0,2.15,72,35,1.44,0.62,21.7,,,
SK_BrandAwareness_Leto26_META,SK_BrandAwareness_Leto26_META_Carousel,Carousel_v1,2026-07-03,35-44,Female,1898,945.0,2.01,45,25,1.31,0.66,16.5,,,
SK_BrandAwareness_Leto26_META,SK_BrandAwareness_Leto26_META_Video_V2,Video_v1,2026-08-13,25-34,Male,2224,1242.0,1.79,74,33,1.46,0.62,20.46,,,
SK_ProduktLaunch26_META,SK_ProduktLaunch26_META_Feed,Feed_v1,2026-09-25,18-24,Female,1220,686.0,1.78,35,20,1.6,0.4,8.0,0.0,,Website purchases
SK_ProduktLaunch26_META,SK_ProduktLaunch26_META_Feed,Feed_v1,2026-08-26,18-24,Female,1675,1057.0,1.58,55,33,1.95,0.56,18.48,1.0,18.48,Website purchases
SK_ProduktLaunch26_META,SK_ProduktLaunch26_META_Stories,Stories_v1,2026-10-13,35-44,Female,2545,1318.0,1.93,53,36,1.41,0.4,14.4,1.0,14.4,Website purchases
SK_ProduktLaunch26_META,SK_ProduktLaunch26_META_Reels,Reels_v1,2026-10-24,18-24,Male,2219,1658.0,1.34,101,51,2.3,0.3,15.3,2.0,7.65,Website purchases
SK_ProduktLaunch26_META,SK_ProduktLaunch26_META_Stories,Stories_v1,2026-10-21,18-24,Female,1609,1021.0,1.58,72,32,1.97,0.38,12.16,1.0,12.16,Website purchases
SK_ProduktLaunch26_META,SK_ProduktLaunch26_META_Feed,Feed_v1,2026-08-18,18-24,Male,2722,1916.0,1.42,84,37,1.37,0.54,19.98,1.0,19.98,Website purchases
SK_BrandAwareness_Leto26_META,SK_BrandAwareness_Leto26_META_Reels,Reels_v1,2026-07-19,25-34,Male,4688,2322.0,2.02,82,54,1.15,0.5,27.0,,,
SK_BrandAwareness_Leto26_META,SK_BrandAwareness_Leto26_META_Carousel,Carousel_v1,2026-06-03,65+,Female,583,443.0,1.32,20,11,1.92,0.49,5.39,,,
SK_ProduktLaunch26_META,SK_ProduktLaunch26_META_Reels,Reels_v1,2026-09-05,65+,Male,1778,890.0,2.0,80,39,2.2,0.32,12.48,1.0,12.48,Website purchases
SK_BrandAwareness_Leto26_META,SK_BrandAwareness_Leto26_META_Video_V2,Video_v1,2026-07-29,45-54,Female,2509,1423.0,1.76,65,38,1.5,0.41,15.58,,,
SK_BrandAwareness_Leto26_META,SK_BrandAwareness_Leto26_META_Video,Video_v1,2026-06-26,35-44,Female,2942,1497.0,1.97,63,42,1.43,0.45,18.9,,,
SK_ProduktLaunch26_META,SK_ProduktLaunch26_META_Stories,Stories_v1,2026-09-08,18-24,Female,1004,560.0,1.79,35,17,1.73,0.57,9.69,0.0,,Website purchases
SK_BrandAwareness_Leto26_META,SK_BrandAwareness_Leto26_META_Video,Video_v1,2026-07-02,55-64,Male,1237,660.0,1.87,24,15,1.24,0.6,9.0,,,
SK_BrandAwareness_Leto26_META,SK_BrandAwareness_Leto26_META_Carousel,Carousel_v1,2026-06-25,35-44,Male,1999,1000.0,2.0,41,27,1.35,0.51,13.77,,,
SK_ProduktLaunch26_META,SK_ProduktLaunch26_META_Reels,Reels_v1,2026-10-08,65+,Male,1246,582.0,2.14,31,21,1.66,0.54,11.34,1.0,11.34,Website purchases
SK_BrandAwareness_Leto26_META,SK_BrandAwareness_Leto26_META_Reels,Reels_v1,2026-06-10,65+,Male,1667,1043.0,1.6,32,16,0.96,0.44,7.04,,,
SK_BrandAwareness_Leto26_META,SK_BrandAwareness_Leto26_META_Video_V2,Video_v1,2026-07-24,25-34,Male,4277,2982.0,1.43,109,49,1.14,0.6,29.4,,,
SK_BrandAwareness_Leto26_META,SK_BrandAwareness_Leto26_META_Video_V2,Video_v1,2026-08-07,35-44,Female,1863,1326.0,1.4,38,22,1.18,0.53,11.66,,,
SK_ProduktLaunch26_META,SK_ProduktLaunch26_META_Reels,Reels_v1,2026-09-17,45-54,Male,2884,1466.0,1.97,60,41,1.43,0.39,15.99,1.0,15.99,Website purchases
SK_ProduktLaunch26_META,SK_ProduktLaunch26_META_Reels,Reels_v1,2026-10-19,65+,Female,1575,1052.0,1.5,48,30,1.88,0.31,9.3,1.0,9.3,Website purchases
SK_ProduktLaunch26_META,SK_ProduktLaunch26_META_Reels,Reels_v1,2026-09-30,55-64,Male,1497,1107.0,1.35,49,24,1.59,0.53,12.72,1.0,12.72,Website purchases
SK_ProduktLaunch26_META,SK_ProduktLaunch26_META_Reels,Reels_v1,2026-08-15,18-24,Male,3715,2039.0,1.82,115,56,1.51,0.48,26.88,2.0,13.44,Website purchases
SK_BrandAwareness_Leto26_META,SK_BrandAwareness_Leto26_META_Carousel,Carousel_v1,2026-08-06,65+,Female,884,534.0,1.66,30,16,1.82,0.59,9.44,,,
SK_ProduktLaunch26_META,SK_ProduktLaunch26_META_Stories,Stories_v1,2026-08-17,55-64,Male,1584,1016.0,1.56,65,31,1.94,0.53,16.43,1.0,16.43,Website purchases
SK_BrandAwareness_Leto26_META,SK_BrandAwareness_Leto26_META_Video,Video_v1,2026-06-20,35-44,Female,3159,1545.0,2.04,98,45,1.42,0.39,17.55,,,
SK_BrandAwareness_Leto26_META,SK_BrandAwareness_Leto26_META_Reels,Reels_v1,2026-06-21,65+,Female,1880,977.0,1.92,51,35,1.85,0.54,18.9,,,
SK_ProduktLaunch26_META,SK_ProduktLaunch26_META_Stories,Stories_v1,2026-10-24,35-44,Male,1942,969.0,2.0,55,35,1.79,0.55,19.25,1.0,19.25,Website purchases
SK_BrandAwareness_Leto26_META,SK_BrandAwareness_Leto26_META_Video_V2,Video_v1,2026-08-13,55-64,Male,2184,1447.0,1.51,30,20,0.92,0.36,7.2,,,
SK_ProduktLaunch26_META,SK_ProduktLaunch26_META_Feed,Feed_v1,2026-08-29,65+,Male,960,710.0,1.35,26,18,1.92,0.47,8.46,0.0,,Website purchases
SK_BrandAwareness_Leto26_META,SK_BrandAwareness_Leto26_META_Reels,Reels_v1,2026-08-09,45-54,Female,3286,1642.0,2.0,98,57,1.73,0.35,19.95,,,
SK_ProduktLaunch26_META,SK_ProduktLaunch26_META_Reels,Reels_v1,2026-10-15,35-44,Male,3633,2211.0,1.64,125,76,2.08,0.33,25.08,2.0,12.54,Website purchases
SK_ProduktLaunch26_META,SK_ProduktLaunch26_META_Stories,Stories_v1,2026-10-08,55-64,Male,1866,1341.0,1.39,78,41,2.19,0.45,18.45,1.0,18.45,Website purchases
SK_BrandAwareness_Leto26_META,SK_BrandAwareness_Leto26_META_Video,Video_v1,2026-06-01,45-54,Female,2434,1568.0,1.55,39,26,1.05,0.38,9.88,,,
SK_ProduktLaunch26_META,SK_ProduktLaunch26_META_Feed,Feed_v1,2026-09-05,25-34,Male,3042,1922.0,1.58,90,53,1.75,0.52,27.56,1.0,27.56,Website purchases
SK_ProduktLaunch26_META,SK_ProduktLaunch26_META_Feed,Feed_v1,2026-08-31,55-64,Female,1967,1462.0,1.35,61,30,1.51,0.44,13.2,1.0,13.2,Website purchases
SK_ProduktLaunch26_META,SK_ProduktLaunch26_META_Reels,Reels_v1,2026-08-27,18-24,Male,3494,2554.0,1.37,76,44,1.25,0.5,22.0,1.0,22.0,Website purchases
SK_ProduktLaunch26_META,SK_ProduktLaunch26_META_Stories,Stories_v1,2026-10-04,18-24,Male,2240,1392.0,1.61,48,33,1.49,0.53,17.49,1.0,17.49,Website purchases
SK_ProduktLaunch26_META,SK_ProduktLaunch26_META_Reels,Reels_v1,2026-09-14,35-44,Male,3449,2532.0,1.36,172,84,2.42,0.34,28.56,3.0,9.52,Website purchases
SK_BrandAwareness_Leto26_META,SK_BrandAwareness_Leto26_META_Reels,Reels_v1,2026-06-06,55-64,Male,2188,1191.0,1.84,49,26,1.19,0.37,9.62,,,
SK_BrandAwareness_Leto26_META,SK_BrandAwareness_Leto26_META_Carousel,Carousel_v1,2026-06-27,35-44,Male,2116,1113.0,1.9,51,29,1.36,0.69,20.01,,,
SK_ProduktLaunch26_META,SK_ProduktLaunch26_META_Stories,Stories_v1,2026-09-20,65+,Female,542,290.0,1.87,26,12,2.29,0.54,6.48,0.0,,Website purchases
SK_ProduktLaunch26_META,SK_ProduktLaunch26_META_Stories,Stories_v1,2026-10-07,25-34,Male,1942,946.0,2.05,79,42,2.14,0.41,17.22,1.0,17.22,Website purchases
SK_ProduktLaunch26_META,SK_ProduktLaunch26_META_Reels,Reels_v1,2026-10-09,55-64,Female,2789,1285.0,2.17,134,68,2.43,0.5,34.0,2.0,17.0,Website purchases
SK_ProduktLaunch26_META,SK_ProduktLaunch26_META_Stories,Stories_v1,2026-09-10,18-24,Male,1649,1002.0,1.65,50,25,1.54,0.46,11.5,1.0,11.5,Website purchases
SK_BrandAwareness_Leto26_META,SK_BrandAwareness_Leto26_META_Video,Video_v1,2026-06-25,65+,Female,957,444.0,2.16,14,8,0.85,0.63,5.04,,,
SK_BrandAwareness_Leto26_META,SK_BrandAwareness_Leto26_META_Video_V2,Video_v1,2026-07-27,55-64,Female,1488,1073.0,1.39,45,25,1.67,0.59,14.75,,,
SK_ProduktLaunch26_META,SK_ProduktLaunch26_META_Reels,Reels_v1,2026-10-27,45-54,Male,2688,1279.0,2.1,115,63,2.34,0.5,31.5,2.0,15.75,Website purchases
SK_BrandAwareness_Leto26_META,SK_BrandAwareness_Leto26_META_Reels,Reels_v1,2026-06-25,35-44,Female,3806,2527.0,1.51,109,65,1.7,0.31,20.15,,,
SK_ProduktLaunch26_META,SK_ProduktLaunch26_META_Feed,Feed_v1,2026-08-16,18-24,Male,1958,1380.0,1.42,71,33,1.66,0.57,18.81,1.0,18.81,Website purchases
SK_ProduktLaunch26_META,SK_ProduktLaunch26_META_Feed,Feed_v1,2026-10-28,18-24,Male,1690,971.0,1.74,42,28,1.67,0.43,12.04,1.0,12.04,Website purchases
SK_BrandAwareness_Leto26_META,SK_BrandAwareness_Leto26_META_Reels,Reels_v1,2026-07-03,18-24,Female,3405,2494.0,1.37,86,44,1.3,0.34,14.96,,,
SK_BrandAwareness_Leto26_META,SK_BrandAwareness_Leto26_META_Reels,Reels_v1,2026-08-06,18-24,Female,1573,726.0,2.17,33,19,1.2,0.38,7.22,,,
SK_ProduktLaunch26_META,SK_ProduktLaunch26_META_Reels,Reels_v1,2026-09-17,65+,Female,1051,481.0,2.19,46,26,2.43,0.49,12.74,1.0,12.74,Website purchases
SK_ProduktLaunch26_META,SK_ProduktLaunch26_META_Feed,Feed_v1,2026-08-15,35-44,Female,2273,1584.0,1.43,59,31,1.35,0.59,18.29,1.0,18.29,Website purchases
SK_ProduktLaunch26_META,SK_ProduktLaunch26_META_Stories,Stories_v1,2026-10-05,65+,Female,745,413.0,1.8,16,11,1.42,0.34,3.74,0.0,,Website purchases
SK_ProduktLaunch26_META,SK_ProduktLaunch26_META_Feed,Feed_v1,2026-10-27,18-24,Female,1609,838.0,1.92,28,17,1.07,0.35,5.95,0.0,,Website purchases
SK_BrandAwareness_Leto26_META,SK_BrandAwareness_Leto26_META_Video,Video_v1,2026-06-18,18-24,Female,2005,1005.0,2.0,38,19,0.95,0.41,7.79,,,
SK_BrandAwareness_Leto26_META,SK_BrandAwareness_Leto26_META_Reels,Reels_v1,2026-06-03,55-64,Male,1575,1142.0,1.38,23,16,1.0,0.33,5.28,,,
SK_ProduktLaunch26_META,SK_ProduktLaunch26_META_Reels,Reels_v1,2026-09-02,45-54,Female,3574,2000.0,1.79,108,56,1.56,0.44,24.64,2.0,12.32,Website purchases
SK_ProduktLaunch26_META,SK_ProduktLaunch26_META_Reels,Reels_v1,2026-10-05,25-34,Male,4115,2039.0,2.02,190,86,2.09,0.33,28.38,3.0,9.46,Website purchases
SK_BrandAwareness_Leto26_META,SK_BrandAwareness_Leto26_META_Reels,Reels_v1,2026-06-10,18-24,Male,2353,1485.0,1.58,73,34,1.43,0.51,17.34,,,
SK_BrandAwareness_Leto26_META,SK_BrandAwareness_Leto26_META_Video_V2,Video_v1,2026-07-13,45-54,Male,3152,2090.0,1.51,78,43,1.35,0.6,25.8,,,
SK_BrandAwareness_Leto26_META,SK_BrandAwareness_Leto26_META_Reels,Reels_v1,2026-07-26,65+,Female,869,491.0,1.77,20,14,1.59,0.32,4.48,,,
SK_ProduktLaunch26_META,SK_ProduktLaunch26_META_Reels,Reels_v1,2026-10-19,25-34,Male,2693,1252.0,2.15,80,37,1.36,0.47,17.39,1.0,17.39,Website purchases
SK_ProduktLaunch26_META,SK_ProduktLaunch26_META_Feed,Feed_v1,2026-08-24,35-44,Male,1521,848.0,1.79,41,19,1.28,0.52,9.88,0.0,,Website purchases
SK_ProduktLaunch26_META,SK_ProduktLaunch26_META_Feed,Feed_v1,2026-08-16,25-34,Male,2612,1259.0,2.07,97,44,1.7,0.58,25.52,1.0,25.52,Website purchases
SK_ProduktLaunch26_META,SK_ProduktLaunch26_META_Feed,Feed_v1,2026-09-02,25-34,Male,2590,1424.0,1.82,96,45,1.75,0.41,18.45,1.0,18.45,Website purchases
SK_ProduktLaunch26_META,SK_ProduktLaunch26_META_Feed,Feed_v1,2026-09-28,18-24,Male,2667,1494.0,1.79,91,43,1.59,0.48,20.64,1.0,20.64,Website purchases
SK_ProduktLaunch26_META,SK_ProduktLaunch26_META_Stories,Stories_v1,2026-10-21,25-34,Female,2739,1738.0,1.58,137,60,2.18,0.48,28.8,2.0,14.4,Website purchases
SK_BrandAwareness_Leto26_META,SK_BrandAwareness_Leto26_META_Reels,Reels_v1,2026-08-04,18-24,Female,2990,1814.0,1.65,43,28,0.95,0.5,14.0,,,
SK_BrandAwareness_Leto26_META,SK_BrandAwareness_Leto26_META_Carousel,Carousel_v1,2026-07-09,25-34,Male,2675,1789.0,1.5,51,29,1.09,0.41,11.89,,,
SK_BrandAwareness_Leto26_META,SK_BrandAwareness_Leto26_META_Reels,Reels_v1,2026-08-01,45-54,Male,2287,1713.0,1.34,93,43,1.88,0.39,16.77,,,
SK_BrandAwareness_Leto26_META,SK_BrandAwareness_Leto26_META_Carousel,Carousel_v1,2026-06-09,55-64,Male,1761,1178.0,1.49,38,25,1.44,0.61,15.25,,,
SK_ProduktLaunch26_META,SK_ProduktLaunch26_META_Reels,Reels_v1,2026-10-02,65+,Female,1098,504.0,2.18,31,18,1.62,0.53,9.54,1.0,9.54,Website purchases
SK_ProduktLaunch26_META,SK_ProduktLaunch26_META_Feed,Feed_v1,2026-09-25,25-34,Male,2623,1285.0,2.04,92,52,1.99,0.54,28.08,1.0,28.08,Website purchases
SK_BrandAwareness_Leto26_META,SK_BrandAwareness_Leto26_META_Carousel,Carousel_v1,2026-07-26,65+,Female,824,580.0,1.42,20,10,1.22,0.69,6.9,,,
SK_BrandAwareness_Leto26_META,SK_BrandAwareness_Leto26_META_Carousel,Carousel_v1,2026-07-01,18-24,Male,1296,611.0,2.12,46,20,1.53,0.53,10.6,,,
SK_ProduktLaunch26_META,SK_ProduktLaunch26_META_Stories,Stories_v1,2026-10-13,18-24,Female,1215,773.0,1.57,38,25,2.06,0.42,10.5,1.0,10.5,Website purchases
SK_BrandAwareness_Leto26_META,SK_BrandAwareness_Leto26_META_Video,Video_v1,2026-06-30,25-34,Male,3849,2820.0,1.36,71,44,1.15,0.61,26.84,,,
SK_ProduktLaunch26_META,SK_ProduktLaunch26_META_Stories,Stories_v1,2026-08-15,25-34,Male,2257,1512.0,1.49,66,43,1.89,0.53,22.79,1.0,22.79,Website purchases
SK_BrandAwareness_Leto26_META,SK_BrandAwareness_Leto26_META_Carousel,Carousel_v1,2026-06-04,25-34,Female,2319,1272.0,1.82,90,43,1.87,0.45,19.35,,,
SK_BrandAwareness_Leto26_META,SK_BrandAwareness_Leto26_META_Video_V2,Video_v1,2026-07-16,35-44,Female,2548,1656.0,1.54,92,45,1.77,0.63,28.35,,,
SK_ProduktLaunch26_META,SK_ProduktLaunch26_META_Stories,Stories_v1,2026-10-17,45-54,Female,1516,893.0,1.7,63,31,2.02,0.35,10.85,1.0,10.85,Website purchases
SK_ProduktLaunch26_META,SK_ProduktLaunch26_META_Reels,Reels_v1,2026-10-24,55-64,Female,1377,768.0,1.79,36,20,1.46,0.52,10.4,1.0,10.4,Website purchases
SK_ProduktLaunch26_META,SK_ProduktLaunch26_META_Stories,Stories_v1,2026-10-02,45-54,Female,1624,816.0,1.99,51,33,2.06,0.42,13.86,1.0,13.86,Website purchases
SK_BrandAwareness_Leto26_META,SK_BrandAwareness_Leto26_META_Carousel,Carousel_v1,2026-06-12,35-44,Female,1468,983.0,1.49,26,18,1.26,0.57,10.26,,,
SK_ProduktLaunch26_META,SK_ProduktLaunch26_META_Stories,Stories_v1,2026-09-07,18-24,Female,864,493.0,1.75,19,10,1.17,0.35,3.5,0.0,,Website purchases
SK_BrandAwareness_Leto26_META,SK_BrandAwareness_Leto26_META_Reels,Reels_v1,2026-06-10,55-64,Female,2403,1106.0,2.17,90,46,1.91,0.32,14.72,,,
SK_BrandAwareness_Leto26_META,SK_BrandAwareness_Leto26_META_Video,Video_v1,2026-06-13,55-64,Female,2329,1282.0,1.82,74,35,1.52,0.63,22.05,,,
SK_BrandAwareness_Leto26_META,SK_BrandAwareness_Leto26_META_Video,Video_v1,2026-06-11,25-34,Male,2107,1333.0,1.58,46,21,0.99,0.46,9.66,,,
SK_BrandAwareness_Leto26_META,SK_BrandAwareness_Leto26_META_Reels,Reels_v1,2026-07-30,25-34,Female,4224,3235.0,1.31,118,79,1.87,0.38,30.02,,,
SK_BrandAwareness_Leto26_META,SK_BrandAwareness_Leto26_META_Carousel,Carousel_v1,2026-07-01,25-34,Male,2354,1803.0,1.31,109,48,2.05,0.53,25.44,,,
SK_ProduktLaunch26_META,SK_ProduktLaunch26_META_Stories,Stories_v1,2026-09-15,55-64,Female,1270,801.0,1.59,61,29,2.29,0.45,13.05,1.0,13.05,Website purchases
SK_BrandAwareness_Leto26_META,SK_BrandAwareness_Leto26_META_Reels,Reels_v1,2026-06-04,35-44,Female,3227,,,63,40,1.23,0.42,16.8,,,
SK_ProduktLaunch26_META,SK_ProduktLaunch26_META_Feed,Feed_v1,2026-09-02,55-64,Male,2279,1082.0,2.11,85,38,1.67,0.57,21.66,1.0,21.66,Website purchases
SK_ProduktLaunch26_META,SK_ProduktLaunch26_META_Feed,Feed_v1,2026-09-21,35-44,Male,1825,1142.0,1.6,56,36,1.96,0.44,15.84,1.0,15.84,Website purchases
SK_BrandAwareness_Leto26_META,SK_BrandAwareness_Leto26_META_Carousel,Carousel_v1,2026-07-24,45-54,Female,1228,720.0,1.71,33,15,1.24,0.47,7.05,,,
SK_ProduktLaunch26_META,SK_ProduktLaunch26_META_Stories,Stories_v1,2026-08-30,25-34,Male,1968,1088.0,1.81,60,34,1.73,0.39,13.26,1.0,13.26,Website purchases
SK_BrandAwareness_Leto26_META,SK_BrandAwareness_Leto26_META_Reels,Reels_v1,2026-06-09,55-64,Male,2457,1590.0,1.55,56,29,1.19,0.49,14.21,,,
SK_BrandAwareness_Leto26_META,SK_BrandAwareness_Leto26_META_Carousel,Carousel_v1,2026-07-02,18-24,Female,979,532.0,1.84,27,14,1.41,0.47,6.58,,,
SK_BrandAwareness_Leto26_META,SK_BrandAwareness_Leto26_META_Carousel,Carousel_v1,2026-06-04,65+,Male,1031,659.0,1.56,35,19,1.88,0.4,7.6,,,
SK_ProduktLaunch26_META,SK_ProduktLaunch26_META_Stories,Stories_v1,2026-10-02,55-64,Male,1883,1399.0,1.35,76,38,2.02,0.35,13.3,1.0,13.3,Website purchases
SK_BrandAwareness_Leto26_META,SK_BrandAwareness_Leto26_META_Carousel,Carousel_v1,2026-06-16,25-34,Male,2899,1393.0,2.08,102,62,2.15,0.56,34.72,,,
SK_ProduktLaunch26_META,SK_ProduktLaunch26_META_Reels,Reels_v1,2026-10-14,55-64,Female,2240,1097.0,2.04,82,37,1.64,0.39,14.43,1.0,14.43,Website purchases
SK_BrandAwareness_Leto26_META,SK_BrandAwareness_Leto26_META_Video,Video_v1,2026-06-17,35-44,Female,1876,1316.0,1.43,32,16,0.85,0.4,6.4,,,
SK_ProduktLaunch26_META,SK_ProduktLaunch26_META_Reels,Reels_v1,2026-10-02,25-34,Male,4769,2962.0,1.61,174,83,1.75,0.33,27.39,2.0,13.7,Website purchases
SK_BrandAwareness_Leto26_META,SK_BrandAwareness_Leto26_META_Video,Video_v1,2026-06-13,45-54,Male,2924,1733.0,1.69,63,43,1.46,0.49,21.07,,,
SK_ProduktLaunch26_META,SK_ProduktLaunch26_META_Reels,Reels_v1,2026-08-18,25-34,Male,4492,,,175,78,1.74,0.39,30.42,2.0,15.21,Website purchases
SK_BrandAwareness_Leto26_META,SK_BrandAwareness_Leto26_META_Video,Video_v1,2026-06-16,18-24,Male,2645,1275.0,2.07,87,39,1.48,0.39,15.21,,,
SK_ProduktLaunch26_META,SK_ProduktLaunch26_META_Stories,Stories_v1,2026-10-06,45-54,Female,1360,648.0,2.1,47,22,1.61,0.38,8.36,1.0,8.36,Website purchases
SK_BrandAwareness_Leto26_META,SK_BrandAwareness_Leto26_META_Reels,Reels_v1,2026-06-01,35-44,Male,3732,1965.0,1.9,85,41,1.1,0.32,13.12,,,
SK_ProduktLaunch26_META,SK_ProduktLaunch26_META_Feed,Feed_v1,2026-10-19,18-24,Female,2062,1002.0,2.06,61,38,1.82,0.36,13.68,1.0,13.68,Website purchases
SK_BrandAwareness_Leto26_META,SK_BrandAwareness_Leto26_META_Reels,Reels_v1,2026-08-14,65+,Male,1601,899.0,1.78,64,31,1.95,0.52,16.12,,,
SK_BrandAwareness_Leto26_META,SK_BrandAwareness_Leto26_META_Video,Video_v1,2026-06-22,35-44,Female,2857,1599.0,1.79,60,35,1.24,0.6,21.0,,,
SK_BrandAwareness_Leto26_META,SK_BrandAwareness_Leto26_META_Video,Video_v1,2026-07-03,55-64,Male,1598,1008.0,1.59,36,16,0.99,0.5,8.0,,,
SK_ProduktLaunch26_META,SK_ProduktLaunch26_META_Reels,Reels_v1,2026-09-16,55-64,Female,2366,1637.0,1.45,80,35,1.48,0.47,16.45,1.0,16.45,Website purchases
SK_ProduktLaunch26_META,SK_ProduktLaunch26_META_Reels,Reels_v1,2026-09-09,35-44,Female,1921,1281.0,1.5,71,39,2.02,0.33,12.87,1.0,12.87,Website purchases
SK_BrandAwareness_Leto26_META,SK_BrandAwareness_Leto26_META_Carousel,Carousel_v1,2026-07-21,35-44,Female,2509,1353.0,1.85,48,28,1.12,0.62,17.36,,,
SK_BrandAwareness_Leto26_META,SK_BrandAwareness_Leto26_META_Video_V2,Video_v1,2026-07-10,45-54,Male,2101,1165.0,1.8,39,20,0.94,0.39,7.8,,,
SK_ProduktLaunch26_META,SK_ProduktLaunch26_META_Feed,Feed_v1,2026-10-05,25-34,Male,3524,2486.0,1.42,107,55,1.57,0.4,22.0,1.0,22.0,Website purchases
SK_ProduktLaunch26_META,SK_ProduktLaunch26_META_Feed,Feed_v1,2026-10-10,25-34,Male,3793,1826.0,2.08,73,51,1.36,0.43,21.93,1.0,21.93,Website purchases
SK_ProduktLaunch26_META,SK_ProduktLaunch26_META_Reels,Reels_v1,2026-10-13,18-24,Female,1773,1166.0,1.52,93,42,2.4,0.54,22.68,1.0,22.68,Website purchases
SK_BrandAwareness_Leto26_META,SK_BrandAwareness_Leto26_META_Video_V2,Video_v1,2026-07-28,25-34,Male,4742,2835.0,1.67,159,75,1.59,0.55,41.25,,,
SK_BrandAwareness_Leto26_META,SK_BrandAwareness_Leto26_META_Carousel,Carousel_v1,2026-08-01,18-24,Female,1527,964.0,1.58,39,25,1.63,0.58,14.5,,,
SK_BrandAwareness_Leto26_META,SK_BrandAwareness_Leto26_META_Reels,Reels_v1,2026-07-16,35-44,Female,4248,2938.0,1.45,128,78,1.83,0.35,27.3,,,
SK_BrandAwareness_Leto26_META,SK_BrandAwareness_Leto26_META_Reels,Reels_v1,2026-08-04,35-44,Male,4000,2128.0,1.88,123,75,1.87,0.33,24.75,,,
SK_BrandAwareness_Leto26_META,SK_BrandAwareness_Leto26_META_Carousel,Carousel_v1,2026-08-14,18-24,Female,1845,895.0,2.06,41,19,1.05,0.57,10.83,,,
SK_BrandAwareness_Leto26_META,SK_BrandAwareness_Leto26_META_Video_V2,Video_v1,2026-08-03,35-44,Female,2093,1319.0,1.59,37,17,0.81,0.37,6.29,,,
SK_BrandAwareness_Leto26_META,SK_BrandAwareness_Leto26_META_Reels,Reels_v1,2026-06-14,65+,Male,1722,936.0,1.84,54,31,1.79,0.39,12.09,,,
SK_ProduktLaunch26_META,SK_ProduktLaunch26_META_Stories,Stories_v1,2026-10-22,55-64,Male,1681,983.0,1.71,41,19,1.15,0.57,10.83,1.0,10.83,Website purchases
SK_BrandAwareness_Leto26_META,SK_BrandAwareness_Leto26_META_Reels,Reels_v1,2026-06-30,55-64,Female,1660,775.0,2.14,37,17,1.01,0.42,7.14,,,
SK_BrandAwareness_Leto26_META,SK_BrandAwareness_Leto26_META_Carousel,Carousel_v1,2026-08-03,45-54,Female,1800,1009.0,1.78,56,36,2.01,0.54,19.44,,,
SK_ProduktLaunch26_META,SK_ProduktLaunch26_META_Stories,Stories_v1,2026-10-21,25-34,Male,2537,1918.0,1.32,86,39,1.54,0.32,12.48,1.0,12.48,Website purchases
SK_BrandAwareness_Leto26_META,SK_BrandAwareness_Leto26_META_Reels,Reels_v1,2026-08-05,65+,Male,2020,928.0,2.18,48,22,1.11,0.54,11.88,,,
SK_ProduktLaunch26_META,SK_ProduktLaunch26_META_Feed,Feed_v1,2026-08-30,65+,Female,666,453.0,1.47,10,7,1.1,0.42,2.94,0.0,,Website purchases
SK_ProduktLaunch26_META,SK_ProduktLaunch26_META_Reels,Reels_v1,2026-10-10,35-44,Female,4140,2589.0,1.6,178,98,2.36,0.45,44.1,3.0,14.7,Website purchases
SK_BrandAwareness_Leto26_META,SK_BrandAwareness_Leto26_META_Video_V2,Video_v1,2026-07-25,18-24,Female,2590,1401.0,1.85,60,31,1.2,0.52,16.12,,,
SK_ProduktLaunch26_META,SK_ProduktLaunch26_META_Stories,Stories_v1,2026-09-20,25-34,Female,2285,1689.0,1.35,54,25,1.12,0.37,9.25,1.0,9.25,Website purchases
SK_ProduktLaunch26_META,SK_ProduktLaunch26_META_Feed,Feed_v1,2026-08-24,45-54,Female,1935,1009.0,1.92,74,33,1.72,0.6,19.8,1.0,19.8,Website purchases
SK_ProduktLaunch26_META,SK_ProduktLaunch26_META_Stories,Stories_v1,2026-10-16,25-34,Female,1850,1409.0,1.31,61,39,2.1,0.37,14.43,1.0,14.43,Website purchases
SK_BrandAwareness_Leto26_META,SK_BrandAwareness_Leto26_META_Carousel,Carousel_v1,2026-06-12,25-34,Male,1996,1252.0,1.59,75,33,1.64,0.48,15.84,,,
SK_BrandAwareness_Leto26_META,SK_BrandAwareness_Leto26_META_Video_V2,Video_v1,2026-08-01,18-24,Male,2252,1256.0,1.79,50,31,1.36,0.54,16.74,,,
SK_BrandAwareness_Leto26_META,SK_BrandAwareness_Leto26_META_Video_V2,Video_v1,2026-07-28,18-24,Male,3076,2116.0,1.45,53,35,1.13,0.51,17.85,,,
SK_ProduktLaunch26_META,SK_ProduktLaunch26_META_Feed,Feed_v1,2026-09-04,35-44,Male,3018,1768.0,1.71,80,55,1.83,0.44,24.2,1.0,24.2,Website purchases
SK_ProduktLaunch26_META,SK_ProduktLaunch26_META_Feed,Feed_v1,2026-10-06,65+,Female,979,526.0,1.86,33,18,1.89,0.44,7.92,0.0,,Website purchases
SK_ProduktLaunch26_META,SK_ProduktLaunch26_META_Feed,Feed_v1,2026-10-13,65+,Female,817,418.0,1.95,16,8,1.02,0.4,3.2,0.0,,Website purchases
SK_BrandAwareness_Leto26_META,SK_BrandAwareness_Leto26_META_Reels,Reels_v1,2026-06-27,65+,Female,1823,1170.0,1.56,50,34,1.85,0.51,17.34,,,
SK_BrandAwareness_Leto26_META,SK_BrandAwareness_Leto26_META_Reels,Reels_v1,2026-06-07,55-64,Female,2706,1258.0,2.15,46,25,0.94,0.55,13.75,,,
SK_ProduktLaunch26_META,SK_ProduktLaunch26_META_Feed,Feed_v1,2026-08-17,18-24,Male,1169,871.0,1.34,37,19,1.65,0.57,10.83,0.0,,Website purchases
SK_ProduktLaunch26_META,SK_ProduktLaunch26_META_Reels,Reels_v1,2026-09-03,25-34,Male,4918,2376.0,2.07,129,80,1.63,0.38,30.4,2.0,15.2,Website purchases
SK_BrandAwareness_Leto26_META,SK_BrandAwareness_Leto26_META_Reels,Reels_v1,2026-06-03,18-24,Male,3278,2131.0,1.54,96,43,1.31,0.34,14.62,,,
SK_ProduktLaunch26_META,SK_ProduktLaunch26_META_Feed,Feed_v1,2026-10-01,18-24,Male,2083,1149.0,1.81,82,40,1.9,0.45,18.0,1.0,18.0,Website purchases
SK_BrandAwareness_Leto26_META,SK_BrandAwareness_Leto26_META_Video_V2,Video_v1,2026-07-24,45-54,Female,2577,1629.0,1.58,67,38,1.49,0.46,17.48,,,
SK_ProduktLaunch26_META,SK_ProduktLaunch26_META_Reels,Reels_v1,2026-10-10,55-64,Male,2235,1568.0,1.43,50,31,1.39,0.37,11.47,1.0,11.47,Website purchases
SK_ProduktLaunch26_META,SK_ProduktLaunch26_META_Stories,Stories_v1,2026-08-30,35-44,Male,2093,1072.0,1.95,54,35,1.67,0.33,11.55,1.0,11.55,Website purchases
SK_ProduktLaunch26_META,SK_ProduktLaunch26_META_Reels,Reels_v1,2026-09-18,18-24,Female,2460,1873.0,1.31,49,30,1.2,0.46,13.8,1.0,13.8,Website purchases
SK_ProduktLaunch26_META,SK_ProduktLaunch26_META_Feed,Feed_v1,2026-09-10,45-54,Female,2335,1134.0,2.06,57,32,1.37,0.38,12.16,1.0,12.16,Website purchases
SK_ProduktLaunch26_META,SK_ProduktLaunch26_META_Reels,Reels_v1,2026-10-27,25-34,Female,4511,2686.0,1.68,187,97,2.14,0.52,50.44,3.0,16.81,Website purchases
SK_BrandAwareness_Leto26_META,SK_BrandAwareness_Leto26_META_Carousel,Carousel_v1,2026-07-25,25-34,Male,2596,1294.0,2.01,81,47,1.8,0.55,25.85,,,
SK_BrandAwareness_Leto26_META,SK_BrandAwareness_Leto26_META_Carousel,Carousel_v1,2026-07-29,18-24,Female,1562,930.0,1.68,25,16,1.02,0.57,9.12,,,
SK_ProduktLaunch26_META,SK_ProduktLaunch26_META_Reels,Reels_v1,2026-10-08,55-64,Female,2786,1897.0,1.47,75,47,1.67,0.46,21.62,1.0,21.62,Website purchases
SK_ProduktLaunch26_META,SK_ProduktLaunch26_META_Feed,Feed_v1,2026-09-10,55-64,Female,1513,913.0,1.66,47,27,1.82,0.49,13.23,1.0,13.23,Website purchases
SK_BrandAwareness_Leto26_META,SK_BrandAwareness_Leto26_META_Carousel,Carousel_v1,2026-08-08,18-24,Female,1411,949.0,1.49,32,18,1.3,0.68,12.24,,,
SK_ProduktLaunch26_META,SK_ProduktLaunch26_META_Reels,Reels_v1,2026-08-19,55-64,Male,1356,862.0,1.57,66,30,2.18,0.52,15.6,1.0,15.6,Website purchases
SK_ProduktLaunch26_META,SK_ProduktLaunch26_META_Feed,Feed_v1,2026-08-20,45-54,Female,2014,1131.0,1.78,31,21,1.06,0.44,9.24,1.0,9.24,Website purchases
SK_ProduktLaunch26_META,SK_ProduktLaunch26_META_Stories,Stories_v1,2026-10-13,55-64,Female,1554,1120.0,1.39,53,34,2.19,0.47,15.98,1.0,15.98,Website purchases
SK_ProduktLaunch26_META,SK_ProduktLaunch26_META_Stories,Stories_v1,2026-09-27,55-64,Male,1293,947.0,1.37,30,19,1.47,0.51,9.69,1.0,9.69,Website purchases
SK_ProduktLaunch26_META,SK_ProduktLaunch26_META_Stories,Stories_v1,2026-09-16,65+,Female,1026,519.0,1.98,22,11,1.12,0.44,4.84,0.0,,Website purchases
SK_BrandAwareness_Leto26_META,SK_BrandAwareness_Leto26_META_Reels,Reels_v1,2026-07-24,45-54,Female,3357,2237.0,1.5,98,58,1.74,0.38,22.04,,,
SK_BrandAwareness_Leto26_META,SK_BrandAwareness_Leto26_META_Video_V2,Video_v1,2026-08-09,65+,Female,1124,618.0,1.82,42,19,1.7,0.45,8.55,,,
SK_BrandAwareness_Leto26_META,SK_BrandAwareness_Leto26_META_Carousel,Carousel_v1,2026-07-30,35-44,Female,2528,1202.0,2.1,97,43,1.7,0.46,19.78,,,
SK_ProduktLaunch26_META,SK_ProduktLaunch26_META_Feed,Feed_v1,2026-09-06,35-44,Female,2130,1052.0,2.02,73,37,1.76,0.55,20.35,1.0,20.35,Website purchases
SK_BrandAwareness_Leto26_META,SK_BrandAwareness_Leto26_META_Video,Video_v1,2026-06-01,65+,Male,1103,567.0,1.95,27,12,1.08,0.52,6.24,,,
SK_BrandAwareness_Leto26_META,SK_BrandAwareness_Leto26_META_Video,Video_v1,2026-06-14,55-64,Female,1948,1256.0,1.55,48,34,1.74,0.51,17.34,,,
SK_ProduktLaunch26_META,SK_ProduktLaunch26_META_Stories,Stories_v1,2026-08-27,45-54,Female,1479,775.0,1.91,48,26,1.76,0.37,9.62,1.0,9.62,Website purchases
SK_ProduktLaunch26_META,SK_ProduktLaunch26_META_Stories,Stories_v1,2026-10-23,55-64,Female,1087,768.0,1.42,50,23,2.16,0.33,7.59,1.0,7.59,Website purchases
SK_ProduktLaunch26_META,SK_ProduktLaunch26_META_Stories,Stories_v1,2026-10-02,65+,Female,1016,608.0,1.67,34,15,1.47,0.53,7.95,0.0,,Website purchases
SK_ProduktLaunch26_META,SK_ProduktLaunch26_META_Feed,Feed_v1,2026-10-04,65+,Female,1011,563.0,1.8,30,14,1.38,0.48,6.72,0.0,,Website purchases
SK_ProduktLaunch26_META,SK_ProduktLaunch26_META_Stories,Stories_v1,2026-09-07,25-34,Male,2993,2019.0,1.48,88,48,1.61,0.39,18.72,1.0,18.72,Website purchases
SK_ProduktLaunch26_META,SK_ProduktLaunch26_META_Feed,Feed_v1,2026-10-21,25-34,Male,3637,1857.0,1.96,157,73,1.99,0.55,40.15,2.0,20.07,Website purchases
SK_ProduktLaunch26_META,SK_ProduktLaunch26_META_Stories,Stories_v1,2026-10-23,65+,Male,894,574.0,1.56,31,17,1.87,0.47,7.99,0.0,,Website purchases
SK_ProduktLaunch26_META,SK_ProduktLaunch26_META_Stories,Stories_v1,2026-08-20,65+,Female,1063,662.0,1.61,36,20,1.87,0.48,9.6,1.0,9.6,Website purchases
SK_ProduktLaunch26_META,SK_ProduktLaunch26_META_Reels,Reels_v1,2026-10-11,18-24,Female,1758,1320.0,1.33,46,26,1.48,0.43,11.18,1.0,11.18,Website purchases
SK_ProduktLaunch26_META,SK_ProduktLaunch26_META_Feed,Feed_v1,2026-10-13,45-54,Male,1700,788.0,2.16,47,23,1.37,0.52,11.96,1.0,11.96,Website purchases
SK_BrandAwareness_Leto26_META,SK_BrandAwareness_Leto26_META_Video,Video_v1,2026-06-18,45-54,Female,2181,1310.0,1.66,48,26,1.18,0.47,12.22,,,
SK_BrandAwareness_Leto26_META,SK_BrandAwareness_Leto26_META_Reels,Reels_v1,2026-08-13,45-54,Male,1940,935.0,2.07,55,31,1.62,0.35,10.85,,,
SK_BrandAwareness_Leto26_META,SK_BrandAwareness_Leto26_META_Carousel,Carousel_v1,2026-08-03,65+,Male,572,349.0,1.64,21,10,1.82,0.43,4.3,,,
SK_ProduktLaunch26_META,SK_ProduktLaunch26_META_Feed,Feed_v1,2026-09-15,45-54,Male,1421,729.0,1.95,30,18,1.26,0.4,7.2,0.0,,Website purchases
SK_ProduktLaunch26_META,SK_ProduktLaunch26_META_Stories,Stories_v1,2026-09-27,55-64,Female,1226,775.0,1.58,43,22,1.8,0.39,8.58,1.0,8.58,Website purchases
SK_ProduktLaunch26_META,SK_ProduktLaunch26_META_Reels,Reels_v1,2026-09-19,45-54,Male,2202,1153.0,1.91,65,42,1.91,0.45,18.9,1.0,18.9,Website purchases
SK_BrandAwareness_Leto26_META,SK_BrandAwareness_Leto26_META_Carousel,Carousel_v1,2026-07-25,45-54,Female,1908,1054.0,1.81,50,29,1.51,0.53,15.37,,,
SK_ProduktLaunch26_META,SK_ProduktLaunch26_META_Stories,Stories_v1,2026-08-18,18-24,Male,2069,1064.0,1.94,54,37,1.77,0.44,16.28,1.0,16.28,Website purchases
SK_ProduktLaunch26_META,SK_ProduktLaunch26_META_Stories,Stories_v1,2026-09-04,35-44,Male,1430,697.0,2.05,34,17,1.17,0.33,5.61,0.0,,Website purchases
SK_BrandAwareness_Leto26_META,SK_BrandAwareness_Leto26_META_Carousel,Carousel_v1,2026-07-28,65+,Male,1112,570.0,1.95,23,14,1.28,0.65,9.1,,,
SK_ProduktLaunch26_META,SK_ProduktLaunch26_META_Feed,Feed_v1,2026-08-28,25-34,Female,2342,1328.0,1.76,48,29,1.23,0.49,14.21,1.0,14.21,Website purchases
SK_ProduktLaunch26_META,SK_ProduktLaunch26_META_Reels,Reels_v1,2026-10-11,65+,Male,1765,1209.0,1.46,62,28,1.56,0.42,11.76,1.0,11.76,Website purchases
SK_BrandAwareness_Leto26_META,SK_BrandAwareness_Leto26_META_Carousel,Carousel_v1,2026-07-08,55-64,Female,859,527.0,1.63,30,17,1.98,0.46,7.82,,,
SK_BrandAwareness_Leto26_META,SK_BrandAwareness_Leto26_META_Reels,Reels_v1,2026-06-10,45-54,Female,2287,1611.0,1.42,61,29,1.27,0.35,10.15,,,
SK_BrandAwareness_Leto26_META,SK_BrandAwareness_Leto26_META_Carousel,Carousel_v1,2026-07-22,35-44,Male,1904,1253.0,1.52,83,37,1.93,0.57,21.09,,,
SK_BrandAwareness_Leto26_META,SK_BrandAwareness_Leto26_META_Reels,Reels_v1,2026-06-12,18-24,Female,3390,1841.0,1.84,59,39,1.16,0.46,17.94,,,
SK_ProduktLaunch26_META,SK_ProduktLaunch26_META_Stories,Stories_v1,2026-10-02,18-24,Female,1553,718.0,2.16,69,33,2.14,0.56,18.48,1.0,18.48,Website purchases
SK_BrandAwareness_Leto26_META,SK_BrandAwareness_Leto26_META_Reels,Reels_v1,2026-07-03,65+,Female,903,446.0,2.02,23,13,1.43,0.3,3.9,,,
SK_ProduktLaunch26_META,SK_ProduktLaunch26_META_Reels,Reels_v1,2026-09-09,18-24,Female,2305,1219.0,1.89,86,54,2.35,0.37,19.98,2.0,9.99,Website purchases
SK_BrandAwareness_Leto26_META,SK_BrandAwareness_Leto26_META_Reels,Reels_v1,2026-06-30,45-54,Male,3004,1993.0,1.51,116,56,1.86,0.51,28.56,,,
SK_BrandAwareness_Leto26_META,SK_BrandAwareness_Leto26_META_Video_V2,Video_v1,2026-07-18,18-24,Female,2580,1352.0,1.91,57,31,1.2,0.54,16.74,,,
SK_ProduktLaunch26_META,SK_ProduktLaunch26_META_Stories,Stories_v1,2026-10-02,35-44,Female,2441,1180.0,2.07,54,37,1.53,0.43,15.91,1.0,15.91,Website purchases
SK_ProduktLaunch26_META,SK_ProduktLaunch26_META_Stories,Stories_v1,2026-10-27,25-34,Male,1384,1042.0,1.33,31,16,1.19,0.45,7.2,0.0,,Website purchases
SK_BrandAwareness_Leto26_META,SK_BrandAwareness_Leto26_META_Video,Video_v1,2026-06-20,25-34,Male,4347,3241.0,1.34,76,40,0.92,0.48,19.2,,,
SK_ProduktLaunch26_META,SK_ProduktLaunch26_META_Feed,Feed_v1,2026-08-30,55-64,Male,1048,514.0,2.04,29,13,1.19,0.42,5.46,0.0,,Website purchases
SK_BrandAwareness_Leto26_META,SK_BrandAwareness_Leto26_META_Reels,Reels_v1,2026-07-03,65+,Male,1760,1058.0,1.66,53,23,1.33,0.35,8.05,,,
SK_ProduktLaunch26_META,SK_ProduktLaunch26_META_Feed,Feed_v1,2026-09-29,35-44,Male,2917,1335.0,2.19,121,56,1.94,0.43,24.08,1.0,24.08,Website purchases
SK_BrandAwareness_Leto26_META,SK_BrandAwareness_Leto26_META_Carousel,Carousel_v1,2026-06-10,65+,Female,768,528.0,1.45,15,10,1.33,0.47,4.7,,,
SK_BrandAwareness_Leto26_META,SK_BrandAwareness_Leto26_META_Carousel,Carousel_v1,2026-07-23,35-44,Male,2107,966.0,2.18,65,40,1.9,0.49,19.6,,,
SK_BrandAwareness_Leto26_META,SK_BrandAwareness_Leto26_META_Video,Video_v1,2026-06-05,35-44,Male,3947,1813.0,2.18,90,63,1.59,0.53,33.39,,,
SK_BrandAwareness_Leto26_META,SK_BrandAwareness_Leto26_META_Video_V2,Video_v1,2026-07-20,65+,Male,1316,983.0,1.34,31,18,1.37,0.53,9.54,,,
SK_BrandAwareness_Leto26_META,SK_BrandAwareness_Leto26_META_Carousel,Carousel_v1,2026-08-11,25-34,Female,1483,725.0,2.05,26,18,1.23,0.53,9.54,,,
SK_ProduktLaunch26_META,SK_ProduktLaunch26_META_Stories,Stories_v1,2026-09-17,55-64,Male,1849,985.0,1.88,47,29,1.58,0.42,12.18,1.0,12.18,Website purchases
SK_BrandAwareness_Leto26_META,SK_BrandAwareness_Leto26_META_Reels,Reels_v1,2026-06-25,45-54,Female,3070,1512.0,2.03,101,61,1.97,0.33,20.13,,,
SK_ProduktLaunch26_META,SK_ProduktLaunch26_META_Feed,Feed_v1,2026-08-28,25-34,Male,2893,1771.0,1.63,82,39,1.36,0.39,15.21,1.0,15.21,Website purchases
SK_ProduktLaunch26_META,SK_ProduktLaunch26_META_Reels,Reels_v1,2026-10-10,18-24,Female,3407,2476.0,1.38,136,74,2.18,0.38,28.12,2.0,14.06,Website purchases
SK_BrandAwareness_Leto26_META,SK_BrandAwareness_Leto26_META_Video,Video_v1,2026-07-04,25-34,Female,3143,1543.0,2.04,85,39,1.23,0.38,14.82,,,
SK_ProduktLaunch26_META,SK_ProduktLaunch26_META_Stories,Stories_v1,2026-09-04,45-54,Female,1329,916.0,1.45,37,25,1.88,0.57,14.25,1.0,14.25,Website purchases
SK_ProduktLaunch26_META,SK_ProduktLaunch26_META_Reels,Reels_v1,2026-09-01,25-34,Male,3003,1757.0,1.71,75,45,1.51,0.33,14.85,1.0,14.85,Website purchases
SK_BrandAwareness_Leto26_META,SK_BrandAwareness_Leto26_META_Video_V2,Video_v1,2026-07-10,18-24,Male,1578,856.0,1.84,51,28,1.78,0.47,13.16,,,
SK_BrandAwareness_Leto26_META,SK_BrandAwareness_Leto26_META_Carousel,Carousel_v1,2026-06-10,35-44,Female,1115,787.0,1.42,31,14,1.24,0.64,8.96,,,
SK_ProduktLaunch26_META,SK_ProduktLaunch26_META_Feed,Feed_v1,2026-08-20,55-64,Female,1288,607.0,2.12,22,14,1.09,0.37,5.18,0.0,,Website purchases
SK_ProduktLaunch26_META,SK_ProduktLaunch26_META_Feed,Feed_v1,2026-09-25,35-44,Male,2707,1507.0,1.8,82,36,1.32,0.56,20.16,1.0,20.16,Website purchases
SK_BrandAwareness_Leto26_META,SK_BrandAwareness_Leto26_META_Video,Video_v1,2026-06-29,65+,Female,1607,867.0,1.85,25,15,0.93,0.55,8.25,,,
SK_BrandAwareness_Leto26_META,SK_BrandAwareness_Leto26_META_Reels,Reels_v1,2026-07-15,18-24,Male,2734,1917.0,1.43,71,43,1.59,0.41,17.63,,,
SK_BrandAwareness_Leto26_META,SK_BrandAwareness_Leto26_META_Carousel,Carousel_v1,2026-06-08,45-54,Male,1881,978.0,1.92,44,28,1.51,0.68,19.04,,,
SK_ProduktLaunch26_META,SK_ProduktLaunch26_META_Stories,Stories_v1,2026-10-05,35-44,Male,1988,1169.0,1.7,64,37,1.87,0.48,17.76,1.0,17.76,Website purchases
SK_BrandAwareness_Leto26_META,SK_BrandAwareness_Leto26_META_Carousel,Carousel_v1,2026-07-19,45-54,Female,1552,758.0,2.05,39,24,1.58,0.67,16.08,,,
SK_BrandAwareness_Leto26_META,SK_BrandAwareness_Leto26_META_Video_V2,Video_v1,2026-07-30,45-54,Female,1897,1348.0,1.41,34,18,0.96,0.62,11.16,,,
SK_BrandAwareness_Leto26_META,SK_BrandAwareness_Leto26_META_Video,Video_v1,2026-06-01,55-64,Female,1913,960.0,1.99,40,20,1.04,0.52,10.4,,,
SK_ProduktLaunch26_META,SK_ProduktLaunch26_META_Reels,Reels_v1,2026-08-22,35-44,Male,2738,1425.0,1.92,86,53,1.93,0.47,24.91,2.0,12.46,Website purchases
SK_BrandAwareness_Leto26_META,SK_BrandAwareness_Leto26_META_Carousel,Carousel_v1,2026-08-04,18-24,Male,1105,635.0,1.74,20,12,1.05,0.58,6.96,,,
SK_ProduktLaunch26_META,SK_ProduktLaunch26_META_Reels,Reels_v1,2026-10-26,25-34,Male,3030,1746.0,1.74,153,73,2.4,0.5,36.5,2.0,18.25,Website purchases
SK_ProduktLaunch26_META,SK_ProduktLaunch26_META_Feed,Feed_v1,2026-09-12,45-54,Male,1783,823.0,2.17,47,28,1.55,0.46,12.88,1.0,12.88,Website purchases
SK_BrandAwareness_Leto26_META,SK_BrandAwareness_Leto26_META_Video,Video_v1,2026-06-24,55-64,Female,2451,1370.0,1.79,62,38,1.56,0.41,15.58,,,
SK_BrandAwareness_Leto26_META,SK_BrandAwareness_Leto26_META_Reels,Reels_v1,2026-08-05,55-64,Female,2108,1409.0,1.5,46,23,1.07,0.46,10.58,,,
SK_ProduktLaunch26_META,SK_ProduktLaunch26_META_Reels,Reels_v1,2026-08-22,35-44,Female,3952,2045.0,1.93,80,54,1.37,0.49,26.46,2.0,13.23,Website purchases
SK_BrandAwareness_Leto26_META,SK_BrandAwareness_Leto26_META_Video_V2,Video_v1,2026-07-08,18-24,Male,2343,1635.0,1.43,47,32,1.36,0.38,12.16,,,
SK_BrandAwareness_Leto26_META,SK_BrandAwareness_Leto26_META_Reels,Reels_v1,2026-07-20,25-34,Female,3386,2342.0,1.45,84,46,1.36,0.46,21.16,,,
SK_BrandAwareness_Leto26_META,SK_BrandAwareness_Leto26_META_Reels,Reels_v1,2026-06-07,25-34,Female,3829,2435.0,1.57,106,60,1.57,0.51,30.6,,,
SK_BrandAwareness_Leto26_META,SK_BrandAwareness_Leto26_META_Video_V2,Video_v1,2026-08-09,25-34,Male,3383,2534.0,1.34,114,55,1.61,0.45,24.75,,,
SK_BrandAwareness_Leto26_META,SK_BrandAwareness_Leto26_META_Reels,Reels_v1,2026-06-30,25-34,Female,4802,2707.0,1.77,134,73,1.51,0.46,33.58,,,
SK_ProduktLaunch26_META,SK_ProduktLaunch26_META_Feed,Feed_v1,2026-10-03,45-54,Female,1184,849.0,1.39,26,17,1.46,0.43,7.31,0.0,,Website purchases
SK_ProduktLaunch26_META,SK_ProduktLaunch26_META_Feed,Feed_v1,2026-09-14,35-44,Male,2371,1130.0,2.1,66,39,1.66,0.39,15.21,1.0,15.21,Website purchases
SK_ProduktLaunch26_META,SK_ProduktLaunch26_META_Stories,Stories_v1,2026-09-15,35-44,Female,1632,777.0,2.1,54,36,2.21,0.36,12.96,1.0,12.96,Website purchases
SK_ProduktLaunch26_META,SK_ProduktLaunch26_META_Stories,Stories_v1,2026-09-17,25-34,Female,2281,,,61,36,1.6,0.38,13.68,1.0,13.68,Website purchases
SK_ProduktLaunch26_META,SK_ProduktLaunch26_META_Reels,Reels_v1,2026-08-31,65+,Female,1307,871.0,1.5,41,18,1.4,0.49,8.82,1.0,8.82,Website purchases
SK_BrandAwareness_Leto26_META,SK_BrandAwareness_Leto26_META_Reels,Reels_v1,2026-07-09,35-44,Female,3908,2152.0,1.82,113,77,1.98,0.44,33.88,,,
SK_BrandAwareness_Leto26_META,SK_BrandAwareness_Leto26_META_Video_V2,Video_v1,2026-07-12,25-34,Female,4094,1882.0,2.18,95,50,1.23,0.37,18.5,,,
SK_BrandAwareness_Leto26_META,SK_BrandAwareness_Leto26_META_Reels,Reels_v1,2026-07-03,45-54,Male,3133,1558.0,2.01,93,42,1.35,0.55,23.1,,,
SK_BrandAwareness_Leto26_META,SK_BrandAwareness_Leto26_META_Video_V2,Video_v1,2026-08-08,65+,Female,723,510.0,1.42,19,9,1.25,0.63,5.67,,,
SK_ProduktLaunch26_META,SK_ProduktLaunch26_META_Feed,Feed_v1,2026-08-19,45-54,Female,1536,773.0,1.99,41,25,1.64,0.36,9.0,1.0,9.0,Website purchases
SK_BrandAwareness_Leto26_META,SK_BrandAwareness_Leto26_META_Reels,Reels_v1,2026-07-05,18-24,Female,1840,1187.0,1.55,69,34,1.84,0.32,10.88,,,
SK_ProduktLaunch26_META,SK_ProduktLaunch26_META_Feed,Feed_v1,2026-08-24,45-54,Male,2011,984.0,2.04,91,40,1.97,0.4,16.0,1.0,16.0,Website purchases
SK_BrandAwareness_Leto26_META,SK_BrandAwareness_Leto26_META_Reels,Reels_v1,2026-07-27,45-54,Male,3591,1780.0,2.02,72,38,1.06,0.52,19.76,,,
SK_ProduktLaunch26_META,SK_ProduktLaunch26_META_Reels,Reels_v1,2026-09-26,35-44,Male,4396,2457.0,1.79,248,109,2.47,0.4,43.6,3.0,14.53,Website purchases
SK_ProduktLaunch26_META,SK_ProduktLaunch26_META_Reels,Reels_v1,2026-09-16,35-44,Male,4734,3079.0,1.54,120,70,1.49,0.38,26.6,2.0,13.3,Website purchases
SK_ProduktLaunch26_META,SK_ProduktLaunch26_META_Feed,Feed_v1,2026-09-25,65+,Female,1224,608.0,2.01,38,22,1.78,0.56,12.32,1.0,12.32,Website purchases
SK_ProduktLaunch26_META,SK_ProduktLaunch26_META_Reels,Reels_v1,2026-10-03,55-64,Female,1928,1040.0,1.85,57,32,1.65,0.49,15.68,1.0,15.68,Website purchases
SK_BrandAwareness_Leto26_META,SK_BrandAwareness_Leto26_META_Reels,Reels_v1,2026-07-28,65+,Male,1484,698.0,2.13,45,30,2.0,0.34,10.2,,,
SK_ProduktLaunch26_META,SK_ProduktLaunch26_META_Feed,Feed_v1,2026-09-07,25-34,Male,3143,1636.0,1.92,54,32,1.0,0.42,13.44,1.0,13.44,Website purchases
SK_ProduktLaunch26_META,SK_ProduktLaunch26_META_Stories,Stories_v1,2026-10-22,18-24,Female,1548,776.0,1.99,56,27,1.75,0.57,15.39,1.0,15.39,Website purchases
SK_ProduktLaunch26_META,SK_ProduktLaunch26_META_Reels,Reels_v1,2026-09-01,65+,Male,1743,971.0,1.8,63,38,2.19,0.52,19.76,1.0,19.76,Website purchases
SK_BrandAwareness_Leto26_META,SK_BrandAwareness_Leto26_META_Reels,Reels_v1,2026-08-08,65+,Female,1844,911.0,2.02,44,31,1.66,0.38,11.78,,,
SK_ProduktLaunch26_META,SK_ProduktLaunch26_META_Reels,Reels_v1,2026-10-24,35-44,Female,3260,2504.0,1.3,144,77,2.36,0.39,30.03,2.0,15.02,Website purchases
SK_BrandAwareness_Leto26_META,SK_BrandAwareness_Leto26_META_Video_V2,Video_v1,2026-08-12,35-44,Male,2045,1212.0,1.69,58,29,1.42,0.6,17.4,,,
SK_ProduktLaunch26_META,SK_ProduktLaunch26_META_Feed,Feed_v1,2026-09-13,45-54,Male,2323,1060.0,2.19,38,24,1.03,0.53,12.72,1.0,12.72,Website purchases
SK_BrandAwareness_Leto26_META,SK_BrandAwareness_Leto26_META_Reels,Reels_v1,2026-07-08,55-64,Male,1723,1162.0,1.48,46,24,1.38,0.45,10.8,,,
SK_ProduktLaunch26_META,SK_ProduktLaunch26_META_Stories,Stories_v1,2026-09-25,45-54,Male,1299,676.0,1.92,27,15,1.12,0.36,5.4,0.0,,Website purchases
SK_BrandAwareness_Leto26_META,SK_BrandAwareness_Leto26_META_Video_V2,Video_v1,2026-07-19,35-44,Male,2542,1571.0,1.62,43,24,0.94,0.54,12.96,,,
SK_ProduktLaunch26_META,SK_ProduktLaunch26_META_Stories,Stories_v1,2026-10-20,35-44,Female,2445,1219.0,2.01,82,45,1.85,0.46,20.7,1.0,20.7,Website purchases
SK_ProduktLaunch26_META,SK_ProduktLaunch26_META_Reels,Reels_v1,2026-09-24,35-44,Male,2602,1386.0,1.88,149,65,2.49,0.36,23.4,2.0,11.7,Website purchases
SK_BrandAwareness_Leto26_META,SK_BrandAwareness_Leto26_META_Video_V2,Video_v1,2026-07-11,35-44,Female,3571,1860.0,1.92,80,53,1.48,0.54,28.62,,,
SK_ProduktLaunch26_META,SK_ProduktLaunch26_META_Reels,Reels_v1,2026-09-13,18-24,Male,2919,1763.0,1.66,86,41,1.41,0.49,20.09,1.0,20.09,Website purchases
SK_ProduktLaunch26_META,SK_ProduktLaunch26_META_Feed,Feed_v1,2026-09-08,18-24,Male,2419,1296.0,1.87,63,33,1.35,0.46,15.18,1.0,15.18,Website purchases
SK_ProduktLaunch26_META,SK_ProduktLaunch26_META_Stories,Stories_v1,2026-09-04,18-24,Male,2169,1218.0,1.78,62,34,1.58,0.45,15.3,1.0,15.3,Website purchases
SK_ProduktLaunch26_META,SK_ProduktLaunch26_META_Stories,Stories_v1,2026-10-25,25-34,Male,3198,1520.0,2.1,91,62,1.95,0.39,24.18,2.0,12.09,Website purchases
SK_BrandAwareness_Leto26_META,SK_BrandAwareness_Leto26_META_Reels,Reels_v1,2026-06-18,45-54,Male,2154,1405.0,1.53,63,34,1.59,0.53,18.02,,,
SK_ProduktLaunch26_META,SK_ProduktLaunch26_META_Reels,Reels_v1,2026-09-01,25-34,Female,3911,2407.0,1.62,181,85,2.17,0.53,45.05,3.0,15.02,Website purchases
SK_ProduktLaunch26_META,SK_ProduktLaunch26_META_Feed,Feed_v1,2026-08-30,25-34,Female,2147,1108.0,1.94,53,34,1.61,0.52,17.68,1.0,17.68,Website purchases
SK_ProduktLaunch26_META,SK_ProduktLaunch26_META_Reels,Reels_v1,2026-08-16,25-34,Male,3942,2347.0,1.68,123,60,1.52,0.47,28.2,2.0,14.1,Website purchases
SK_BrandAwareness_Leto26_META,SK_BrandAwareness_Leto26_META_Carousel,Carousel_v1,2026-07-19,65+,Male,784,572.0,1.37,26,14,1.76,0.42,5.88,,,
SK_ProduktLaunch26_META,SK_ProduktLaunch26_META_Feed,Feed_v1,2026-09-25,45-54,Female,2175,1111.0,1.96,34,22,1.0,0.38,8.36,1.0,8.36,Website purchases
SK_ProduktLaunch26_META,SK_ProduktLaunch26_META_Feed,Feed_v1,2026-09-15,55-64,Male,1054,779.0,1.35,29,15,1.45,0.52,7.8,0.0,,Website purchases
SK_BrandAwareness_Leto26_META,SK_BrandAwareness_Leto26_META_Reels,Reels_v1,2026-07-21,45-54,Male,2307,1140.0,2.02,51,34,1.48,0.5,17.0,,,
SK_BrandAwareness_Leto26_META,SK_BrandAwareness_Leto26_META_Reels,Reels_v1,2026-07-14,55-64,Male,2876,1364.0,2.11,78,48,1.66,0.54,25.92,,,
SK_BrandAwareness_Leto26_META,SK_BrandAwareness_Leto26_META_Video,Video_v1,2026-06-23,25-34,Male,4307,2276.0,1.89,103,72,1.66,0.42,30.24,,,
SK_BrandAwareness_Leto26_META,SK_BrandAwareness_Leto26_META_Video_V2,Video_v1,2026-08-02,35-44,Female,2916,1849.0,1.58,71,34,1.18,0.58,19.72,,,
SK_BrandAwareness_Leto26_META,SK_BrandAwareness_Leto26_META_Video_V2,Video_v1,2026-07-11,65+,Female,1023,752.0,1.36,27,14,1.41,0.47,6.58,,,
SK_BrandAwareness_Leto26_META,SK_BrandAwareness_Leto26_META_Reels,Reels_v1,2026-06-08,55-64,Female,2530,1295.0,1.95,82,50,1.97,0.4,20.0,,,
SK_ProduktLaunch26_META,SK_ProduktLaunch26_META_Stories,Stories_v1,2026-08-18,35-44,Female,1117,526.0,2.12,32,17,1.54,0.54,9.18,0.0,,Website purchases
SK_ProduktLaunch26_META,SK_ProduktLaunch26_META_Feed,Feed_v1,2026-09-17,35-44,Female,2065,1114.0,1.85,61,30,1.44,0.43,12.9,1.0,12.9,Website purchases
SK_BrandAwareness_Leto26_META,SK_BrandAwareness_Leto26_META_Reels,Reels_v1,2026-07-22,55-64,Female,2209,1170.0,1.89,38,25,1.12,0.52,13.0,,,
SK_ProduktLaunch26_META,SK_ProduktLaunch26_META_Reels,Reels_v1,2026-09-19,65+,Male,1276,809.0,1.58,33,16,1.27,0.51,8.16,0.0,,Website purchases
SK_ProduktLaunch26_META,SK_ProduktLaunch26_META_Reels,Reels_v1,2026-09-24,55-64,Male,1813,1239.0,1.46,40,22,1.23,0.36,7.92,1.0,7.92,Website purchases
SK_ProduktLaunch26_META,SK_ProduktLaunch26_META_Stories,Stories_v1,2026-09-01,55-64,Female,786,363.0,2.17,22,12,1.57,0.4,4.8,0.0,,Website purchases
SK_ProduktLaunch26_META,SK_ProduktLaunch26_META_Reels,Reels_v1,2026-09-16,18-24,Female,3308,1899.0,1.74,93,65,1.95,0.32,20.8,2.0,10.4,Website purchases
SK_BrandAwareness_Leto26_META,SK_BrandAwareness_Leto26_META_Carousel,Carousel_v1,2026-06-28,18-24,Male,1523,,,60,32,2.13,0.68,21.76,,,
SK_BrandAwareness_Leto26_META,SK_BrandAwareness_Leto26_META_Carousel,Carousel_v1,2026-08-04,55-64,Female,1202,622.0,1.93,30,14,1.14,0.53,7.42,,,
SK_ProduktLaunch26_META,SK_ProduktLaunch26_META_Stories,Stories_v1,2026-10-07,65+,Male,1054,532.0,1.98,35,21,1.96,0.56,11.76,1.0,11.76,Website purchases
SK_BrandAwareness_Leto26_META,SK_BrandAwareness_Leto26_META_Carousel,Carousel_v1,2026-08-02,65+,Female,675,308.0,2.19,14,7,1.04,0.54,3.78,,,
SK_ProduktLaunch26_META,SK_ProduktLaunch26_META_Stories,Stories_v1,2026-10-15,35-44,Male,2406,1348.0,1.78,73,43,1.77,0.35,15.05,1.0,15.05,Website purchases
SK_ProduktLaunch26_META,SK_ProduktLaunch26_META_Feed,Feed_v1,2026-09-17,45-54,Male,2027,1225.0,1.65,40,26,1.27,0.4,10.4,1.0,10.4,Website purchases
SK_ProduktLaunch26_META,SK_ProduktLaunch26_META_Stories,Stories_v1,2026-09-29,18-24,Male,2188,1477.0,1.48,76,35,1.58,0.54,18.9,1.0,18.9,Website purchases
SK_BrandAwareness_Leto26_META,SK_BrandAwareness_Leto26_META_Carousel,Carousel_v1,2026-07-23,18-24,Female,2106,1026.0,2.05,65,42,2.01,0.63,26.46,,,
SK_BrandAwareness_Leto26_META,SK_BrandAwareness_Leto26_META_Reels,Reels_v1,2026-07-24,25-34,Female,3014,1552.0,1.94,68,40,1.32,0.5,20.0,,,
SK_ProduktLaunch26_META,SK_ProduktLaunch26_META_Reels,Reels_v1,2026-09-03,25-34,Female,4512,2678.0,1.68,160,89,1.98,0.52,46.28,3.0,15.43,Website purchases
SK_ProduktLaunch26_META,SK_ProduktLaunch26_META_Stories,Stories_v1,2026-08-24,35-44,Female,1180,558.0,2.11,38,23,1.97,0.48,11.04,1.0,11.04,Website purchases
SK_ProduktLaunch26_META,SK_ProduktLaunch26_META_Stories,Stories_v1,2026-08-21,25-34,Female,1478,702.0,2.11,39,23,1.59,0.4,9.2,1.0,9.2,Website purchases
SK_BrandAwareness_Leto26_META,SK_BrandAwareness_Leto26_META_Video_V2,Video_v1,2026-08-06,45-54,Female,2216,1211.0,1.83,64,33,1.47,0.54,17.82,,,
SK_BrandAwareness_Leto26_META,SK_BrandAwareness_Leto26_META_Reels,Reels_v1,2026-06-24,45-54,Male,3450,1657.0,2.08,89,57,1.65,0.35,19.95,,,
SK_BrandAwareness_Leto26_META,SK_BrandAwareness_Leto26_META_Carousel,Carousel_v1,2026-07-01,55-64,Male,1778,934.0,1.9,67,33,1.85,0.49,16.17,,,
SK_ProduktLaunch26_META,SK_ProduktLaunch26_META_Feed,Feed_v1,2026-09-26,18-24,Male,1752,1092.0,1.6,52,31,1.8,0.38,11.78,1.0,11.78,Website purchases
SK_ProduktLaunch26_META,SK_ProduktLaunch26_META_Reels,Reels_v1,2026-10-28,65+,Male,1377,921.0,1.5,45,26,1.88,0.36,9.36,1.0,9.36,Website purchases
SK_ProduktLaunch26_META,SK_ProduktLaunch26_META_Feed,Feed_v1,2026-10-14,45-54,Female,1753,1152.0,1.52,38,23,1.33,0.48,11.04,1.0,11.04,Website purchases
SK_ProduktLaunch26_META,SK_ProduktLaunch26_META_Reels,Reels_v1,2026-10-11,45-54,Female,2215,1397.0,1.59,59,30,1.37,0.46,13.8,1.0,13.8,Website purchases
SK_BrandAwareness_Leto26_META,SK_BrandAwareness_Leto26_META_Video_V2,Video_v1,2026-07-07,55-64,Male,2216,1363.0,1.63,28,20,0.89,0.49,9.8,,,
SK_ProduktLaunch26_META,SK_ProduktLaunch26_META_Stories,Stories_v1,2026-08-25,18-24,Female,1656,900.0,1.84,51,30,1.79,0.34,10.2,1.0,10.2,Website purchases
SK_BrandAwareness_Leto26_META,SK_BrandAwareness_Leto26_META_Video_V2,Video_v1,2026-07-23,18-24,Male,2208,1072.0,2.06,36,19,0.84,0.41,7.79,,,
SK_ProduktLaunch26_META,SK_ProduktLaunch26_META_Feed,Feed_v1,2026-10-03,25-34,Male,3011,1426.0,2.11,98,51,1.69,0.55,28.05,1.0,28.05,Website purchases
SK_ProduktLaunch26_META,SK_ProduktLaunch26_META_Feed,Feed_v1,2026-09-12,65+,Male,1432,961.0,1.49,49,27,1.91,0.44,11.88,1.0,11.88,Website purchases
SK_ProduktLaunch26_META,SK_ProduktLaunch26_META_Stories,Stories_v1,2026-10-07,25-34,Female,1540,725.0,2.12,58,31,2.04,0.47,14.57,1.0,14.57,Website purchases
SK_BrandAwareness_Leto26_META,SK_BrandAwareness_Leto26_META_Video,Video_v1,2026-07-05,45-54,Female,3069,1493.0,2.06,77,37,1.2,0.62,22.94,,,
SK_BrandAwareness_Leto26_META,SK_BrandAwareness_Leto26_META_Video,Video_v1,2026-06-18,35-44,Female,2918,1912.0,1.53,56,36,1.24,0.62,22.32,,,
SK_BrandAwareness_Leto26_META,SK_BrandAwareness_Leto26_META_Carousel,Carousel_v1,2026-06-25,65+,Female,793,376.0,2.11,17,11,1.34,0.59,6.49,,,
SK_BrandAwareness_Leto26_META,SK_BrandAwareness_Leto26_META_Carousel,Carousel_v1,2026-07-21,35-44,Male,2813,,,94,53,1.88,0.51,27.03,,,
SK_ProduktLaunch26_META,SK_ProduktLaunch26_META_Feed,Feed_v1,2026-09-17,55-64,Female,936,442.0,2.12,23,11,1.17,0.55,6.05,0.0,,Website purchases
SK_ProduktLaunch26_META,SK_ProduktLaunch26_META_Feed,Feed_v1,2026-10-18,55-64,Female,1130,674.0,1.68,43,22,1.97,0.5,11.0,1.0,11.0,Website purchases
SK_BrandAwareness_Leto26_META,SK_BrandAwareness_Leto26_META_Carousel,Carousel_v1,2026-06-20,25-34,Male,1688,960.0,1.76,48,27,1.62,0.46,12.42,,,
SK_ProduktLaunch26_META,SK_ProduktLaunch26_META_Feed,Feed_v1,2026-09-04,65+,Female,1273,758.0,1.68,40,21,1.67,0.37,7.77,1.0,7.77,Website purchases
SK_BrandAwareness_Leto26_META,SK_BrandAwareness_Leto26_META_Reels,Reels_v1,2026-07-24,18-24,Female,2063,1210.0,1.7,63,29,1.4,0.39,11.31,,,
SK_BrandAwareness_Leto26_META,SK_BrandAwareness_Leto26_META_Reels,Reels_v1,2026-07-12,45-54,Female,3376,1809.0,1.87,96,56,1.66,0.31,17.36,,,
SK_BrandAwareness_Leto26_META,SK_BrandAwareness_Leto26_META_Carousel,Carousel_v1,2026-06-22,35-44,Female,1320,723.0,1.83,46,21,1.58,0.44,9.24,,,
SK_ProduktLaunch26_META,SK_ProduktLaunch26_META_Reels,Reels_v1,2026-09-03,65+,Male,1015,478.0,2.12,49,22,2.17,0.53,11.66,1.0,11.66,Website purchases
SK_ProduktLaunch26_META,SK_ProduktLaunch26_META_Stories,Stories_v1,2026-10-16,18-24,Male,1372,922.0,1.49,61,29,2.12,0.43,12.47,1.0,12.47,Website purchases
SK_BrandAwareness_Leto26_META,SK_BrandAwareness_Leto26_META_Video_V2,Video_v1,2026-07-14,35-44,Male,2856,1594.0,1.79,64,44,1.53,0.54,23.76,,,
SK_BrandAwareness_Leto26_META,SK_BrandAwareness_Leto26_META_Carousel,Carousel_v1,2026-07-08,45-54,Female,1693,1278.0,1.32,35,19,1.13,0.44,8.36,,,
SK_BrandAwareness_Leto26_META,SK_BrandAwareness_Leto26_META_Carousel,Carousel_v1,2026-06-12,35-44,Male,1903,1069.0,1.78,58,30,1.59,0.64,19.2,,,
SK_ProduktLaunch26_META,SK_ProduktLaunch26_META_Stories,Stories_v1,2026-09-06,18-24,Male,1155,771.0,1.5,22,14,1.21,0.41,5.74,0.0,,Website purchases
SK_ProduktLaunch26_META,SK_ProduktLaunch26_META_Feed,Feed_v1,2026-09-26,55-64,Female,1317,729.0,1.81,26,15,1.16,0.54,8.1,0.0,,Website purchases
SK_ProduktLaunch26_META,SK_ProduktLaunch26_META_Reels,Reels_v1,2026-09-02,55-64,Male,1901,923.0,2.06,66,46,2.43,0.35,16.1,1.0,16.1,Website purchases
SK_ProduktLaunch26_META,SK_ProduktLaunch26_META_Stories,Stories_v1,2026-10-01,65+,Female,561,294.0,1.91,17,8,1.35,0.32,2.56,0.0,,Website purchases
SK_ProduktLaunch26_META,SK_ProduktLaunch26_META_Reels,Reels_v1,2026-09-14,18-24,Female,3360,1576.0,2.13,68,47,1.39,0.35,16.45,1.0,16.45,Website purchases
SK_ProduktLaunch26_META,SK_ProduktLaunch26_META_Reels,Reels_v1,2026-08-20,55-64,Female,1532,698.0,2.19,41,21,1.38,0.44,9.24,1.0,9.24,Website purchases
SK_ProduktLaunch26_META,SK_ProduktLaunch26_META_Stories,Stories_v1,2026-09-13,18-24,Female,1418,932.0,1.52,43,25,1.76,0.49,12.25,1.0,12.25,Website purchases
SK_ProduktLaunch26_META,SK_ProduktLaunch26_META_Reels,Reels_v1,2026-10-03,18-24,Male,3437,1668.0,2.06,85,58,1.68,0.49,28.42,2.0,14.21,Website purchases
SK_BrandAwareness_Leto26_META,SK_BrandAwareness_Leto26_META_Carousel,Carousel_v1,2026-06-05,55-64,Female,1122,784.0,1.43,34,23,2.06,0.49,11.27,,,
SK_ProduktLaunch26_META,SK_ProduktLaunch26_META_Reels,Reels_v1,2026-10-20,25-34,Male,3144,1979.0,1.59,144,65,2.06,0.4,26.0,2.0,13.0,Website purchases
SK_BrandAwareness_Leto26_META,SK_BrandAwareness_Leto26_META_Carousel,Carousel_v1,2026-07-16,35-44,Female,2420,1561.0,1.55,81,47,1.95,0.51,23.97,,,
SK_BrandAwareness_Leto26_META,SK_BrandAwareness_Leto26_META_Reels,Reels_v1,2026-06-28,55-64,Female,1764,872.0,2.02,52,24,1.36,0.47,11.28,,,
SK_BrandAwareness_Leto26_META,SK_BrandAwareness_Leto26_META_Carousel,Carousel_v1,2026-06-02,18-24,Male,1522,1164.0,1.31,44,28,1.82,0.47,13.16,,,
SK_BrandAwareness_Leto26_META,SK_BrandAwareness_Leto26_META_Reels,Reels_v1,2026-07-30,45-54,Male,2289,1268.0,1.81,60,33,1.43,0.34,11.22,,,
SK_BrandAwareness_Leto26_META,SK_BrandAwareness_Leto26_META_Reels,Reels_v1,2026-06-14,45-54,Female,3078,2089.0,1.47,77,42,1.38,0.54,22.68,,,
SK_BrandAwareness_Leto26_META,SK_BrandAwareness_Leto26_META_Video,Video_v1,2026-07-05,55-64,Female,1856,999.0,1.86,30,21,1.16,0.64,13.44,,,
SK_BrandAwareness_Leto26_META,SK_BrandAwareness_Leto26_META_Video,Video_v1,2026-07-05,35-44,Male,3604,2634.0,1.37,86,41,1.15,0.38,15.58,,,
SK_BrandAwareness_Leto26_META,SK_BrandAwareness_Leto26_META_Video,Video_v1,2026-06-17,35-44,Male,1967,1101.0,1.79,44,22,1.14,0.42,9.24,,,
SK_BrandAwareness_Leto26_META,SK_BrandAwareness_Leto26_META_Video,Video_v1,2026-06-24,55-64,Male,2308,1335.0,1.73,68,33,1.43,0.63,20.79,,,
SK_ProduktLaunch26_META,SK_ProduktLaunch26_META_Feed,Feed_v1,2026-09-10,55-64,Male,2179,1655.0,1.32,53,28,1.3,0.42,11.76,1.0,11.76,Website purchases
SK_BrandAwareness_Leto26_META,SK_BrandAwareness_Leto26_META_Carousel,Carousel_v1,2026-07-26,55-64,Male,1219,563.0,2.17,49,22,1.85,0.45,9.9,,,
SK_ProduktLaunch26_META,SK_ProduktLaunch26_META_Reels,Reels_v1,2026-08-17,55-64,Male,2942,1513.0,1.94,84,50,1.69,0.35,17.5,2.0,8.75,Website purchases
SK_ProduktLaunch26_META,SK_ProduktLaunch26_META_Reels,Reels_v1,2026-10-26,45-54,Female,3350,1735.0,1.93,112,72,2.15,0.48,34.56,2.0,17.28,Website purchases
SK_ProduktLaunch26_META,SK_ProduktLaunch26_META_Stories,Stories_v1,2026-10-06,55-64,Male,990,498.0,1.99,46,21,2.12,0.51,10.71,1.0,10.71,Website purchases
SK_BrandAwareness_Leto26_META,SK_BrandAwareness_Leto26_META_Reels,Reels_v1,2026-06-01,25-34,Female,2290,1048.0,2.19,61,36,1.56,0.52,18.72,,,
SK_BrandAwareness_Leto26_META,SK_BrandAwareness_Leto26_META_Video,Video_v1,2026-06-30,65+,Female,1633,837.0,1.95,29,16,0.98,0.61,9.76,,,
SK_ProduktLaunch26_META,SK_ProduktLaunch26_META_Stories,Stories_v1,2026-08-29,25-34,Male,1708,928.0,1.84,28,19,1.13,0.58,11.02,1.0,11.02,Website purchases
SK_BrandAwareness_Leto26_META,SK_BrandAwareness_Leto26_META_Video_V2,Video_v1,2026-07-28,55-64,Female,1302,779.0,1.67,33,18,1.39,0.62,11.16,,,
SK_ProduktLaunch26_META,SK_ProduktLaunch26_META_Reels,Reels_v1,2026-08-19,35-44,Male,3581,2253.0,1.59,110,69,1.93,0.52,35.88,2.0,17.94,Website purchases
SK_ProduktLaunch26_META,SK_ProduktLaunch26_META_Feed,Feed_v1,2026-08-29,35-44,Female,1450,818.0,1.77,38,20,1.41,0.52,10.4,0.0,,Website purchases
SK_BrandAwareness_Leto26_META,SK_BrandAwareness_Leto26_META_Video,Video_v1,2026-06-10,35-44,Male,1854,941.0,1.97,56,29,1.56,0.46,13.34,,,
SK_BrandAwareness_Leto26_META,SK_BrandAwareness_Leto26_META_Video,Video_v1,2026-07-05,45-54,Male,1511,716.0,2.11,29,18,1.22,0.36,6.48,,,
SK_BrandAwareness_Leto26_META,SK_BrandAwareness_Leto26_META_Video,Video_v1,2026-06-29,25-34,Male,2338,1679.0,1.39,67,41,1.77,0.58,23.78,,,
SK_BrandAwareness_Leto26_META,SK_BrandAwareness_Leto26_META_Reels,Reels_v1,2026-08-01,25-34,Male,4043,1914.0,2.11,131,58,1.45,0.34,19.72,,,
SK_ProduktLaunch26_META,SK_ProduktLaunch26_META_Reels,Reels_v1,2026-09-17,35-44,Male,2936,1594.0,1.84,77,37,1.26,0.49,18.13,1.0,18.13,Website purchases
SK_BrandAwareness_Leto26_META,SK_BrandAwareness_Leto26_META_Carousel,Carousel_v1,2026-06-16,55-64,Female,1239,670.0,1.85,31,18,1.44,0.42,7.56,,,
SK_ProduktLaunch26_META,SK_ProduktLaunch26_META_Reels,Reels_v1,2026-09-02,45-54,Male,3233,1953.0,1.66,86,59,1.83,0.36,21.24,2.0,10.62,Website purchases
SK_ProduktLaunch26_META,SK_ProduktLaunch26_META_Reels,Reels_v1,2026-10-11,55-64,Female,2788,1711.0,1.63,69,47,1.67,0.48,22.56,1.0,22.56,Website purchases
SK_ProduktLaunch26_META,SK_ProduktLaunch26_META_Reels,Reels_v1,2026-08-30,65+,Female,988,578.0,1.71,31,18,1.78,0.32,5.76,1.0,5.76,Website purchases
SK_BrandAwareness_Leto26_META,SK_BrandAwareness_Leto26_META_Carousel,Carousel_v1,2026-06-03,25-34,Female,1253,,,47,25,2.0,0.41,10.25,,,
SK_BrandAwareness_Leto26_META,SK_BrandAwareness_Leto26_META_Reels,Reels_v1,2026-06-08,65+,Female,1166,624.0,1.87,26,12,1.01,0.48,5.76,,,
SK_ProduktLaunch26_META,SK_ProduktLaunch26_META_Feed,Feed_v1,2026-10-08,45-54,Female,1878,1141.0,1.65,72,35,1.86,0.5,17.5,1.0,17.5,Website purchases
SK_ProduktLaunch26_META,SK_ProduktLaunch26_META_Stories,Stories_v1,2026-10-20,18-24,Female,1355,932.0,1.45,53,30,2.24,0.45,13.5,1.0,13.5,Website purchases
SK_BrandAwareness_Leto26_META,SK_BrandAwareness_Leto26_META_Reels,Reels_v1,2026-07-07,25-34,Male,4679,2197.0,2.13,92,52,1.11,0.44,22.88,,,
SK_ProduktLaunch26_META,SK_ProduktLaunch26_META_Feed,Feed_v1,2026-10-15,55-64,Male,1024,626.0,1.64,18,13,1.29,0.6,7.8,0.0,,Website purchases
SK_ProduktLaunch26_META,SK_ProduktLaunch26_META_Reels,Reels_v1,2026-10-15,45-54,Female,2336,1233.0,1.89,86,45,1.91,0.4,18.0,1.0,18.0,Website purchases
SK_BrandAwareness_Leto26_META,SK_BrandAwareness_Leto26_META_Reels,Reels_v1,2026-07-04,55-64,Female,2372,1147.0,2.07,53,36,1.5,0.37,13.32,,,
SK_ProduktLaunch26_META,SK_ProduktLaunch26_META_Feed,Feed_v1,2026-09-23,25-34,Female,1955,1238.0,1.58,73,34,1.72,0.49,16.66,1.0,16.66,Website purchases
SK_ProduktLaunch26_META,SK_ProduktLaunch26_META_Feed,Feed_v1,2026-08-31,25-34,Female,3131,2090.0,1.5,53,33,1.07,0.4,13.2,1.0,13.2,Website purchases
SK_ProduktLaunch26_META,SK_ProduktLaunch26_META_Feed,Feed_v1,2026-08-26,45-54,Female,1315,840.0,1.57,25,14,1.1,0.44,6.16,0.0,,Website purchases
SK_BrandAwareness_Leto26_META,SK_BrandAwareness_Leto26_META_Carousel,Carousel_v1,2026-06-16,25-34,Female,1611,878.0,1.83,64,30,1.87,0.46,13.8,,,
SK_ProduktLaunch26_META,SK_ProduktLaunch26_META_Reels,Reels_v1,2026-08-25,35-44,Female,4091,2137.0,1.91,138,88,2.15,0.39,34.32,3.0,11.44,Website purchases
SK_ProduktLaunch26_META,SK_ProduktLaunch26_META_Stories,Stories_v1,2026-10-22,35-44,Female,2609,1289.0,2.02,76,51,1.97,0.56,28.56,1.0,28.56,Website purchases
SK_BrandAwareness_Leto26_META,SK_BrandAwareness_Leto26_META_Reels,Reels_v1,2026-07-06,65+,Male,1414,1085.0,1.3,48,26,1.86,0.35,9.1,,,
SK_ProduktLaunch26_META,SK_ProduktLaunch26_META_Reels,Reels_v1,2026-08-31,55-64,Female,1237,688.0,1.8,39,25,1.99,0.38,9.5,1.0,9.5,Website purchases
SK_ProduktLaunch26_META,SK_ProduktLaunch26_META_Stories,Stories_v1,2026-09-20,55-64,Female,905,451.0,2.01,30,15,1.61,0.42,6.3,0.0,,Website purchases
SK_ProduktLaunch26_META,SK_ProduktLaunch26_META_Stories,Stories_v1,2026-09-07,55-64,Male,1147,610.0,1.88,44,23,2.0,0.41,9.43,1.0,9.43,Website purchases
SK_ProduktLaunch26_META,SK_ProduktLaunch26_META_Feed,Feed_v1,2026-09-20,45-54,Male,2398,1144.0,2.1,57,33,1.36,0.47,15.51,1.0,15.51,Website purchases
SK_BrandAwareness_Leto26_META,SK_BrandAwareness_Leto26_META_Carousel,Carousel_v1,2026-06-30,35-44,Male,2596,1599.0,1.62,93,41,1.57,0.63,25.83,,,
SK_BrandAwareness_Leto26_META,SK_BrandAwareness_Leto26_META_Carousel,Carousel_v1,2026-08-12,55-64,Female,1166,548.0,2.13,43,19,1.6,0.68,12.92,,,
SK_BrandAwareness_Leto26_META,SK_BrandAwareness_Leto26_META_Video,Video_v1,2026-06-23,55-64,Female,1391,649.0,2.14,37,24,1.73,0.35,8.4,,,
SK_BrandAwareness_Leto26_META,SK_BrandAwareness_Leto26_META_Video,Video_v1,2026-06-16,25-34,Male,3353,1633.0,2.05,46,28,0.84,0.52,14.56,,,
SK_ProduktLaunch26_META,SK_ProduktLaunch26_META_Stories,Stories_v1,2026-08-17,65+,Male,757,371.0,2.04,35,16,2.08,0.38,6.08,0.0,,Website purchases
SK_ProduktLaunch26_META,SK_ProduktLaunch26_META_Stories,Stories_v1,2026-08-19,65+,Male,1037,501.0,2.07,44,23,2.18,0.57,13.11,1.0,13.11,Website purchases
SK_ProduktLaunch26_META,SK_ProduktLaunch26_META_Reels,Reels_v1,2026-10-22,45-54,Female,3309,2459.0,1.35,108,65,1.97,0.5,32.5,2.0,16.25,Website purchases
SK_BrandAwareness_Leto26_META,SK_BrandAwareness_Leto26_META_Reels,Reels_v1,2026-06-29,18-24,Female,3380,1925.0,1.76,125,59,1.75,0.53,31.27,,,
SK_ProduktLaunch26_META,SK_ProduktLaunch26_META_Reels,Reels_v1,2026-10-03,55-64,Male,3027,1399.0,2.16,118,57,1.89,0.44,25.08,2.0,12.54,Website purchases
SK_ProduktLaunch26_META,SK_ProduktLaunch26_META_Stories,Stories_v1,2026-10-19,35-44,Female,2415,1590.0,1.52,43,27,1.1,0.41,11.07,1.0,11.07,Website purchases
SK_ProduktLaunch26_META,SK_ProduktLaunch26_META_Feed,Feed_v1,2026-09-29,45-54,Male,2861,1939.0,1.48,89,42,1.46,0.48,20.16,1.0,20.16,Website purchases
SK_ProduktLaunch26_META,SK_ProduktLaunch26_META_Feed,Feed_v1,2026-08-29,25-34,Female,1819,1070.0,1.7,49,31,1.72,0.56,17.36,1.0,17.36,Website purchases
SK_ProduktLaunch26_META,SK_ProduktLaunch26_META_Stories,Stories_v1,2026-09-21,35-44,Female,1755,876.0,2.0,59,27,1.53,0.56,15.12,1.0,15.12,Website purchases
SK_ProduktLaunch26_META,SK_ProduktLaunch26_META_Reels,Reels_v1,2026-08-17,18-24,Male,1766,858.0,2.06,60,30,1.7,0.32,9.6,1.0,9.6,Website purchases
SK_ProduktLaunch26_META,SK_ProduktLaunch26_META_Reels,Reels_v1,2026-10-15,45-54,Male,1708,805.0,2.12,66,30,1.76,0.45,13.5,1.0,13.5,Website purchases
SK_ProduktLaunch26_META,SK_ProduktLaunch26_META_Stories,Stories_v1,2026-08-25,65+,Male,781,388.0,2.01,16,9,1.14,0.38,3.42,0.0,,Website purchases
SK_BrandAwareness_Leto26_META,SK_BrandAwareness_Leto26_META_Reels,Reels_v1,2026-06-05,45-54,Male,2467,1290.0,1.91,77,36,1.46,0.49,17.64,,,
SK_ProduktLaunch26_META,SK_ProduktLaunch26_META_Feed,Feed_v1,2026-10-14,65+,Male,1191,823.0,1.45,22,13,1.06,0.46,5.98,0.0,,Website purchases
SK_BrandAwareness_Leto26_META,SK_BrandAwareness_Leto26_META_Carousel,Carousel_v1,2026-07-22,18-24,Female,1342,684.0,1.96,37,22,1.66,0.58,12.76,,,
SK_ProduktLaunch26_META,SK_ProduktLaunch26_META_Stories,Stories_v1,2026-09-07,18-24,Male,1700,1300.0,1.31,70,36,2.13,0.33,11.88,1.0,11.88,Website purchases
SK_BrandAwareness_Leto26_META,SK_BrandAwareness_Leto26_META_Video_V2,Video_v1,2026-07-19,35-44,Female,2001,1267.0,1.58,45,26,1.31,0.56,14.56,,,
SK_BrandAwareness_Leto26_META,SK_BrandAwareness_Leto26_META_Reels,Reels_v1,2026-07-25,18-24,Female,2411,1162.0,2.07,71,41,1.7,0.55,22.55,,,
SK_BrandAwareness_Leto26_META,SK_BrandAwareness_Leto26_META_Video_V2,Video_v1,2026-07-29,25-34,Male,4276,2852.0,1.5,73,51,1.2,0.46,23.46,,,
SK_BrandAwareness_Leto26_META,SK_BrandAwareness_Leto26_META_Carousel,Carousel_v1,2026-08-11,55-64,Female,1233,634.0,1.94,25,17,1.37,0.69,11.73,,,
SK_BrandAwareness_Leto26_META,SK_BrandAwareness_Leto26_META_Video_V2,Video_v1,2026-07-07,45-54,Male,3420,2378.0,1.44,61,39,1.15,0.36,14.04,,,
SK_BrandAwareness_Leto26_META,SK_BrandAwareness_Leto26_META_Video_V2,Video_v1,2026-07-14,65+,Female,1493,963.0,1.55,34,17,1.16,0.46,7.82,,,
SK_ProduktLaunch26_META,SK_ProduktLaunch26_META_Stories,Stories_v1,2026-09-02,55-64,Male,1595,754.0,2.12,60,36,2.25,0.32,11.52,1.0,11.52,Website purchases
SK_ProduktLaunch26_META,SK_ProduktLaunch26_META_Reels,Reels_v1,2026-10-15,55-64,Male,1927,1074.0,1.79,58,30,1.54,0.47,14.1,1.0,14.1,Website purchases
SK_BrandAwareness_Leto26_META,SK_BrandAwareness_Leto26_META_Video_V2,Video_v1,2026-07-30,55-64,Female,1290,832.0,1.55,35,16,1.25,0.54,8.64,,,
SK_BrandAwareness_Leto26_META,SK_BrandAwareness_Leto26_META_Carousel,Carousel_v1,2026-07-17,65+,Female,1024,534.0,1.92,38,17,1.62,0.4,6.8,,,
SK_ProduktLaunch26_META,SK_ProduktLaunch26_META_Stories,Stories_v1,2026-09-11,65+,Male,784,436.0,1.8,22,13,1.7,0.41,5.33,0.0,,Website purchases
SK_BrandAwareness_Leto26_META,SK_BrandAwareness_Leto26_META_Reels,Reels_v1,2026-08-13,65+,Female,986,529.0,1.86,15,9,0.91,0.36,3.24,,,
SK_BrandAwareness_Leto26_META,SK_BrandAwareness_Leto26_META_Video,Video_v1,2026-06-20,65+,Male,1600,1049.0,1.53,27,13,0.82,0.42,5.46,,,
SK_BrandAwareness_Leto26_META,SK_BrandAwareness_Leto26_META_Carousel,Carousel_v1,2026-07-09,25-34,Female,1381,897.0,1.54,50,23,1.63,0.45,10.35,,,
SK_BrandAwareness_Leto26_META,SK_BrandAwareness_Leto26_META_Reels,Reels_v1,2026-07-18,45-54,Female,1626,919.0,1.77,39,22,1.33,0.46,10.12,,,
SK_BrandAwareness_Leto26_META,SK_BrandAwareness_Leto26_META_Reels,Reels_v1,2026-06-07,45-54,Male,3900,2604.0,1.5,115,69,1.76,0.54,37.26,,,
SK_ProduktLaunch26_META,SK_ProduktLaunch26_META_Stories,Stories_v1,2026-09-14,35-44,Female,1957,1058.0,1.85,55,25,1.25,0.55,13.75,1.0,13.75,Website purchases
SK_ProduktLaunch26_META,SK_ProduktLaunch26_META_Feed,Feed_v1,2026-09-02,18-24,Female,1451,927.0,1.57,30,16,1.1,0.41,6.56,0.0,,Website purchases
SK_BrandAwareness_Leto26_META,SK_BrandAwareness_Leto26_META_Video,Video_v1,2026-06-19,65+,Female,1317,717.0,1.84,21,14,1.08,0.44,6.16,,,
SK_BrandAwareness_Leto26_META,SK_BrandAwareness_Leto26_META_Reels,Reels_v1,2026-07-09,18-24,Male,2975,1768.0,1.68,71,34,1.15,0.37,12.58,,,
SK_BrandAwareness_Leto26_META,SK_BrandAwareness_Leto26_META_Carousel,Carousel_v1,2026-06-11,18-24,Male,1033,523.0,1.98,35,22,2.13,0.51,11.22,,,
SK_ProduktLaunch26_META,SK_ProduktLaunch26_META_Feed,Feed_v1,2026-10-26,65+,Female,782,,,25,13,1.7,0.37,4.81,0.0,,Website purchases
SK_BrandAwareness_Leto26_META,SK_BrandAwareness_Leto26_META_Carousel,Carousel_v1,2026-07-27,65+,Male,1032,556.0,1.86,41,18,1.79,0.45,8.1,,,
SK_ProduktLaunch26_META,SK_ProduktLaunch26_META_Reels,Reels_v1,2026-10-27,65+,Female,927,550.0,1.69,35,18,1.91,0.39,7.02,1.0,7.02,Website purchases
SK_ProduktLaunch26_META,SK_ProduktLaunch26_META_Feed,Feed_v1,2026-09-13,35-44,Male,1662,837.0,1.99,71,33,1.96,0.37,12.21,1.0,12.21,Website purchases
SK_BrandAwareness_Leto26_META,SK_BrandAwareness_Leto26_META_Reels,Reels_v1,2026-06-15,45-54,Female,3099,2112.0,1.47,69,32,1.03,0.54,17.28,,,
SK_ProduktLaunch26_META,SK_ProduktLaunch26_META_Stories,Stories_v1,2026-09-12,45-54,Female,1823,891.0,2.05,47,26,1.44,0.47,12.22,1.0,12.22,Website purchases
SK_BrandAwareness_Leto26_META,SK_BrandAwareness_Leto26_META_Carousel,Carousel_v1,2026-08-12,45-54,Female,1720,1009.0,1.7,39,24,1.4,0.66,15.84,,,
SK_ProduktLaunch26_META,SK_ProduktLaunch26_META_Feed,Feed_v1,2026-08-26,45-54,Male,1296,851.0,1.52,44,24,1.83,0.52,12.48,1.0,12.48,Website purchases
SK_BrandAwareness_Leto26_META,SK_BrandAwareness_Leto26_META_Reels,Reels_v1,2026-07-20,65+,Male,1910,1141.0,1.67,62,33,1.73,0.52,17.16,,,
SK_ProduktLaunch26_META,SK_ProduktLaunch26_META_Reels,Reels_v1,2026-10-05,55-64,Male,2894,1520.0,1.9,111,51,1.76,0.46,23.46,2.0,11.73,Website purchases
SK_ProduktLaunch26_META,SK_ProduktLaunch26_META_Feed,Feed_v1,2026-08-17,25-34,Female,2121,1025.0,2.07,44,23,1.09,0.59,13.57,1.0,13.57,Website purchases
SK_BrandAwareness_Leto26_META,SK_BrandAwareness_Leto26_META_Video,Video_v1,2026-06-05,25-34,Female,3103,1867.0,1.66,44,30,0.97,0.38,11.4,,,
SK_BrandAwareness_Leto26_META,SK_BrandAwareness_Leto26_META_Video_V2,Video_v1,2026-07-13,25-34,Female,4075,2231.0,1.83,97,49,1.21,0.39,19.11,,,
SK_ProduktLaunch26_META,SK_ProduktLaunch26_META_Reels,Reels_v1,2026-09-18,18-24,Male,3218,1508.0,2.13,78,42,1.31,0.47,19.74,1.0,19.74,Website purchases
SK_ProduktLaunch26_META,SK_ProduktLaunch26_META_Feed,Feed_v1,2026-08-21,55-64,Female,1597,747.0,2.14,40,21,1.29,0.47,9.87,1.0,9.87,Website purchases
SK_ProduktLaunch26_META,SK_ProduktLaunch26_META_Reels,Reels_v1,2026-09-21,45-54,Male,1894,871.0,2.17,45,24,1.25,0.52,12.48,1.0,12.48,Website purchases
SK_ProduktLaunch26_META,SK_ProduktLaunch26_META_Reels,Reels_v1,2026-09-16,18-24,Female,3308,1899.0,1.74,93,65,1.95,0.32,20.8,2.0,10.4,Website purchases
SK_BrandAwareness_Leto26_META,SK_BrandAwareness_Leto26_META_Carousel,Carousel_v1,2026-08-06,45-54,Female,2107,1320.0,1.6,43,28,1.35,0.67,18.76,,,
SK_ProduktLaunch26_META,SK_ProduktLaunch26_META_Stories,Stories_v1,2026-10-10,45-54,Male,1052,534.0,1.97,30,20,1.95,0.38,7.6,1.0,7.6,Website purchases
SK_BrandAwareness_Leto26_META,SK_BrandAwareness_Leto26_META_Reels,Reels_v1,2026-08-08,45-54,Female,1850,1312.0,1.41,59,28,1.51,0.46,12.88,,,
SK_ProduktLaunch26_META,SK_ProduktLaunch26_META_Feed,Feed_v1,2026-10-14,55-64,Female,1831,944.0,1.94,40,23,1.26,0.39,8.97,1.0,8.97,Website purchases
SK_BrandAwareness_Leto26_META,SK_BrandAwareness_Leto26_META_Carousel,Carousel_v1,2026-07-03,18-24,Female,1181,667.0,1.77,41,21,1.76,0.52,10.92,,,
SK_BrandAwareness_Leto26_META,SK_BrandAwareness_Leto26_META_Video_V2,Video_v1,2026-07-10,65+,Male,1736,1054.0,1.65,64,28,1.6,0.64,17.92,,,
SK_ProduktLaunch26_META,SK_ProduktLaunch26_META_Feed,Feed_v1,2026-09-16,35-44,Female,1581,733.0,2.16,51,27,1.72,0.56,15.12,1.0,15.12,Website purchases
SK_BrandAwareness_Leto26_META,SK_BrandAwareness_Leto26_META_Reels,Reels_v1,2026-06-01,18-24,Female,2745,1255.0,2.19,59,31,1.14,0.44,13.64,,,
SK_BrandAwareness_Leto26_META,SK_BrandAwareness_Leto26_META_Reels,Reels_v1,2026-07-07,55-64,Female,2739,1292.0,2.12,94,50,1.84,0.41,20.5,,,
SK_ProduktLaunch26_META,SK_ProduktLaunch26_META_Reels,Reels_v1,2026-10-17,18-24,Male,3650,1885.0,1.94,129,86,2.36,0.5,43.0,3.0,14.33,Website purchases
SK_BrandAwareness_Leto26_META,SK_BrandAwareness_Leto26_META_Reels,Reels_v1,2026-07-25,35-44,Male,2180,1030.0,2.12,78,37,1.7,0.46,17.02,,,
SK_BrandAwareness_Leto26_META,SK_BrandAwareness_Leto26_META_Carousel,Carousel_v1,2026-07-30,45-54,Male,1810,1217.0,1.49,66,38,2.07,0.53,20.14,,,
SK_ProduktLaunch26_META,SK_ProduktLaunch26_META_Stories,Stories_v1,2026-09-23,65+,Female,502,324.0,1.55,19,10,1.97,0.49,4.9,0.0,,Website purchases
SK_ProduktLaunch26_META,SK_ProduktLaunch26_META_Feed,Feed_v1,2026-08-26,55-64,Female,1208,603.0,2.0,30,20,1.7,0.48,9.6,0.0,,Website purchases
SK_ProduktLaunch26_META,SK_ProduktLaunch26_META_Feed,Feed_v1,2026-08-23,55-64,Male,2031,1462.0,1.39,49,27,1.33,0.57,15.39,1.0,15.39,Website purchases
SK_BrandAwareness_Leto26_META,SK_BrandAwareness_Leto26_META_Reels,Reels_v1,2026-06-03,18-24,Female,2819,1331.0,2.12,101,53,1.88,0.54,28.62,,,
SK_ProduktLaunch26_META,SK_ProduktLaunch26_META_Feed,Feed_v1,2026-10-16,55-64,Male,1191,583.0,2.04,21,14,1.19,0.37,5.18,0.0,,Website purchases
SK_ProduktLaunch26_META,SK_ProduktLaunch26_META_Reels,Reels_v1,2026-09-04,25-34,Male,3393,1623.0,2.09,182,80,2.36,0.36,28.8,2.0,14.4,Website purchases
SK_BrandAwareness_Leto26_META,SK_BrandAwareness_Leto26_META_Carousel,Carousel_v1,2026-07-28,18-24,Male,1159,634.0,1.83,39,18,1.52,0.42,7.56,,,
SK_ProduktLaunch26_META,SK_ProduktLaunch26_META_Feed,Feed_v1,2026-10-06,65+,Male,958,653.0,1.47,16,11,1.2,0.5,5.5,0.0,,Website purchases
SK_BrandAwareness_Leto26_META,SK_BrandAwareness_Leto26_META_Reels,Reels_v1,2026-08-01,45-54,Female,1721,936.0,1.84,52,30,1.75,0.41,12.3,,,
SK_ProduktLaunch26_META,SK_ProduktLaunch26_META_Feed,Feed_v1,2026-09-09,25-34,Female,2452,1125.0,2.18,55,34,1.39,0.54,18.36,1.0,18.36,Website purchases
SK_ProduktLaunch26_META,SK_ProduktLaunch26_META_Stories,Stories_v1,2026-08-29,45-54,Male,2282,1545.0,1.48,79,37,1.6,0.53,19.61,1.0,19.61,Website purchases
SK_ProduktLaunch26_META,SK_ProduktLaunch26_META_Reels,Reels_v1,2026-08-19,45-54,Male,2037,1334.0,1.53,69,32,1.59,0.37,11.84,1.0,11.84,Website purchases
SK_ProduktLaunch26_META,SK_ProduktLaunch26_META_Feed,Feed_v1,2026-08-28,35-44,Female,1317,815.0,1.62,34,18,1.35,0.46,8.28,0.0,,Website purchases
SK_ProduktLaunch26_META,SK_ProduktLaunch26_META_Feed,Feed_v1,2026-10-12,45-54,Male,1816,1070.0,1.7,56,25,1.39,0.37,9.25,1.0,9.25,Website purchases
SK_ProduktLaunch26_META,SK_ProduktLaunch26_META_Feed,Feed_v1,2026-08-24,25-34,Female,2615,1700.0,1.54,77,52,1.97,0.51,26.52,1.0,26.52,Website purchases
SK_ProduktLaunch26_META,SK_ProduktLaunch26_META_Stories,Stories_v1,2026-09-21,18-24,Male,1587,995.0,1.59,26,18,1.16,0.33,5.94,1.0,5.94,Website purchases
SK_BrandAwareness_Leto26_META,SK_BrandAwareness_Leto26_META_Carousel,Carousel_v1,2026-07-03,25-34,Female,2855,1598.0,1.79,124,58,2.02,0.47,27.26,,,
SK_BrandAwareness_Leto26_META,SK_BrandAwareness_Leto26_META_Video,Video_v1,2026-06-01,18-24,Male,3228,1742.0,1.85,82,44,1.37,0.64,28.16,,,
SK_ProduktLaunch26_META,SK_ProduktLaunch26_META_Reels,Reels_v1,2026-10-05,35-44,Female,2624,2011.0,1.3,64,39,1.48,0.51,19.89,1.0,19.89,Website purchases
SK_BrandAwareness_Leto26_META,SK_BrandAwareness_Leto26_META_Reels,Reels_v1,2026-06-18,35-44,Female,3580,2132.0,1.68,112,64,1.78,0.41,26.24,,,
SK_BrandAwareness_Leto26_META,SK_BrandAwareness_Leto26_META_Carousel,Carousel_v1,2026-08-13,55-64,Male,868,664.0,1.31,30,19,2.14,0.53,10.07,,,
SK_BrandAwareness_Leto26_META,SK_BrandAwareness_Leto26_META_Reels,Reels_v1,2026-07-12,35-44,Female,2532,1780.0,1.42,61,33,1.31,0.32,10.56,,,
SK_ProduktLaunch26_META,SK_ProduktLaunch26_META_Reels,Reels_v1,2026-10-24,18-24,Female,1603,761.0,2.11,54,28,1.74,0.46,12.88,1.0,12.88,Website purchases
SK_BrandAwareness_Leto26_META,SK_BrandAwareness_Leto26_META_Video_V2,Video_v1,2026-08-14,18-24,Female,1415,732.0,1.93,26,18,1.25,0.56,10.08,,,
SK_ProduktLaunch26_META,SK_ProduktLaunch26_META_Reels,Reels_v1,2026-09-24,18-24,Male,3311,1648.0,2.01,115,65,1.96,0.31,20.15,2.0,10.07,Website purchases
SK_ProduktLaunch26_META,SK_ProduktLaunch26_META_Reels,Reels_v1,2026-10-20,45-54,Male,2480,1185.0,2.09,76,38,1.52,0.5,19.0,1.0,19.0,Website purchases
SK_ProduktLaunch26_META,SK_ProduktLaunch26_META_Reels,Reels_v1,2026-08-19,35-44,Female,2470,1454.0,1.7,81,52,2.12,0.54,28.08,2.0,14.04,Website purchases
SK_BrandAwareness_Leto26_META,SK_BrandAwareness_Leto26_META_Carousel,Carousel_v1,2026-06-07,45-54,Female,2027,1296.0,1.56,71,39,1.94,0.66,25.74,,,
SK_BrandAwareness_Leto26_META,SK_BrandAwareness_Leto26_META_Reels,Reels_v1,2026-07-15,25-34,Female,3802,2715.0,1.4,70,47,1.24,0.4,18.8,,,
SK_BrandAwareness_Leto26_META,SK_BrandAwareness_Leto26_META_Reels,Reels_v1,2026-07-17,55-64,Female,1886,1155.0,1.63,49,34,1.78,0.45,15.3,,,
SK_BrandAwareness_Leto26_META,SK_BrandAwareness_Leto26_META_Reels,Reels_v1,2026-08-10,35-44,Male,2440,1795.0,1.36,61,32,1.3,0.4,12.8,,,
SK_BrandAwareness_Leto26_META,SK_BrandAwareness_Leto26_META_Carousel,Carousel_v1,2026-08-11,65+,Female,907,479.0,1.89,27,19,2.12,0.59,11.21,,,
SK_ProduktLaunch26_META,SK_ProduktLaunch26_META_Feed,Feed_v1,2026-09-30,25-34,Female,1541,722.0,2.13,34,20,1.32,0.45,9.0,0.0,,Website purchases
SK_ProduktLaunch26_META,SK_ProduktLaunch26_META_Feed,Feed_v1,2026-09-22,35-44,Female,1558,802.0,1.94,52,28,1.78,0.57,15.96,1.0,15.96,Website purchases
SK_ProduktLaunch26_META,SK_ProduktLaunch26_META_Feed,Feed_v1,2026-09-29,25-34,Female,1582,760.0,2.08,42,30,1.89,0.55,16.5,1.0,16.5,Website purchases
SK_BrandAwareness_Leto26_META,SK_BrandAwareness_Leto26_META_Video,Video_v1,2026-07-01,45-54,Female,1467,692.0,2.12,26,16,1.1,0.36,5.76,,,
SK_BrandAwareness_Leto26_META,SK_BrandAwareness_Leto26_META_Reels,Reels_v1,2026-07-01,25-34,Male,4127,2261.0,1.83,118,55,1.32,0.35,19.25,,,
SK_ProduktLaunch26_META,SK_ProduktLaunch26_META_Reels,Reels_v1,2026-09-11,65+,Male,1421,929.0,1.53,40,28,1.99,0.42,11.76,1.0,11.76,Website purchases
SK_ProduktLaunch26_META,SK_ProduktLaunch26_META_Reels,Reels_v1,2026-09-10,35-44,Female,3516,1862.0,1.89,101,60,1.71,0.32,19.2,2.0,9.6,Website purchases
SK_ProduktLaunch26_META,SK_ProduktLaunch26_META_Reels,Reels_v1,2026-09-07,45-54,Male,2607,1902.0,1.37,69,36,1.38,0.36,12.96,1.0,12.96,Website purchases
SK_ProduktLaunch26_META,SK_ProduktLaunch26_META_Stories,Stories_v1,2026-10-25,45-54,Male,1962,,,76,35,1.79,0.53,18.55,1.0,18.55,Website purchases
SK_ProduktLaunch26_META,SK_ProduktLaunch26_META_Stories,Stories_v1,2026-09-13,45-54,Male,1806,1316.0,1.37,45,22,1.22,0.48,10.56,1.0,10.56,Website purchases
SK_BrandAwareness_Leto26_META,SK_BrandAwareness_Leto26_META_Carousel,Carousel_v1,2026-06-07,45-54,Male,1585,1014.0,1.56,49,33,2.05,0.56,18.48,,,
SK_ProduktLaunch26_META,SK_ProduktLaunch26_META_Feed,Feed_v1,2026-10-16,35-44,Male,3347,2287.0,1.46,130,63,1.88,0.47,29.61,2.0,14.8,Website purchases
SK_ProduktLaunch26_META,SK_ProduktLaunch26_META_Feed,Feed_v1,2026-08-27,45-54,Male,1356,740.0,1.83,29,14,1.04,0.37,5.18,0.0,,Website purchases
SK_ProduktLaunch26_META,SK_ProduktLaunch26_META_Feed,Feed_v1,2026-10-02,65+,Female,1075,571.0,1.88,19,12,1.13,0.42,5.04,0.0,,Website purchases
SK_ProduktLaunch26_META,SK_ProduktLaunch26_META_Stories,Stories_v1,2026-09-10,35-44,Female,1926,1455.0,1.32,61,31,1.6,0.48,14.88,1.0,14.88,Website purchases
SK_BrandAwareness_Leto26_META,SK_BrandAwareness_Leto26_META_Carousel,Carousel_v1,2026-07-01,35-44,Female,2222,1093.0,2.03,44,25,1.1,0.42,10.5,,,
SK_ProduktLaunch26_META,SK_ProduktLaunch26_META_Reels,Reels_v1,2026-08-21,65+,Male,1149,542.0,2.12,24,17,1.49,0.46,7.82,1.0,7.82,Website purchases
SK_ProduktLaunch26_META,SK_ProduktLaunch26_META_Reels,Reels_v1,2026-08-28,25-34,Female,2545,1798.0,1.42,124,55,2.16,0.44,24.2,2.0,12.1,Website purchases
SK_BrandAwareness_Leto26_META,SK_BrandAwareness_Leto26_META_Carousel,Carousel_v1,2026-08-10,55-64,Female,1081,539.0,2.01,34,17,1.6,0.42,7.14,,,
SK_ProduktLaunch26_META,SK_ProduktLaunch26_META_Stories,Stories_v1,2026-08-19,45-54,Female,1614,841.0,1.92,39,22,1.34,0.4,8.8,1.0,8.8,Website purchases
SK_ProduktLaunch26_META,SK_ProduktLaunch26_META_Stories,Stories_v1,2026-09-02,65+,Male,1130,721.0,1.57,27,17,1.54,0.48,8.16,0.0,,Website purchases
SK_ProduktLaunch26_META,SK_ProduktLaunch26_META_Reels,Reels_v1,2026-10-23,35-44,Male,2631,1492.0,1.76,131,60,2.29,0.37,22.2,2.0,11.1,Website purchases
SK_BrandAwareness_Leto26_META,SK_BrandAwareness_Leto26_META_Video_V2,Video_v1,2026-08-10,55-64,Female,1201,852.0,1.41,22,12,0.99,0.43,5.16,,,
SK_ProduktLaunch26_META,SK_ProduktLaunch26_META_Feed,Feed_v1,2026-10-27,25-34,Female,1493,1070.0,1.4,53,29,1.98,0.36,10.44,1.0,10.44,Website purchases
SK_BrandAwareness_Leto26_META,SK_BrandAwareness_Leto26_META_Reels,Reels_v1,2026-06-23,18-24,Female,2103,1007.0,2.09,57,35,1.64,0.39,13.65,,,
SK_ProduktLaunch26_META,SK_ProduktLaunch26_META_Stories,Stories_v1,2026-09-29,65+,Female,489,261.0,1.87,20,10,2.14,0.42,4.2,0.0,,Website purchases
SK_ProduktLaunch26_META,SK_ProduktLaunch26_META_Stories,Stories_v1,2026-10-09,25-34,Male,3254,1770.0,1.84,110,62,1.91,0.43,26.66,2.0,13.33,Website purchases
SK_BrandAwareness_Leto26_META,SK_BrandAwareness_Leto26_META_Carousel,Carousel_v1,2026-06-26,55-64,Female,1546,820.0,1.89,27,16,1.02,0.46,7.36,,,
SK_BrandAwareness_Leto26_META,SK_BrandAwareness_Leto26_META_Video,Video_v1,2026-06-10,45-54,Male,2228,1214.0,1.84,37,25,1.13,0.41,10.25,,,
SK_ProduktLaunch26_META,SK_ProduktLaunch26_META_Stories,Stories_v1,2026-08-22,35-44,Female,1825,994.0,1.84,61,41,2.22,0.44,18.04,1.0,18.04,Website purchases
SK_ProduktLaunch26_META,SK_ProduktLaunch26_META_Stories,Stories_v1,2026-08-23,65+,Female,946,552.0,1.71,34,17,1.83,0.54,9.18,0.0,,Website purchases
SK_ProduktLaunch26_META,SK_ProduktLaunch26_META_Reels,Reels_v1,2026-09-07,25-34,Male,3790,1855.0,2.04,125,86,2.27,0.47,40.42,3.0,13.47,Website purchases
SK_ProduktLaunch26_META,SK_ProduktLaunch26_META_Stories,Stories_v1,2026-08-30,18-24,Female,1882,1271.0,1.48,56,28,1.47,0.53,14.84,1.0,14.84,Website purchases
SK_BrandAwareness_Leto26_META,SK_BrandAwareness_Leto26_META_Video_V2,Video_v1,2026-08-08,25-34,Male,2259,1133.0,1.99,61,34,1.52,0.53,18.02,,,
SK_BrandAwareness_Leto26_META,SK_BrandAwareness_Leto26_META_Video_V2,Video_v1,2026-08-05,45-54,Female,1684,1135.0,1.48,32,20,1.2,0.65,13.0,,,
SK_BrandAwareness_Leto26_META,SK_BrandAwareness_Leto26_META_Reels,Reels_v1,2026-08-06,65+,Female,1073,822.0,1.31,34,18,1.71,0.3,5.4,,,
SK_ProduktLaunch26_META,SK_ProduktLaunch26_META_Reels,Reels_v1,2026-09-27,55-64,Male,1527,890.0,1.72,80,35,2.32,0.3,10.5,1.0,10.5,Website purchases
SK_BrandAwareness_Leto26_META,SK_BrandAwareness_Leto26_META_Carousel,Carousel_v1,2026-06-14,18-24,Male,1835,1238.0,1.48,42,20,1.07,0.4,8.0,,,
SK_ProduktLaunch26_META,SK_ProduktLaunch26_META_Feed,Feed_v1,2026-09-26,45-54,Female,1314,774.0,1.7,50,23,1.78,0.47,10.81,1.0,10.81,Website purchases
SK_ProduktLaunch26_META,SK_ProduktLaunch26_META_Stories,Stories_v1,2026-08-17,45-54,Female,1138,617.0,1.84,32,21,1.85,0.44,9.24,1.0,9.24,Website purchases
SK_BrandAwareness_Leto26_META,SK_BrandAwareness_Leto26_META_Reels,Reels_v1,2026-08-02,25-34,Male,2457,1509.0,1.63,77,36,1.45,0.4,14.4,,,
SK_BrandAwareness_Leto26_META,SK_BrandAwareness_Leto26_META_Reels,Reels_v1,2026-08-12,25-34,Female,4508,2778.0,1.62,179,79,1.75,0.45,35.55,,,
SK_ProduktLaunch26_META,SK_ProduktLaunch26_META_Reels,Reels_v1,2026-10-27,18-24,Female,2333,1157.0,2.02,74,36,1.54,0.31,11.16,1.0,11.16,Website purchases
SK_ProduktLaunch26_META,SK_ProduktLaunch26_META_Feed,Feed_v1,2026-09-21,45-54,Male,1801,1002.0,1.8,43,26,1.42,0.35,9.1,1.0,9.1,Website purchases
SK_BrandAwareness_Leto26_META,SK_BrandAwareness_Leto26_META_Carousel,Carousel_v1,2026-07-14,65+,Female,866,513.0,1.69,22,11,1.32,0.4,4.4,,,
SK_ProduktLaunch26_META,SK_ProduktLaunch26_META_Feed,Feed_v1,2026-08-25,65+,Female,928,616.0,1.51,31,16,1.73,0.41,6.56,0.0,,Website purchases
SK_ProduktLaunch26_META,SK_ProduktLaunch26_META_Stories,Stories_v1,2026-08-18,65+,Male,921,484.0,1.9,40,19,2.07,0.36,6.84,1.0,6.84,Website purchases
SK_ProduktLaunch26_META,SK_ProduktLaunch26_META_Feed,Feed_v1,2026-09-10,45-54,Male,1565,829.0,1.89,55,27,1.72,0.47,12.69,1.0,12.69,Website purchases
SK_ProduktLaunch26_META,SK_ProduktLaunch26_META_Stories,Stories_v1,2026-10-20,18-24,Male,2002,1067.0,1.88,67,40,1.98,0.36,14.4,1.0,14.4,Website purchases
SK_ProduktLaunch26_META,SK_ProduktLaunch26_META_Reels,Reels_v1,2026-09-11,35-44,Female,3074,1725.0,1.78,74,48,1.56,0.44,21.12,1.0,21.12,Website purchases
SK_BrandAwareness_Leto26_META,SK_BrandAwareness_Leto26_META_Video,Video_v1,2026-06-21,18-24,Female,2181,1225.0,1.78,49,32,1.46,0.42,13.44,,,
SK_BrandAwareness_Leto26_META,SK_BrandAwareness_Leto26_META_Video_V2,Video_v1,2026-07-15,18-24,Female,1363,684.0,1.99,39,18,1.3,0.53,9.54,,,
SK_ProduktLaunch26_META,SK_ProduktLaunch26_META_Feed,Feed_v1,2026-10-23,65+,Female,745,385.0,1.94,18,12,1.65,0.47,5.64,0.0,,Website purchases
SK_BrandAwareness_Leto26_META,SK_BrandAwareness_Leto26_META_Carousel,Carousel_v1,2026-06-24,35-44,Male,2811,1552.0,1.81,78,43,1.53,0.59,25.37,,,
SK_BrandAwareness_Leto26_META,SK_BrandAwareness_Leto26_META_Carousel,Carousel_v1,2026-07-16,25-34,Male,2278,1390.0,1.64,49,23,1.01,0.45,10.35,,,
SK_BrandAwareness_Leto26_META,SK_BrandAwareness_Leto26_META_Carousel,Carousel_v1,2026-08-12,55-64,Male,1206,567.0,2.13,27,13,1.11,0.6,7.8,,,
SK_ProduktLaunch26_META,SK_ProduktLaunch26_META_Stories,Stories_v1,2026-10-24,18-24,Male,2159,1521.0,1.42,47,31,1.45,0.49,15.19,1.0,15.19,Website purchases
SK_ProduktLaunch26_META,SK_ProduktLaunch26_META_Feed,Feed_v1,2026-08-16,45-54,Male,2286,1581.0,1.45,64,30,1.33,0.52,15.6,1.0,15.6,Website purchases
SK_BrandAwareness_Leto26_META,SK_BrandAwareness_Leto26_META_Video_V2,Video_v1,2026-07-13,25-34,Male,3568,1631.0,2.19,73,40,1.12,0.56,22.4,,,
SK_ProduktLaunch26_META,SK_ProduktLaunch26_META_Feed,Feed_v1,2026-10-07,18-24,Male,2564,1853.0,1.38,70,41,1.58,0.44,18.04,1.0,18.04,Website purchases
SK_BrandAwareness_Leto26_META,SK_BrandAwareness_Leto26_META_Carousel,Carousel_v1,2026-07-27,45-54,Female,1332,913.0,1.46,47,24,1.77,0.5,12.0,,,
SK_ProduktLaunch26_META,SK_ProduktLaunch26_META_Feed,Feed_v1,2026-09-13,55-64,Female,1691,1154.0,1.47,48,32,1.89,0.58,18.56,1.0,18.56,Website purchases
SK_ProduktLaunch26_META,SK_ProduktLaunch26_META_Feed,Feed_v1,2026-09-30,55-64,Male,1000,476.0,2.1,18,11,1.06,0.56,6.16,0.0,,Website purchases
SK_BrandAwareness_Leto26_META,SK_BrandAwareness_Leto26_META_Reels,Reels_v1,2026-06-22,45-54,Male,3837,2664.0,1.44,143,68,1.76,0.34,23.12,,,
SK_BrandAwareness_Leto26_META,SK_BrandAwareness_Leto26_META_Carousel,Carousel_v1,2026-08-10,65+,Female,713,489.0,1.46,25,13,1.82,0.49,6.37,,,
SK_BrandAwareness_Leto26_META,SK_BrandAwareness_Leto26_META_Reels,Reels_v1,2026-06-18,18-24,Female,1594,838.0,1.9,49,27,1.67,0.45,12.15,,,
SK_ProduktLaunch26_META,SK_ProduktLaunch26_META_Feed,Feed_v1,2026-08-24,18-24,Female,1083,598.0,1.81,46,20,1.84,0.53,10.6,0.0,,Website purchases
SK_ProduktLaunch26_META,SK_ProduktLaunch26_META_Reels,Reels_v1,2026-09-29,65+,Male,1067,527.0,2.02,39,20,1.87,0.37,7.4,1.0,7.4,Website purchases
SK_BrandAwareness_Leto26_META,SK_BrandAwareness_Leto26_META_Reels,Reels_v1,2026-07-12,55-64,Male,2005,1476.0,1.36,64,30,1.52,0.43,12.9,,,
SK_BrandAwareness_Leto26_META,SK_BrandAwareness_Leto26_META_Carousel,Carousel_v1,2026-07-31,55-64,Female,1067,716.0,1.49,29,16,1.49,0.5,8.0,,,
SK_ProduktLaunch26_META,SK_ProduktLaunch26_META_Stories,Stories_v1,2026-08-31,45-54,Female,2037,1273.0,1.6,64,33,1.62,0.42,13.86,1.0,13.86,Website purchases
SK_BrandAwareness_Leto26_META,SK_BrandAwareness_Leto26_META_Video_V2,Video_v1,2026-08-07,18-24,Female,2235,1313.0,1.7,69,33,1.47,0.63,20.79,,,
SK_ProduktLaunch26_META,SK_ProduktLaunch26_META_Feed,Feed_v1,2026-09-20,55-64,Male,2191,1139.0,1.92,68,35,1.58,0.44,15.4,1.0,15.4,Website purchases
SK_BrandAwareness_Leto26_META,SK_BrandAwareness_Leto26_META_Carousel,Carousel_v1,2026-06-19,55-64,Male,1845,1163.0,1.59,38,19,1.05,0.52,9.88,,,
SK_ProduktLaunch26_META,SK_ProduktLaunch26_META_Stories,Stories_v1,2026-10-19,45-54,Female,1933,1253.0,1.54,72,42,2.19,0.38,15.96,1.0,15.96,Website purchases
SK_ProduktLaunch26_META,SK_ProduktLaunch26_META_Feed,Feed_v1,2026-08-19,18-24,Female,1237,664.0,1.86,44,22,1.78,0.51,11.22,1.0,11.22,Website purchases
SK_BrandAwareness_Leto26_META,SK_BrandAwareness_Leto26_META_Video,Video_v1,2026-06-27,25-34,Male,3943,2220.0,1.78,71,41,1.05,0.54,22.14,,,
SK_BrandAwareness_Leto26_META,SK_BrandAwareness_Leto26_META_Carousel,Carousel_v1,2026-08-13,18-24,Female,1957,1138.0,1.72,42,26,1.35,0.67,17.42,,,
SK_ProduktLaunch26_META,SK_ProduktLaunch26_META_Feed,Feed_v1,2026-09-12,55-64,Male,1703,1015.0,1.68,54,24,1.42,0.55,13.2,1.0,13.2,Website purchases
SK_BrandAwareness_Leto26_META,SK_BrandAwareness_Leto26_META_Reels,Reels_v1,2026-08-03,65+,Male,1310,950.0,1.38,48,23,1.73,0.33,7.59,,,
SK_BrandAwareness_Leto26_META,SK_BrandAwareness_Leto26_META_Reels,Reels_v1,2026-07-30,35-44,Female,2489,1842.0,1.35,68,37,1.48,0.39,14.43,,,
SK_BrandAwareness_Leto26_META,SK_BrandAwareness_Leto26_META_Carousel,Carousel_v1,2026-06-03,45-54,Female,2082,976.0,2.13,60,39,1.89,0.42,16.38,,,
SK_ProduktLaunch26_META,SK_ProduktLaunch26_META_Stories,Stories_v1,2026-09-30,45-54,Female,2044,1511.0,1.35,47,26,1.27,0.45,11.7,1.0,11.7,Website purchases
SK_BrandAwareness_Leto26_META,SK_BrandAwareness_Leto26_META_Carousel,Carousel_v1,2026-08-05,35-44,Female,1576,849.0,1.86,31,19,1.2,0.48,9.12,,,
SK_ProduktLaunch26_META,SK_ProduktLaunch26_META_Feed,Feed_v1,2026-09-23,65+,Male,1066,657.0,1.62,39,18,1.71,0.49,8.82,0.0,,Website purchases
SK_ProduktLaunch26_META,SK_ProduktLaunch26_META_Reels,Reels_v1,2026-08-30,65+,Male,1604,910.0,1.76,58,37,2.3,0.47,17.39,1.0,17.39,Website purchases
SK_ProduktLaunch26_META,SK_ProduktLaunch26_META_Feed,Feed_v1,2026-08-24,55-64,Male,1618,738.0,2.19,40,18,1.1,0.52,9.36,0.0,,Website purchases
SK_ProduktLaunch26_META,SK_ProduktLaunch26_META_Reels,Reels_v1,2026-10-22,25-34,Male,3270,1891.0,1.73,156,68,2.08,0.34,23.12,2.0,11.56,Website purchases
SK_ProduktLaunch26_META,SK_ProduktLaunch26_META_Feed,Feed_v1,2026-10-25,65+,Female,1078,504.0,2.14,30,17,1.6,0.5,8.5,0.0,,Website purchases
SK_BrandAwareness_Leto26_META,SK_BrandAwareness_Leto26_META_Video,Video_v1,2026-07-01,25-34,Male,3484,1597.0,2.18,83,49,1.4,0.6,29.4,,,
SK_ProduktLaunch26_META,SK_ProduktLaunch26_META_Feed,Feed_v1,2026-08-26,18-24,Male,1551,762.0,2.04,38,26,1.67,0.49,12.74,1.0,12.74,Website purchases
SK_BrandAwareness_Leto26_META,SK_BrandAwareness_Leto26_META_Video_V2,Video_v1,2026-07-23,45-54,Male,3167,1978.0,1.6,125,56,1.77,0.41,22.96,,,
SK_ProduktLaunch26_META,SK_ProduktLaunch26_META_Feed,Feed_v1,2026-10-02,65+,Male,1172,702.0,1.67,43,21,1.76,0.42,8.82,1.0,8.82,Website purchases
SK_BrandAwareness_Leto26_META,SK_BrandAwareness_Leto26_META_Carousel,Carousel_v1,2026-08-14,18-24,Male,1156,603.0,1.92,22,12,1.03,0.54,6.48,,,
SK_BrandAwareness_Leto26_META,SK_BrandAwareness_Leto26_META_Reels,Reels_v1,2026-07-18,35-44,Female,3487,1784.0,1.95,119,57,1.63,0.3,17.1,,,
SK_BrandAwareness_Leto26_META,SK_BrandAwareness_Leto26_META_Reels,Reels_v1,2026-07-07,18-24,Female,2035,1131.0,1.8,65,33,1.64,0.44,14.52,,,
SK_ProduktLaunch26_META,SK_ProduktLaunch26_META_Reels,Reels_v1,2026-09-26,18-24,Male,1974,946.0,2.09,59,29,1.47,0.36,10.44,1.0,10.44,Website purchases
SK_ProduktLaunch26_META,SK_ProduktLaunch26_META_Reels,Reels_v1,2026-09-02,18-24,Male,3729,2258.0,1.65,72,45,1.21,0.49,22.05,1.0,22.05,Website purchases
SK_ProduktLaunch26_META,SK_ProduktLaunch26_META_Reels,Reels_v1,2026-08-23,55-64,Male,2655,1454.0,1.83,136,63,2.38,0.35,22.05,2.0,11.03,Website purchases
SK_ProduktLaunch26_META,SK_ProduktLaunch26_META_Feed,Feed_v1,2026-09-06,45-54,Female,1255,613.0,2.05,47,23,1.83,0.47,10.81,1.0,10.81,Website purchases
SK_ProduktLaunch26_META,SK_ProduktLaunch26_META_Feed,Feed_v1,2026-09-13,65+,Male,834,424.0,1.97,23,13,1.55,0.42,5.46,0.0,,Website purchases
SK_BrandAwareness_Leto26_META,SK_BrandAwareness_Leto26_META_Video,Video_v1,2026-06-10,65+,Female,900,448.0,2.01,25,14,1.56,0.58,8.12,,,
SK_BrandAwareness_Leto26_META,SK_BrandAwareness_Leto26_META_Reels,Reels_v1,2026-06-14,25-34,Female,4569,2084.0,2.19,75,43,0.95,0.37,15.91,,,
SK_BrandAwareness_Leto26_META,SK_BrandAwareness_Leto26_META_Carousel,Carousel_v1,2026-06-14,45-54,Male,1077,521.0,2.07,38,17,1.61,0.56,9.52,,,
SK_BrandAwareness_Leto26_META,SK_BrandAwareness_Leto26_META_Video_V2,Video_v1,2026-08-10,18-24,Male,2569,1918.0,1.34,73,36,1.4,0.41,14.76,,,
SK_BrandAwareness_Leto26_META,SK_BrandAwareness_Leto26_META_Video_V2,Video_v1,2026-07-12,18-24,Female,1385,679.0,2.04,33,21,1.51,0.47,9.87,,,
SK_BrandAwareness_Leto26_META,SK_BrandAwareness_Leto26_META_Video_V2,Video_v1,2026-07-07,65+,Female,1419,723.0,1.96,37,20,1.42,0.56,11.2,,,
SK_BrandAwareness_Leto26_META,SK_BrandAwareness_Leto26_META_Reels,Reels_v1,2026-06-04,45-54,Male,2258,1113.0,2.03,74,41,1.83,0.54,22.14,,,
SK_ProduktLaunch26_META,SK_ProduktLaunch26_META_Reels,Reels_v1,2026-09-22,18-24,Male,2980,1543.0,1.93,133,58,1.96,0.34,19.72,2.0,9.86,Website purchases
SK_ProduktLaunch26_META,SK_ProduktLaunch26_META_Feed,Feed_v1,2026-10-14,18-24,Male,2245,1050.0,2.14,99,45,2.0,0.56,25.2,1.0,25.2,Website purchases
SK_BrandAwareness_Leto26_META,SK_BrandAwareness_Leto26_META_Video,Video_v1,2026-06-02,45-54,Female,2183,1123.0,1.94,60,28,1.3,0.49,13.72,,,
SK_BrandAwareness_Leto26_META,SK_BrandAwareness_Leto26_META_Video,Video_v1,2026-07-05,65+,Male,1528,729.0,2.1,51,26,1.7,0.42,10.92,,,
SK_ProduktLaunch26_META,SK_ProduktLaunch26_META_Feed,Feed_v1,2026-09-12,55-64,Female,1506,864.0,1.74,32,21,1.42,0.41,8.61,1.0,8.61,Website purchases
SK_BrandAwareness_Leto26_META,SK_BrandAwareness_Leto26_META_Carousel,Carousel_v1,2026-06-08,45-54,Female,2022,1020.0,1.98,70,39,1.95,0.42,16.38,,,
SK_BrandAwareness_Leto26_META,SK_BrandAwareness_Leto26_META_Video,Video_v1,2026-07-03,18-24,Female,2670,1910.0,1.4,92,42,1.57,0.53,22.26,,,
SK_BrandAwareness_Leto26_META,SK_BrandAwareness_Leto26_META_Carousel,Carousel_v1,2026-06-03,35-44,Female,1886,1208.0,1.56,52,31,1.63,0.56,17.36,,,
SK_BrandAwareness_Leto26_META,SK_BrandAwareness_Leto26_META_Video,Video_v1,2026-06-23,18-24,Male,2766,1475.0,1.88,46,29,1.05,0.49,14.21,,,
SK_BrandAwareness_Leto26_META,SK_BrandAwareness_Leto26_META_Carousel,Carousel_v1,2026-07-17,18-24,Male,1253,715.0,1.75,39,18,1.46,0.56,10.08,,,
SK_ProduktLaunch26_META,SK_ProduktLaunch26_META_Feed,Feed_v1,2026-10-08,55-64,Male,1997,961.0,2.08,62,31,1.56,0.38,11.78,1.0,11.78,Website purchases
SK_BrandAwareness_Leto26_META,SK_BrandAwareness_Leto26_META_Reels,Reels_v1,2026-06-30,65+,Male,1610,784.0,2.05,49,23,1.4,0.55,12.65,,,
SK_ProduktLaunch26_META,SK_ProduktLaunch26_META_Feed,Feed_v1,2026-10-20,45-54,Female,1572,933.0,1.68,48,23,1.44,0.58,13.34,1.0,13.34,Website purchases
SK_ProduktLaunch26_META,SK_ProduktLaunch26_META_Reels,Reels_v1,2026-09-26,45-54,Male,2630,1271.0,2.07,81,41,1.55,0.32,13.12,1.0,13.12,Website purchases
SK_ProduktLaunch26_META,SK_ProduktLaunch26_META_Stories,Stories_v1,2026-08-23,55-64,Female,1043,603.0,1.73,46,23,2.22,0.54,12.42,1.0,12.42,Website purchases
SK_ProduktLaunch26_META,SK_ProduktLaunch26_META_Stories,Stories_v1,2026-10-09,25-34,Female,2484,1236.0,2.01,67,46,1.86,0.45,20.7,1.0,20.7,Website purchases
SK_BrandAwareness_Leto26_META,SK_BrandAwareness_Leto26_META_Carousel,Carousel_v1,2026-06-03,65+,Male,1214,602.0,2.02,23,13,1.11,0.61,7.93,,,
SK_ProduktLaunch26_META,SK_ProduktLaunch26_META_Stories,Stories_v1,2026-09-24,18-24,Female,1129,677.0,1.67,39,17,1.51,0.35,5.95,0.0,,Website purchases
SK_BrandAwareness_Leto26_META,SK_BrandAwareness_Leto26_META_Reels,Reels_v1,2026-07-07,45-54,Female,3070,1461.0,2.1,108,55,1.8,0.38,20.9,,,
SK_BrandAwareness_Leto26_META,SK_BrandAwareness_Leto26_META_Video,Video_v1,2026-06-23,65+,Female,1407,877.0,1.6,29,19,1.36,0.55,10.45,,,
SK_ProduktLaunch26_META,SK_ProduktLaunch26_META_Reels,Reels_v1,2026-10-12,35-44,Male,2074,,,50,25,1.21,0.44,11.0,1.0,11.0,Website purchases
SK_ProduktLaunch26_META,SK_ProduktLaunch26_META_Stories,Stories_v1,2026-10-16,45-54,Female,1170,840.0,1.39,32,15,1.3,0.44,6.6,0.0,,Website purchases
SK_BrandAwareness_Leto26_META,SK_BrandAwareness_Leto26_META_Carousel,Carousel_v1,2026-08-08,45-54,Female,1090,550.0,1.98,23,15,1.4,0.69,10.35,,,
SK_ProduktLaunch26_META,SK_ProduktLaunch26_META_Feed,Feed_v1,2026-10-14,25-34,Female,2335,1195.0,1.95,102,46,1.98,0.37,17.02,1.0,17.02,Website purchases
SK_BrandAwareness_Leto26_META,SK_BrandAwareness_Leto26_META_Video,Video_v1,2026-06-12,18-24,Female,2613,1909.0,1.37,77,41,1.55,0.54,22.14,,,
SK_BrandAwareness_Leto26_META,SK_BrandAwareness_Leto26_META_Carousel,Carousel_v1,2026-08-11,45-54,Female,1365,967.0,1.41,43,28,2.07,0.44,12.32,,,
SK_BrandAwareness_Leto26_META,SK_BrandAwareness_Leto26_META_Carousel,Carousel_v1,2026-07-04,65+,Female,957,519.0,1.84,21,10,1.04,0.5,5.0,,,
SK_BrandAwareness_Leto26_META,SK_BrandAwareness_Leto26_META_Video_V2,Video_v1,2026-07-12,35-44,Male,1942,1365.0,1.42,35,19,1.0,0.5,9.5,,,
SK_ProduktLaunch26_META,SK_ProduktLaunch26_META_Stories,Stories_v1,2026-09-30,35-44,Male,2148,1009.0,2.13,61,36,1.7,0.33,11.88,1.0,11.88,Website purchases
SK_BrandAwareness_Leto26_META,SK_BrandAwareness_Leto26_META_Video,Video_v1,2026-06-28,65+,Female,1450,870.0,1.67,35,22,1.49,0.43,9.46,,,
SK_ProduktLaunch26_META,SK_ProduktLaunch26_META_Reels,Reels_v1,2026-10-06,65+,Female,807,413.0,1.95,29,17,2.05,0.5,8.5,1.0,8.5,Website purchases
SK_ProduktLaunch26_META,SK_ProduktLaunch26_META_Reels,Reels_v1,2026-09-26,65+,Male,1940,959.0,2.02,46,32,1.66,0.49,15.68,1.0,15.68,Website purchases
SK_ProduktLaunch26_META,SK_ProduktLaunch26_META_Stories,Stories_v1,2026-10-26,18-24,Female,1026,592.0,1.73,33,15,1.43,0.51,7.65,0.0,,Website purchases
SK_ProduktLaunch26_META,SK_ProduktLaunch26_META_Stories,Stories_v1,2026-09-18,18-24,Male,2117,1088.0,1.95,57,29,1.38,0.37,10.73,1.0,10.73,Website purchases
SK_ProduktLaunch26_META,SK_ProduktLaunch26_META_Stories,Stories_v1,2026-10-07,65+,Female,831,416.0,2.0,23,10,1.24,0.57,5.7,0.0,,Website purchases
SK_BrandAwareness_Leto26_META,SK_BrandAwareness_Leto26_META_Video_V2,Video_v1,2026-07-07,55-64,Female,2079,1119.0,1.86,68,32,1.55,0.63,20.16,,,
SK_ProduktLaunch26_META,SK_ProduktLaunch26_META_Stories,Stories_v1,2026-10-17,25-34,Male,2664,2035.0,1.31,81,37,1.41,0.37,13.69,1.0,13.69,Website purchases
SK_ProduktLaunch26_META,SK_ProduktLaunch26_META_Reels,Reels_v1,2026-09-22,35-44,Female,3411,1563.0,2.18,101,58,1.69,0.46,26.68,2.0,13.34,Website purchases
SK_ProduktLaunch26_META,SK_ProduktLaunch26_META_Feed,Feed_v1,2026-09-16,65+,Female,1311,732.0,1.79,33,21,1.57,0.38,7.98,1.0,7.98,Website purchases
SK_ProduktLaunch26_META,SK_ProduktLaunch26_META_Reels,Reels_v1,2026-09-16,65+,Female,839,404.0,2.08,29,20,2.44,0.54,10.8,1.0,10.8,Website purchases
SK_ProduktLaunch26_META,SK_ProduktLaunch26_META_Reels,Reels_v1,2026-09-21,45-54,Female,3360,1667.0,2.02,132,60,1.8,0.42,25.2,2.0,12.6,Website purchases
SK_ProduktLaunch26_META,SK_ProduktLaunch26_META_Feed,Feed_v1,2026-08-29,55-64,Male,1414,666.0,2.12,33,22,1.54,0.57,12.54,1.0,12.54,Website purchases
SK_ProduktLaunch26_META,SK_ProduktLaunch26_META_Feed,Feed_v1,2026-10-15,45-54,Male,1441,1078.0,1.34,42,27,1.86,0.53,14.31,1.0,14.31,Website purchases
SK_BrandAwareness_Leto26_META,SK_BrandAwareness_Leto26_META_Carousel,Carousel_v1,2026-07-12,25-34,Male,3269,1772.0,1.84,153,67,2.06,0.45,30.15,,,
SK_ProduktLaunch26_META,SK_ProduktLaunch26_META_Stories,Stories_v1,2026-09-07,25-34,Female,1385,923.0,1.5,34,17,1.25,0.48,8.16,0.0,,Website purchases
SK_BrandAwareness_Leto26_META,SK_BrandAwareness_Leto26_META_Carousel,Carousel_v1,2026-07-08,45-54,Male,1837,895.0,2.05,58,27,1.46,0.56,15.12,,,
SK_ProduktLaunch26_META,SK_ProduktLaunch26_META_Stories,Stories_v1,2026-09-05,18-24,Female,1602,895.0,1.79,53,23,1.45,0.5,11.5,1.0,11.5,Website purchases
SK_BrandAwareness_Leto26_META,SK_BrandAwareness_Leto26_META_Reels,Reels_v1,2026-08-02,55-64,Male,2552,1234.0,2.07,69,31,1.23,0.49,15.19,,,
SK_BrandAwareness_Leto26_META,SK_BrandAwareness_Leto26_META_Video,Video_v1,2026-07-05,18-24,Male,3047,1687.0,1.81,91,41,1.35,0.48,19.68,,,
SK_BrandAwareness_Leto26_META,SK_BrandAwareness_Leto26_META_Carousel,Carousel_v1,2026-06-18,65+,Female,901,625.0,1.44,23,14,1.51,0.44,6.16,,,
SK_ProduktLaunch26_META,SK_ProduktLaunch26_META_Reels,Reels_v1,2026-09-21,55-64,Female,2501,1460.0,1.71,74,39,1.58,0.44,17.16,1.0,17.16,Website purchases
SK_BrandAwareness_Leto26_META,SK_BrandAwareness_Leto26_META_Carousel,Carousel_v1,2026-06-30,45-54,Female,1117,537.0,2.08,17,12,1.11,0.59,7.08,,,
SK_BrandAwareness_Leto26_META,SK_BrandAwareness_Leto26_META_Reels,Reels_v1,2026-06-06,45-54,Male,3258,2392.0,1.36,49,33,1.0,0.34,11.22,,,
SK_BrandAwareness_Leto26_META,SK_BrandAwareness_Leto26_META_Video,Video_v1,2026-06-12,55-64,Male,1922,1281.0,1.5,49,22,1.16,0.4,8.8,,,
SK_ProduktLaunch26_META,SK_ProduktLaunch26_META_Stories,Stories_v1,2026-09-25,35-44,Male,1823,1036.0,1.76,48,25,1.37,0.39,9.75,1.0,9.75,Website purchases
SK_BrandAwareness_Leto26_META,SK_BrandAwareness_Leto26_META_Reels,Reels_v1,2026-08-13,55-64,Female,2479,1740.0,1.42,68,38,1.54,0.47,17.86,,,
SK_ProduktLaunch26_META,SK_ProduktLaunch26_META_Stories,Stories_v1,2026-10-25,35-44,Male,1605,1045.0,1.54,54,32,2.02,0.5,16.0,1.0,16.0,Website purchases
SK_ProduktLaunch26_META,SK_ProduktLaunch26_META_Feed,Feed_v1,2026-09-07,55-64,Female,1915,1085.0,1.76,69,34,1.8,0.59,20.06,1.0,20.06,Website purchases
SK_BrandAwareness_Leto26_META,SK_BrandAwareness_Leto26_META_Video_V2,Video_v1,2026-07-28,35-44,Male,4158,2728.0,1.52,104,70,1.68,0.46,32.2,,,
SK_ProduktLaunch26_META,SK_ProduktLaunch26_META_Feed,Feed_v1,2026-09-06,18-24,Male,2704,1565.0,1.73,98,50,1.83,0.54,27.0,1.0,27.0,Website purchases
SK_ProduktLaunch26_META,SK_ProduktLaunch26_META_Stories,Stories_v1,2026-09-21,25-34,Male,2050,1108.0,1.85,56,35,1.71,0.33,11.55,1.0,11.55,Website purchases
SK_BrandAwareness_Leto26_META,SK_BrandAwareness_Leto26_META_Video_V2,Video_v1,2026-07-19,45-54,Female,2807,1764.0,1.59,95,48,1.72,0.64,30.72,,,
SK_BrandAwareness_Leto26_META,SK_BrandAwareness_Leto26_META_Video,Video_v1,2026-06-28,55-64,Male,1678,827.0,2.03,36,16,0.93,0.48,7.68,,,
SK_BrandAwareness_Leto26_META,SK_BrandAwareness_Leto26_META_Carousel,Carousel_v1,2026-07-03,55-64,Female,1398,1061.0,1.32,36,22,1.55,0.54,11.88,,,
SK_ProduktLaunch26_META,SK_ProduktLaunch26_META_Feed,Feed_v1,2026-09-19,25-34,Female,2863,1688.0,1.7,63,33,1.15,0.5,16.5,1.0,16.5,Website purchases
SK_ProduktLaunch26_META,SK_ProduktLaunch26_META_Stories,Stories_v1,2026-10-12,35-44,Male,2325,1691.0,1.37,83,46,1.97,0.39,17.94,1.0,17.94,Website purchases
SK_ProduktLaunch26_META,SK_ProduktLaunch26_META_Feed,Feed_v1,2026-08-29,45-54,Female,1361,625.0,2.18,42,19,1.42,0.48,9.12,0.0,,Website purchases
SK_BrandAwareness_Leto26_META,SK_BrandAwareness_Leto26_META_Reels,Reels_v1,2026-06-13,18-24,Female,2864,2193.0,1.31,97,44,1.53,0.5,22.0,,,
