Campaign Name,Campaign ID,Ad Group Name,By Day,Age,Gender,Cost,CPM,CPC,CTR,Impressions,Clicks,Conversions,Cost per Conversion,Currency
TT_PRODUKTLAUNCH26,1789010002,TopView,08/22/2026,45-54,Male,28.6,5.96,0.55,1.09,4799,52,0,,EUR
TT_PRODUKTLAUNCH26,1789010002,TopView,09/19/2026,45-54,Male,31.05,4.79,0.45,1.06,6489,69,0,,EUR
TT_PRODUKTLAUNCH26,1789010002,TopView,08/23/2026,45-54,Male,23.85,4.75,0.53,0.89,5023,45,0,,EUR
TT_PRODUKTLAUNCH26,1789010002,Spark_Ads,09/10/2026,35-44,Female,23.76,4.39,0.36,1.22,5414,66,1,23.76,EUR
TT_PRODUKTLAUNCH26,1789010002,TopView,09/11/2026,55-64,Female,19.95,5.1,0.57,0.9,3915,35,0,,EUR
TT_LETO26_BrandAware,1789010001,InFeed_Prospecting,06/09/2026,45-54,Male,12.4,4.3,0.4,1.08,2886,31,0,,EUR
TT_LETO26_BrandAware,1789010001,InFeed_Prospecting,07/10/2026,65+,Male,9.61,5.37,0.31,1.74,1789,31,0,,EUR
TT_PRODUKTLAUNCH26,1789010002,Spark_Ads,09/24/2026,35-44,Female,25.6,4.7,0.4,1.18,5442,64,1,25.6,EUR
TT_PRODUKTLAUNCH26,1789010002,Spark_Ads,08/18/2026,25-34,Female,34.31,7.89,0.47,1.68,4350,73,1,34.31,EUR
TT_PRODUKTLAUNCH26,1789010002,Spark_Ads,08/24/2026,55-64,Male,21.07,5.92,0.43,1.39,3562,49,1,21.07,EUR
TT_PRODUKTLAUNCH26,1789010002,Spark_Ads,09/07/2026,35-44,Male,21.84,4.31,0.39,1.11,5063,56,1,21.84,EUR
TT_PRODUKTLAUNCH26,1789010002,InFeed_Launch,10/06/2026,65+,Female,11.76,7.23,0.49,1.51,1626,24,0,,EUR
TT_LETO26_BrandAware,1789010001,InFeed_Retarget,08/12/2026,25-34,Male,17.34,9.8,0.34,2.87,1770,51,0,,EUR
TT_PRODUKTLAUNCH26,1789010002,TopView,10/18/2026,25-34,Male,26.88,5.13,0.48,1.08,5244,56,0,,EUR
TT_PRODUKTLAUNCH26,1789010002,InFeed_Launch,09/11/2026,45-54,Female,21.28,6.04,0.38,1.59,3524,56,1,21.28,EUR
TT_PRODUKTLAUNCH26,1789010002,Spark_Ads,09/16/2026,25-34,Female,27.26,5.62,0.47,1.2,4848,58,1,27.26,EUR
TT_LETO26_BrandAware,1789010001,InFeed_Retarget,08/07/2026,35-44,Male,10.89,8.34,0.33,2.55,1305,33,0,,EUR
TT_PRODUKTLAUNCH26,1789010002,InFeed_Launch,09/23/2026,45-54,Male,13.12,5.68,0.32,1.78,2311,41,0,,EUR
TT_PRODUKTLAUNCH26,1789010002,InFeed_Launch,10/21/2026,55-64,Female,21.56,8.62,0.49,1.77,2500,44,0,,EUR
TT_PRODUKTLAUNCH26,1789010002,InFeed_Launch,09/29/2026,18-24,Male,9.8,4.7,0.35,1.34,2085,28,0,,EUR
TT_LETO26_BrandAware,1789010001,InFeed_Prospecting,07/24/2026,35-44,Male,8.7,2.82,0.3,0.95,3086,29,0,,EUR
TT_PRODUKTLAUNCH26,1789010002,Spark_Ads,10/04/2026,55-64,Male,15.98,8.07,0.34,2.39,1981,47,1,15.98,EUR
TT_LETO26_BrandAware,1789010001,InFeed_Retarget,07/03/2026,45-54,Female,18.9,12.6,0.42,3.0,1500,45,0,,EUR
TT_LETO26_BrandAware,1789010001,InFeed_Retarget,07/11/2026,35-44,Female,9.1,8.0,0.35,2.3,1137,26,0,,EUR
TT_LETO26_BrandAware,1789010001,InFeed_Prospecting,07/02/2026,25-34,Male,19.8,3.47,0.33,1.04,5702,60,0,,EUR
TT_LETO26_BrandAware,1789010001,InFeed_Prospecting,07/25/2026,35-44,Male,17.16,3.83,0.39,0.97,4477,44,0,,EUR
TT_PRODUKTLAUNCH26,1789010002,InFeed_Launch,10/27/2026,35-44,Female,20.09,7.85,0.49,1.61,2560,41,0,,EUR
TT_PRODUKTLAUNCH26,1789010002,Spark_Ads,08/18/2026,65+,Female,13.6,5.42,0.34,1.58,2508,40,0,,EUR
TT_PRODUKTLAUNCH26,1789010002,TopView,10/15/2026,35-44,Male,37.44,5.76,0.48,1.21,6498,78,0,,EUR
TT_LETO26_BrandAware,1789010001,InFeed_Prospecting,07/30/2026,55-64,Female,18.02,5.59,0.34,1.64,3224,53,0,,EUR
TT_LETO26_BrandAware,1789010001,Spark_Awareness,08/08/2026,55-64,Female,16.5,6.82,0.33,2.06,2421,50,0,,EUR
TT_PRODUKTLAUNCH26,1789010002,TopView,08/19/2026,18-24,Female,28.67,6.56,0.61,1.08,4369,47,0,,EUR
TT_PRODUKTLAUNCH26,1789010002,TopView,10/13/2026,35-44,Female,35.4,6.87,0.6,1.14,5151,59,0,,EUR
TT_PRODUKTLAUNCH26,1789010002,InFeed_Launch,09/17/2026,45-54,Female,21.46,7.96,0.37,2.14,2696,58,1,21.46,EUR
TT_LETO26_BrandAware,1789010001,InFeed_Prospecting,08/08/2026,35-44,Female,20.3,4.11,0.35,1.18,4940,58,0,,EUR
TT_LETO26_BrandAware,1789010001,Spark_Awareness,06/27/2026,18-24,Male,10.14,4.17,0.39,1.08,2434,26,0,,EUR
TT_LETO26_BrandAware,1789010001,InFeed_Prospecting,06/20/2026,25-34,Female,30.8,5.07,0.35,1.45,6076,88,0,,EUR
TT_PRODUKTLAUNCH26,1789010002,Spark_Ads,10/24/2026,18-24,Male,31.36,6.82,0.32,2.12,4600,98,1,31.36,EUR
TT_LETO26_BrandAware,1789010001,InFeed_Prospecting,07/16/2026,25-34,Male,23.49,3.55,0.27,1.31,6614,87,0,,EUR
TT_PRODUKTLAUNCH26,1789010002,TopView,09/01/2026,65+,Male,21.08,7.91,0.62,1.26,2664,34,0,,EUR
TT_PRODUKTLAUNCH26,1789010002,Spark_Ads,10/25/2026,65+,Female,19.68,9.62,0.41,2.34,2046,48,1,19.68,EUR
TT_LETO26_BrandAware,1789010001,InFeed_Retarget,08/11/2026,35-44,Male,9.36,8.5,0.36,2.36,1101,26,0,,EUR
TT_LETO26_BrandAware,1789010001,InFeed_Retarget,06/08/2026,55-64,Female,6.4,7.38,0.4,1.87,867,16,0,,EUR
TT_LETO26_BrandAware,1789010001,Spark_Awareness,07/16/2026,35-44,Female,18.49,7.69,0.43,1.77,2403,43,0,,EUR
TT_PRODUKTLAUNCH26,1789010002,Spark_Ads,10/19/2026,25-34,Male,39.2,5.16,0.35,1.47,7601,112,1,39.2,EUR
TT_PRODUKTLAUNCH26,1789010002,InFeed_Launch,10/06/2026,18-24,Female,23.76,8.27,0.44,1.87,2873,54,1,23.76,EUR
TT_LETO26_BrandAware,1789010001,InFeed_Prospecting,08/10/2026,45-54,Female,17.22,7.91,0.42,1.9,2177,41,0,,EUR
TT_LETO26_BrandAware,1789010001,InFeed_Prospecting,06/03/2026,25-34,Female,22.23,3.93,0.39,1.01,5660,57,0,,EUR
TT_LETO26_BrandAware,1789010001,InFeed_Prospecting,06/29/2026,25-34,Female,29.92,6.74,0.34,1.99,4441,88,0,,EUR
TT_PRODUKTLAUNCH26,1789010002,TopView,10/01/2026,35-44,Female,35.84,6.46,0.56,1.15,5548,64,0,,EUR
TT_PRODUKTLAUNCH26,1789010002,Spark_Ads,08/24/2026,65+,Male,15.81,6.0,0.31,1.93,2634,51,1,15.81,EUR
TT_LETO26_BrandAware,1789010001,InFeed_Prospecting,06/06/2026,18-24,Female,18.06,5.64,0.43,1.31,3202,42,0,,EUR
TT_LETO26_BrandAware,1789010001,InFeed_Prospecting,06/02/2026,55-64,Female,6.56,4.6,0.41,1.13,1427,16,0,,EUR
TT_PRODUKTLAUNCH26,1789010002,TopView,10/04/2026,35-44,Female,39.06,5.72,0.63,0.91,6828,62,0,,EUR
TT_LETO26_BrandAware,1789010001,Spark_Awareness,06/04/2026,35-44,Female,11.78,5.77,0.31,1.86,2041,38,0,,EUR
TT_PRODUKTLAUNCH26,1789010002,TopView,09/19/2026,25-34,Female,29.28,4.41,0.48,0.92,6644,61,0,,EUR
TT_PRODUKTLAUNCH26,1789010002,TopView,08/31/2026,45-54,Female,30.16,7.15,0.58,1.23,4220,52,0,,EUR
TT_LETO26_BrandAware,1789010001,Spark_Awareness,07/26/2026,55-64,Female,10.54,5.99,0.34,1.79,1760,31,0,,EUR
TT_LETO26_BrandAware,1789010001,InFeed_Prospecting,07/04/2026,45-54,Female,25.08,6.37,0.38,1.66,3938,66,0,,EUR
TT_LETO26_BrandAware,1789010001,InFeed_Retarget,06/03/2026,45-54,Female,16.8,14.12,0.48,2.92,1190,35,0,,EUR
TT_LETO26_BrandAware,1789010001,InFeed_Retarget,06/28/2026,65+,Male,4.62,7.99,0.42,1.98,578,11,0,,EUR
TT_LETO26_BrandAware,1789010001,InFeed_Prospecting,06/05/2026,18-24,Male,18.7,4.22,0.34,1.24,4432,55,0,,EUR
TT_PRODUKTLAUNCH26,1789010002,Spark_Ads,10/24/2026,55-64,Male,20.44,4.99,0.28,1.78,4098,73,1,20.44,EUR
TT_PRODUKTLAUNCH26,1789010002,TopView,10/22/2026,45-54,Male,34.68,5.68,0.68,0.84,6102,51,0,,EUR
TT_LETO26_BrandAware,1789010001,Spark_Awareness,06/04/2026,18-24,Male,14.85,6.22,0.33,1.9,2387,45,0,,EUR
TT_LETO26_BrandAware,1789010001,InFeed_Retarget,06/17/2026,25-34,Male,10.88,5.0,0.32,1.56,2177,34,0,,EUR
TT_LETO26_BrandAware,1789010001,InFeed_Prospecting,06/04/2026,45-54,Female,18.15,6.49,0.33,1.98,2797,55,0,,EUR
TT_LETO26_BrandAware,1789010001,Spark_Awareness,06/28/2026,25-34,Female,36.54,8.32,0.42,1.99,4390,87,0,,EUR
TT_LETO26_BrandAware,1789010001,InFeed_Prospecting,08/04/2026,65+,Male,5.2,4.27,0.4,1.08,1219,13,0,,EUR
TT_PRODUKTLAUNCH26,1789010002,TopView,10/08/2026,45-54,Female,40.32,5.97,0.64,0.93,6757,63,0,,EUR
TT_LETO26_BrandAware,1789010001,InFeed_Retarget,06/25/2026,18-24,Male,11.34,12.01,0.42,2.88,944,27,0,,EUR
TT_PRODUKTLAUNCH26,1789010002,TopView,09/24/2026,45-54,Male,37.12,7.09,0.58,1.22,5236,64,0,,EUR
TT_LETO26_BrandAware,1789010001,InFeed_Prospecting,06/01/2026,35-44,Male,22.32,6.21,0.36,1.74,3597,62,0,,EUR
TT_LETO26_BrandAware,1789010001,InFeed_Prospecting,07/12/2026,45-54,Female,9.24,4.12,0.42,0.99,2244,22,0,,EUR
TT_PRODUKTLAUNCH26,1789010002,InFeed_Launch,10/06/2026,25-34,Female,25.96,7.85,0.44,1.79,3306,59,1,25.96,EUR
TT_LETO26_BrandAware,1789010001,InFeed_Prospecting,06/15/2026,18-24,Male,22.94,5.42,0.31,1.74,4231,74,0,,EUR
TT_PRODUKTLAUNCH26,1789010002,TopView,10/21/2026,55-64,Male,48.19,8.43,0.61,1.38,5717,79,0,,EUR
TT_LETO26_BrandAware,1789010001,InFeed_Retarget,08/01/2026,65+,Female,7.65,10.94,0.45,2.39,699,17,0,,EUR
TT_LETO26_BrandAware,1789010001,InFeed_Retarget,07/16/2026,35-44,Female,18.4,12.19,0.46,2.63,1509,40,0,,EUR
TT_LETO26_BrandAware,1789010001,Spark_Awareness,07/07/2026,18-24,Female,16.2,5.87,0.36,1.63,2762,45,0,,EUR
TT_LETO26_BrandAware,1789010001,Spark_Awareness,07/13/2026,55-64,Female,10.73,6.55,0.37,1.74,1638,29,0,,EUR
TT_LETO26_BrandAware,1789010001,InFeed_Prospecting,06/02/2026,18-24,Female,30.8,7.68,0.44,1.75,4009,70,0,,EUR
TT_PRODUKTLAUNCH26,1789010002,Spark_Ads,08/27/2026,65+,Male,11.48,6.15,0.41,1.52,1868,28,0,,EUR
TT_LETO26_BrandAware,1789010001,InFeed_Retarget,08/02/2026,25-34,Male,25.62,11.16,0.42,2.68,2295,61,0,,EUR
TT_PRODUKTLAUNCH26,1789010002,Spark_Ads,10/09/2026,18-24,Male,24.32,8.11,0.38,2.14,2999,64,1,24.32,EUR
TT_LETO26_BrandAware,1789010001,InFeed_Prospecting,06/25/2026,18-24,Female,12.76,4.98,0.44,1.13,2561,29,0,,EUR
TT_LETO26_BrandAware,1789010001,InFeed_Prospecting,07/08/2026,25-34,Female,18.36,6.38,0.36,1.76,2877,51,0,,EUR
TT_PRODUKTLAUNCH26,1789010002,Spark_Ads,10/19/2026,65+,Male,19.32,7.54,0.42,1.78,2563,46,1,19.32,EUR
TT_LETO26_BrandAware,1789010001,InFeed_Retarget,06/20/2026,25-34,Female,8.82,8.0,0.42,1.9,1102,21,0,,EUR
TT_LETO26_BrandAware,1789010001,InFeed_Retarget,06/15/2026,35-44,Male,19.5,11.67,0.5,2.35,1671,39,0,,EUR
TT_PRODUKTLAUNCH26,1789010002,TopView,08/21/2026,45-54,Male,42.09,5.88,0.69,0.86,7155,61,0,,EUR
TT_PRODUKTLAUNCH26,1789010002,TopView,09/11/2026,25-34,Female,27.14,3.56,0.59,0.6,7621,46,0,,EUR
TT_LETO26_BrandAware,1789010001,InFeed_Prospecting,08/12/2026,65+,Female,5.58,4.84,0.31,1.59,1154,18,0,,EUR
TT_LETO26_BrandAware,1789010001,InFeed_Prospecting,07/03/2026,35-44,Female,18.15,6.0,0.33,1.8,3025,55,0,,EUR
TT_LETO26_BrandAware,1789010001,InFeed_Retarget,06/16/2026,25-34,Female,12.92,11.09,0.38,2.9,1165,34,0,,EUR
TT_PRODUKTLAUNCH26,1789010002,InFeed_Launch,08/18/2026,55-64,Female,18.87,11.23,0.51,2.19,1681,37,0,,EUR
TT_PRODUKTLAUNCH26,1789010002,TopView,10/08/2026,18-24,Male,17.28,2.89,0.48,0.6,5980,36,0,,EUR
TT_LETO26_BrandAware,1789010001,InFeed_Retarget,08/14/2026,65+,Male,11.25,12.49,0.45,2.74,901,25,0,,EUR
TT_LETO26_BrandAware,1789010001,InFeed_Retarget,07/29/2026,25-34,Male,32.16,13.43,0.48,2.81,2394,67,1,32.16,EUR
TT_PRODUKTLAUNCH26,1789010002,InFeed_Launch,09/25/2026,35-44,Male,18.36,6.23,0.34,1.85,2947,54,1,18.36,EUR
TT_PRODUKTLAUNCH26,1789010002,InFeed_Launch,09/04/2026,45-54,Female,19.89,7.46,0.51,1.46,2665,39,0,,EUR
TT_PRODUKTLAUNCH26,1789010002,InFeed_Launch,09/08/2026,45-54,Male,12.48,4.25,0.32,1.32,2935,39,0,,EUR
TT_PRODUKTLAUNCH26,1789010002,Spark_Ads,10/25/2026,18-24,Female,19.35,7.68,0.43,1.77,2518,45,1,19.35,EUR
TT_LETO26_BrandAware,1789010001,InFeed_Prospecting,07/16/2026,65+,Female,16.8,8.1,0.42,1.92,2075,40,0,,EUR
TT_PRODUKTLAUNCH26,1789010002,Spark_Ads,09/09/2026,45-54,Male,17.94,5.55,0.39,1.42,3235,46,1,17.94,EUR
TT_PRODUKTLAUNCH26,1789010002,Spark_Ads,10/03/2026,25-34,Male,32.19,4.19,0.37,1.13,7676,87,1,32.19,EUR
TT_PRODUKTLAUNCH26,1789010002,Spark_Ads,10/04/2026,25-34,Female,41.36 EUR,7.45,0.44,1.7,5552,94,1,41.36,EUR
TT_LETO26_BrandAware,1789010001,InFeed_Prospecting,06/30/2026,45-54,Female,11.7,2.7,0.3,0.9,4335,39,0,,EUR
TT_LETO26_BrandAware,1789010001,InFeed_Prospecting,06/06/2026,35-44,Male,18.13,6.12,0.37,1.66,2960,49,0,,EUR
TT_LETO26_BrandAware,1789010001,InFeed_Prospecting,06/09/2026,35-44,Female,11.47,4.4,0.31,1.41,2609,37,0,,EUR
TT_LETO26_BrandAware,1789010001,InFeed_Retarget,06/25/2026,65+,Male,6.86,9.84,0.49,2.06,697,14,0,,EUR
TT_PRODUKTLAUNCH26,1789010002,Spark_Ads,10/03/2026,45-54,Male,15.12,5.54,0.28,1.96,2730,54,1,15.12,EUR
TT_PRODUKTLAUNCH26,1789010002,InFeed_Launch,09/29/2026,25-34,Female,29.28,11.37,0.48,2.37,2576,61,1,29.28,EUR
TT_LETO26_BrandAware,1789010001,Spark_Awareness,08/10/2026,65+,Male,2.61,2.94,0.29,1.06,889,9,0,,EUR
TT_PRODUKTLAUNCH26,1789010002,Spark_Ads,10/06/2026,65+,Male,13.44,5.34,0.28,1.89,2516,48,1,13.44,EUR
TT_PRODUKTLAUNCH26,1789010002,InFeed_Launch,09/15/2026,25-34,Female,19.2,5.0,0.3,1.66,3842,64,1,19.2,EUR
TT_LETO26_BrandAware,1789010001,InFeed_Retarget,07/25/2026,25-34,Female,9.86,6.7,0.34,1.98,1472,29,0,,EUR
TT_PRODUKTLAUNCH26,1789010002,TopView,10/18/2026,25-34,Female,37.8,4.75,0.42,1.13,7955,90,1,37.8,EUR
TT_PRODUKTLAUNCH26,1789010002,Spark_Ads,08/29/2026,35-44,Female,36.75,5.73,0.35,1.64,6417,105,1,36.75,EUR
TT_PRODUKTLAUNCH26,1789010002,Spark_Ads,09/30/2026,35-44,Male,33.75,7.28,0.45,1.62,4636,75,1,33.75,EUR
TT_PRODUKTLAUNCH26,1789010002,InFeed_Launch,08/17/2026,18-24,Female,15.12,5.08,0.36,1.43,2975,42,0,,EUR
TT_PRODUKTLAUNCH26,1789010002,Spark_Ads,10/24/2026,65+,Female,21.84,8.15,0.42,1.96,2679,52,1,21.84,EUR
TT_PRODUKTLAUNCH26,1789010002,TopView,08/16/2026,18-24,Female,12.4,4.08,0.62,0.66,3040,20,0,,EUR
TT_LETO26_BrandAware,1789010001,InFeed_Retarget,07/14/2026,25-34,Male,8.37,4.74,0.31,1.51,1766,27,0,,EUR
TT_PRODUKTLAUNCH26,1789010002,Spark_Ads,08/23/2026,25-34,Male,57.96,10.48,0.46,2.28,5528,126,2,28.98,EUR
TT_PRODUKTLAUNCH26,1789010002,Spark_Ads,09/22/2026,18-24,Male,40.95,8.08,0.35,2.31,5065,117,1,40.95,EUR
TT_LETO26_BrandAware,1789010001,InFeed_Prospecting,06/04/2026,18-24,Female,20.4,6.71,0.4,1.68,3041,51,0,,EUR
TT_LETO26_BrandAware,1789010001,Spark_Awareness,06/06/2026,35-44,Male,20.24,5.1,0.44,1.15,3967,46,0,,EUR
TT_LETO26_BrandAware,1789010001,InFeed_Prospecting,06/03/2026,55-64,Male,10.92 EUR,4.88,0.42,1.16,2238,26,0,,EUR
TT_LETO26_BrandAware,1789010001,InFeed_Prospecting,06/15/2026,55-64,Male,11.89,5.23,0.41,1.25,2275,29,0,,EUR
TT_LETO26_BrandAware,1789010001,InFeed_Prospecting,06/23/2026,18-24,Male,34.44,7.39,0.42,1.77,4661,82,0,,EUR
TT_PRODUKTLAUNCH26,1789010002,Spark_Ads,09/18/2026,35-44,Female,31.59,5.19,0.39,1.34,6087,81,1,31.59,EUR
TT_LETO26_BrandAware,1789010001,InFeed_Prospecting,08/03/2026,18-24,Male,11.02,4.54,0.29,1.55,2427,38,0,,EUR
TT_PRODUKTLAUNCH26,1789010002,Spark_Ads,10/28/2026,25-34,Male,36.83,4.56,0.29,1.57,8071,127,2,18.41,EUR
TT_LETO26_BrandAware,1789010001,InFeed_Retarget,06/10/2026,18-24,Female,6.12,5.47,0.36,1.53,1119,17,0,,EUR
TT_LETO26_BrandAware,1789010001,InFeed_Retarget,07/05/2026,55-64,Female,9.6,7.7,0.4,1.91,1246,24,0,,EUR
TT_PRODUKTLAUNCH26,1789010002,Spark_Ads,10/17/2026,55-64,Female,27.6,8.99,0.46,1.94,3070,60,1,27.6,EUR
TT_PRODUKTLAUNCH26,1789010002,InFeed_Launch,10/02/2026,55-64,Male,20.58,7.69,0.42,1.84,2675,49,0,,EUR
TT_PRODUKTLAUNCH26,1789010002,InFeed_Launch,10/03/2026,65+,Female,13.05,8.49,0.45,1.91,1538,29,0,,EUR
TT_PRODUKTLAUNCH26,1789010002,Spark_Ads,09/13/2026,35-44,Female,24.2,5.17,0.44,1.18,4684,55,1,24.2,EUR
TT_PRODUKTLAUNCH26,1789010002,InFeed_Launch,10/06/2026,55-64,Male,18.06,10.77,0.43,2.48,1677,42,0,,EUR
TT_PRODUKTLAUNCH26,1789010002,TopView,08/15/2026,18-24,Female,24.08,5.8,0.43,1.34,4155,56,0,,EUR
TT_LETO26_BrandAware,1789010001,InFeed_Prospecting,06/11/2026,55-64,Female,13.2,5.71,0.3,1.92,2310,44,0,,EUR
TT_LETO26_BrandAware,1789010001,Spark_Awareness,07/27/2026,55-64,Female,7.56,6.44,0.42,1.55,1174,18,0,,EUR
TT_PRODUKTLAUNCH26,1789010002,Spark_Ads,09/02/2026,55-64,Male,30.36,10.02,0.44,2.29,3029,69,1,30.36,EUR
TT_PRODUKTLAUNCH26,1789010002,Spark_Ads,08/25/2026,35-44,Male,39.6,7.44,0.44,1.69,5323,90,1,39.6,EUR
TT_PRODUKTLAUNCH26,1789010002,TopView,10/12/2026,55-64,Male,33.39,7.95,0.63,1.27,4202,53,0,,EUR
TT_PRODUKTLAUNCH26,1789010002,TopView,09/19/2026,25-34,Male,53.82,6.27,0.46,1.36,8579,117,1,53.82,EUR
TT_LETO26_BrandAware,1789010001,InFeed_Prospecting,08/05/2026,18-24,Male,29.93,7.91,0.41,1.93,3784,73,0,,EUR
TT_LETO26_BrandAware,1789010001,InFeed_Prospecting,07/01/2026,25-34,Male,27.2,4.27,0.4,1.06,6369,68,0,,EUR
TT_PRODUKTLAUNCH26,1789010002,TopView,10/04/2026,45-54,Female,33.8,6.77,0.52,1.31,4991,65,0,,EUR
TT_PRODUKTLAUNCH26,1789010002,InFeed_Launch,10/12/2026,45-54,Female,22.94,7.5,0.37,2.04,3060,62,1,22.94,EUR
TT_LETO26_BrandAware,1789010001,InFeed_Prospecting,06/01/2026,18-24,Male,24.36,6.09,0.42,1.45,4001,58,0,,EUR
TT_PRODUKTLAUNCH26,1789010002,InFeed_Launch,08/27/2026,18-24,Male,9.3,4.5,0.3,1.5,2068,31,0,,EUR
TT_LETO26_BrandAware,1789010001,InFeed_Retarget,07/28/2026,35-44,Female,24.51,12.51,0.43,2.92,1959,57,0,,EUR
TT_LETO26_BrandAware,1789010001,InFeed_Retarget,06/16/2026,65+,Female,7.26,9.21,0.33,2.76,788,22,0,,EUR
TT_LETO26_BrandAware,1789010001,Spark_Awareness,07/04/2026,65+,Male,7.05,5.49,0.47,1.2,1283,15,0,,EUR
TT_LETO26_BrandAware,1789010001,InFeed_Prospecting,08/06/2026,18-24,Female,16.34,5.86,0.38,1.56,2787,43,0,,EUR
TT_LETO26_BrandAware,1789010001,InFeed_Prospecting,08/03/2026,18-24,Female,20.64,4.9,0.43,1.15,4215,48,0,,EUR
TT_LETO26_BrandAware,1789010001,InFeed_Prospecting,07/24/2026,45-54,Female,8.7,4.39,0.3,1.48,1980,29,0,,EUR
TT_PRODUKTLAUNCH26,1789010002,TopView,08/31/2026,55-64,Female,21.15,5.0,0.45,1.1,4227,47,0,,EUR
TT_LETO26_BrandAware,1789010001,InFeed_Retarget,07/24/2026,65+,Male,4.48,6.26,0.32,1.92,716,14,0,,EUR
TT_PRODUKTLAUNCH26,1789010002,Spark_Ads,09/17/2026,25-34,Female,41.65,6.49,0.49,1.33,6415,85,1,41.65,EUR
TT_PRODUKTLAUNCH26,1789010002,TopView,10/24/2026,65+,Male,16.65,4.28,0.45,0.96,3891,37,0,,EUR
TT_LETO26_BrandAware,1789010001,InFeed_Prospecting,07/13/2026,55-64,Female,15.54,6.11,0.37,1.67,2545,42,0,,EUR
TT_LETO26_BrandAware,1789010001,InFeed_Prospecting,06/04/2026,25-34,Female,26.98,7.4,0.38,1.94,3644,71,0,,EUR
TT_LETO26_BrandAware,1789010001,InFeed_Retarget,08/13/2026,55-64,Male,16.38,11.44,0.42,2.73,1432,39,0,,EUR
TT_LETO26_BrandAware,1789010001,Spark_Awareness,06/13/2026,25-34,Female,21.0,5.02,0.42,1.2,4184,50,0,,EUR
TT_LETO26_BrandAware,1789010001,Spark_Awareness,07/31/2026,25-34,Female,32.64,7.45,0.48,1.56,4381,68,0,,EUR
TT_PRODUKTLAUNCH26,1789010002,Spark_Ads,09/05/2026,45-54,Female,25.5,5.52,0.3,1.84,4616,85,1,25.5,EUR
TT_LETO26_BrandAware,1789010001,InFeed_Prospecting,07/16/2026,55-64,Female,13.64,8.69,0.44,1.95,1570,31,0,,EUR
TT_LETO26_BrandAware,1789010001,InFeed_Prospecting,07/05/2026,65+,Female,2.97,3.12,0.27,1.18,953,11,0,,EUR
TT_LETO26_BrandAware,1789010001,InFeed_Prospecting,06/19/2026,65+,Male,13.3,5.55,0.35,1.58,2397,38,0,,EUR
TT_LETO26_BrandAware,1789010001,InFeed_Retarget,07/01/2026,18-24,Male,8.0,9.31,0.32,2.88,859,25,0,,EUR
TT_PRODUKTLAUNCH26,1789010002,TopView,09/10/2026,65+,Female,11.88,6.04,0.54,1.1,1967,22,0,,EUR
TT_LETO26_BrandAware,1789010001,InFeed_Retarget,07/25/2026,35-44,Male,13.32,10.33,0.37,2.77,1289,36,0,,EUR
TT_PRODUKTLAUNCH26,1789010002,Spark_Ads,09/02/2026,45-54,Male,11.84,4.2,0.32,1.31,2821,37,0,,EUR
TT_LETO26_BrandAware,1789010001,InFeed_Retarget,07/12/2026,55-64,Female,7.6,6.73,0.38,1.78,1130,20,0,,EUR
TT_PRODUKTLAUNCH26,1789010002,Spark_Ads,09/14/2026,65+,Male,10.64,7.45,0.38,1.94,1428,28,0,,EUR
TT_LETO26_BrandAware,1789010001,InFeed_Prospecting,06/06/2026,25-34,Male,19.2,3.47,0.3,1.16,5532,64,0,,EUR
TT_LETO26_BrandAware,1789010001,InFeed_Prospecting,07/06/2026,35-44,Female,17.55,7.18,0.45,1.58,2445,39,0,,EUR
TT_PRODUKTLAUNCH26,1789010002,Spark_Ads,08/30/2026,65+,Male,24.44,8.45,0.47,1.81,2892,52,1,24.44,EUR
TT_PRODUKTLAUNCH26,1789010002,InFeed_Launch,09/28/2026,45-54,Male,19.27,9.9,0.41,2.41,1946,47,0,,EUR
TT_LETO26_BrandAware,1789010001,InFeed_Prospecting,08/05/2026,35-44,Female,13.23,3.37,0.27,1.26,3928,49,0,,EUR
TT_LETO26_BrandAware,1789010001,InFeed_Retarget,08/06/2026,45-54,Female,12.22 EUR,10.88,0.47,2.29,1123,26,0,,EUR
TT_LETO26_BrandAware,1789010001,InFeed_Prospecting,07/26/2026,45-54,Female,13.12,4.08,0.32,1.29,3213,41,0,,EUR
TT_LETO26_BrandAware,1789010001,InFeed_Retarget,06/23/2026,35-44,Male,22.54,9.93,0.49,2.03,2271,46,0,,EUR
TT_PRODUKTLAUNCH26,1789010002,TopView,10/22/2026,25-34,Female,19.8,3.94,0.55,0.71,5022,36,0,,EUR
TT_LETO26_BrandAware,1789010001,Spark_Awareness,07/31/2026,35-44,Male,15.91,5.05,0.43,1.16,3153,37,0,,EUR
TT_LETO26_BrandAware,1789010001,InFeed_Retarget,07/18/2026,18-24,Female,9.92,9.15,0.31,2.99,1084,32,0,,EUR
TT_LETO26_BrandAware,1789010001,InFeed_Prospecting,08/01/2026,65+,Female,4.9,4.41,0.35,1.28,1110,14,0,,EUR
TT_LETO26_BrandAware,1789010001,Spark_Awareness,06/24/2026,18-24,Male,19.98,6.69,0.37,1.81,2987,54,0,,EUR
TT_LETO26_BrandAware,1789010001,Spark_Awareness,08/02/2026,45-54,Female,9.28,5.61,0.29,1.91,1654,32,0,,EUR
TT_PRODUKTLAUNCH26,1789010002,TopView,10/04/2026,25-34,Female,24.91,4.69,0.53,0.89,5309,47,0,,EUR
TT_PRODUKTLAUNCH26,1789010002,Spark_Ads,09/03/2026,35-44,Male,33.99,5.15,0.33,1.57,6606,103,1,33.99,EUR
TT_LETO26_BrandAware,1789010001,InFeed_Retarget,07/06/2026,25-34,Male,8.88,7.5,0.37,2.05,1184,24,0,,EUR
TT_PRODUKTLAUNCH26,1789010002,InFeed_Launch,09/07/2026,35-44,Female,45.6,11.19,0.48,2.32,4076,95,1,45.6,EUR
TT_PRODUKTLAUNCH26,1789010002,Spark_Ads,10/22/2026,45-54,Male,28.2,8.13,0.47,1.72,3470,60,1,28.2,EUR
TT_PRODUKTLAUNCH26,1789010002,TopView,09/17/2026,45-54,Female,18.48,4.32,0.66,0.65,4279,28,0,,EUR
TT_LETO26_BrandAware,1789010001,InFeed_Prospecting,07/06/2026,55-64,Male,15.05,5.11,0.35,1.45,2948,43,0,,EUR
TT_PRODUKTLAUNCH26,1789010002,InFeed_Launch,09/30/2026,45-54,Female,27.56,12.95,0.52,2.49,2128,53,1,27.56,EUR
TT_PRODUKTLAUNCH26,1789010002,InFeed_Launch,10/24/2026,18-24,Female,26.04,9.15,0.42,2.18,2847,62,1,26.04,EUR
TT_PRODUKTLAUNCH26,1789010002,InFeed_Launch,10/01/2026,45-54,Male,19.74,10.41,0.42,2.48,1897,47,0,,EUR
TT_PRODUKTLAUNCH26,1789010002,TopView,09/18/2026,25-34,Male,25.92,2.99,0.48,0.62,8680,54,0,,EUR
TT_LETO26_BrandAware,1789010001,InFeed_Retarget,07/05/2026,55-64,Male,15.4,12.58,0.44,2.88,1224,35,0,,EUR
TT_LETO26_BrandAware,1789010001,InFeed_Prospecting,07/24/2026,55-64,Male,18.04,4.91,0.41,1.21,3673,44,0,,EUR
TT_PRODUKTLAUNCH26,1789010002,TopView,10/23/2026,25-34,Female,33.2,4.55,0.4,1.14,7296,83,0,,EUR
TT_LETO26_BrandAware,1789010001,Spark_Awareness,06/25/2026,65+,Male,7.8,6.22,0.3,2.09,1255,26,0,,EUR
TT_LETO26_BrandAware,1789010001,Spark_Awareness,07/08/2026,55-64,Female,8.4,5.92,0.3,1.95,1418,28,0,,EUR
TT_PRODUKTLAUNCH26,1789010002,TopView,10/10/2026,18-24,Female,18.72,5.55,0.52,1.05,3371,36,0,,EUR
TT_LETO26_BrandAware,1789010001,InFeed_Retarget,06/06/2026,55-64,Male,12.6,9.35,0.42,2.26,1347,30,0,,EUR
TT_LETO26_BrandAware,1789010001,Spark_Awareness,07/07/2026,65+,Male,5.64,6.82,0.47,1.51,827,12,0,,EUR
TT_PRODUKTLAUNCH26,1789010002,Spark_Ads,10/13/2026,45-54,Male,29.97,5.22,0.37,1.41,5740,81,1,29.97,EUR
TT_PRODUKTLAUNCH26,1789010002,TopView,10/14/2026,55-64,Male,31.49,5.41,0.67,0.8,5826,47,0,,EUR
TT_LETO26_BrandAware,1789010001,InFeed_Prospecting,06/07/2026,55-64,Female,9.24,4.41,0.28,1.57,2094,33,0,,EUR
TT_LETO26_BrandAware,1789010001,InFeed_Prospecting,07/27/2026,65+,Male,13.69,5.79,0.37,1.57,2365,37,0,,EUR
TT_PRODUKTLAUNCH26,1789010002,TopView,09/21/2026,55-64,Male,22.05,6.03,0.45,1.34,3655,49,0,,EUR
TT_PRODUKTLAUNCH26,1789010002,Spark_Ads,10/10/2026,25-34,Male,33.21,8.17,0.41,1.99,4063,81,1,33.21,EUR
TT_LETO26_BrandAware,1789010001,Spark_Awareness,06/02/2026,65+,Female,10.08,7.43,0.48,1.57,1357,21,0,,EUR
TT_LETO26_BrandAware,1789010001,InFeed_Prospecting,07/30/2026,35-44,Male,18.33,6.75,0.39,1.75,2715,47,0,,EUR
TT_LETO26_BrandAware,1789010001,Spark_Awareness,06/21/2026,65+,Male,14.1,9.19,0.47,1.97,1534,30,0,,EUR
TT_PRODUKTLAUNCH26,1789010002,TopView,10/23/2026,55-64,Male,13.05,4.75,0.45,1.06,2749,29,0,,EUR
TT_LETO26_BrandAware,1789010001,InFeed_Retarget,06/21/2026,45-54,Male,9.52,7.95,0.34,2.34,1198,28,0,,EUR
TT_LETO26_BrandAware,1789010001,InFeed_Prospecting,06/10/2026,25-34,Male,25.9,3.9,0.35,1.11,6639,74,0,,EUR
TT_LETO26_BrandAware,1789010001,InFeed_Prospecting,06/30/2026,25-34,Female,29.12,4.93,0.26,1.89,5907,112,0,,EUR
TT_PRODUKTLAUNCH26,1789010002,Spark_Ads,10/06/2026,35-44,Female,34.0,5.21,0.4,1.3,6530,85,1,34.0,EUR
TT_LETO26_BrandAware,1789010001,Spark_Awareness,06/28/2026,35-44,Male,12.6,5.08,0.36,1.39,2480,35,0,,EUR
TT_PRODUKTLAUNCH26,1789010002,InFeed_Launch,09/13/2026,65+,Male,5.94,4.28,0.33,1.31,1387,18,0,,EUR
TT_PRODUKTLAUNCH26,1789010002,TopView,09/03/2026,45-54,Male,11.7,2.71,0.45,0.61,4317,26,0,,EUR
TT_LETO26_BrandAware,1789010001,InFeed_Prospecting,07/21/2026,65+,Male,8.2,4.48,0.41,1.07,1832,20,0,,EUR
TT_PRODUKTLAUNCH26,1789010002,TopView,10/01/2026,18-24,Female,15.34,3.99,0.59,0.67,3840,26,0,,EUR
TT_PRODUKTLAUNCH26,1789010002,InFeed_Launch,10/22/2026,45-54,Female,25.48,8.54,0.49,1.74,2985,52,1,25.48,EUR
TT_PRODUKTLAUNCH26,1789010002,TopView,09/05/2026,65+,Female,12.4,5.64,0.4,1.4,2197,31,0,,EUR
TT_PRODUKTLAUNCH26,1789010002,TopView,10/04/2026,45-54,Male,41.58,6.32,0.66,0.97,6574,63,0,,EUR
TT_PRODUKTLAUNCH26,1789010002,Spark_Ads,09/22/2026,25-34,Female,42.7,7.79,0.35,2.22,5482,122,1,42.7,EUR
TT_PRODUKTLAUNCH26,1789010002,TopView,09/21/2026,35-44,Female,36.0,6.53,0.48,1.37,5516,75,0,,EUR
TT_LETO26_BrandAware,1789010001,Spark_Awareness,06/20/2026,45-54,Female,8.2,4.44,0.41,1.11,1847,20,0,,EUR
TT_LETO26_BrandAware,1789010001,Spark_Awareness,06/19/2026,65+,Female,9.0,7.4,0.36,2.09,1217,25,0,,EUR
TT_LETO26_BrandAware,1789010001,InFeed_Prospecting,07/21/2026,45-54,Female,16.45,4.63,0.35,1.32,3554,47,0,,EUR
TT_LETO26_BrandAware,1789010001,Spark_Awareness,06/01/2026,35-44,Male,26.24,6.53,0.32,2.04,4020,82,0,,EUR
TT_PRODUKTLAUNCH26,1789010002,Spark_Ads,08/20/2026,35-44,Female,46.24,7.1,0.34,2.09,6514,136,2,23.12,EUR
TT_PRODUKTLAUNCH26,1789010002,TopView,09/22/2026,65+,Female,9.43,3.11,0.41,0.76,3031,23,0,,EUR
TT_LETO26_BrandAware,1789010001,InFeed_Prospecting,08/10/2026,25-34,Female,23.14,3.77,0.26,1.44,6139,89,0,,EUR
TT_PRODUKTLAUNCH26,1789010002,TopView,10/22/2026,55-64,Male,26.8,7.29,0.67,1.1,3674,40,0,,EUR
TT_LETO26_BrandAware,1789010001,InFeed_Retarget,08/03/2026,18-24,Male,12.58,8.21,0.34,2.39,1533,37,0,,EUR
TT_PRODUKTLAUNCH26,1789010002,Spark_Ads,10/03/2026,18-24,Male,25.23,4.83,0.29,1.68,5220,87,1,25.23,EUR
TT_PRODUKTLAUNCH26,1789010002,Spark_Ads,09/05/2026,65+,Male,14.76,9.11,0.41,2.21,1621,36,0,,EUR
TT_PRODUKTLAUNCH26,1789010002,Spark_Ads,09/11/2026,25-34,Male,30.74,5.68,0.29,1.97,5409,106,1,30.74,EUR
TT_LETO26_BrandAware,1789010001,InFeed_Retarget,07/15/2026,18-24,Male,17.39,11.65,0.47,2.5,1493,37,0,,EUR
TT_PRODUKTLAUNCH26,1789010002,TopView,08/24/2026,45-54,Female,17.39,4.84,0.47,1.03,3590,37,0,,EUR
TT_LETO26_BrandAware,1789010001,Spark_Awareness,07/10/2026,18-24,Male,26.22,8.29,0.38,2.19,3161,69,0,,EUR
TT_LETO26_BrandAware,1789010001,Spark_Awareness,07/13/2026,25-34,Male,13.12,4.55,0.41,1.11,2881,32,0,,EUR
TT_LETO26_BrandAware,1789010001,InFeed_Retarget,07/18/2026,35-44,Male,8.0,5.84,0.32,1.83,1369,25,0,,EUR
TT_LETO26_BrandAware,1789010001,InFeed_Retarget,06/29/2026,25-34,Male,24.05,9.45,0.37,2.55,2544,65,1,24.05,EUR
TT_LETO26_BrandAware,1789010001,InFeed_Prospecting,06/07/2026,35-44,Male,27.27,5.3,0.27,1.97,5147,101,0,,EUR
TT_PRODUKTLAUNCH26,1789010002,TopView,10/26/2026,25-34,Male,31.2,6.0,0.65,0.92,5199,48,0,,EUR
TT_PRODUKTLAUNCH26,1789010002,InFeed_Launch,08/19/2026,25-34,Male,34.0,9.69,0.5,1.93,3510,68,1,34.0,EUR
TT_LETO26_BrandAware,1789010001,InFeed_Retarget,07/26/2026,25-34,Female,21.24,9.96,0.36,2.79,2132,59,0,,EUR
TT_PRODUKTLAUNCH26,1789010002,TopView,09/03/2026,25-34,Male,28.52,6.25,0.62,1.02,4565,46,0,,EUR
TT_LETO26_BrandAware,1789010001,Spark_Awareness,07/22/2026,65+,Male,8.17,5.52,0.43,1.31,1479,19,0,,EUR
TT_LETO26_BrandAware,1789010001,InFeed_Retarget,07/01/2026,55-64,Male,13.3,9.29,0.38,2.43,1431,35,0,,EUR
TT_PRODUKTLAUNCH26,1789010002,InFeed_Launch,08/28/2026,55-64,Male,28.42,9.61,0.49,1.98,2956,58,1,28.42,EUR
TT_LETO26_BrandAware,1789010001,InFeed_Prospecting,08/12/2026,55-64,Female,12.25,4.17,0.35,1.21,2939,35,0,,EUR
TT_LETO26_BrandAware,1789010001,Spark_Awareness,07/25/2026,35-44,Male,15.64,3.62,0.34,1.06,4322,46,0,,EUR
TT_PRODUKTLAUNCH26,1789010002,TopView,10/02/2026,18-24,Female,27.95,7.38,0.65,1.13,3785,43,0,,EUR
TT_PRODUKTLAUNCH26,1789010002,InFeed_Launch,10/27/2026,45-54,Female,13.12,6.07,0.32,1.91,2163,41,0,,EUR
TT_LETO26_BrandAware,1789010001,InFeed_Prospecting,08/04/2026,25-34,Female,21.9,5.66,0.3,1.9,3869,73,0,,EUR
TT_PRODUKTLAUNCH26,1789010002,InFeed_Launch,09/07/2026,65+,Female,7.2,5.33,0.3,1.77,1351,24,0,,EUR
TT_LETO26_BrandAware,1789010001,InFeed_Retarget,07/07/2026,18-24,Male,16.32,14.07,0.48,2.96,1160,34,0,,EUR
TT_LETO26_BrandAware,1789010001,Spark_Awareness,08/14/2026,55-64,Female,23.46,9.32,0.46,2.03,2516,51,0,,EUR
TT_LETO26_BrandAware,1789010001,Spark_Awareness,06/01/2026,45-54,Male,19.74,6.41,0.42,1.52,3078,47,0,,EUR
TT_LETO26_BrandAware,1789010001,InFeed_Retarget,08/10/2026,55-64,Male,11.5,10.21,0.5,2.01,1126,23,0,,EUR
TT_LETO26_BrandAware,1789010001,InFeed_Retarget,06/14/2026,65+,Female,4.08,5.75,0.34,1.68,709,12,0,,EUR
TT_LETO26_BrandAware,1789010001,Spark_Awareness,08/08/2026,35-44,Male,14.0,4.44,0.35,1.28,3151,40,0,,EUR
TT_PRODUKTLAUNCH26,1789010002,TopView,08/30/2026,25-34,Male,39.33,8.44,0.69,1.23,4662,57,0,,EUR
TT_PRODUKTLAUNCH26,1789010002,Spark_Ads,10/05/2026,65+,Male,17.94,8.18,0.39,2.11,2193,46,1,17.94,EUR
TT_LETO26_BrandAware,1789010001,Spark_Awareness,07/30/2026,55-64,Male,6.56,4.98,0.41,1.19,1317,16,0,,EUR
TT_PRODUKTLAUNCH26,1789010002,InFeed_Launch,09/13/2026,35-44,Female,44.88,10.36,0.51,2.03,4332,88,1,44.88,EUR
TT_PRODUKTLAUNCH26,1789010002,InFeed_Launch,09/29/2026,35-44,Female,20.52,5.84,0.36,1.63,3514,57,1,20.52,EUR
TT_LETO26_BrandAware,1789010001,InFeed_Retarget,07/26/2026,25-34,Male,20.28,10.74,0.39,2.74,1889,52,0,,EUR
TT_PRODUKTLAUNCH26,1789010002,TopView,08/16/2026,25-34,Male,41.04,4.98,0.54,0.92,8247,76,0,,EUR
TT_PRODUKTLAUNCH26,1789010002,InFeed_Launch,09/12/2026,18-24,Female,20.5,9.69,0.41,2.36,2116,50,0,,EUR
TT_PRODUKTLAUNCH26,1789010002,InFeed_Launch,08/30/2026,65+,Female,11.7,6.89,0.39,1.75,1699,30,0,,EUR
TT_LETO26_BrandAware,1789010001,InFeed_Retarget,07/29/2026,18-24,Male,9.90 EUR,8.8,0.3,2.91,1125,33,0,,EUR
TT_LETO26_BrandAware,1789010001,InFeed_Prospecting,07/08/2026,18-24,Male,11.55,3.95,0.35,1.11,2927,33,0,,EUR
TT_PRODUKTLAUNCH26,1789010002,TopView,08/21/2026,55-64,Male,23.1,7.21,0.66,1.09,3205,35,0,,EUR
TT_PRODUKTLAUNCH26,1789010002,TopView,10/26/2026,35-44,Female,26.65,4.05,0.65,0.62,6581,41,0,,EUR
TT_LETO26_BrandAware,1789010001,InFeed_Retarget,08/07/2026,65+,Female,4.62,5.37,0.33,1.58,860,14,0,,EUR
TT_LETO26_BrandAware,1789010001,InFeed_Retarget,06/19/2026,18-24,Female,11.16,8.96,0.31,2.86,1246,36,0,,EUR
TT_LETO26_BrandAware,1789010001,InFeed_Retarget,06/07/2026,55-64,Female,11.18,12.58,0.43,2.92,889,26,0,,EUR
TT_LETO26_BrandAware,1789010001,InFeed_Retarget,06/04/2026,55-64,Female,3.2,5.19,0.32,1.63,617,10,0,,EUR
TT_LETO26_BrandAware,1789010001,InFeed_Retarget,06/26/2026,55-64,Female,9.8,8.01,0.49,1.66,1224,20,0,,EUR
TT_PRODUKTLAUNCH26,1789010002,TopView,08/19/2026,45-54,Male,22.05,4.32,0.49,0.88,5106,45,0,,EUR
TT_LETO26_BrandAware,1789010001,Spark_Awareness,06/30/2026,25-34,Female,20.46,6.9,0.33,2.08,2967,62,0,,EUR
TT_PRODUKTLAUNCH26,1789010002,InFeed_Launch,10/10/2026,18-24,Female,26.46,9.63,0.49,1.96,2747,54,1,26.46,EUR
TT_LETO26_BrandAware,1789010001,InFeed_Prospecting,08/06/2026,45-54,Male,15.98,4.89,0.34,1.44,3265,47,0,,EUR
TT_LETO26_BrandAware,1789010001,Spark_Awareness,06/05/2026,65+,Female,3.84,4.82,0.48,1.01,796,8,0,,EUR
TT_PRODUKTLAUNCH26,1789010002,TopView,08/28/2026,25-34,Male,76.26,7.62,0.62,1.23,10010,123,1,76.26,EUR
TT_LETO26_BrandAware,1789010001,InFeed_Retarget,06/19/2026,18-24,Male,9.12,9.56,0.48,1.97,954,19,0,,EUR
TT_LETO26_BrandAware,1789010001,InFeed_Prospecting,06/19/2026,65+,Female,10.24,5.0,0.32,1.55,2047,32,0,,EUR
TT_LETO26_BrandAware,1789010001,InFeed_Retarget,07/01/2026,45-54,Female,15.91,9.35,0.43,2.19,1702,37,0,,EUR
TT_LETO26_BrandAware,1789010001,InFeed_Prospecting,07/02/2026,35-44,Female,32.3,7.52,0.38,1.97,4294,85,0,,EUR
TT_LETO26_BrandAware,1789010001,Spark_Awareness,08/11/2026,45-54,Male,13.64,5.67,0.44,1.28,2404,31,0,,EUR
TT_LETO26_BrandAware,1789010001,InFeed_Prospecting,07/28/2026,35-44,Male,25.65,7.71,0.45,1.72,3325,57,0,,EUR
TT_PRODUKTLAUNCH26,1789010002,Spark_Ads,08/31/2026,55-64,Female,23.97,9.25,0.47,1.95,2590,51,1,23.97,EUR
TT_LETO26_BrandAware,1789010001,InFeed_Retarget,07/18/2026,55-64,Male,13.94,10.94,0.41,2.69,1274,34,0,,EUR
TT_PRODUKTLAUNCH26,1789010002,TopView,10/11/2026,25-34,Male,34.0,4.12,0.5,0.82,8245,68,0,,EUR
TT_PRODUKTLAUNCH26,1789010002,Spark_Ads,09/13/2026,65+,Female,13.12,5.68,0.41,1.38,2311,32,0,,EUR
TT_PRODUKTLAUNCH26,1789010002,Spark_Ads,08/19/2026,45-54,Male,23.31,4.22,0.37,1.14,5528,63,1,23.31,EUR
TT_PRODUKTLAUNCH26,1789010002,TopView,10/08/2026,35-44,Female,24.5,3.36,0.5,0.67,7302,49,0,,EUR
TT_LETO26_BrandAware,1789010001,InFeed_Retarget,07/25/2026,18-24,Male,17.6,11.07,0.4,2.77,1590,44,0,,EUR
TT_PRODUKTLAUNCH26,1789010002,TopView,09/01/2026,35-44,Male,30.60 EUR,5.25,0.68,0.78,5828,45,0,,EUR
TT_LETO26_BrandAware,1789010001,InFeed_Retarget,06/24/2026,55-64,Female,8.88,10.71,0.37,2.95,829,24,0,,EUR
TT_LETO26_BrandAware,1789010001,InFeed_Retarget,07/26/2026,65+,Male,5.1,5.27,0.34,1.54,968,15,0,,EUR
TT_LETO26_BrandAware,1789010001,InFeed_Prospecting,07/28/2026,45-54,Female,4.93,2.7,0.29,0.95,1826,17,0,,EUR
TT_LETO26_BrandAware,1789010001,InFeed_Retarget,07/03/2026,18-24,Female,6.65,7.37,0.35,2.08,902,19,0,,EUR
TT_PRODUKTLAUNCH26,1789010002,Spark_Ads,10/03/2026,55-64,Female,23.04,5.84,0.48,1.21,3947,48,1,23.04,EUR
TT_PRODUKTLAUNCH26,1789010002,Spark_Ads,08/25/2026,45-54,Male,15.91,4.78,0.37,1.29,3326,43,1,15.91,EUR
TT_PRODUKTLAUNCH26,1789010002,Spark_Ads,08/18/2026,45-54,Female,26.32,10.42,0.47,2.2,2527,56,1,26.32,EUR
TT_LETO26_BrandAware,1789010001,InFeed_Retarget,06/11/2026,25-34,Male,29.25,11.87,0.45,2.62,2465,65,1,29.25,EUR
TT_LETO26_BrandAware,1789010001,InFeed_Retarget,06/15/2026,18-24,Female,11.76,8.44,0.49,1.72,1393,24,0,,EUR
TT_PRODUKTLAUNCH26,1789010002,InFeed_Launch,09/07/2026,55-64,Male,12.09,6.46,0.39,1.67,1871,31,0,,EUR
TT_PRODUKTLAUNCH26,1789010002,Spark_Ads,09/09/2026,65+,Female,5.7,3.98,0.3,1.35,1432,19,0,,EUR
TT_PRODUKTLAUNCH26,1789010002,Spark_Ads,09/01/2026,35-44,Male,50.6,9.14,0.46,1.99,5535,110,1,50.6,EUR
TT_LETO26_BrandAware,1789010001,InFeed_Retarget,06/10/2026,65+,Male,6.5,10.4,0.5,2.03,625,13,0,,EUR
TT_LETO26_BrandAware,1789010001,InFeed_Prospecting,07/20/2026,65+,Male,12.54,6.33,0.38,1.64,1980,33,0,,EUR
TT_PRODUKTLAUNCH26,1789010002,Spark_Ads,09/21/2026,65+,Female,8.96,3.81,0.28,1.35,2351,32,0,,EUR
TT_LETO26_BrandAware,1789010001,InFeed_Retarget,08/04/2026,35-44,Male,20.16,9.97,0.42,2.36,2022,48,0,,EUR
TT_PRODUKTLAUNCH26,1789010002,TopView,08/17/2026,35-44,Female,41.85,5.52,0.45,1.22,7575,93,1,41.85,EUR
TT_PRODUKTLAUNCH26,1789010002,Spark_Ads,09/11/2026,35-44,Female,27.5,6.09,0.5,1.21,4519,55,1,27.5,EUR
TT_PRODUKTLAUNCH26,1789010002,InFeed_Launch,09/20/2026,45-54,Female,22.44,6.9,0.33,2.09,3254,68,1,22.44,EUR
TT_LETO26_BrandAware,1789010001,Spark_Awareness,06/18/2026,25-34,Male,19.04,4.7,0.28,1.68,4055,68,0,,EUR
TT_PRODUKTLAUNCH26,1789010002,Spark_Ads,10/09/2026,55-64,Female,35.2,9.19,0.4,2.31,3831,88,1,35.2,EUR
TT_PRODUKTLAUNCH26,1789010002,TopView,09/28/2026,25-34,Male,31.02,4.11,0.47,0.87,7549,66,0,,EUR
TT_PRODUKTLAUNCH26,1789010002,TopView,08/20/2026,35-44,Female,21.7,4.4,0.62,0.7,4933,35,0,,EUR
TT_PRODUKTLAUNCH26,1789010002,TopView,10/09/2026,55-64,Male,12.15,4.25,0.45,0.94,2860,27,0,,EUR
TT_LETO26_BrandAware,1789010001,InFeed_Prospecting,08/06/2026,55-64,Female,19.74,6.84,0.42,1.64,2886,47,0,,EUR
TT_LETO26_BrandAware,1789010001,Spark_Awareness,06/09/2026,25-34,Male,45.12,10.04,0.47,2.14,4492,96,0,,EUR
TT_PRODUKTLAUNCH26,1789010002,InFeed_Launch,09/05/2026,25-34,Male,46.58,8.62,0.34,2.54,5404,137,1,46.58,EUR
TT_PRODUKTLAUNCH26,1789010002,InFeed_Launch,08/29/2026,18-24,Male,35.42,9.57,0.46,2.08,3701,77,1,35.42,EUR
TT_PRODUKTLAUNCH26,1789010002,Spark_Ads,10/26/2026,65+,Female,14.4,9.49,0.4,2.36,1518,36,0,,EUR
TT_PRODUKTLAUNCH26,1789010002,Spark_Ads,09/17/2026,45-54,Female,25.83,8.64,0.41,2.12,2989,63,1,25.83,EUR
TT_PRODUKTLAUNCH26,1789010002,InFeed_Launch,08/23/2026,55-64,Male,9.92,5.94,0.32,1.83,1670,31,0,,EUR
TT_PRODUKTLAUNCH26,1789010002,TopView,09/27/2026,18-24,Male,11.4,3.59,0.57,0.64,3177,20,0,,EUR
TT_PRODUKTLAUNCH26,1789010002,TopView,09/25/2026,55-64,Male,25.96,7.43,0.59,1.25,3494,44,0,,EUR
TT_PRODUKTLAUNCH26,1789010002,Spark_Ads,08/26/2026,18-24,Male,29.52,6.71,0.41,1.63,4399,72,1,29.52,EUR
TT_PRODUKTLAUNCH26,1789010002,InFeed_Launch,09/19/2026,65+,Female,10.66,7.42,0.41,1.78,1436,26,0,,EUR
TT_PRODUKTLAUNCH26,1789010002,TopView,09/22/2026,18-24,Female,31.74,8.26,0.69,1.21,3844,46,0,,EUR
TT_LETO26_BrandAware,1789010001,InFeed_Retarget,06/10/2026,35-44,Male,10.85,5.29,0.31,1.7,2051,35,0,,EUR
TT_PRODUKTLAUNCH26,1789010002,Spark_Ads,10/23/2026,45-54,Male,27.88,5.41,0.34,1.6,5149,82,1,27.88,EUR
TT_PRODUKTLAUNCH26,1789010002,Spark_Ads,09/17/2026,35-44,Female,12.76,4.36,0.29,1.51,2924,44,1,12.76,EUR
TT_PRODUKTLAUNCH26,1789010002,TopView,09/24/2026,35-44,Male,56.71,7.25,0.53,1.37,7820,107,1,56.71,EUR
TT_PRODUKTLAUNCH26,1789010002,TopView,09/01/2026,45-54,Male,31.35,7.52,0.57,1.32,4170,55,0,,EUR
TT_PRODUKTLAUNCH26,1789010002,InFeed_Launch,09/18/2026,65+,Female,7.03,6.3,0.37,1.74,1115,19,0,,EUR
TT_PRODUKTLAUNCH26,1789010002,Spark_Ads,09/04/2026,18-24,Male,22.08,5.6,0.32,1.74,3945,69,1,22.08,EUR
TT_PRODUKTLAUNCH26,1789010002,TopView,09/15/2026,65+,Female,10.35,3.65,0.45,0.81,2836,23,0,,EUR
TT_LETO26_BrandAware,1789010001,InFeed_Prospecting,07/23/2026,65+,Male,4.06,3.36,0.29,1.18,1207,14,0,,EUR
TT_LETO26_BrandAware,1789010001,InFeed_Retarget,06/07/2026,45-54,Male,11.9,8.16,0.34,2.43,1458,35,0,,EUR
TT_PRODUKTLAUNCH26,1789010002,TopView,09/22/2026,45-54,Female,15.4,4.69,0.44,1.07,3281,35,0,,EUR
TT_LETO26_BrandAware,1789010001,Spark_Awareness,06/02/2026,35-44,Female,25.01,7.83,0.41,1.9,3196,61,0,,EUR
TT_PRODUKTLAUNCH26,1789010002,Spark_Ads,10/20/2026,65+,Female,14.96,9.51,0.44,2.13,1573,34,0,,EUR
TT_LETO26_BrandAware,1789010001,InFeed_Prospecting,06/12/2026,45-54,Male,10.14,3.16,0.26,1.2,3207,39,0,,EUR
TT_LETO26_BrandAware,1789010001,Spark_Awareness,07/10/2026,55-64,Male,10.2,4.35,0.3,1.44,2346,34,0,,EUR
TT_PRODUKTLAUNCH26,1789010002,Spark_Ads,08/22/2026,65+,Male,13.3,8.15,0.35,2.3,1632,38,0,,EUR
TT_PRODUKTLAUNCH26,1789010002,Spark_Ads,09/10/2026,65+,Male,7.0,4.86,0.35,1.42,1440,20,0,,EUR
TT_PRODUKTLAUNCH26,1789010002,InFeed_Launch,08/30/2026,45-54,Female,15.12,5.91,0.36,1.65,2558,42,0,,EUR
TT_LETO26_BrandAware,1789010001,InFeed_Prospecting,08/10/2026,18-24,Female,18.33,5.25,0.39,1.35,3492,47,0,,EUR
TT_LETO26_BrandAware,1789010001,InFeed_Retarget,06/25/2026,25-34,Female,13.68,8.08,0.36,2.25,1693,38,0,,EUR
TT_PRODUKTLAUNCH26,1789010002,Spark_Ads,09/06/2026,25-34,Male,39.76,5.15,0.28,1.84,7717,142,2,19.88,EUR
TT_PRODUKTLAUNCH26,1789010002,InFeed_Launch,09/21/2026,65+,Female,10.56,11.28,0.48,2.31,936,22,0,,EUR
TT_LETO26_BrandAware,1789010001,InFeed_Retarget,06/09/2026,25-34,Female,13.8,9.86,0.46,2.17,1400,30,0,,EUR
TT_PRODUKTLAUNCH26,1789010002,InFeed_Launch,08/31/2026,25-34,Female,23.94,7.56,0.38,2.0,3165,63,1,23.94,EUR
TT_PRODUKTLAUNCH26,1789010002,TopView,09/25/2026,25-34,Male,64.99,8.33,0.67,1.25,7802,97,1,64.99,EUR
TT_LETO26_BrandAware,1789010001,InFeed_Prospecting,08/07/2026,55-64,Male,15.96,4.2,0.38,1.09,3803,42,0,,EUR
TT_PRODUKTLAUNCH26,1789010002,TopView,10/27/2026,25-34,Female,37.21,4.71,0.61,0.77,7894,61,0,,EUR
TT_PRODUKTLAUNCH26,1789010002,TopView,08/22/2026,35-44,Male,72.15,8.49,0.65,1.3,8503,111,1,72.15,EUR
TT_PRODUKTLAUNCH26,1789010002,InFeed_Launch,08/26/2026,65+,Male,6.3,5.57,0.42,1.35,1132,15,0,,EUR
TT_PRODUKTLAUNCH26,1789010002,InFeed_Launch,08/19/2026,18-24,Male,32.3,8.14,0.34,2.39,3968,95,1,32.3,EUR
TT_PRODUKTLAUNCH26,1789010002,TopView,09/05/2026,65+,Male,17.1,5.77,0.57,1.0,2965,30,0,,EUR
TT_LETO26_BrandAware,1789010001,Spark_Awareness,06/29/2026,25-34,Female,16.12,5.86,0.31,1.9,2751,52,0,,EUR
TT_LETO26_BrandAware,1789010001,InFeed_Retarget,07/13/2026,55-64,Male,10.26,7.41,0.38,1.95,1385,27,0,,EUR
TT_LETO26_BrandAware,1789010001,InFeed_Prospecting,06/21/2026,45-54,Female,19.53,5.76,0.31,1.86,3389,63,0,,EUR
TT_LETO26_BrandAware,1789010001,InFeed_Retarget,06/26/2026,45-54,Male,12.95,9.64,0.37,2.61,1343,35,0,,EUR
TT_LETO26_BrandAware,1789010001,Spark_Awareness,08/12/2026,18-24,Male,18.8,5.91,0.4,1.47,3179,47,0,,EUR
TT_PRODUKTLAUNCH26,1789010002,InFeed_Launch,09/03/2026,55-64,Male,13.05,8.36,0.45,1.84,1561,29,0,,EUR
TT_PRODUKTLAUNCH26,1789010002,TopView,10/18/2026,55-64,Male,16.2,4.52,0.6,0.76,3587,27,0,,EUR
TT_LETO26_BrandAware,1789010001,InFeed_Retarget,07/20/2026,35-44,Female,16.92,8.37,0.36,2.31,2022,47,0,,EUR
TT_LETO26_BrandAware,1789010001,InFeed_Retarget,06/22/2026,55-64,Female,5.78,7.94,0.34,2.27,728,17,0,,EUR
TT_PRODUKTLAUNCH26,1789010002,Spark_Ads,10/15/2026,25-34,Male,26.95,5.38,0.35,1.53,5010,77,1,26.95,EUR
TT_LETO26_BrandAware,1789010001,InFeed_Retarget,06/08/2026,35-44,Female,25.97,13.74,0.49,2.79,1890,53,0,,EUR
TT_PRODUKTLAUNCH26,1789010002,TopView,10/08/2026,25-34,Male,22.44,4.24,0.68,0.62,5296,33,0,,EUR
TT_PRODUKTLAUNCH26,1789010002,Spark_Ads,09/04/2026,65+,Female,26.4,9.28,0.44,2.09,2846,60,1,26.4,EUR
TT_LETO26_BrandAware,1789010001,Spark_Awareness,07/13/2026,25-34,Female,16.38,4.98,0.39,1.28,3286,42,0,,EUR
TT_PRODUKTLAUNCH26,1789010002,InFeed_Launch,09/27/2026,55-64,Male,13.02,5.6,0.31,1.79,2324,42,0,,EUR
TT_LETO26_BrandAware,1789010001,InFeed_Prospecting,06/27/2026,55-64,Female,8.7,3.93,0.3,1.32,2214,29,0,,EUR
TT_LETO26_BrandAware,1789010001,InFeed_Retarget,06/17/2026,35-44,Female,10.64,9.15,0.38,2.43,1163,28,0,,EUR
TT_PRODUKTLAUNCH26,1789010002,InFeed_Launch,09/25/2026,55-64,Female,21.12,8.63,0.48,1.81,2446,44,0,,EUR
TT_PRODUKTLAUNCH26,1789010002,TopView,10/05/2026,25-34,Female,41.4,7.44,0.6,1.24,5568,69,0,,EUR
TT_PRODUKTLAUNCH26,1789010002,TopView,10/13/2026,45-54,Female,47.57,9.07,0.67,1.35,5243,71,0,,EUR
TT_LETO26_BrandAware,1789010001,Spark_Awareness,07/01/2026,65+,Female,7.0,6.02,0.28,2.16,1163,25,0,,EUR
TT_PRODUKTLAUNCH26,1789010002,Spark_Ads,10/15/2026,25-34,Female,25.73,4.78,0.31,1.55,5387,83,1,25.73,EUR
TT_PRODUKTLAUNCH26,1789010002,TopView,09/23/2026,55-64,Female,20.91,5.3,0.51,1.05,3945,41,0,,EUR
TT_LETO26_BrandAware,1789010001,InFeed_Prospecting,07/10/2026,65+,Female,7.29,3.6,0.27,1.35,2024,27,0,,EUR
TT_LETO26_BrandAware,1789010001,InFeed_Prospecting,07/28/2026,18-24,Female,15.91,3.78,0.37,1.02,4204,43,0,,EUR
TT_LETO26_BrandAware,1789010001,InFeed_Prospecting,06/11/2026,65+,Male,5.78,3.73,0.34,1.08,1550,17,0,,EUR
TT_PRODUKTLAUNCH26,1789010002,TopView,10/07/2026,25-34,Female,60.0,8.22,0.6,1.36,7302,100,1,60.0,EUR
TT_PRODUKTLAUNCH26,1789010002,Spark_Ads,10/15/2026,55-64,Male,15.64,3.95,0.34,1.15,3962,46,1,15.64,EUR
TT_PRODUKTLAUNCH26,1789010002,TopView,10/08/2026,45-54,Male,18.36,3.98,0.54,0.75,4613,34,0,,EUR
TT_LETO26_BrandAware,1789010001,InFeed_Prospecting,08/13/2026,45-54,Female,14.82,5.28,0.38,1.41,2807,39,0,,EUR
TT_PRODUKTLAUNCH26,1789010002,Spark_Ads,09/07/2026,18-24,Female,13.95,4.1,0.31,1.33,3403,45,1,13.95,EUR
TT_LETO26_BrandAware,1789010001,InFeed_Retarget,06/29/2026,55-64,Female,8.17,9.61,0.43,2.23,850,19,0,,EUR
TT_PRODUKTLAUNCH26,1789010002,TopView,10/14/2026,25-34,Female,29.12,6.85,0.52,1.32,4252,56,0,,EUR
TT_LETO26_BrandAware,1789010001,Spark_Awareness,07/10/2026,65+,Female,3.5,3.74,0.35,1.08,935,10,0,,EUR
TT_PRODUKTLAUNCH26,1789010002,TopView,09/12/2026,35-44,Male,22.4,4.92,0.4,1.23,4551,56,0,,EUR
TT_LETO26_BrandAware,1789010001,InFeed_Retarget,06/03/2026,65+,Female,7.98,9.93,0.42,2.38,804,19,0,,EUR
TT_LETO26_BrandAware,1789010001,InFeed_Retarget,06/26/2026,18-24,Female,12.9,11.02,0.43,2.6,1171,30,0,,EUR
TT_LETO26_BrandAware,1789010001,InFeed_Retarget,07/09/2026,35-44,Male,19.27,10.38,0.47,2.19,1857,41,0,,EUR
TT_PRODUKTLAUNCH26,1789010002,InFeed_Launch,08/30/2026,35-44,Female,31.05,8.86,0.45,1.96,3505,69,1,31.05,EUR
TT_LETO26_BrandAware,1789010001,InFeed_Retarget,08/07/2026,25-34,Male,22.05,13.43,0.49,2.75,1642,45,0,,EUR
TT_PRODUKTLAUNCH26,1789010002,Spark_Ads,10/24/2026,65+,Male,7.13,3.65,0.31,1.18,1953,23,0,,EUR
TT_PRODUKTLAUNCH26,1789010002,Spark_Ads,08/30/2026,18-24,Male,15.54,5.55,0.42,1.33,2798,37,0,,EUR
TT_PRODUKTLAUNCH26,1789010002,InFeed_Launch,10/11/2026,35-44,Male,34.4,8.64,0.43,2.02,3983,80,1,34.4,EUR
TT_PRODUKTLAUNCH26,1789010002,TopView,08/19/2026,55-64,Female,28.8,6.81,0.6,1.14,4232,48,0,,EUR
TT_PRODUKTLAUNCH26,1789010002,Spark_Ads,08/30/2026,35-44,Female,18.3,4.93,0.3,1.66,3709,61,1,18.3,EUR
TT_PRODUKTLAUNCH26,1789010002,Spark_Ads,08/19/2026,18-24,Male,23.43,7.84,0.33,2.37,2988,71,1,23.43,EUR
TT_PRODUKTLAUNCH26,1789010002,InFeed_Launch,10/27/2026,25-34,Male,54.88,12.62,0.49,2.58,4347,112,1,54.88,EUR
TT_LETO26_BrandAware,1789010001,Spark_Awareness,08/03/2026,45-54,Female,14.62,6.75,0.43,1.59,2165,34,0,,EUR
TT_LETO26_BrandAware,1789010001,Spark_Awareness,06/09/2026,65+,Male,5.55,5.29,0.37,1.47,1050,15,0,,EUR
TT_PRODUKTLAUNCH26,1789010002,Spark_Ads,09/21/2026,25-34,Male,62.98,9.28,0.47,1.97,6786,134,2,31.49,EUR
TT_PRODUKTLAUNCH26,1789010002,TopView,10/25/2026,18-24,Female,42.09,6.97,0.61,1.14,6035,69,0,,EUR
TT_PRODUKTLAUNCH26,1789010002,InFeed_Launch,10/09/2026,45-54,Female,18.4,6.16,0.4,1.55,2987,46,0,,EUR
TT_LETO26_BrandAware,1789010001,InFeed_Prospecting,08/03/2026,65+,Male,12.4,6.63,0.4,1.65,1869,31,0,,EUR
TT_PRODUKTLAUNCH26,1789010002,TopView,09/26/2026,35-44,Male,45.56,5.37,0.68,0.79,8482,67,0,,EUR
TT_PRODUKTLAUNCH26,1789010002,TopView,08/20/2026,65+,Female,14.58,7.39,0.54,1.35,1972,27,0,,EUR
TT_PRODUKTLAUNCH26,1789010002,Spark_Ads,10/02/2026,45-54,Male,15.4,5.95,0.28,2.13,2587,55,1,15.4,EUR
TT_PRODUKTLAUNCH26,1789010002,InFeed_Launch,10/03/2026,65+,Male,13.32,6.5,0.37,1.74,2049,36,0,,EUR
TT_LETO26_BrandAware,1789010001,Spark_Awareness,06/27/2026,25-34,Male,24.8,6.81,0.4,1.71,3640,62,0,,EUR
TT_PRODUKTLAUNCH26,1789010002,InFeed_Launch,10/20/2026,25-34,Female,22.5,6.66,0.5,1.32,3378,45,0,,EUR
TT_PRODUKTLAUNCH26,1789010002,InFeed_Launch,10/21/2026,35-44,Male,29.58,6.36,0.34,1.87,4651,87,1,29.58,EUR
TT_LETO26_BrandAware,1789010001,Spark_Awareness,06/20/2026,65+,Male,4.76,3.24,0.28,1.19,1470,17,0,,EUR
TT_LETO26_BrandAware,1789010001,InFeed_Retarget,06/12/2026,35-44,Male,26.79,12.33,0.47,2.63,2172,57,0,,EUR
TT_LETO26_BrandAware,1789010001,Spark_Awareness,07/05/2026,55-64,Male,9.6,4.55,0.3,1.52,2109,32,0,,EUR
TT_LETO26_BrandAware,1789010001,InFeed_Prospecting,06/22/2026,45-54,Female,14.4,4.93,0.3,1.63,2920,48,0,,EUR
TT_LETO26_BrandAware,1789010001,InFeed_Retarget,08/08/2026,18-24,Female,10.58,11.07,0.46,2.4,956,23,0,,EUR
TT_LETO26_BrandAware,1789010001,InFeed_Retarget,06/26/2026,35-44,Female,6.84,7.02,0.38,1.88,975,18,0,,EUR
TT_LETO26_BrandAware,1789010001,Spark_Awareness,07/24/2026,25-34,Female,18.92,5.72,0.44,1.31,3308,43,0,,EUR
TT_PRODUKTLAUNCH26,1789010002,TopView,08/15/2026,55-64,Female,37.05,8.59,0.65,1.33,4314,57,0,,EUR
TT_LETO26_BrandAware,1789010001,Spark_Awareness,08/09/2026,55-64,Female,10.5,6.49,0.35,1.85,1617,30,0,,EUR
TT_LETO26_BrandAware,1789010001,InFeed_Retarget,07/21/2026,45-54,Male,17.86,9.64,0.47,2.06,1853,38,0,,EUR
TT_LETO26_BrandAware,1789010001,InFeed_Prospecting,06/09/2026,25-34,Male,28.38,4.77,0.33,1.45,5954,86,0,,EUR
TT_PRODUKTLAUNCH26,1789010002,InFeed_Launch,10/02/2026,25-34,Female,25.35,9.64,0.39,2.46,2629,65,1,25.35,EUR
TT_PRODUKTLAUNCH26,1789010002,Spark_Ads,10/21/2026,18-24,Female,39.56,8.16,0.46,1.78,4846,86,1,39.56,EUR
TT_PRODUKTLAUNCH26,1789010002,TopView,09/14/2026,18-24,Female,50.4,7.92,0.7,1.13,6366,72,0,,EUR
TT_LETO26_BrandAware,1789010001,InFeed_Prospecting,06/09/2026,18-24,Female,13.33,3.87,0.31,1.26,3445,43,0,,EUR
TT_PRODUKTLAUNCH26,1789010002,Spark_Ads,09/16/2026,45-54,Male,39.01,10.17,0.47,2.16,3834,83,1,39.01,EUR
TT_LETO26_BrandAware,1789010001,Spark_Awareness,07/19/2026,25-34,Female,23.65,8.7,0.43,2.02,2719,55,0,,EUR
TT_LETO26_BrandAware,1789010001,InFeed_Prospecting,07/13/2026,55-64,Male,6.96,3.55,0.29,1.23,1960,24,0,,EUR
TT_PRODUKTLAUNCH26,1789010002,Spark_Ads,09/11/2026,65+,Male,9.72,6.25,0.36,1.73,1556,27,0,,EUR
TT_LETO26_BrandAware,1789010001,Spark_Awareness,07/29/2026,35-44,Female,16.38,9.03,0.42,2.16,1813,39,0,,EUR
TT_LETO26_BrandAware,1789010001,Spark_Awareness,07/14/2026,55-64,Male,12.92,6.32,0.38,1.65,2043,34,0,,EUR
TT_LETO26_BrandAware,1789010001,Spark_Awareness,06/22/2026,18-24,Female,15.2,5.93,0.38,1.57,2564,40,0,,EUR
TT_PRODUKTLAUNCH26,1789010002,InFeed_Launch,10/24/2026,45-54,Female,33.11,10.59,0.43,2.45,3127,77,1,33.11,EUR
TT_PRODUKTLAUNCH26,1789010002,InFeed_Launch,10/27/2026,65+,Female,10.71,6.73,0.51,1.35,1591,21,0,,EUR
TT_LETO26_BrandAware,1789010001,InFeed_Prospecting,06/30/2026,55-64,Female,21.12,7.64,0.44,1.75,2765,48,0,,EUR
TT_PRODUKTLAUNCH26,1789010002,InFeed_Launch,10/22/2026,45-54,Male,16.2,8.83,0.36,2.45,1835,45,0,,EUR
TT_LETO26_BrandAware,1789010001,Spark_Awareness,06/20/2026,18-24,Female,8.4,5.1,0.4,1.26,1647,21,0,,EUR
TT_PRODUKTLAUNCH26,1789010002,InFeed_Launch,10/08/2026,65+,Female,13.5,7.81,0.45,1.74,1728,30,0,,EUR
TT_LETO26_BrandAware,1789010001,InFeed_Retarget,07/02/2026,18-24,Female,6.84,5.8,0.38,1.51,1179,18,0,,EUR
TT_LETO26_BrandAware,1789010001,Spark_Awareness,07/07/2026,35-44,Male,30.53,9.4,0.43,2.18,3249,71,0,,EUR
TT_PRODUKTLAUNCH26,1789010002,InFeed_Launch,10/08/2026,55-64,Female,12.87,7.93,0.39,2.05,1622,33,0,,EUR
TT_LETO26_BrandAware,1789010001,Spark_Awareness,07/07/2026,35-44,Female,12.6,5.91,0.45,1.29,2132,28,0,,EUR
TT_LETO26_BrandAware,1789010001,Spark_Awareness,07/25/2026,55-64,Female,9.72,6.27,0.36,1.74,1551,27,0,,EUR
TT_PRODUKTLAUNCH26,1789010002,Spark_Ads,08/23/2026,35-44,Male,52.06,7.19,0.38,1.89,7240,137,2,26.03,EUR
TT_PRODUKTLAUNCH26,1789010002,InFeed_Launch,10/27/2026,45-54,Male,23.0,10.38,0.46,2.28,2216,50,0,,EUR
TT_LETO26_BrandAware,1789010001,InFeed_Prospecting,07/17/2026,55-64,Male,9.9,4.84,0.33,1.47,2045,30,0,,EUR
TT_LETO26_BrandAware,1789010001,InFeed_Prospecting,07/11/2026,55-64,Female,11.31,5.65,0.39,1.45,2001,29,0,,EUR
TT_LETO26_BrandAware,1789010001,InFeed_Prospecting,07/09/2026,18-24,Male,15.39,4.72,0.27,1.75,3264,57,0,,EUR
TT_LETO26_BrandAware,1789010001,InFeed_Prospecting,07/05/2026,25-34,Female,21.06,3.91,0.26,1.5,5387,81,0,,EUR
TT_PRODUKTLAUNCH26,1789010002,Spark_Ads,09/07/2026,25-34,Male,22.62,5.07,0.29,1.75,4464,78,1,22.62,EUR
TT_PRODUKTLAUNCH26,1789010002,InFeed_Launch,10/15/2026,35-44,Female,21.12,7.24,0.44,1.66,2919,48,0,,EUR
TT_PRODUKTLAUNCH26,1789010002,TopView,09/24/2026,18-24,Female,19.8,5.65,0.66,0.86,3503,30,0,,EUR
TT_PRODUKTLAUNCH26,1789010002,Spark_Ads,09/25/2026,55-64,Male,16.5,4.51,0.3,1.51,182850,55,1,16.5,EUR
TT_PRODUKTLAUNCH26,1789010002,Spark_Ads,09/18/2026,35-44,Male,27.36,9.05,0.48,1.9,3022,57,1,27.36,EUR
TT_LETO26_BrandAware,1789010001,InFeed_Prospecting,06/02/2026,35-44,Male,18.6,3.19,0.3,1.07,5827,62,0,,EUR
TT_LETO26_BrandAware,1789010001,Spark_Awareness,07/30/2026,55-64,Female,12.54,6.67,0.33,2.04,1879,38,0,,EUR
TT_PRODUKTLAUNCH26,1789010002,InFeed_Launch,09/24/2026,65+,Female,11.55,7.98,0.35,2.3,1447,33,0,,EUR
TT_LETO26_BrandAware,1789010001,InFeed_Retarget,07/03/2026,18-24,Male,8.82,10.29,0.42,2.48,857,21,0,,EUR
TT_PRODUKTLAUNCH26,1789010002,InFeed_Launch,09/21/2026,25-34,Male,65.25,11.58,0.45,2.57,5634,145,1,65.25,EUR
TT_PRODUKTLAUNCH26,1789010002,TopView,10/02/2026,35-44,Male,25.3,6.16,0.46,1.33,4109,55,0,,EUR
TT_LETO26_BrandAware,1789010001,InFeed_Prospecting,07/28/2026,25-34,Male,26.24,4.09,0.32,1.28,6416,82,0,,EUR
TT_PRODUKTLAUNCH26,1789010002,InFeed_Launch,10/10/2026,35-44,Female,20.91,8.26,0.41,2.01,2531,51,1,20.91,EUR
TT_LETO26_BrandAware,1789010001,InFeed_Prospecting,07/11/2026,35-44,Female,7.56,2.57,0.28,0.92,2939,27,0,,EUR
TT_PRODUKTLAUNCH26,1789010002,Spark_Ads,09/09/2026,25-34,Female,27.6,3.99,0.3,1.34,6909,92,1,27.6,EUR
TT_LETO26_BrandAware,1789010001,InFeed_Retarget,07/03/2026,55-64,Female,10.8,10.44,0.36,2.93,1034,30,0,,EUR
TT_PRODUKTLAUNCH26,1789010002,TopView,09/16/2026,18-24,Female,27.56,6.92,0.52,1.33,3984,53,0,,EUR
TT_LETO26_BrandAware,1789010001,Spark_Awareness,06/24/2026,25-34,Male,16.28,7.08,0.37,1.92,2300,44,0,,EUR
TT_LETO26_BrandAware,1789010001,Spark_Awareness,07/20/2026,18-24,Male,6.08,3.42,0.32,1.07,1780,19,0,,EUR
TT_PRODUKTLAUNCH26,1789010002,InFeed_Launch,10/05/2026,65+,Male,10.92,5.83,0.42,1.39,1872,26,0,,EUR
TT_LETO26_BrandAware,1789010001,InFeed_Prospecting,08/13/2026,25-34,Female,22.91,4.52,0.29,1.56,5069,79,0,,EUR
TT_LETO26_BrandAware,1789010001,Spark_Awareness,08/04/2026,45-54,Male,13.92,4.93,0.48,1.04,2821,29,0,,EUR
TT_PRODUKTLAUNCH26,1789010002,TopView,08/27/2026,35-44,Female,42.84,7.79,0.68,1.15,5498,63,0,,EUR
TT_LETO26_BrandAware,1789010001,Spark_Awareness,07/08/2026,65+,Female,9.9,6.27,0.45,1.42,1579,22,0,,EUR
TT_LETO26_BrandAware,1789010001,InFeed_Prospecting,07/27/2026,45-54,Female,12.32,3.82,0.28,1.35,3226,44,0,,EUR
TT_PRODUKTLAUNCH26,1789010002,InFeed_Launch,08/31/2026,55-64,Male,19.2,11.03,0.48,2.28,1741,40,0,,EUR
TT_PRODUKTLAUNCH26,1789010002,TopView,09/25/2026,55-64,Female,15.5,3.77,0.5,0.75,4114,31,0,,EUR
TT_LETO26_BrandAware,1789010001,InFeed_Prospecting,07/02/2026,55-64,Female,11.22,3.32,0.34,0.98,3376,33,0,,EUR
TT_PRODUKTLAUNCH26,1789010002,InFeed_Launch,09/12/2026,45-54,Female,32.83,9.2,0.49,1.89,3567,67,1,32.83,EUR
TT_PRODUKTLAUNCH26,1789010002,TopView,09/14/2026,25-34,Male,57.24,7.39,0.54,1.37,7746,106,1,57.24,EUR
TT_PRODUKTLAUNCH26,1789010002,TopView,10/20/2026,55-64,Male,22.55,4.15,0.41,1.01,5439,55,0,,EUR
TT_PRODUKTLAUNCH26,1789010002,InFeed_Launch,10/18/2026,25-34,Female,26.23,7.61,0.43,1.77,3448,61,1,26.23,EUR
TT_PRODUKTLAUNCH26,1789010002,Spark_Ads,10/06/2026,55-64,Male,36.52,8.19,0.44,1.85,4461,83,1,36.52,EUR
TT_LETO26_BrandAware,1789010001,InFeed_Prospecting,06/29/2026,25-34,Male,26.6,4.94,0.38,1.29,5386,70,0,,EUR
TT_PRODUKTLAUNCH26,1789010002,InFeed_Launch,10/01/2026,18-24,Female,27.3,8.78,0.42,2.1,3110,65,1,27.3,EUR
TT_LETO26_BrandAware,1789010001,InFeed_Prospecting,07/01/2026,45-54,Male,9.86,3.41,0.34,0.99,2894,29,0,,EUR
TT_PRODUKTLAUNCH26,1789010002,InFeed_Launch,08/27/2026,45-54,Male,15.17,6.44,0.37,1.75,2354,41,0,,EUR
TT_LETO26_BrandAware,1789010001,Spark_Awareness,06/21/2026,45-54,Female,11.76,4.99,0.42,1.17,2355,28,0,,EUR
TT_LETO26_BrandAware,1789010001,Spark_Awareness,06/03/2026,18-24,Male,8.96,6.04,0.28,2.14,1483,32,0,,EUR
TT_PRODUKTLAUNCH26,1789010002,TopView,10/14/2026,65+,Male,7.2,3.73,0.6,0.63,1931,12,0,,EUR
TT_LETO26_BrandAware,1789010001,InFeed_Retarget,07/02/2026,55-64,Female,7.98,9.5,0.42,2.31,840,19,0,,EUR
TT_LETO26_BrandAware,1789010001,Spark_Awareness,07/30/2026,18-24,Male,12.0,8.21,0.48,1.7,1461,25,0,,EUR
TT_PRODUKTLAUNCH26,1789010002,Spark_Ads,09/02/2026,25-34,Female,26.1,8.39,0.45,1.85,3112,58,1,26.1,EUR
TT_LETO26_BrandAware,1789010001,Spark_Awareness,08/07/2026,35-44,Male,11.7,3.95,0.39,1.01,2963,30,0,,EUR
TT_PRODUKTLAUNCH26,1789010002,Spark_Ads,10/03/2026,25-34,Female,35.02,6.1,0.34,1.79,5743,103,1,35.02,EUR
TT_LETO26_BrandAware,1789010001,InFeed_Prospecting,07/10/2026,55-64,Female,12.15,5.62,0.45,1.27,2161,27,0,,EUR
TT_LETO26_BrandAware,1789010001,Spark_Awareness,06/21/2026,25-34,Male,12.09,5.44,0.39,1.38,2222,31,0,,EUR
TT_LETO26_BrandAware,1789010001,InFeed_Retarget,07/14/2026,45-54,Male,5.95,5.65,0.35,1.66,1054,17,0,,EUR
TT_PRODUKTLAUNCH26,1789010002,InFeed_Launch,08/30/2026,55-64,Female,24.01,9.05,0.49,1.86,2654,49,0,,EUR
TT_PRODUKTLAUNCH26,1789010002,InFeed_Launch,10/08/2026,45-54,Male,16.5,6.12,0.33,1.87,2694,50,0,,EUR
TT_LETO26_BrandAware,1789010001,Spark_Awareness,06/11/2026,45-54,Male,22.05,7.28,0.45,1.62,3030,49,0,,EUR
TT_LETO26_BrandAware,1789010001,Spark_Awareness,07/08/2026,65+,Male,10.36,7.31,0.37,1.96,1418,28,0,,EUR
TT_PRODUKTLAUNCH26,1789010002,Spark_Ads,10/10/2026,65+,Female,24.18,8.85,0.39,2.28,2733,62,1,24.18,EUR
TT_LETO26_BrandAware,1789010001,InFeed_Retarget,08/11/2026,25-34,Female,19.8,8.77,0.33,2.67,2257,60,0,,EUR
TT_PRODUKTLAUNCH26,1789010002,Spark_Ads,09/23/2026,65+,Female,11.9,5.18,0.35,1.47,2297,34,0,,EUR
TT_PRODUKTLAUNCH26,1789010002,Spark_Ads,09/06/2026,45-54,Male,23.4,5.67,0.45,1.25,4130,52,1,23.4,EUR
TT_PRODUKTLAUNCH26,1789010002,TopView,08/28/2026,35-44,Male,15.3,3.66,0.45,0.81,4183,34,0,,EUR
TT_LETO26_BrandAware,1789010001,InFeed_Prospecting,07/17/2026,45-54,Female,14.0,3.83,0.28,1.38,3651,50,0,,EUR
TT_PRODUKTLAUNCH26,1789010002,Spark_Ads,09/24/2026,18-24,Male,25.42,8.99,0.41,2.19,2827,62,1,25.42,EUR
TT_PRODUKTLAUNCH26,1789010002,Spark_Ads,10/17/2026,65+,Female,9.3,6.78,0.3,2.29,1371,31,0,,EUR
TT_LETO26_BrandAware,1789010001,InFeed_Prospecting,07/27/2026,25-34,Male,30.26,5.0,0.34,1.46,6051,89,0,,EUR
TT_PRODUKTLAUNCH26,1789010002,Spark_Ads,09/05/2026,55-64,Female,16.34,6.25,0.43,1.44,2614,38,0,,EUR
TT_LETO26_BrandAware,1789010001,Spark_Awareness,06/13/2026,35-44,Male,27.54,7.15,0.34,2.11,3850,81,0,,EUR
TT_LETO26_BrandAware,1789010001,InFeed_Retarget,08/04/2026,25-34,Female,18.0,10.27,0.36,2.84,1753,50,0,,EUR
TT_LETO26_BrandAware,1789010001,Spark_Awareness,06/20/2026,18-24,Male,9.66,4.94,0.42,1.2,1956,23,0,,EUR
TT_PRODUKTLAUNCH26,1789010002,TopView,10/18/2026,18-24,Male,18.0,3.36,0.4,0.85,5351,45,0,,EUR
TT_PRODUKTLAUNCH26,1789010002,TopView,10/21/2026,35-44,Female,29.28,5.55,0.61,0.92,5273,48,0,,EUR
TT_LETO26_BrandAware,1789010001,InFeed_Retarget,07/30/2026,65+,Female,6.2,8.48,0.31,2.76,731,20,0,,EUR
TT_LETO26_BrandAware,1789010001,InFeed_Retarget,06/16/2026,25-34,Male,26.13,10.15,0.39,2.58,2575,67,1,26.13,EUR
TT_PRODUKTLAUNCH26,1789010002,TopView,10/27/2026,18-24,Male,38.5,5.56,0.5,1.11,6927,77,0,,EUR
TT_PRODUKTLAUNCH26,1789010002,InFeed_Launch,10/25/2026,25-34,Male,35.89,6.46,0.37,1.75,5552,97,1,35.89,EUR
TT_PRODUKTLAUNCH26,1789010002,InFeed_Launch,10/12/2026,65+,Female,10.64,5.82,0.38,1.54,1828,28,0,,EUR
TT_PRODUKTLAUNCH26,1789010002,InFeed_Launch,08/16/2026,25-34,Male,39.69,10.49,0.49,2.14,3785,81,1,39.69,EUR
TT_PRODUKTLAUNCH26,1789010002,InFeed_Launch,10/14/2026,25-34,Male,42.24,7.85,0.32,2.46,5378,132,1,42.24,EUR
TT_LETO26_BrandAware,1789010001,InFeed_Prospecting,06/09/2026,65+,Male,14.08,8.19,0.44,1.87,1720,32,0,,EUR
TT_PRODUKTLAUNCH26,1789010002,TopView,10/28/2026,45-54,Female,27.14,4.32,0.46,0.94,6285,59,0,,EUR
TT_PRODUKTLAUNCH26,1789010002,Spark_Ads,09/09/2026,35-44,Male,44.29,7.83,0.43,1.82,5660,103,1,44.29,EUR
TT_LETO26_BrandAware,1789010001,InFeed_Prospecting,06/30/2026,18-24,Female,13.94,3.86,0.34,1.13,3608,41,0,,EUR
TT_LETO26_BrandAware,1789010001,Spark_Awareness,07/08/2026,45-54,Male,14.56,4.79,0.28,1.71,3037,52,0,,EUR
TT_PRODUKTLAUNCH26,1789010002,TopView,09/30/2026,55-64,Female,30.36,6.74,0.66,1.03,4507,46,0,,EUR
TT_PRODUKTLAUNCH26,1789010002,Spark_Ads,10/11/2026,35-44,Male,44.46,7.21,0.38,1.9,6165,117,1,44.46,EUR
TT_PRODUKTLAUNCH26,1789010002,InFeed_Launch,10/26/2026,55-64,Female,19.5,7.76,0.5,1.55,2512,39,0,,EUR
TT_PRODUKTLAUNCH26,1789010002,Spark_Ads,08/18/2026,45-54,Male,17.16,4.27,0.39,1.1,4023,44,1,17.16,EUR
TT_LETO26_BrandAware,1789010001,Spark_Awareness,06/11/2026,55-64,Female,5.04,3.98,0.36,1.07,1266,14,0,,EUR
TT_LETO26_BrandAware,1789010001,Spark_Awareness,07/23/2026,55-64,Female,13.95,7.44,0.45,1.67,1876,31,0,,EUR
TT_LETO26_BrandAware,1789010001,InFeed_Prospecting,07/17/2026,35-44,Male,12.92,4.62,0.38,1.22,2796,34,0,,EUR
TT_PRODUKTLAUNCH26,1789010002,Spark_Ads,09/15/2026,18-24,Male,41.16,10.2,0.49,2.08,4034,84,1,41.16,EUR
TT_PRODUKTLAUNCH26,1789010002,TopView,10/03/2026,25-34,Male,76.25,8.09,0.61,1.33,9429,125,1,76.25,EUR
TT_PRODUKTLAUNCH26,1789010002,TopView,09/02/2026,25-34,Male,88.32,9.07,0.69,1.31,9733,128,1,88.32,EUR
TT_LETO26_BrandAware,1789010001,InFeed_Prospecting,07/19/2026,35-44,Female,5.88,2.58,0.28,0.91,2278,21,0,,EUR
TT_LETO26_BrandAware,1789010001,Spark_Awareness,08/01/2026,35-44,Male,17.28,6.61,0.32,2.06,2613,54,0,,EUR
TT_PRODUKTLAUNCH26,1789010002,Spark_Ads,10/23/2026,25-34,Male,37.38,7.69,0.42,1.83,4863,89,1,37.38,EUR
TT_LETO26_BrandAware,1789010001,InFeed_Retarget,07/25/2026,25-34,Male,23.5,9.6,0.47,2.03,2447,50,0,,EUR
TT_LETO26_BrandAware,1789010001,InFeed_Prospecting,06/02/2026,55-64,Female,6.56,4.6,0.41,1.13,1427,16,0,,EUR
TT_PRODUKTLAUNCH26,1789010002,Spark_Ads,09/08/2026,65+,Male,13.8,5.28,0.46,1.14,2615,30,0,,EUR
TT_LETO26_BrandAware,1789010001,InFeed_Prospecting,07/06/2026,25-34,Male,12.4,3.69,0.31,1.18,3361,40,0,,EUR
TT_LETO26_BrandAware,1789010001,Spark_Awareness,07/17/2026,45-54,Male,9.89,5.36,0.43,1.22,1844,23,0,,EUR
TT_LETO26_BrandAware,1789010001,InFeed_Retarget,07/03/2026,25-34,Male,19.98,9.27,0.37,2.51,2155,54,0,,EUR
TT_PRODUKTLAUNCH26,1789010002,InFeed_Launch,10/21/2026,25-34,Male,35.64,7.38,0.33,2.24,4828,108,1,35.64,EUR
TT_PRODUKTLAUNCH26,1789010002,Spark_Ads,10/12/2026,55-64,Male,13.63,6.63,0.47,1.41,2057,29,0,,EUR
TT_PRODUKTLAUNCH26,1789010002,Spark_Ads,08/26/2026,65+,Male,22.0,7.62,0.4,1.9,2888,55,1,22.0,EUR
TT_PRODUKTLAUNCH26,1789010002,InFeed_Launch,08/22/2026,18-24,Male,11.02,6.02,0.38,1.61,1832,29,0,,EUR
TT_LETO26_BrandAware,1789010001,Spark_Awareness,07/01/2026,25-34,Male,15.3,3.77,0.3,1.27,4059,51,0,,EUR
TT_PRODUKTLAUNCH26,1789010002,TopView,08/25/2026,45-54,Female,21.2,6.51,0.53,1.24,3258,40,0,,EUR
TT_PRODUKTLAUNCH26,1789010002,TopView,09/05/2026,25-34,Female,33.0,5.33,0.6,0.89,6188,55,0,,EUR
TT_PRODUKTLAUNCH26,1789010002,InFeed_Launch,10/19/2026,55-64,Male,22.08,9.11,0.48,1.91,2425,46,0,,EUR
TT_PRODUKTLAUNCH26,1789010002,InFeed_Launch,10/26/2026,35-44,Male,19.11,8.08,0.39,2.06,2364,49,0,,EUR
TT_LETO26_BrandAware,1789010001,InFeed_Prospecting,07/19/2026,25-34,Female,9.3,3.0,0.31,0.96,3103,30,0,,EUR
TT_LETO26_BrandAware,1789010001,Spark_Awareness,07/08/2026,18-24,Male,5.51,3.85,0.29,1.3,1433,19,0,,EUR
TT_LETO26_BrandAware,1789010001,Spark_Awareness,07/17/2026,25-34,Female,20.3,7.23,0.35,2.05,140400,58,0,,EUR
TT_PRODUKTLAUNCH26,1789010002,InFeed_Launch,09/16/2026,18-24,Female,31.45,8.88,0.37,2.39,3543,85,1,31.45,EUR
TT_LETO26_BrandAware,1789010001,InFeed_Prospecting,06/02/2026,55-64,Male,13.52,3.95,0.26,1.5,3425,52,0,,EUR
TT_LETO26_BrandAware,1789010001,Spark_Awareness,06/20/2026,55-64,Female,9.72,3.86,0.36,1.08,2520,27,0,,EUR
TT_PRODUKTLAUNCH26,1789010002,Spark_Ads,10/21/2026,35-44,Male,14.5,4.56,0.29,1.58,3179,50,1,14.5,EUR
TT_PRODUKTLAUNCH26,1789010002,InFeed_Launch,08/20/2026,45-54,Male,13.8,7.21,0.46,1.58,1913,30,0,,EUR
TT_PRODUKTLAUNCH26,1789010002,Spark_Ads,10/21/2026,55-64,Male,25.2,7.2,0.3,2.39,3502,84,1,25.2,EUR
TT_PRODUKTLAUNCH26,1789010002,Spark_Ads,10/11/2026,25-34,Female,50.43,9.46,0.41,2.31,5333,123,1,50.43,EUR
TT_LETO26_BrandAware,1789010001,Spark_Awareness,06/11/2026,18-24,Female,11.96,6.17,0.46,1.34,1938,26,0,,EUR
TT_LETO26_BrandAware,1789010001,InFeed_Prospecting,06/24/2026,18-24,Male,16.5,4.76,0.33,1.45,3465,50,0,,EUR
TT_PRODUKTLAUNCH26,1789010002,TopView,09/02/2026,45-54,Female,18.56,5.23,0.64,0.82,3550,29,0,,EUR
TT_PRODUKTLAUNCH26,1789010002,Spark_Ads,10/25/2026,18-24,Male,41.8,7.65,0.38,2.02,5467,110,1,41.8,EUR
TT_LETO26_BrandAware,1789010001,InFeed_Prospecting,06/16/2026,35-44,Female,12.22,3.39,0.26,1.31,3601,47,0,,EUR
TT_PRODUKTLAUNCH26,1789010002,Spark_Ads,09/16/2026,65+,Male,7.02,4.65,0.39,1.18,1509,18,0,,EUR
TT_PRODUKTLAUNCH26,1789010002,InFeed_Launch,10/18/2026,65+,Female,6.3,7.27,0.35,2.04,867,18,0,,EUR
TT_LETO26_BrandAware,1789010001,InFeed_Prospecting,06/16/2026,65+,Male,6.51,4.55,0.31,1.5,1430,21,0,,EUR
TT_PRODUKTLAUNCH26,1789010002,Spark_Ads,09/16/2026,25-34,Male,35.1,4.66,0.39,1.2,7538,90,1,35.1,EUR
TT_LETO26_BrandAware,1789010001,InFeed_Prospecting,06/07/2026,35-44,Female,18.33,3.9,0.39,0.99,4699,47,0,,EUR
TT_PRODUKTLAUNCH26,1789010002,InFeed_Launch,10/09/2026,65+,Male,5.95,5.15,0.35,1.5,1155,17,0,,EUR
TT_LETO26_BrandAware,1789010001,Spark_Awareness,06/22/2026,18-24,Male,7.0,3.57,0.35,1.03,1960,20,0,,EUR
TT_PRODUKTLAUNCH26,1789010002,InFeed_Launch,10/01/2026,55-64,Male,15.21,9.94,0.39,2.57,1530,39,0,,EUR
TT_PRODUKTLAUNCH26,1789010002,InFeed_Launch,10/13/2026,65+,Female,16.8,8.92,0.48,1.86,1884,35,0,,EUR
TT_LETO26_BrandAware,1789010001,InFeed_Prospecting,06/09/2026,18-24,Male,12.32,5.51,0.44,1.25,2237,28,0,,EUR
TT_PRODUKTLAUNCH26,1789010002,TopView,09/01/2026,55-64,Male,13.92,4.91,0.58,0.86,2835,24,0,,EUR
TT_PRODUKTLAUNCH26,1789010002,TopView,10/13/2026,65+,Female,9.35,5.16,0.55,0.93,1811,17,0,,EUR
TT_PRODUKTLAUNCH26,1789010002,TopView,10/03/2026,18-24,Male,16.56,4.04,0.46,0.87,4095,36,0,,EUR
TT_LETO26_BrandAware,1789010001,InFeed_Prospecting,08/12/2026,35-44,Female,12.71,3.61,0.31,1.15,3524,41,0,,EUR
TT_PRODUKTLAUNCH26,1789010002,TopView,10/06/2026,45-54,Male,23.94,4.81,0.63,0.77,4976,38,0,,EUR
TT_LETO26_BrandAware,1789010001,InFeed_Retarget,06/14/2026,35-44,Female,10.15,6.57,0.35,1.88,1545,29,0,,EUR
TT_LETO26_BrandAware,1789010001,InFeed_Prospecting,07/30/2026,65+,Male,7.7,4.0,0.35,1.15,1923,22,0,,EUR
TT_LETO26_BrandAware,1789010001,InFeed_Retarget,08/12/2026,65+,Female,4.42,5.52,0.34,1.58,801,13,0,,EUR
TT_PRODUKTLAUNCH26,1789010002,InFeed_Launch,09/23/2026,65+,Female,11.76,7.56,0.42,1.8,1556,28,0,,EUR
TT_PRODUKTLAUNCH26,1789010002,InFeed_Launch,10/24/2026,35-44,Female,42.77,11.09,0.47,2.36,3856,91,1,42.77,EUR
TT_PRODUKTLAUNCH26,1789010002,InFeed_Launch,10/05/2026,25-34,Male,23.56,6.77,0.38,1.78,3479,62,1,23.56,EUR
TT_PRODUKTLAUNCH26,1789010002,TopView,10/12/2026,35-44,Male,17.11,3.79,0.59,0.63,4512,29,0,,EUR
TT_PRODUKTLAUNCH26,1789010002,Spark_Ads,10/10/2026,35-44,Female,17.1,5.57,0.3,1.84,3071,57,1,17.1,EUR
TT_PRODUKTLAUNCH26,1789010002,Spark_Ads,08/18/2026,25-34,Male,72.96,9.82,0.48,2.05,7432,152,2,36.48,EUR
TT_LETO26_BrandAware,1789010001,InFeed_Prospecting,07/02/2026,65+,Female,8.74,4.95,0.38,1.28,1766,23,0,,EUR
TT_PRODUKTLAUNCH26,1789010002,InFeed_Launch,09/29/2026,55-64,Male,12.16,6.35,0.32,1.99,1916,38,0,,EUR
TT_LETO26_BrandAware,1789010001,InFeed_Retarget,07/21/2026,35-44,Female,9.75,6.71,0.39,1.69,1454,25,0,,EUR
TT_PRODUKTLAUNCH26,1789010002,TopView,09/27/2026,25-34,Male,46.5,5.51,0.62,0.88,8437,75,0,,EUR
TT_PRODUKTLAUNCH26,1789010002,Spark_Ads,09/01/2026,25-34,Male,51.8,7.45,0.35,2.13,6954,148,2,25.9,EUR
TT_PRODUKTLAUNCH26,1789010002,TopView,08/20/2026,65+,Male,13.26,3.8,0.51,0.74,3494,26,0,,EUR
TT_PRODUKTLAUNCH26,1789010002,Spark_Ads,10/08/2026,25-34,Male,29.76,6.87,0.32,2.15,4332,93,1,29.76,EUR
TT_LETO26_BrandAware,1789010001,InFeed_Prospecting,07/17/2026,25-34,Female,28.38,4.88,0.33,1.47,5814,86,0,,EUR
TT_PRODUKTLAUNCH26,1789010002,TopView,10/25/2026,45-54,Male,23.4,3.94,0.65,0.61,5938,36,0,,EUR
TT_LETO26_BrandAware,1789010001,Spark_Awareness,06/26/2026,35-44,Male,15.64,7.24,0.34,2.13,2160,46,0,,EUR
TT_LETO26_BrandAware,1789010001,InFeed_Prospecting,06/13/2026,55-64,Female,13.86,5.3,0.42,1.28,2614,33,0,,EUR
TT_LETO26_BrandAware,1789010001,InFeed_Prospecting,06/29/2026,35-44,Male,13.12,4.39,0.32,1.37,2986,41,0,,EUR
TT_LETO26_BrandAware,1789010001,InFeed_Prospecting,06/16/2026,45-54,Male,28.08,6.66,0.36,1.86,4218,78,0,,EUR
TT_LETO26_BrandAware,1789010001,Spark_Awareness,07/09/2026,18-24,Male,11.88,4.4,0.36,1.23,2700,33,0,,EUR
TT_PRODUKTLAUNCH26,1789010002,Spark_Ads,10/17/2026,35-44,Male,31.96,6.31,0.47,1.35,5063,68,1,31.96,EUR
TT_LETO26_BrandAware,1789010001,Spark_Awareness,06/27/2026,55-64,Female,13.94,8.61,0.41,2.1,1619,34,0,,EUR
TT_PRODUKTLAUNCH26,1789010002,InFeed_Launch,10/17/2026,45-54,Male,17.2,7.78,0.43,1.79,2211,40,0,,EUR
TT_LETO26_BrandAware,1789010001,InFeed_Prospecting,07/14/2026,45-54,Female,27.72,7.62,0.42,1.83,3640,66,0,,EUR
TT_PRODUKTLAUNCH26,1789010002,TopView,09/09/2026,55-64,Female,16.2,3.65,0.6,0.61,4444,27,0,,EUR
TT_LETO26_BrandAware,1789010001,InFeed_Prospecting,06/01/2026,25-34,Female,16.8,6.66,0.35,1.91,2521,48,0,,EUR
TT_PRODUKTLAUNCH26,1789010002,TopView,08/30/2026,55-64,Female,10.2,4.26,0.68,0.63,2393,15,0,,EUR
TT_PRODUKTLAUNCH26,1789010002,InFeed_Launch,10/02/2026,18-24,Male,17.63,8.55,0.41,2.1,2063,43,0,,EUR
TT_LETO26_BrandAware,1789010001,InFeed_Prospecting,06/26/2026,45-54,Female,18.9,4.31,0.27,1.61,4386,70,0,,EUR
TT_PRODUKTLAUNCH26,1789010002,Spark_Ads,08/21/2026,25-34,Male,19.6,3.42,0.28,1.22,5730,70,1,19.6,EUR
TT_PRODUKTLAUNCH26,1789010002,InFeed_Launch,10/23/2026,55-64,Female,15.84,11.38,0.44,2.55,1392,36,0,,EUR
TT_LETO26_BrandAware,1789010001,InFeed_Retarget,07/18/2026,65+,Female,5.52,12.13,0.46,2.56,455,12,0,,EUR
TT_PRODUKTLAUNCH26,1789010002,TopView,10/05/2026,45-54,Male,25.5,3.53,0.5,0.71,7223,51,0,,EUR
TT_PRODUKTLAUNCH26,1789010002,InFeed_Launch,09/24/2026,55-64,Male,16.92,6.56,0.36,1.82,2579,47,0,,EUR
TT_PRODUKTLAUNCH26,1789010002,TopView,09/05/2026,45-54,Male,20.72,4.52,0.56,0.8,4588,37,0,,EUR
TT_LETO26_BrandAware,1789010001,InFeed_Prospecting,07/29/2026,18-24,Male,13.86,4.78,0.42,1.15,2898,33,0,,EUR
TT_LETO26_BrandAware,1789010001,InFeed_Retarget,08/03/2026,25-34,Female,19.78,12.75,0.46,2.76,1551,43,0,,EUR
TT_PRODUKTLAUNCH26,1789010002,Spark_Ads,10/23/2026,45-54,Female,43.12,8.87,0.44,2.02,4863,98,1,43.12,EUR
TT_LETO26_BrandAware,1789010001,InFeed_Retarget,07/06/2026,35-44,Male,21.15,11.66,0.45,2.58,1814,47,0,,EUR
TT_LETO26_BrandAware,1789010001,Spark_Awareness,06/18/2026,18-24,Female,10.23,5.18,0.33,1.56,1975,31,0,,EUR
TT_LETO26_BrandAware,1789010001,InFeed_Prospecting,08/01/2026,65+,Male,11.2,6.3,0.4,1.57,1779,28,0,,EUR
TT_PRODUKTLAUNCH26,1789010002,InFeed_Launch,09/27/2026,25-34,Female,24.57,9.32,0.39,2.39,2637,63,1,24.57,EUR
TT_LETO26_BrandAware,1789010001,InFeed_Prospecting,06/18/2026,65+,Female,5.55,5.79,0.37,1.57,959,15,0,,EUR
TT_LETO26_BrandAware,1789010001,Spark_Awareness,06/23/2026,35-44,Male,26.88,8.85,0.48,1.86,3036,56,0,,EUR
TT_PRODUKTLAUNCH26,1789010002,Spark_Ads,09/19/2026,55-64,Male,18.76,4.71,0.28,1.67,3985,67,1,18.76,EUR
TT_LETO26_BrandAware,1789010001,InFeed_Prospecting,06/28/2026,35-44,Female,15.5,5.79,0.31,1.85,2679,50,0,,EUR
TT_PRODUKTLAUNCH26,1789010002,InFeed_Launch,08/23/2026,65+,Male,6.3,6.58,0.42,1.52,957,15,0,,EUR
TT_PRODUKTLAUNCH26,1789010002,Spark_Ads,10/13/2026,65+,Female,16.32,8.75,0.48,1.8,1866,34,0,,EUR
TT_PRODUKTLAUNCH26,1789010002,TopView,09/28/2026,65+,Male,16.0,4.74,0.64,0.75,3372,25,0,,EUR
TT_PRODUKTLAUNCH26,1789010002,InFeed_Launch,10/20/2026,35-44,Female,35.04,10.52,0.48,2.21,3332,73,1,35.04,EUR
TT_PRODUKTLAUNCH26,1789010002,InFeed_Launch,10/04/2026,55-64,Male,22.36,9.99,0.43,2.34,2238,52,1,22.36,EUR
TT_LETO26_BrandAware,1789010001,Spark_Awareness,06/08/2026,25-34,Male,12.3,5.36,0.3,1.81,2293,41,0,,EUR
TT_PRODUKTLAUNCH26,1789010002,Spark_Ads,08/22/2026,55-64,Male,21.6,5.86,0.45,1.31,3683,48,1,21.6,EUR
TT_PRODUKTLAUNCH26,1789010002,InFeed_Launch,09/30/2026,55-64,Male,11.2,4.44,0.32,1.38,2522,35,0,,EUR
TT_PRODUKTLAUNCH26,1789010002,InFeed_Launch,09/29/2026,18-24,Female,18.24,7.6,0.32,2.36,2400,57,1,18.24,EUR
TT_PRODUKTLAUNCH26,1789010002,TopView,10/09/2026,18-24,Male,25.38,3.66,0.54,0.67,6937,47,0,,EUR
TT_LETO26_BrandAware,1789010001,InFeed_Prospecting,06/19/2026,35-44,Female,20.7,4.51,0.3,1.5,4590,69,0,,EUR
TT_PRODUKTLAUNCH26,1789010002,InFeed_Launch,10/06/2026,25-34,Male,34.44,8.14,0.41,1.99,4232,84,1,34.44,EUR
TT_LETO26_BrandAware,1789010001,InFeed_Prospecting,07/31/2026,65+,Male,5.2,4.03,0.26,1.53,1290,20,0,,EUR
TT_PRODUKTLAUNCH26,1789010002,InFeed_Launch,08/28/2026,65+,Female,12.75,11.94,0.51,2.37,1068,25,0,,EUR
TT_LETO26_BrandAware,1789010001,InFeed_Prospecting,07/22/2026,45-54,Female,11.0,5.63,0.44,1.27,1953,25,0,,EUR
TT_LETO26_BrandAware,1789010001,InFeed_Retarget,07/02/2026,65+,Male,7.0,7.18,0.35,2.03,975,20,0,,EUR
TT_PRODUKTLAUNCH26,1789010002,InFeed_Launch,10/09/2026,18-24,Male,14.19,6.23,0.33,1.89,2277,43,0,,EUR
TT_LETO26_BrandAware,1789010001,InFeed_Retarget,08/09/2026,55-64,Female,11.2,9.01,0.32,2.85,1243,35,0,,EUR
TT_PRODUKTLAUNCH26,1789010002,TopView,09/18/2026,18-24,Male,18.2,4.19,0.65,0.65,4345,28,0,,EUR
TT_PRODUKTLAUNCH26,1789010002,InFeed_Launch,10/13/2026,35-44,Female,22.4,6.7,0.32,2.1,3341,70,1,22.4,EUR
TT_LETO26_BrandAware,1789010001,Spark_Awareness,06/15/2026,55-64,Female,14.85,7.59,0.45,1.67,1957,33,0,,EUR
TT_LETO26_BrandAware,1789010001,InFeed_Retarget,08/01/2026,45-54,Male,10.26,8.2,0.38,2.19,1251,27,0,,EUR
TT_PRODUKTLAUNCH26,1789010002,InFeed_Launch,10/15/2026,45-54,Female,29.93,8.11,0.41,1.98,3692,73,1,29.93,EUR
TT_PRODUKTLAUNCH26,1789010002,TopView,09/03/2026,35-44,Female,24.50 EUR,3.37,0.5,0.68,7265,49,0,,EUR
TT_LETO26_BrandAware,1789010001,InFeed_Prospecting,07/03/2026,25-34,Male,15.96,5.04,0.42,1.2,3164,38,0,,EUR
TT_PRODUKTLAUNCH26,1789010002,InFeed_Launch,08/29/2026,45-54,Female,22.68,7.88,0.42,1.87,2878,54,1,22.68,EUR
TT_PRODUKTLAUNCH26,1789010002,Spark_Ads,08/27/2026,45-54,Female,36.86,7.85,0.38,2.07,4693,97,1,36.86,EUR
TT_LETO26_BrandAware,1789010001,Spark_Awareness,07/05/2026,55-64,Female,10.23,4.58,0.31,1.48,2233,33,0,,EUR
TT_LETO26_BrandAware,1789010001,Spark_Awareness,06/07/2026,45-54,Male,12.0,3.99,0.3,1.34,3008,40,0,,EUR
TT_PRODUKTLAUNCH26,1789010002,InFeed_Launch,08/16/2026,65+,Female,9.66,8.64,0.42,2.1,1118,23,0,,EUR
TT_LETO26_BrandAware,1789010001,InFeed_Retarget,06/28/2026,45-54,Male,11.55,6.72,0.33,2.03,1720,35,0,,EUR
TT_LETO26_BrandAware,1789010001,InFeed_Retarget,08/01/2026,45-54,Female,12.16,11.24,0.38,2.94,1082,32,0,,EUR
TT_LETO26_BrandAware,1789010001,InFeed_Prospecting,06/17/2026,35-44,Male,10.26,3.98,0.38,1.03,2575,27,0,,EUR
TT_LETO26_BrandAware,1789010001,InFeed_Prospecting,07/25/2026,25-34,Male,25.42,5.52,0.31,1.78,4604,82,0,,EUR
TT_PRODUKTLAUNCH26,1789010002,InFeed_Launch,10/13/2026,18-24,Female,10.78,6.5,0.49,1.33,1659,22,0,,EUR
TT_PRODUKTLAUNCH26,1789010002,InFeed_Launch,10/23/2026,45-54,Female,24.51,10.06,0.43,2.34,2437,57,1,24.51,EUR
TT_PRODUKTLAUNCH26,1789010002,InFeed_Launch,10/15/2026,65+,Female,21.15,10.62,0.45,2.38,1991,47,0,,EUR
TT_LETO26_BrandAware,1789010001,InFeed_Prospecting,08/10/2026,55-64,Female,12.3,4.37,0.41,1.06,2815,30,0,,EUR
TT_PRODUKTLAUNCH26,1789010002,InFeed_Launch,10/02/2026,65+,Male,12.71,7.17,0.31,2.34,1772,41,0,,EUR
TT_LETO26_BrandAware,1789010001,InFeed_Prospecting,06/08/2026,45-54,Female,17.1,4.42,0.3,1.46,3870,57,0,,EUR
TT_PRODUKTLAUNCH26,1789010002,TopView,08/29/2026,25-34,Female,52.0,7.47,0.65,1.15,6964,80,0,,EUR
TT_PRODUKTLAUNCH26,1789010002,Spark_Ads,09/27/2026,18-24,Female,27.52,7.3,0.32,2.27,3768,86,1,27.52,EUR
TT_LETO26_BrandAware,1789010001,Spark_Awareness,08/11/2026,35-44,Female,24.19,6.4,0.41,1.56,3781,59,0,,EUR
TT_PRODUKTLAUNCH26,1789010002,Spark_Ads,09/07/2026,65+,Female,19.11,8.25,0.49,1.7,2317,39,0,,EUR
TT_LETO26_BrandAware,1789010001,Spark_Awareness,07/06/2026,55-64,Female,12.69,6.87,0.47,1.46,1847,27,0,,EUR
TT_PRODUKTLAUNCH26,1789010002,InFeed_Launch,10/22/2026,65+,Female,9.12,5.97,0.38,1.56,1528,24,0,,EUR
TT_LETO26_BrandAware,1789010001,InFeed_Retarget,06/19/2026,45-54,Male,13.95,12.81,0.45,2.85,1089,31,0,,EUR
TT_PRODUKTLAUNCH26,1789010002,TopView,08/18/2026,35-44,Female,44.2,6.75,0.52,1.3,6547,85,1,44.2,EUR
TT_PRODUKTLAUNCH26,1789010002,TopView,08/26/2026,18-24,Male,33.28,4.89,0.52,0.93,6809,64,0,,EUR
TT_PRODUKTLAUNCH26,1789010002,InFeed_Launch,08/30/2026,45-54,Male,30.5,9.23,0.5,1.83,3306,61,1,30.5,EUR
TT_PRODUKTLAUNCH26,1789010002,Spark_Ads,08/25/2026,18-24,Female,18.91,7.18,0.31,2.32,2633,61,1,18.91,EUR
TT_PRODUKTLAUNCH26,1789010002,TopView,08/15/2026,35-44,Female,51.45,6.55,0.49,1.34,7860,105,1,51.45,EUR
TT_LETO26_BrandAware,1789010001,Spark_Awareness,08/09/2026,25-34,Female,15.51,4.63,0.33,1.4,3353,47,0,,EUR
TT_PRODUKTLAUNCH26,1789010002,TopView,08/20/2026,25-34,Male,42.21,4.38,0.63,0.69,9639,67,0,,EUR
TT_PRODUKTLAUNCH26,1789010002,TopView,10/15/2026,55-64,Male,14.1,3.42,0.47,0.72,4117,30,0,,EUR
TT_PRODUKTLAUNCH26,1789010002,Spark_Ads,08/28/2026,18-24,Female,12.76,5.27,0.29,1.81,2419,44,1,12.76,EUR
TT_LETO26_BrandAware,1789010001,InFeed_Retarget,08/04/2026,55-64,Female,6.2,5.07,0.31,1.66,1224,20,0,,EUR
TT_PRODUKTLAUNCH26,1789010002,TopView,10/15/2026,18-24,Female,24.79,4.46,0.67,0.67,5562,37,0,,EUR
TT_PRODUKTLAUNCH26,1789010002,TopView,08/26/2026,45-54,Male,43.89,6.29,0.57,1.11,6982,77,0,,EUR
TT_PRODUKTLAUNCH26,1789010002,TopView,09/16/2026,65+,Female,9.69,5.15,0.57,0.88,1881,17,0,,EUR
TT_PRODUKTLAUNCH26,1789010002,TopView,09/28/2026,18-24,Female,33.66,8.08,0.66,1.23,4167,51,0,,EUR
TT_PRODUKTLAUNCH26,1789010002,Spark_Ads,09/25/2026,25-34,Female,43.86,6.52,0.34,1.91,6723,129,2,21.93,EUR
TT_LETO26_BrandAware,1789010001,InFeed_Retarget,07/10/2026,45-54,Male,14.52,9.19,0.33,2.8,1580,44,0,,EUR
TT_PRODUKTLAUNCH26,1789010002,TopView,10/16/2026,65+,Male,12.24,5.91,0.51,1.16,2070,24,0,,EUR
TT_LETO26_BrandAware,1789010001,InFeed_Prospecting,06/03/2026,18-24,Male,21.56,6.51,0.44,1.48,3314,49,0,,EUR
TT_LETO26_BrandAware,1789010001,Spark_Awareness,06/24/2026,25-34,Female,22.63,6.78,0.31,2.18,3338,73,0,,EUR
TT_LETO26_BrandAware,1789010001,Spark_Awareness,07/06/2026,45-54,Female,10.73,3.52,0.29,1.21,3050,37,0,,EUR
TT_PRODUKTLAUNCH26,1789010002,InFeed_Launch,10/24/2026,55-64,Male,29.67,10.41,0.43,2.41,2850,69,1,29.67,EUR
TT_PRODUKTLAUNCH26,1789010002,TopView,09/23/2026,45-54,Female,32.2,8.16,0.7,1.18,3944,46,0,,EUR
TT_LETO26_BrandAware,1789010001,Spark_Awareness,06/06/2026,65+,Female,2.79,3.6,0.31,1.19,775,9,0,,EUR
TT_LETO26_BrandAware,1789010001,Spark_Awareness,06/16/2026,35-44,Male,9.92,4.95,0.32,1.53,2003,31,0,,EUR
TT_LETO26_BrandAware,1789010001,InFeed_Retarget,06/04/2026,25-34,Male,14.7,6.99,0.42,1.68,2104,35,0,,EUR
TT_PRODUKTLAUNCH26,1789010002,Spark_Ads,10/15/2026,35-44,Female,29.4,7.6,0.35,2.16,3869,84,1,29.4,EUR
TT_LETO26_BrandAware,1789010001,Spark_Awareness,06/12/2026,65+,Male,8.19,6.15,0.39,1.57,1331,21,0,,EUR
TT_PRODUKTLAUNCH26,1789010002,TopView,10/03/2026,65+,Female,7.28,3.28,0.52,0.65,2222,14,0,,EUR
TT_PRODUKTLAUNCH26,1789010002,Spark_Ads,10/23/2026,35-44,Female,33.81,9.25,0.49,1.89,3657,69,1,33.81,EUR
TT_LETO26_BrandAware,1789010001,InFeed_Retarget,07/20/2026,45-54,Male,5.61,5.59,0.33,1.73,1004,17,0,,EUR
TT_PRODUKTLAUNCH26,1789010002,TopView,10/15/2026,65+,Female,15.12,5.24,0.56,0.93,2883,27,0,,EUR
TT_PRODUKTLAUNCH26,1789010002,TopView,09/10/2026,55-64,Female,8.16,3.45,0.48,0.71,2364,17,0,,EUR
TT_PRODUKTLAUNCH26,1789010002,Spark_Ads,08/28/2026,65+,Female,12.09,5.08,0.31,1.65,2380,39,0,,EUR
TT_LETO26_BrandAware,1789010001,Spark_Awareness,06/13/2026,65+,Male,16.0,8.7,0.4,2.18,1840,40,0,,EUR
TT_PRODUKTLAUNCH26,1789010002,InFeed_Launch,09/16/2026,35-44,Female,30.34,8.51,0.41,2.08,3565,74,1,30.34,EUR
TT_PRODUKTLAUNCH26,1789010002,InFeed_Launch,10/03/2026,25-34,Male,29.45,6.95,0.31,2.24,4236,95,1,29.45,EUR
TT_PRODUKTLAUNCH26,1789010002,InFeed_Launch,10/23/2026,18-24,Female,22.44,8.48,0.44,1.92,2647,51,1,22.44,EUR
TT_LETO26_BrandAware,1789010001,InFeed_Retarget,07/10/2026,25-34,Male,15.68,10.42,0.49,2.13,1505,32,0,,EUR
TT_LETO26_BrandAware,1789010001,InFeed_Retarget,07/18/2026,25-34,Female,9.8,6.29,0.35,1.8,1558,28,0,,EUR
TT_PRODUKTLAUNCH26,1789010002,InFeed_Launch,09/19/2026,18-24,Male,26.0,11.21,0.5,2.24,2320,52,1,26.0,EUR
TT_LETO26_BrandAware,1789010001,InFeed_Prospecting,06/23/2026,65+,Male,8.64,4.24,0.27,1.55,2040,32,0,,EUR
TT_PRODUKTLAUNCH26,1789010002,InFeed_Launch,08/19/2026,18-24,Female,35.2,10.26,0.4,2.57,3431,88,1,35.2,EUR
TT_PRODUKTLAUNCH26,1789010002,Spark_Ads,09/21/2026,18-24,Male,28.5,6.06,0.3,2.02,4704,95,1,28.5,EUR
TT_PRODUKTLAUNCH26,1789010002,InFeed_Launch,09/22/2026,45-54,Female,21.84,8.06,0.52,1.56,2708,42,0,,EUR
TT_PRODUKTLAUNCH26,1789010002,TopView,08/22/2026,65+,Male,8.36,4.08,0.44,0.94,2050,19,0,,EUR
TT_LETO26_BrandAware,1789010001,InFeed_Retarget,07/31/2026,18-24,Male,8.28,8.76,0.46,1.89,945,18,0,,EUR
TT_PRODUKTLAUNCH26,1789010002,Spark_Ads,09/29/2026,35-44,Male,49.6,7.09,0.32,2.22,6996,155,2,24.8,EUR
TT_LETO26_BrandAware,1789010001,InFeed_Prospecting,06/05/2026,25-34,Female,21.83,5.02,0.37,1.35,4350,59,0,,EUR
TT_PRODUKTLAUNCH26,1789010002,Spark_Ads,08/20/2026,45-54,Male,24.84,7.82,0.36,2.18,3177,69,1,24.84,EUR
TT_LETO26_BrandAware,1789010001,Spark_Awareness,07/30/2026,65+,Male,8.58,4.66,0.33,1.39,1843,26,0,,EUR
TT_LETO26_BrandAware,1789010001,InFeed_Prospecting,06/29/2026,65+,Female,13.86,7.29,0.42,1.72,1900,33,0,,EUR
TT_PRODUKTLAUNCH26,1789010002,Spark_Ads,09/13/2026,35-44,Male,15.04,4.55,0.32,1.43,3309,47,1,15.04,EUR
TT_PRODUKTLAUNCH26,1789010002,InFeed_Launch,09/30/2026,55-64,Female,17.76,7.42,0.48,1.54,2394,37,0,,EUR
TT_LETO26_BrandAware,1789010001,InFeed_Retarget,06/08/2026,45-54,Female,9.1,6.03,0.35,1.71,1508,26,0,,EUR
TT_PRODUKTLAUNCH26,1789010002,InFeed_Launch,08/31/2026,25-34,Male,46.2,9.82,0.42,2.34,4703,110,1,46.2,EUR
TT_PRODUKTLAUNCH26,1789010002,TopView,09/07/2026,65+,Male,11.0,3.42,0.55,0.62,3215,20,0,,EUR
TT_LETO26_BrandAware,1789010001,InFeed_Prospecting,07/04/2026,55-64,Female,18.02,5.69,0.34,1.67,3169,53,0,,EUR
TT_LETO26_BrandAware,1789010001,InFeed_Prospecting,07/19/2026,25-34,Male,38.48,5.91,0.37,1.6,6508,104,0,,EUR
TT_PRODUKTLAUNCH26,1789010002,Spark_Ads,10/03/2026,45-54,Female,12.6,5.42,0.45,1.19,2323,28,0,,EUR
TT_LETO26_BrandAware,1789010001,InFeed_Retarget,06/02/2026,45-54,Male,12.87,8.33,0.33,2.53,1545,39,0,,EUR
TT_LETO26_BrandAware,1789010001,InFeed_Retarget,08/07/2026,35-44,Female,13.65,9.21,0.39,2.34,1482,35,0,,EUR
TT_LETO26_BrandAware,1789010001,InFeed_Prospecting,07/18/2026,55-64,Male,9.24,4.58,0.44,1.06,2017,21,0,,EUR
TT_LETO26_BrandAware,1789010001,Spark_Awareness,06/03/2026,25-34,Male,16.92,4.83,0.47,1.04,3502,36,0,,EUR
TT_PRODUKTLAUNCH26,1789010002,InFeed_Launch,09/03/2026,45-54,Female,13.69,5.13,0.37,1.4,2667,37,0,,EUR
TT_PRODUKTLAUNCH26,1789010002,TopView,10/25/2026,55-64,Male,37.7,7.01,0.65,1.09,5375,58,0,,EUR
TT_LETO26_BrandAware,1789010001,Spark_Awareness,08/01/2026,45-54,Female,7.7,5.58,0.35,1.58,1379,22,0,,EUR
TT_LETO26_BrandAware,1789010001,InFeed_Prospecting,08/01/2026,18-24,Female,19.72,4.72,0.29,1.64,4174,68,0,,EUR
TT_PRODUKTLAUNCH26,1789010002,TopView,09/27/2026,55-64,Male,21.84,4.54,0.52,0.87,4807,42,0,,EUR
TT_LETO26_BrandAware,1789010001,InFeed_Prospecting,06/19/2026,25-34,Male,25.41,4.69,0.33,1.41,5423,77,0,,EUR
TT_LETO26_BrandAware,1789010001,InFeed_Prospecting,07/27/2026,18-24,Male,7.48 EUR,3.16,0.34,0.95,2367,22,0,,EUR
TT_LETO26_BrandAware,1789010001,InFeed_Retarget,07/22/2026,18-24,Male,10.85,7.35,0.31,2.39,1476,35,0,,EUR
TT_LETO26_BrandAware,1789010001,InFeed_Retarget,07/20/2026,65+,Male,9.8,10.9,0.49,2.24,899,20,0,,EUR
TT_PRODUKTLAUNCH26,1789010002,Spark_Ads,08/22/2026,25-34,Male,39.24,6.05,0.36,1.67,6486,109,1,39.24,EUR
TT_PRODUKTLAUNCH26,1789010002,InFeed_Launch,10/03/2026,45-54,Female,19.5,7.69,0.39,1.96,2536,50,0,,EUR
TT_LETO26_BrandAware,1789010001,InFeed_Prospecting,06/04/2026,45-54,Male,19.32,4.93,0.28,1.76,3917,69,0,,EUR
TT_LETO26_BrandAware,1789010001,Spark_Awareness,07/12/2026,45-54,Female,13.5,4.74,0.3,1.57,2848,45,0,,EUR
TT_PRODUKTLAUNCH26,1789010002,Spark_Ads,10/26/2026,45-54,Male,41.76,9.87,0.48,2.06,4231,87,1,41.76,EUR
TT_LETO26_BrandAware,1789010001,InFeed_Prospecting,06/24/2026,65+,Female,4.29,3.51,0.39,0.91,1222,11,0,,EUR
TT_PRODUKTLAUNCH26,1789010002,InFeed_Launch,08/20/2026,25-34,Male,35.88,8.43,0.52,1.61,4254,69,1,35.88,EUR
TT_LETO26_BrandAware,1789010001,InFeed_Retarget,06/23/2026,25-34,Female,7.98,6.11,0.38,1.58,1305,21,0,,EUR
TT_PRODUKTLAUNCH26,1789010002,TopView,10/05/2026,18-24,Female,8.46,2.85,0.47,0.6,2973,18,0,,EUR
TT_PRODUKTLAUNCH26,1789010002,Spark_Ads,10/03/2026,55-64,Male,19.32,5.88,0.46,1.29,3286,42,1,19.32,EUR
TT_PRODUKTLAUNCH26,1789010002,Spark_Ads,09/06/2026,55-64,Female,14.88,6.55,0.48,1.35,2273,31,0,,EUR
TT_LETO26_BrandAware,1789010001,InFeed_Prospecting,07/27/2026,25-34,Female,24.8,5.79,0.31,1.87,4281,80,0,,EUR
TT_PRODUKTLAUNCH26,1789010002,InFeed_Launch,08/28/2026,65+,Male,12.71,5.87,0.31,1.89,2164,41,0,,EUR
TT_LETO26_BrandAware,1789010001,InFeed_Retarget,07/04/2026,35-44,Female,16.1,9.31,0.46,2.05,1729,35,0,,EUR
TT_PRODUKTLAUNCH26,1789010002,TopView,10/22/2026,65+,Female,13.0,4.48,0.5,0.88,2900,26,0,,EUR
TT_LETO26_BrandAware,1789010001,Spark_Awareness,08/02/2026,55-64,Male,10.88,6.97,0.34,2.03,1561,32,0,,EUR
TT_PRODUKTLAUNCH26,1789010002,InFeed_Launch,10/12/2026,55-64,Male,17.5,8.48,0.35,2.41,2063,50,0,,EUR
TT_PRODUKTLAUNCH26,1789010002,Spark_Ads,08/16/2026,55-64,Female,14.0,6.44,0.4,1.62,2174,35,0,,EUR
TT_PRODUKTLAUNCH26,1789010002,Spark_Ads,10/18/2026,65+,Female,10.2,3.87,0.3,1.28,2638,34,0,,EUR
TT_PRODUKTLAUNCH26,1789010002,TopView,08/24/2026,35-44,Male,31.85,5.85,0.49,1.2,5442,65,0,,EUR
TT_LETO26_BrandAware,1789010001,InFeed_Retarget,06/29/2026,45-54,Male,12.16,7.14,0.38,1.9,1704,32,0,,EUR
TT_PRODUKTLAUNCH26,1789010002,TopView,10/20/2026,18-24,Male,28.09,5.55,0.53,1.04,5062,53,0,,EUR
TT_PRODUKTLAUNCH26,1789010002,TopView,10/12/2026,18-24,Male,38.25,5.86,0.51,1.15,6529,75,0,,EUR
TT_PRODUKTLAUNCH26,1789010002,InFeed_Launch,09/03/2026,65+,Female,9.61,6.38,0.31,2.07,1507,31,0,,EUR
TT_PRODUKTLAUNCH26,1789010002,TopView,08/20/2026,35-44,Male,21.84,4.67,0.56,0.83,4675,39,0,,EUR
TT_LETO26_BrandAware,1789010001,InFeed_Prospecting,06/13/2026,25-34,Female,9.99,3.75,0.27,1.38,2661,37,0,,EUR
TT_LETO26_BrandAware,1789010001,Spark_Awareness,07/26/2026,65+,Male,6.8,5.7,0.4,1.45,1193,17,0,,EUR
TT_PRODUKTLAUNCH26,1789010002,InFeed_Launch,08/16/2026,35-44,Male,35.77,8.11,0.49,1.65,4412,73,1,35.77,EUR
TT_LETO26_BrandAware,1789010001,InFeed_Prospecting,08/05/2026,35-44,Male,19.38,4.02,0.38,1.07,4817,51,0,,EUR
TT_PRODUKTLAUNCH26,1789010002,Spark_Ads,10/13/2026,55-64,Male,11.52,4.43,0.36,1.21,2601,32,0,,EUR
TT_LETO26_BrandAware,1789010001,InFeed_Retarget,08/11/2026,65+,Female,3.74,9.01,0.34,2.64,415,11,0,,EUR
TT_LETO26_BrandAware,1789010001,Spark_Awareness,07/29/2026,25-34,Male,28.6,9.46,0.44,2.15,3023,65,0,,EUR
TT_LETO26_BrandAware,1789010001,InFeed_Prospecting,07/26/2026,55-64,Male,24.08,6.93,0.43,1.6,3476,56,0,,EUR
TT_PRODUKTLAUNCH26,1789010002,TopView,09/21/2026,18-24,Male,28.8,6.06,0.45,1.34,4752,64,0,,EUR
TT_LETO26_BrandAware,1789010001,InFeed_Prospecting,07/22/2026,55-64,Female,16.81,8.16,0.41,1.98,2059,41,0,,EUR
TT_LETO26_BrandAware,1789010001,InFeed_Prospecting,06/28/2026,25-34,Male,11.88,3.29,0.36,0.91,3610,33,0,,EUR
TT_LETO26_BrandAware,1789010001,InFeed_Prospecting,08/12/2026,35-44,Male,34.88,5.8,0.32,1.81,6012,109,0,,EUR
TT_PRODUKTLAUNCH26,1789010002,TopView,10/06/2026,65+,Male,14.0,4.16,0.5,0.82,3369,28,0,,EUR
TT_LETO26_BrandAware,1789010001,InFeed_Retarget,07/23/2026,35-44,Male,31.68,14.35,0.48,2.99,2208,66,1,31.68,EUR
TT_PRODUKTLAUNCH26,1789010002,Spark_Ads,10/17/2026,25-34,Male,44.65,6.78,0.47,1.44,6584,95,1,44.65,EUR
TT_PRODUKTLAUNCH26,1789010002,InFeed_Launch,08/27/2026,18-24,Female,31.57,9.88,0.41,2.41,3195,77,1,31.57,EUR
TT_PRODUKTLAUNCH26,1789010002,Spark_Ads,09/02/2026,55-64,Female,19.35,5.68,0.43,1.31,3409,45,1,19.35,EUR
TT_LETO26_BrandAware,1789010001,InFeed_Prospecting,07/13/2026,65+,Female,5.88 EUR,2.57,0.28,0.91,2287,21,0,,EUR
TT_PRODUKTLAUNCH26,1789010002,InFeed_Launch,09/05/2026,45-54,Female,10.85,4.84,0.35,1.36,2240,31,0,,EUR
TT_LETO26_BrandAware,1789010001,InFeed_Prospecting,06/30/2026,55-64,Male,20.0,5.79,0.4,1.44,3455,50,0,,EUR
TT_PRODUKTLAUNCH26,1789010002,TopView,08/22/2026,65+,Female,21.56,6.68,0.49,1.35,3226,44,0,,EUR
TT_PRODUKTLAUNCH26,1789010002,Spark_Ads,08/24/2026,18-24,Female,33.6,9.83,0.48,2.04,3419,70,1,33.6,EUR
TT_LETO26_BrandAware,1789010001,Spark_Awareness,06/27/2026,35-44,Male,5.88,3.19,0.28,1.14,1842,21,0,,EUR
TT_LETO26_BrandAware,1789010001,InFeed_Prospecting,06/28/2026,45-54,Female,9.5,4.3,0.25,1.71,2209,38,0,,EUR
TT_LETO26_BrandAware,1789010001,InFeed_Retarget,07/24/2026,18-24,Female,7.74,8.37,0.43,1.9,925,18,0,,EUR
TT_PRODUKTLAUNCH26,1789010002,Spark_Ads,10/06/2026,45-54,Female,31.15,6.69,0.35,1.92,4655,89,1,31.15,EUR
TT_LETO26_BrandAware,1789010001,InFeed_Prospecting,08/05/2026,25-34,Female,12.16,3.5,0.32,1.08,3472,38,0,,EUR
TT_PRODUKTLAUNCH26,1789010002,InFeed_Launch,09/28/2026,35-44,Female,43.35,11.48,0.51,2.24,3777,85,1,43.35,EUR
TT_LETO26_BrandAware,1789010001,InFeed_Prospecting,06/22/2026,45-54,Male,27.6,5.95,0.3,1.98,4636,92,0,,EUR
TT_LETO26_BrandAware,1789010001,InFeed_Retarget,06/27/2026,25-34,Female,15.04,8.42,0.32,2.63,1787,47,0,,EUR
TT_PRODUKTLAUNCH26,1789010002,Spark_Ads,10/20/2026,55-64,Male,31.68,8.2,0.48,1.71,3862,66,1,31.68,EUR
TT_PRODUKTLAUNCH26,1789010002,Spark_Ads,09/17/2026,35-44,Male,33.84,5.61,0.47,1.19,6033,72,1,33.84,EUR
TT_LETO26_BrandAware,1789010001,InFeed_Prospecting,07/17/2026,18-24,Female,17.92,4.54,0.28,1.63,3950,64,0,,EUR
TT_LETO26_BrandAware,1789010001,InFeed_Retarget,07/10/2026,65+,Female,6.24,9.69,0.39,2.47,644,16,0,,EUR
TT_LETO26_BrandAware,1789010001,Spark_Awareness,06/11/2026,45-54,Female,6.66,3.89,0.37,1.08,1710,18,0,,EUR
TT_LETO26_BrandAware,1789010001,Spark_Awareness,08/06/2026,45-54,Female,7.83,4.54,0.29,1.56,1725,27,0,,EUR
TT_PRODUKTLAUNCH26,1789010002,TopView,09/07/2026,25-34,Female,16.81,3.1,0.41,0.76,5430,41,0,,EUR
TT_PRODUKTLAUNCH26,1789010002,Spark_Ads,09/15/2026,65+,Female,17.69,6.44,0.29,2.22,2746,61,1,17.69,EUR
TT_LETO26_BrandAware,1789010001,InFeed_Prospecting,08/02/2026,25-34,Female,29.24,5.87,0.43,1.37,4985,68,0,,EUR
TT_LETO26_BrandAware,1789010001,InFeed_Retarget,06/20/2026,65+,Female,8.74,13.59,0.46,2.88,643,19,0,,EUR
TT_LETO26_BrandAware,1789010001,Spark_Awareness,07/28/2026,55-64,Female,13.12,5.71,0.32,1.77,2299,41,0,,EUR
TT_PRODUKTLAUNCH26,1789010002,InFeed_Launch,09/17/2026,45-54,Male,27.3,6.71,0.39,1.73,4071,70,1,27.3,EUR
TT_PRODUKTLAUNCH26,1789010002,Spark_Ads,10/01/2026,35-44,Female,12.6,4.53,0.36,1.25,2781,35,0,,EUR
TT_PRODUKTLAUNCH26,1789010002,Spark_Ads,10/19/2026,25-34,Female,34.22,4.88,0.29,1.69,7011,118,1,34.22,EUR
TT_LETO26_BrandAware,1789010001,Spark_Awareness,06/16/2026,45-54,Male,17.6,4.92,0.4,1.24,3579,44,0,,EUR
TT_PRODUKTLAUNCH26,1789010002,Spark_Ads,09/29/2026,25-34,Male,41.0,7.43,0.41,1.81,5518,100,1,41.0,EUR
TT_PRODUKTLAUNCH26,1789010002,Spark_Ads,09/12/2026,45-54,Female,30.6,6.92,0.45,1.53,4420,68,1,30.6,EUR
TT_PRODUKTLAUNCH26,1789010002,InFeed_Launch,10/28/2026,35-44,Male,48.4,9.94,0.44,2.27,4869,110,1,48.4,EUR
TT_PRODUKTLAUNCH26,1789010002,Spark_Ads,09/11/2026,35-44,Male,51.84,7.71,0.48,1.61,6724,108,1,51.84,EUR
TT_PRODUKTLAUNCH26,1789010002,TopView,10/04/2026,65+,Male,11.28,5.23,0.47,1.12,2157,24,0,,EUR
TT_LETO26_BrandAware,1789010001,Spark_Awareness,07/27/2026,35-44,Female,7.83,4.67,0.29,1.63,1675,27,0,,EUR
TT_PRODUKTLAUNCH26,1789010002,TopView,10/11/2026,45-54,Female,19.5,3.41,0.5,0.68,5713,39,0,,EUR
TT_LETO26_BrandAware,1789010001,InFeed_Prospecting,06/25/2026,55-64,Female,7.92,4.65,0.33,1.39,1704,24,0,,EUR
TT_LETO26_BrandAware,1789010001,InFeed_Retarget,07/04/2026,35-44,Male,10.8,5.13,0.3,1.73,2107,36,0,,EUR
TT_LETO26_BrandAware,1789010001,InFeed_Prospecting,06/21/2026,18-24,Female,22.62,6.05,0.39,1.54,3741,58,0,,EUR
TT_PRODUKTLAUNCH26,1789010002,Spark_Ads,10/22/2026,18-24,Male,29.45,5.33,0.31,1.72,5521,95,1,29.45,EUR
TT_PRODUKTLAUNCH26,1789010002,InFeed_Launch,10/11/2026,45-54,Female,17.6,6.4,0.44,1.46,2751,40,0,,EUR
TT_LETO26_BrandAware,1789010001,InFeed_Retarget,08/10/2026,25-34,Male,21.2,10.75,0.4,2.69,1972,53,0,,EUR
TT_LETO26_BrandAware,1789010001,Spark_Awareness,08/08/2026,55-64,Male,17.2,6.09,0.4,1.52,2825,43,0,,EUR
TT_LETO26_BrandAware,1789010001,Spark_Awareness,08/04/2026,35-44,Male,9.2,4.08,0.4,1.0,2253,23,0,,EUR
TT_PRODUKTLAUNCH26,1789010002,Spark_Ads,08/23/2026,35-44,Female,40.02,6.57,0.46,1.43,6091,87,1,40.02,EUR
TT_PRODUKTLAUNCH26,1789010002,TopView,10/16/2026,55-64,Male,22.75,6.49,0.65,1.01,3505,35,0,,EUR
TT_LETO26_BrandAware,1789010001,InFeed_Retarget,07/23/2026,18-24,Male,10.88,8.43,0.34,2.5,1290,32,0,,EUR
TT_PRODUKTLAUNCH26,1789010002,TopView,09/16/2026,55-64,Male,16.82,3.58,0.58,0.63,4696,29,0,,EUR
TT_PRODUKTLAUNCH26,1789010002,InFeed_Launch,09/28/2026,55-64,Female,18.5,9.77,0.5,1.95,1893,37,0,,EUR
TT_PRODUKTLAUNCH26,1789010002,InFeed_Launch,10/19/2026,25-34,Male,27.06,9.38,0.41,2.27,2885,66,1,27.06,EUR
TT_PRODUKTLAUNCH26,1789010002,Spark_Ads,08/15/2026,65+,Male,12.09,8.47,0.39,2.15,1428,31,0,,EUR
TT_PRODUKTLAUNCH26,1789010002,TopView,10/09/2026,25-34,Female,29.28,3.93,0.48,0.82,7453,61,0,,EUR
TT_PRODUKTLAUNCH26,1789010002,Spark_Ads,09/13/2026,45-54,Male,27.52,5.84,0.43,1.36,4711,64,1,27.52,EUR
TT_LETO26_BrandAware,1789010001,InFeed_Retarget,07/18/2026,35-44,Female,9.92,8.57,0.31,2.8,1158,32,0,,EUR
TT_PRODUKTLAUNCH26,1789010002,Spark_Ads,08/31/2026,45-54,Female,12.04,5.06,0.43,1.16,2381,28,0,,EUR
TT_PRODUKTLAUNCH26,1789010002,Spark_Ads,09/11/2026,25-34,Female,28.08,4.89,0.36,1.36,5743,78,1,28.08,EUR
TT_PRODUKTLAUNCH26,1789010002,InFeed_Launch,09/25/2026,45-54,Female,21.08,7.25,0.31,2.35,2909,68,1,21.08,EUR
TT_LETO26_BrandAware,1789010001,InFeed_Retarget,07/02/2026,45-54,Male,21.07,11.37,0.49,2.3,1853,43,0,,EUR
TT_PRODUKTLAUNCH26,1789010002,TopView,08/25/2026,35-44,Male,57.62,7.63,0.67,1.14,7551,86,1,57.62,EUR
TT_PRODUKTLAUNCH26,1789010002,TopView,10/18/2026,35-44,Male,35.64,6.3,0.66,0.96,5658,54,0,,EUR
TT_LETO26_BrandAware,1789010001,InFeed_Prospecting,07/02/2026,18-24,Male,24.75,8.64,0.45,1.92,2865,55,0,,EUR
TT_PRODUKTLAUNCH26,1789010002,Spark_Ads,10/23/2026,55-64,Female,22.05,5.5,0.45,1.23,4009,49,1,22.05,EUR
TT_LETO26_BrandAware,1789010001,Spark_Awareness,08/05/2026,18-24,Female,7.14,5.26,0.34,1.58,1357,21,0,,EUR
TT_LETO26_BrandAware,1789010001,InFeed_Prospecting,06/26/2026,25-34,Male,29.82,5.33,0.42,1.26,5592,71,0,,EUR
TT_LETO26_BrandAware,1789010001,InFeed_Retarget,06/02/2026,55-64,Male,9.87,14.1,0.47,2.98,700,21,0,,EUR
TT_PRODUKTLAUNCH26,1789010002,TopView,09/10/2026,25-34,Female,26.4,4.75,0.6,0.79,5556,44,0,,EUR
TT_LETO26_BrandAware,1789010001,Spark_Awareness,08/13/2026,25-34,Female,21.45,4.95,0.39,1.26,4332,55,0,,EUR
TT_LETO26_BrandAware,1789010001,Spark_Awareness,06/29/2026,18-24,Female,18.04,8.38,0.44,1.88,2153,41,0,,EUR
TT_PRODUKTLAUNCH26,1789010002,TopView,08/19/2026,65+,Female,19.61,6.56,0.53,1.25,2991,37,0,,EUR
TT_LETO26_BrandAware,1789010001,InFeed_Prospecting,06/19/2026,18-24,Male,12.88,4.5,0.28,1.6,2861,46,0,,EUR
TT_PRODUKTLAUNCH26,1789010002,InFeed_Launch,09/01/2026,55-64,Male,18.9,6.84,0.35,1.96,2764,54,1,18.9,EUR
TT_PRODUKTLAUNCH26,1789010002,InFeed_Launch,09/22/2026,18-24,Male,30.36,7.88,0.33,2.38,3853,92,1,30.36,EUR
TT_PRODUKTLAUNCH26,1789010002,Spark_Ads,10/22/2026,25-34,Male,17.92,5.21,0.32,1.62,3441,56,1,17.92,EUR
TT_LETO26_BrandAware,1789010001,Spark_Awareness,07/14/2026,25-34,Male,25.2,8.64,0.42,2.06,2915,60,0,,EUR
TT_PRODUKTLAUNCH26,1789010002,Spark_Ads,10/08/2026,25-34,Female,38.25,6.92,0.45,1.54,5524,85,1,38.25,EUR
TT_PRODUKTLAUNCH26,1789010002,TopView,09/11/2026,35-44,Female,30.5,5.11,0.61,0.84,5968,50,0,,EUR
TT_LETO26_BrandAware,1789010001,InFeed_Prospecting,07/07/2026,18-24,Female,9.52,2.63,0.28,0.93,3620,34,0,,EUR
TT_LETO26_BrandAware,1789010001,InFeed_Retarget,08/05/2026,18-24,Female,9.12,7.7,0.38,2.02,1185,24,0,,EUR
TT_PRODUKTLAUNCH26,1789010002,InFeed_Launch,09/02/2026,35-44,Male,48.59,10.52,0.43,2.45,4617,113,1,48.59,EUR
TT_LETO26_BrandAware,1789010001,Spark_Awareness,06/27/2026,65+,Male,6.8,6.83,0.4,1.67,995,17,0,,EUR
TT_LETO26_BrandAware,1789010001,InFeed_Retarget,07/11/2026,25-34,Male,27.72,12.08,0.42,2.89,2294,66,1,27.72,EUR
TT_LETO26_BrandAware,1789010001,InFeed_Prospecting,07/21/2026,18-24,Female,16.43,4.09,0.31,1.33,4017,53,0,,EUR
TT_PRODUKTLAUNCH26,1789010002,InFeed_Launch,09/08/2026,55-64,Female,14.96,6.42,0.44,1.46,2329,34,0,,EUR
TT_LETO26_BrandAware,1789010001,InFeed_Retarget,08/05/2026,45-54,Female,12.32,11.2,0.44,2.58,1100,28,0,,EUR
TT_PRODUKTLAUNCH26,1789010002,InFeed_Launch,10/01/2026,65+,Male,19.89,10.7,0.51,2.1,1859,39,0,,EUR
TT_PRODUKTLAUNCH26,1789010002,Spark_Ads,08/20/2026,25-34,Male,24.0,4.68,0.3,1.55,5133,80,1,24.0,EUR
TT_PRODUKTLAUNCH26,1789010002,TopView,10/23/2026,25-34,Male,34.85,3.47,0.41,0.85,10039,85,1,34.85,EUR
TT_LETO26_BrandAware,1789010001,Spark_Awareness,07/28/2026,18-24,Female,6.11,4.77,0.47,1.01,1282,13,0,,EUR
TT_PRODUKTLAUNCH26,1789010002,Spark_Ads,10/27/2026,65+,Male,7.4,5.4,0.37,1.43,1371,20,0,,EUR
TT_PRODUKTLAUNCH26,1789010002,TopView,09/29/2026,55-64,Male,44.24,7.65,0.56,1.36,5784,79,0,,EUR
TT_PRODUKTLAUNCH26,1789010002,Spark_Ads,09/25/2026,55-64,Female,22.94,8.45,0.37,2.28,2716,62,1,22.94,EUR
TT_PRODUKTLAUNCH26,1789010002,Spark_Ads,09/24/2026,45-54,Female,33.15,7.66,0.39,1.96,4329,85,1,33.15,EUR
TT_PRODUKTLAUNCH26,1789010002,TopView,09/28/2026,55-64,Female,14.08,4.22,0.44,0.96,3337,32,0,,EUR
TT_PRODUKTLAUNCH26,1789010002,Spark_Ads,09/23/2026,25-34,Male,36.16,6.85,0.32,2.15,5279,113,1,36.16,EUR
TT_PRODUKTLAUNCH26,1789010002,InFeed_Launch,10/24/2026,65+,Male,8.36,8.81,0.38,2.28,949,22,0,,EUR
TT_LETO26_BrandAware,1789010001,Spark_Awareness,07/10/2026,55-64,Female,9.45,7.81,0.45,1.74,1210,21,0,,EUR
TT_LETO26_BrandAware,1789010001,InFeed_Prospecting,08/04/2026,65+,Female,18.06,8.49,0.43,1.99,2127,42,0,,EUR
TT_LETO26_BrandAware,1789010001,Spark_Awareness,06/14/2026,45-54,Female,11.2,6.69,0.4,1.64,1675,28,0,,EUR
TT_PRODUKTLAUNCH26,1789010002,Spark_Ads,10/04/2026,55-64,Female,22.04,6.77,0.38,1.79,3256,58,1,22.04,EUR
TT_PRODUKTLAUNCH26,1789010002,TopView,10/05/2026,65+,Male,11.7,3.25,0.45,0.73,3595,26,0,,EUR
TT_PRODUKTLAUNCH26,1789010002,TopView,09/26/2026,55-64,Male,34.17,6.38,0.67,0.96,5358,51,0,,EUR
TT_LETO26_BrandAware,1789010001,InFeed_Prospecting,07/16/2026,55-64,Male,21.09,6.98,0.37,1.88,3020,57,0,,EUR
TT_LETO26_BrandAware,1789010001,Spark_Awareness,07/15/2026,55-64,Female,12.9,5.89,0.43,1.35,2190,30,0,,EUR
TT_LETO26_BrandAware,1789010001,Spark_Awareness,06/05/2026,25-34,Male,29.26,7.59,0.38,2.01,3854,77,0,,EUR
TT_LETO26_BrandAware,1789010001,InFeed_Retarget,07/02/2026,35-44,Female,14.26,13.45,0.46,2.96,1060,31,0,,EUR
TT_LETO26_BrandAware,1789010001,Spark_Awareness,07/07/2026,45-54,Male,19.47,7.19,0.33,2.17,2708,59,0,,EUR
TT_LETO26_BrandAware,1789010001,InFeed_Prospecting,07/20/2026,65+,Female,10.5,6.81,0.42,1.62,1542,25,0,,EUR
TT_PRODUKTLAUNCH26,1789010002,Spark_Ads,09/23/2026,18-24,Female,21.44,6.44,0.32,2.01,3331,67,1,21.44,EUR
TT_LETO26_BrandAware,1789010001,InFeed_Retarget,06/14/2026,35-44,Male,19.36,9.28,0.44,2.11,2086,44,0,,EUR
TT_PRODUKTLAUNCH26,1789010002,Spark_Ads,08/24/2026,18-24,Male,22.54,8.85,0.46,1.91,2548,49,1,22.54,EUR
TT_PRODUKTLAUNCH26,1789010002,TopView,09/23/2026,35-44,Male,29.5,3.53,0.5,0.71,8346,59,0,,EUR
TT_PRODUKTLAUNCH26,1789010002,Spark_Ads,10/27/2026,35-44,Male,25.97,6.09,0.49,1.24,4261,53,1,25.97,EUR
TT_PRODUKTLAUNCH26,1789010002,Spark_Ads,08/31/2026,65+,Male,19.8,8.35,0.44,1.89,2371,45,1,19.8,EUR
TT_LETO26_BrandAware,1789010001,InFeed_Retarget,07/11/2026,18-24,Male,12.8,10.27,0.4,2.6,1246,32,0,,EUR
TT_LETO26_BrandAware,1789010001,Spark_Awareness,06/18/2026,45-54,Male,11.78,7.71,0.38,2.06,1528,31,0,,EUR
TT_LETO26_BrandAware,1789010001,InFeed_Retarget,06/26/2026,55-64,Male,6.65,7.16,0.35,2.08,929,19,0,,EUR
TT_LETO26_BrandAware,1789010001,InFeed_Prospecting,07/07/2026,65+,Female,8.37,5.46,0.31,1.76,1533,27,0,,EUR
TT_LETO26_BrandAware,1789010001,Spark_Awareness,07/21/2026,35-44,Male,22.33,5.48,0.29,1.9,4075,77,0,,EUR
TT_LETO26_BrandAware,1789010001,InFeed_Retarget,07/08/2026,45-54,Male,12.42,13.03,0.46,2.83,953,27,0,,EUR
TT_LETO26_BrandAware,1789010001,Spark_Awareness,07/03/2026,65+,Female,7.41,6.25,0.39,1.58,1186,19,0,,EUR
TT_LETO26_BrandAware,1789010001,InFeed_Prospecting,06/08/2026,45-54,Male,13.26,4.11,0.26,1.57,3229,51,0,,EUR
TT_PRODUKTLAUNCH26,1789010002,InFeed_Launch,10/27/2026,18-24,Female,6.9,3.99,0.3,1.35,1728,23,0,,EUR
TT_LETO26_BrandAware,1789010001,InFeed_Retarget,06/22/2026,35-44,Male,15.75,9.09,0.35,2.62,1733,45,0,,EUR
TT_PRODUKTLAUNCH26,1789010002,InFeed_Launch,10/14/2026,35-44,Female,12.54,5.49,0.38,1.46,2285,33,0,,EUR
TT_LETO26_BrandAware,1789010001,InFeed_Retarget,06/29/2026,18-24,Female,13.33,10.76,0.43,2.47,1239,31,0,,EUR
TT_PRODUKTLAUNCH26,1789010002,InFeed_Launch,09/16/2026,65+,Female,10.08,11.56,0.48,2.44,872,21,0,,EUR
TT_LETO26_BrandAware,1789010001,Spark_Awareness,07/19/2026,18-24,Female,15.17,7.89,0.41,1.94,1922,37,0,,EUR
TT_LETO26_BrandAware,1789010001,Spark_Awareness,06/19/2026,45-54,Female,12.92,7.41,0.34,2.16,1743,38,0,,EUR
TT_LETO26_BrandAware,1789010001,InFeed_Prospecting,08/02/2026,55-64,Female,10.08,4.29,0.42,1.03,2350,24,0,,EUR
TT_PRODUKTLAUNCH26,1789010002,InFeed_Launch,08/16/2026,45-54,Male,16.28,5.79,0.37,1.58,2811,44,0,,EUR
TT_PRODUKTLAUNCH26,1789010002,TopView,10/10/2026,55-64,Female,31.2,8.2,0.6,1.36,3807,52,0,,EUR
TT_PRODUKTLAUNCH26,1789010002,InFeed_Launch,10/15/2026,25-34,Female,29.25,5.73,0.39,1.46,5107,75,1,29.25,EUR
TT_PRODUKTLAUNCH26,1789010002,Spark_Ads,09/15/2026,18-24,Female,30.08,7.01,0.47,1.48,4288,64,1,30.08,EUR
TT_PRODUKTLAUNCH26,1789010002,InFeed_Launch,10/02/2026,35-44,Female,24.3,11.15,0.45,2.49,2180,54,1,24.3,EUR
TT_PRODUKTLAUNCH26,1789010002,TopView,09/18/2026,35-44,Male,15.96,3.11,0.42,0.74,5131,38,0,,EUR
TT_PRODUKTLAUNCH26,1789010002,InFeed_Launch,10/11/2026,18-24,Female,19.27,10.58,0.41,2.59,1821,47,0,,EUR
TT_PRODUKTLAUNCH26,1789010002,TopView,09/09/2026,35-44,Male,64.32,7.59,0.67,1.14,8470,96,1,64.32,EUR
TT_PRODUKTLAUNCH26,1789010002,Spark_Ads,10/18/2026,35-44,Male,26.1,7.17,0.45,1.6,3640,58,1,26.1,EUR
TT_PRODUKTLAUNCH26,1789010002,TopView,09/15/2026,55-64,Female,14.08,4.02,0.44,0.91,3501,32,0,,EUR
TT_PRODUKTLAUNCH26,1789010002,TopView,10/09/2026,65+,Female,11.52,4.15,0.48,0.87,2779,24,0,,EUR
TT_LETO26_BrandAware,1789010001,Spark_Awareness,06/10/2026,35-44,Female,14.35,5.71,0.35,1.65,2513,41,0,,EUR
TT_PRODUKTLAUNCH26,1789010002,TopView,09/26/2026,25-34,Female,49.0,5.31,0.49,1.09,9226,100,1,49.0,EUR
TT_PRODUKTLAUNCH26,1789010002,TopView,08/27/2026,65+,Female,9.36,4.63,0.52,0.87,2023,18,0,,EUR
TT_PRODUKTLAUNCH26,1789010002,TopView,09/03/2026,65+,Male,17.92,6.39,0.64,0.98,2804,28,0,,EUR
TT_PRODUKTLAUNCH26,1789010002,Spark_Ads,10/09/2026,35-44,Male,31.32,6.83,0.36,1.9,4588,87,1,31.32,EUR
TT_PRODUKTLAUNCH26,1789010002,InFeed_Launch,08/16/2026,55-64,Female,23.52,10.23,0.49,2.1,2300,48,0,,EUR
TT_PRODUKTLAUNCH26,1789010002,Spark_Ads,08/30/2026,35-44,Male,37.44,5.27,0.36,1.47,7102,104,1,37.44,EUR
TT_PRODUKTLAUNCH26,1789010002,TopView,10/05/2026,55-64,Male,19.61,6.69,0.53,1.26,2931,37,0,,EUR
TT_PRODUKTLAUNCH26,1789010002,InFeed_Launch,08/18/2026,65+,Male,8.64,5.01,0.36,1.36,1726,24,0,,EUR
TT_LETO26_BrandAware,1789010001,Spark_Awareness,07/15/2026,18-24,Male,9.8,6.71,0.35,1.9,1460,28,0,,EUR
TT_LETO26_BrandAware,1789010001,Spark_Awareness,06/30/2026,25-34,Male,15.58,7.02,0.38,1.86,2218,41,0,,EUR
TT_LETO26_BrandAware,1789010001,InFeed_Retarget,07/09/2026,45-54,Male,6.3,7.27,0.45,1.65,867,14,0,,EUR
TT_LETO26_BrandAware,1789010001,InFeed_Prospecting,07/07/2026,25-34,Male,18.45,6.53,0.41,1.59,2824,45,0,,EUR
TT_LETO26_BrandAware,1789010001,InFeed_Retarget,07/06/2026,55-64,Female,9.9,10.15,0.45,2.21,975,22,0,,EUR
TT_LETO26_BrandAware,1789010001,InFeed_Retarget,07/09/2026,18-24,Male,10.85 EUR,9.06,0.31,2.9,1198,35,0,,EUR
TT_LETO26_BrandAware,1789010001,Spark_Awareness,06/26/2026,65+,Female,7.25,5.7,0.29,1.97,1273,25,0,,EUR
TT_LETO26_BrandAware,1789010001,Spark_Awareness,07/05/2026,35-44,Male,29.48,9.68,0.44,2.19,3046,67,0,,EUR
TT_LETO26_BrandAware,1789010001,Spark_Awareness,07/21/2026,65+,Male,7.48,4.96,0.34,1.47,1507,22,0,,EUR
TT_LETO26_BrandAware,1789010001,Spark_Awareness,06/02/2026,18-24,Female,13.63,5.57,0.29,1.94,2447,47,0,,EUR
TT_PRODUKTLAUNCH26,1789010002,InFeed_Launch,10/14/2026,45-54,Female,31.2,11.96,0.52,2.29,2608,60,1,31.2,EUR
TT_PRODUKTLAUNCH26,1789010002,Spark_Ads,08/15/2026,18-24,Female,18.24,7.01,0.32,2.2,2601,57,1,18.24,EUR
TT_PRODUKTLAUNCH26,1789010002,InFeed_Launch,09/26/2026,55-64,Male,18.06,6.53,0.43,1.52,2764,42,0,,EUR
TT_PRODUKTLAUNCH26,1789010002,Spark_Ads,10/24/2026,55-64,Female,14.88,5.24,0.31,1.71,2841,48,1,14.88,EUR
TT_LETO26_BrandAware,1789010001,InFeed_Retarget,07/13/2026,25-34,Female,12.9,8.44,0.43,1.93,1528,30,0,,EUR
TT_LETO26_BrandAware,1789010001,InFeed_Prospecting,08/11/2026,55-64,Male,19.72,6.5,0.34,1.92,3032,58,0,,EUR
TT_PRODUKTLAUNCH26,1789010002,InFeed_Launch,09/07/2026,55-64,Female,20.3,7.47,0.35,2.12,2718,58,1,20.3,EUR
TT_LETO26_BrandAware,1789010001,InFeed_Retarget,07/24/2026,55-64,Female,8.32,7.37,0.32,2.3,1129,26,0,,EUR
TT_PRODUKTLAUNCH26,1789010002,TopView,10/09/2026,45-54,Male,17.22,3.31,0.42,0.79,5200,41,0,,EUR
TT_LETO26_BrandAware,1789010001,InFeed_Prospecting,07/14/2026,65+,Male,12.09,5.05,0.31,1.65,2394,39,0,,EUR
TT_PRODUKTLAUNCH26,1789010002,TopView,09/15/2026,45-54,Female,40.5,7.26,0.54,1.34,5575,75,0,,EUR
TT_PRODUKTLAUNCH26,1789010002,Spark_Ads,09/10/2026,55-64,Female,22.91,6.15,0.29,2.13,3724,79,1,22.91,EUR
TT_LETO26_BrandAware,1789010001,InFeed_Prospecting,07/05/2026,55-64,Male,20.24,7.72,0.44,1.75,2621,46,0,,EUR
TT_PRODUKTLAUNCH26,1789010002,TopView,09/20/2026,18-24,Female,19.84,5.81,0.64,0.92,3414,31,0,,EUR
TT_LETO26_BrandAware,1789010001,Spark_Awareness,06/29/2026,55-64,Female,13.68,7.21,0.38,1.92,1898,36,0,,EUR
TT_PRODUKTLAUNCH26,1789010002,InFeed_Launch,09/19/2026,18-24,Female,27.69,9.81,0.39,2.52,2822,71,1,27.69,EUR
TT_LETO26_BrandAware,1789010001,InFeed_Prospecting,06/30/2026,35-44,Female,26.64,6.4,0.37,1.73,4164,72,0,,EUR
TT_LETO26_BrandAware,1789010001,Spark_Awareness,06/15/2026,45-54,Male,10.89,3.7,0.33,1.12,2944,33,0,,EUR
TT_LETO26_BrandAware,1789010001,InFeed_Retarget,08/10/2026,18-24,Female,14.96,11.31,0.44,2.6,1323,34,0,,EUR
TT_LETO26_BrandAware,1789010001,InFeed_Retarget,06/24/2026,65+,Male,5.28,8.33,0.33,2.53,634,16,0,,EUR
TT_LETO26_BrandAware,1789010001,InFeed_Retarget,06/16/2026,45-54,Female,9.84,9.73,0.41,2.33,1011,24,0,,EUR
TT_PRODUKTLAUNCH26,1789010002,InFeed_Launch,09/20/2026,65+,Male,7.04,4.95,0.32,1.56,1421,22,0,,EUR
TT_LETO26_BrandAware,1789010001,Spark_Awareness,06/14/2026,55-64,Male,7.2,3.7,0.3,1.24,1945,24,0,,EUR
TT_PRODUKTLAUNCH26,1789010002,TopView,09/08/2026,25-34,Male,46.0,6.15,0.5,1.23,7474,92,1,46.0,EUR
TT_PRODUKTLAUNCH26,1789010002,InFeed_Launch,10/07/2026,65+,Male,11.16,5.96,0.31,1.93,1873,36,0,,EUR
TT_LETO26_BrandAware,1789010001,InFeed_Prospecting,08/12/2026,45-54,Male,22.05,8.91,0.45,1.97,2475,49,0,,EUR
TT_PRODUKTLAUNCH26,1789010002,InFeed_Launch,10/26/2026,18-24,Female,27.72,9.73,0.44,2.21,2849,63,1,27.72,EUR
TT_LETO26_BrandAware,1789010001,InFeed_Retarget,08/08/2026,65+,Female,11.04,13.21,0.46,2.91,836,24,0,,EUR
TT_LETO26_BrandAware,1789010001,InFeed_Retarget,07/26/2026,45-54,Female,9.31,8.28,0.49,1.69,1124,19,0,,EUR
TT_PRODUKTLAUNCH26,1789010002,TopView,09/14/2026,35-44,Male,31.36,5.46,0.56,0.97,5747,56,0,,EUR
TT_LETO26_BrandAware,1789010001,InFeed_Prospecting,06/08/2026,55-64,Female,6.4,4.41,0.32,1.4,1450,20,0,,EUR
TT_LETO26_BrandAware,1789010001,InFeed_Retarget,07/11/2026,45-54,Female,7.79,6.49,0.41,1.58,1200,19,0,,EUR
TT_LETO26_BrandAware,1789010001,InFeed_Retarget,06/07/2026,55-64,Male,8.16,6.93,0.34,2.03,1178,24,0,,EUR
TT_PRODUKTLAUNCH26,1789010002,Spark_Ads,08/21/2026,35-44,Male,36.72,5.92,0.36,1.65,6198,102,1,36.72,EUR
TT_PRODUKTLAUNCH26,1789010002,InFeed_Launch,08/16/2026,18-24,Female,25.38,7.1,0.47,1.52,3573,54,1,25.38,EUR
TT_PRODUKTLAUNCH26,1789010002,TopView,09/24/2026,18-24,Male,18.8,5.26,0.47,1.13,3576,40,0,,EUR
TT_PRODUKTLAUNCH26,1789010002,TopView,09/24/2026,35-44,Female,29.07,4.19,0.51,0.82,6934,57,0,,EUR
TT_LETO26_BrandAware,1789010001,Spark_Awareness,06/08/2026,65+,Male,6.2,5.12,0.31,1.65,1210,20,0,,EUR
TT_LETO26_BrandAware,1789010001,Spark_Awareness,07/19/2026,45-54,Male,8.32,3.66,0.32,1.16,2272,26,0,,EUR
TT_LETO26_BrandAware,1789010001,Spark_Awareness,06/16/2026,65+,Male,11.76,7.16,0.42,1.7,1642,28,0,,EUR
TT_LETO26_BrandAware,1789010001,InFeed_Prospecting,07/04/2026,45-54,Male,21.33,4.65,0.27,1.72,4592,79,0,,EUR
TT_LETO26_BrandAware,1789010001,Spark_Awareness,06/17/2026,45-54,Male,27.6,8.88,0.46,1.94,3108,60,0,,EUR
TT_LETO26_BrandAware,1789010001,InFeed_Retarget,08/08/2026,35-44,Female,12.54,8.24,0.33,2.47,1522,38,0,,EUR
TT_LETO26_BrandAware,1789010001,InFeed_Prospecting,07/18/2026,18-24,Female,13.63,3.44,0.29,1.19,3961,47,0,,EUR
TT_PRODUKTLAUNCH26,1789010002,TopView,10/22/2026,65+,Male,19.35,5.9,0.43,1.37,3279,45,0,,EUR
TT_LETO26_BrandAware,1789010001,Spark_Awareness,06/14/2026,65+,Female,11.0,7.43,0.44,1.66,1480,25,0,,EUR
TT_LETO26_BrandAware,1789010001,InFeed_Prospecting,06/22/2026,55-64,Female,12.47,4.81,0.43,1.12,2590,29,0,,EUR
TT_LETO26_BrandAware,1789010001,InFeed_Prospecting,06/20/2026,55-64,Male,17.55,4.48,0.27,1.65,3915,65,0,,EUR
TT_LETO26_BrandAware,1789010001,Spark_Awareness,07/31/2026,25-34,Male,21.08,4.81,0.34,1.41,4378,62,0,,EUR
TT_PRODUKTLAUNCH26,1789010002,Spark_Ads,10/09/2026,18-24,Female,26.39,6.1,0.29,2.09,4328,91,1,26.39,EUR
TT_LETO26_BrandAware,1789010001,Spark_Awareness,08/11/2026,18-24,Female,9.1,3.65,0.35,1.04,2493,26,0,,EUR
TT_PRODUKTLAUNCH26,1789010002,TopView,09/12/2026,18-24,Female,28.08,4.57,0.54,0.84,6142,52,0,,EUR
TT_LETO26_BrandAware,1789010001,Spark_Awareness,06/06/2026,45-54,Male,21.0,9.19,0.42,2.17,2284,50,0,,EUR
TT_LETO26_BrandAware,1789010001,Spark_Awareness,06/06/2026,18-24,Male,11.1,5.7,0.37,1.55,1946,30,0,,EUR
TT_LETO26_BrandAware,1789010001,Spark_Awareness,07/30/2026,25-34,Male,16.72,7.06,0.38,1.87,2368,44,0,,EUR
TT_LETO26_BrandAware,1789010001,InFeed_Retarget,07/11/2026,55-64,Female,13.2,11.24,0.44,2.51,1174,30,0,,EUR
TT_PRODUKTLAUNCH26,1789010002,Spark_Ads,10/15/2026,18-24,Male,21.83,8.43,0.37,2.29,2591,59,1,21.83,EUR
TT_PRODUKTLAUNCH26,1789010002,InFeed_Launch,08/17/2026,65+,Male,7.99,6.53,0.47,1.36,1224,17,0,,EUR
TT_LETO26_BrandAware,1789010001,InFeed_Retarget,07/14/2026,18-24,Male,8.58,6.05,0.39,1.54,1419,22,0,,EUR
TT_PRODUKTLAUNCH26,1789010002,TopView,09/09/2026,25-34,Male,31.68,4.46,0.44,1.01,7110,72,0,,EUR
TT_LETO26_BrandAware,1789010001,Spark_Awareness,07/04/2026,35-44,Male,20.24,9.02,0.44,2.06,2245,46,0,,EUR
TT_LETO26_BrandAware,1789010001,InFeed_Retarget,07/15/2026,25-34,Female,11.55,6.76,0.35,1.96,1708,33,0,,EUR
TT_PRODUKTLAUNCH26,1789010002,Spark_Ads,10/17/2026,18-24,Male,28.86,7.15,0.37,1.93,4038,78,1,28.86,EUR
TT_PRODUKTLAUNCH26,1789010002,TopView,08/28/2026,25-34,Female,44.0,5.57,0.5,1.11,7902,88,1,44.0,EUR
TT_PRODUKTLAUNCH26,1789010002,InFeed_Launch,09/25/2026,45-54,Male,14.04,5.45,0.36,1.49,2577,39,0,,EUR
TT_PRODUKTLAUNCH26,1789010002,TopView,09/27/2026,18-24,Female,26.95,4.96,0.49,1.02,5436,55,0,,EUR
TT_PRODUKTLAUNCH26,1789010002,InFeed_Launch,10/14/2026,18-24,Male,23.5,10.95,0.5,2.18,2147,47,0,,EUR
TT_PRODUKTLAUNCH26,1789010002,InFeed_Launch,10/17/2026,55-64,Female,28.32,12.11,0.48,2.53,2339,59,1,28.32,EUR
TT_PRODUKTLAUNCH26,1789010002,TopView,08/23/2026,55-64,Male,25.2,7.94,0.63,1.27,3172,40,0,,EUR
TT_PRODUKTLAUNCH26,1789010002,InFeed_Launch,08/21/2026,45-54,Female,20.09,7.24,0.49,1.49,2773,41,0,,EUR
TT_LETO26_BrandAware,1789010001,InFeed_Prospecting,08/09/2026,45-54,Male,10.08,5.02,0.42,1.18,2008,24,0,,EUR
TT_PRODUKTLAUNCH26,1789010002,Spark_Ads,08/21/2026,45-54,Female,24.0,9.35,0.4,2.33,2566,60,1,24.0,EUR
TT_PRODUKTLAUNCH26,1789010002,Spark_Ads,10/18/2026,18-24,Male,34.31,9.59,0.47,2.03,3579,73,1,34.31,EUR
TT_LETO26_BrandAware,1789010001,InFeed_Prospecting,06/04/2026,35-44,Female,17.16,4.23,0.33,1.29,4054,52,0,,EUR
TT_LETO26_BrandAware,1789010001,InFeed_Prospecting,08/12/2026,55-64,Male,19.72,5.86,0.34,1.73,3364,58,0,,EUR
TT_PRODUKTLAUNCH26,1789010002,InFeed_Launch,10/19/2026,35-44,Female,29.58,11.5,0.51,2.26,2573,58,1,29.58,EUR
TT_PRODUKTLAUNCH26,1789010002,InFeed_Launch,09/21/2026,18-24,Female,8.0,4.15,0.32,1.31,1930,25,0,,EUR
TT_LETO26_BrandAware,1789010001,Spark_Awareness,06/26/2026,65+,Male,5.28,6.56,0.44,1.45,805,12,0,,EUR
TT_LETO26_BrandAware,1789010001,Spark_Awareness,06/27/2026,45-54,Female,6.8,4.51,0.34,1.3,1508,20,0,,EUR
TT_PRODUKTLAUNCH26,1789010002,InFeed_Launch,09/01/2026,55-64,Female,17.94,7.27,0.46,1.56,2467,39,0,,EUR
TT_PRODUKTLAUNCH26,1789010002,Spark_Ads,10/07/2026,35-44,Female,14.0,4.55,0.35,1.29,3078,40,0,,EUR
TT_LETO26_BrandAware,1789010001,InFeed_Prospecting,06/27/2026,25-34,Male,8.84,2.47,0.26,0.95,3583,34,0,,EUR
TT_PRODUKTLAUNCH26,1789010002,TopView,09/18/2026,65+,Male,14.1,3.67,0.47,0.77,3847,30,0,,EUR
TT_LETO26_BrandAware,1789010001,InFeed_Prospecting,07/13/2026,65+,Male,8.58,4.44,0.26,1.73,1933,33,0,,EUR
TT_LETO26_BrandAware,1789010001,InFeed_Prospecting,08/05/2026,45-54,Male,8.37,3.23,0.27,1.19,2591,31,0,,EUR
TT_PRODUKTLAUNCH26,1789010002,InFeed_Launch,09/18/2026,55-64,Female,15.05,6.77,0.43,1.58,2223,35,0,,EUR
TT_PRODUKTLAUNCH26,1789010002,Spark_Ads,10/04/2026,65+,Female,13.69,6.36,0.37,1.71,2152,37,0,,EUR
TT_LETO26_BrandAware,1789010001,Spark_Awareness,07/04/2026,55-64,Female,17.48,7.54,0.46,1.65,2317,38,0,,EUR
TT_LETO26_BrandAware,1789010001,InFeed_Prospecting,07/20/2026,25-34,Female,27.88,7.76,0.41,1.89,3592,68,0,,EUR
TT_LETO26_BrandAware,1789010001,InFeed_Prospecting,06/22/2026,18-24,Male,15.0,3.45,0.3,1.16,4344,50,0,,EUR
TT_PRODUKTLAUNCH26,1789010002,Spark_Ads,08/21/2026,45-54,Male,18.6,5.39,0.31,1.74,3453,60,1,18.6,EUR
TT_LETO26_BrandAware,1789010001,InFeed_Prospecting,08/09/2026,45-54,Female,18.36,5.28,0.36,1.46,3475,51,0,,EUR
TT_PRODUKTLAUNCH26,1789010002,TopView,09/04/2026,18-24,Female,16.2,4.57,0.54,0.84,3547,30,0,,EUR
TT_PRODUKTLAUNCH26,1789010002,InFeed_Launch,08/30/2026,18-24,Female,29.64,9.83,0.38,2.59,3016,78,1,29.64,EUR
TT_PRODUKTLAUNCH26,1789010002,InFeed_Launch,09/20/2026,18-24,Female,28.42,9.66,0.49,1.98,2942,58,1,28.42,EUR
TT_LETO26_BrandAware,1789010001,InFeed_Retarget,07/09/2026,55-64,Female,13.53,10.56,0.41,2.61,1281,33,0,,EUR
TT_PRODUKTLAUNCH26,1789010002,Spark_Ads,08/20/2026,45-54,Female,33.95,7.54,0.35,2.15,4502,97,1,33.95,EUR
TT_LETO26_BrandAware,1789010001,Spark_Awareness,07/27/2026,25-34,Male,19.27,6.39,0.41,1.55,3018,47,0,,EUR
TT_PRODUKTLAUNCH26,1789010002,InFeed_Launch,09/10/2026,18-24,Male,18.9,6.85,0.35,1.94,2759,54,1,18.9,EUR
TT_LETO26_BrandAware,1789010001,InFeed_Retarget,08/11/2026,45-54,Female,11.84,9.08,0.37,2.44,1304,32,0,,EUR
TT_PRODUKTLAUNCH26,1789010002,InFeed_Launch,08/15/2026,18-24,Female,31.98,10.09,0.41,2.47,3169,78,1,31.98,EUR
TT_LETO26_BrandAware,1789010001,Spark_Awareness,06/04/2026,55-64,Male,12.47,6.37,0.43,1.46,1958,29,0,,EUR
TT_LETO26_BrandAware,1789010001,Spark_Awareness,08/14/2026,18-24,Male,7.36,3.73,0.32,1.19,1972,23,0,,EUR
TT_LETO26_BrandAware,1789010001,Spark_Awareness,06/30/2026,55-64,Female,11.4,5.06,0.3,1.67,2252,38,0,,EUR
TT_PRODUKTLAUNCH26,1789010002,Spark_Ads,08/17/2026,35-44,Female,42.0,9.73,0.42,2.32,4315,100,1,42.0,EUR
TT_LETO26_BrandAware,1789010001,InFeed_Prospecting,07/15/2026,35-44,Male,22.94,4.94,0.37,1.33,4647,62,0,,EUR
TT_PRODUKTLAUNCH26,1789010002,TopView,08/28/2026,18-24,Female,18.06,3.44,0.43,0.8,5255,42,0,,EUR
TT_LETO26_BrandAware,1789010001,InFeed_Prospecting,07/14/2026,35-44,Male,11.16,3.97,0.31,1.29,2811,36,0,,EUR
TT_PRODUKTLAUNCH26,1789010002,InFeed_Launch,10/16/2026,25-34,Female,17.49,7.36,0.33,2.23,2376,53,1,17.49,EUR
TT_PRODUKTLAUNCH26,1789010002,InFeed_Launch,10/10/2026,55-64,Female,15.84,5.95,0.36,1.65,2660,44,0,,EUR
TT_LETO26_BrandAware,1789010001,InFeed_Prospecting,06/25/2026,55-64,Male,7.4,4.48,0.37,1.21,1652,20,0,,EUR
TT_LETO26_BrandAware,1789010001,InFeed_Retarget,08/06/2026,35-44,Male,8.19,6.21,0.39,1.62,1318,21,0,,EUR
TT_LETO26_BrandAware,1789010001,InFeed_Prospecting,06/12/2026,25-34,Male,38.0,6.05,0.4,1.51,6277,95,0,,EUR
TT_LETO26_BrandAware,1789010001,Spark_Awareness,07/01/2026,35-44,Male,32.8,7.96,0.4,1.98,4119,82,0,,EUR
TT_LETO26_BrandAware,1789010001,InFeed_Retarget,06/05/2026,18-24,Female,5.61,5.66,0.33,1.67,991,17,0,,EUR
TT_LETO26_BrandAware,1789010001,Spark_Awareness,06/06/2026,35-44,Female,11.7,4.96,0.3,1.66,2358,39,0,,EUR
TT_LETO26_BrandAware,1789010001,InFeed_Retarget,07/30/2026,55-64,Female,10.12,9.38,0.46,2.04,1079,22,0,,EUR
TT_PRODUKTLAUNCH26,1789010002,Spark_Ads,08/27/2026,45-54,Male,34.56,6.77,0.36,1.87,5104,96,1,34.56,EUR
TT_LETO26_BrandAware,1789010001,InFeed_Prospecting,07/25/2026,25-34,Female,14.75,2.78,0.25,1.1,5314,59,0,,EUR
TT_LETO26_BrandAware,1789010001,Spark_Awareness,06/22/2026,25-34,Female,14.7,5.89,0.3,1.97,2497,49,0,,EUR
TT_LETO26_BrandAware,1789010001,InFeed_Prospecting,08/03/2026,35-44,Female,18.92,4.92,0.43,1.14,3843,44,0,,EUR
TT_LETO26_BrandAware,1789010001,Spark_Awareness,07/16/2026,65+,Male,12.42,9.91,0.46,2.13,1253,27,0,,EUR
TT_LETO26_BrandAware,1789010001,InFeed_Retarget,06/12/2026,25-34,Male,12.96,7.0,0.36,1.93,1852,36,0,,EUR
TT_PRODUKTLAUNCH26,1789010002,TopView,09/06/2026,25-34,Male,45.44,7.18,0.64,1.12,6329,71,0,,EUR
TT_LETO26_BrandAware,1789010001,InFeed_Retarget,06/13/2026,55-64,Female,9.86,9.69,0.34,2.86,1018,29,0,,EUR
TT_LETO26_BrandAware,1789010001,InFeed_Retarget,06/16/2026,65+,Male,3.96,8.05,0.36,2.34,492,11,0,,EUR
TT_LETO26_BrandAware,1789010001,Spark_Awareness,06/15/2026,45-54,Female,8.99,4.84,0.29,1.7,1858,31,0,,EUR
TT_LETO26_BrandAware,1789010001,InFeed_Prospecting,07/06/2026,45-54,Male,23.56,4.84,0.31,1.57,4864,76,0,,EUR
TT_LETO26_BrandAware,1789010001,InFeed_Retarget,07/08/2026,65+,Female,3.8,6.97,0.38,1.89,545,10,0,,EUR
TT_LETO26_BrandAware,1789010001,Spark_Awareness,07/18/2026,45-54,Male,16.5,6.19,0.33,1.86,2664,50,0,,EUR
TT_PRODUKTLAUNCH26,1789010002,Spark_Ads,10/01/2026,65+,Female,6.56,5.26,0.41,1.28,1246,16,0,,EUR
TT_LETO26_BrandAware,1789010001,InFeed_Prospecting,06/22/2026,65+,Female,9.0,4.96,0.3,1.66,1813,30,0,,EUR
TT_PRODUKTLAUNCH26,1789010002,TopView,08/16/2026,65+,Male,19.38,6.59,0.57,1.15,2942,34,0,,EUR
TT_PRODUKTLAUNCH26,1789010002,TopView,10/20/2026,25-34,Male,44.2,5.89,0.68,0.87,7504,65,0,,EUR
TT_LETO26_BrandAware,1789010001,InFeed_Retarget,07/23/2026,45-54,Female,7.52,7.57,0.47,1.66,994,16,0,,EUR
TT_LETO26_BrandAware,1789010001,Spark_Awareness,06/11/2026,65+,Female,7.74,9.3,0.43,2.11,832,18,0,,EUR
TT_PRODUKTLAUNCH26,1789010002,Spark_Ads,08/28/2026,65+,Male,14.8,6.77,0.4,1.68,2185,37,0,,EUR
TT_PRODUKTLAUNCH26,1789010002,TopView,08/22/2026,55-64,Female,17.86,6.04,0.47,1.28,2956,38,0,,EUR
TT_PRODUKTLAUNCH26,1789010002,TopView,09/08/2026,18-24,Female,19.32,5.55,0.46,1.2,3478,42,0,,EUR
TT_PRODUKTLAUNCH26,1789010002,TopView,10/20/2026,35-44,Female,35.19,5.54,0.69,0.8,6352,51,0,,EUR
TT_LETO26_BrandAware,1789010001,Spark_Awareness,06/05/2026,55-64,Female,5.92,4.42,0.37,1.17,1340,16,0,,EUR
TT_LETO26_BrandAware,1789010001,InFeed_Retarget,06/23/2026,18-24,Male,18.0,10.33,0.45,2.32,1743,40,0,,EUR
TT_PRODUKTLAUNCH26,1789010002,InFeed_Launch,10/25/2026,18-24,Female,14.19,7.65,0.33,2.34,1855,43,0,,EUR
TT_PRODUKTLAUNCH26,1789010002,TopView,10/02/2026,35-44,Female,32.9,6.67,0.7,0.95,4935,47,0,,EUR
TT_PRODUKTLAUNCH26,1789010002,TopView,09/26/2026,18-24,Female,14.26,5.05,0.46,1.09,2822,31,0,,EUR
TT_PRODUKTLAUNCH26,1789010002,InFeed_Launch,08/18/2026,65+,Female,7.98,7.57,0.42,1.79,1054,19,0,,EUR
TT_LETO26_BrandAware,1789010001,InFeed_Retarget,06/17/2026,55-64,Female,11.84,8.78,0.32,2.77,1349,37,0,,EUR
TT_PRODUKTLAUNCH26,1789010002,InFeed_Launch,08/18/2026,25-34,Female,20.13,7.49,0.33,2.26,2686,61,1,20.13,EUR
TT_PRODUKTLAUNCH26,1789010002,TopView,09/08/2026,45-54,Female,37.17,5.56,0.59,0.95,6683,63,0,,EUR
TT_PRODUKTLAUNCH26,1789010002,TopView,10/20/2026,65+,Female,9.6,5.81,0.64,0.89,1652,15,0,,EUR
TT_PRODUKTLAUNCH26,1789010002,TopView,08/15/2026,65+,Male,12.75,5.1,0.51,1.0,2502,25,0,,EUR
TT_LETO26_BrandAware,1789010001,InFeed_Retarget,07/10/2026,65+,Male,5.76,10.23,0.48,2.16,563,12,0,,EUR
TT_PRODUKTLAUNCH26,1789010002,TopView,08/20/2026,55-64,Female,34.45,8.0,0.65,1.23,4307,53,0,,EUR
TT_PRODUKTLAUNCH26,1789010002,TopView,09/10/2026,25-34,Male,41.83,5.16,0.47,1.1,8106,89,1,41.83,EUR
TT_PRODUKTLAUNCH26,1789010002,TopView,10/21/2026,55-64,Female,23.4,8.43,0.6,1.4,2776,39,0,,EUR
TT_PRODUKTLAUNCH26,1789010002,InFeed_Launch,08/27/2026,45-54,Female,19.32,11.67,0.46,2.54,1656,42,0,,EUR
TT_LETO26_BrandAware,1789010001,InFeed_Prospecting,07/29/2026,55-64,Female,17.16,7.04,0.39,1.79,2438,44,0,,EUR
TT_LETO26_BrandAware,1789010001,InFeed_Prospecting,07/18/2026,45-54,Female,15.4,4.33,0.28,1.53,3560,55,0,,EUR
TT_LETO26_BrandAware,1789010001,InFeed_Retarget,08/12/2026,35-44,Female,15.17,10.69,0.41,2.6,1419,37,0,,EUR
TT_PRODUKTLAUNCH26,1789010002,InFeed_Launch,08/22/2026,45-54,Female,10.24,5.93,0.32,1.86,1727,32,0,,EUR
TT_LETO26_BrandAware,1789010001,Spark_Awareness,08/03/2026,25-34,Female,9.0,3.14,0.3,1.06,2866,30,0,,EUR
TT_PRODUKTLAUNCH26,1789010002,Spark_Ads,09/19/2026,25-34,Male,50.6,10.72,0.46,2.33,4720,110,1,50.6,EUR
TT_PRODUKTLAUNCH26,1789010002,Spark_Ads,08/30/2026,65+,Female,23.52,9.03,0.42,2.14,2604,56,1,23.52,EUR
TT_PRODUKTLAUNCH26,1789010002,InFeed_Launch,09/28/2026,18-24,Female,21.28,8.74,0.38,2.29,2435,56,1,21.28,EUR
TT_PRODUKTLAUNCH26,1789010002,Spark_Ads,10/27/2026,45-54,Female,21.84,5.27,0.28,1.89,4145,78,1,21.84,EUR
TT_LETO26_BrandAware,1789010001,Spark_Awareness,06/02/2026,55-64,Female,8.82,5.38,0.42,1.3,1640,21,0,,EUR
TT_PRODUKTLAUNCH26,1789010002,TopView,10/22/2026,18-24,Male,20.67,3.57,0.53,0.67,5789,39,0,,EUR
TT_PRODUKTLAUNCH26,1789010002,InFeed_Launch,10/16/2026,35-44,Female,15.64,7.82,0.34,2.32,1999,46,0,,EUR
TT_PRODUKTLAUNCH26,1789010002,Spark_Ads,10/16/2026,45-54,Female,21.2,7.48,0.4,1.87,2834,53,1,21.2,EUR
TT_LETO26_BrandAware,1789010001,InFeed_Prospecting,08/12/2026,45-54,Female,34.44,7.69,0.41,1.88,4480,84,0,,EUR
TT_LETO26_BrandAware,1789010001,InFeed_Prospecting,07/18/2026,25-34,Male,10.2,3.3,0.34,0.98,3090,30,0,,EUR
TT_PRODUKTLAUNCH26,1789010002,InFeed_Launch,08/22/2026,55-64,Female,13.86,5.72,0.33,1.73,2425,42,0,,EUR
TT_PRODUKTLAUNCH26,1789010002,Spark_Ads,10/21/2026,45-54,Female,19.43,4.53,0.29,1.56,4293,67,1,19.43,EUR
TT_LETO26_BrandAware,1789010001,Spark_Awareness,08/05/2026,25-34,Female,22.4,6.16,0.4,1.53,3638,56,0,,EUR
TT_LETO26_BrandAware,1789010001,InFeed_Prospecting,06/29/2026,18-24,Male,17.2,3.91,0.4,0.98,4397,43,0,,EUR
TT_PRODUKTLAUNCH26,1789010002,TopView,08/23/2026,18-24,Female,13.44,3.51,0.56,0.63,3834,24,0,,EUR
TT_PRODUKTLAUNCH26,1789010002,TopView,09/10/2026,65+,Male,16.96,4.88,0.53,0.92,3475,32,0,,EUR
TT_PRODUKTLAUNCH26,1789010002,TopView,09/30/2026,45-54,Male,20.4,5.52,0.6,0.93,3693,34,0,,EUR
TT_LETO26_BrandAware,1789010001,Spark_Awareness,07/05/2026,65+,Female,8.58,5.22,0.39,1.35,1644,22,0,,EUR
TT_PRODUKTLAUNCH26,1789010002,Spark_Ads,10/17/2026,65+,Male,10.5,6.73,0.42,1.6,1561,25,0,,EUR
TT_LETO26_BrandAware,1789010001,Spark_Awareness,08/01/2026,35-44,Female,15.91,5.09,0.37,1.38,3125,43,0,,EUR
TT_PRODUKTLAUNCH26,1789010002,Spark_Ads,09/10/2026,25-34,Female,24.0,5.09,0.4,1.28,4717,60,1,24.0,EUR
TT_LETO26_BrandAware,1789010001,InFeed_Prospecting,07/07/2026,45-54,Female,23.46,5.51,0.34,1.63,4257,69,0,,EUR
TT_LETO26_BrandAware,1789010001,Spark_Awareness,07/22/2026,45-54,Female,17.6,7.45,0.4,1.88,2362,44,0,,EUR
TT_PRODUKTLAUNCH26,1789010002,Spark_Ads,10/03/2026,35-44,Female,26.4,8.94,0.48,1.85,2953,55,1,26.4,EUR
TT_PRODUKTLAUNCH26,1789010002,TopView,10/06/2026,35-44,Male,29.6,5.49,0.4,1.37,5392,74,0,,EUR
TT_PRODUKTLAUNCH26,1789010002,Spark_Ads,09/21/2026,65+,Male,18.49,9.41,0.43,2.18,1965,43,1,18.49,EUR
TT_LETO26_BrandAware,1789010001,InFeed_Retarget,07/14/2026,35-44,Female,14.62,10.98,0.43,2.56,1332,34,0,,EUR
TT_PRODUKTLAUNCH26,1789010002,InFeed_Launch,09/27/2026,65+,Female,20.68,10.54,0.44,2.41,1962,47,0,,EUR
TT_LETO26_BrandAware,1789010001,InFeed_Retarget,08/13/2026,65+,Female,2.79,5.56,0.31,1.83,502,9,0,,EUR
TT_LETO26_BrandAware,1789010001,Spark_Awareness,07/29/2026,45-54,Male,7.04,3.59,0.32,1.14,1960,22,0,,EUR
TT_PRODUKTLAUNCH26,1789010002,TopView,09/23/2026,25-34,Male,63.05,6.57,0.65,1.01,9600,97,1,63.05,EUR
TT_LETO26_BrandAware,1789010001,Spark_Awareness,07/06/2026,55-64,Male,11.02,6.89,0.38,1.79,1599,29,0,,EUR
TT_LETO26_BrandAware,1789010001,InFeed_Retarget,08/10/2026,25-34,Female,26.95,13.49,0.49,2.78,1998,55,0,,EUR
TT_PRODUKTLAUNCH26,1789010002,Spark_Ads,10/18/2026,25-34,Male,49.14,6.84,0.42,1.63,7179,117,1,49.14,EUR
TT_PRODUKTLAUNCH26,1789010002,Spark_Ads,09/28/2026,65+,Female,10.64,5.77,0.38,1.52,1843,28,0,,EUR
TT_LETO26_BrandAware,1789010001,Spark_Awareness,07/12/2026,55-64,Male,11.9,5.49,0.34,1.6,2168,35,0,,EUR
TT_LETO26_BrandAware,1789010001,Spark_Awareness,07/07/2026,45-54,Female,16.92,6.64,0.47,1.43,2547,36,0,,EUR
TT_LETO26_BrandAware,1789010001,InFeed_Retarget,07/05/2026,35-44,Male,10.64,8.3,0.38,2.15,1282,28,0,,EUR
TT_LETO26_BrandAware,1789010001,InFeed_Prospecting,08/01/2026,45-54,Female,24.7,7.47,0.38,1.97,3308,65,0,,EUR
TT_PRODUKTLAUNCH26,1789010002,InFeed_Launch,09/12/2026,25-34,Male,36.9,6.57,0.45,1.46,5616,82,1,36.9,EUR
TT_PRODUKTLAUNCH26,1789010002,InFeed_Launch,09/16/2026,25-34,Male,15.96,6.32,0.42,1.49,2525,38,0,,EUR
TT_LETO26_BrandAware,1789010001,InFeed_Prospecting,08/08/2026,45-54,Female,14.0,4.31,0.4,1.08,3247,35,0,,EUR
TT_LETO26_BrandAware,1789010001,InFeed_Retarget,08/11/2026,65+,Male,6.63,9.69,0.39,2.5,684,17,0,,EUR
TT_PRODUKTLAUNCH26,1789010002,TopView,08/29/2026,65+,Female,7.98,3.15,0.42,0.75,2536,19,0,,EUR
TT_LETO26_BrandAware,1789010001,InFeed_Retarget,07/11/2026,65+,Male,6.66,7.53,0.37,2.08,884,18,0,,EUR
TT_LETO26_BrandAware,1789010001,InFeed_Retarget,08/13/2026,55-64,Female,16.92,12.51,0.47,2.63,1353,36,0,,EUR
TT_PRODUKTLAUNCH26,1789010002,InFeed_Launch,10/22/2026,35-44,Male,9.3,3.87,0.3,1.31,2406,31,0,,EUR
TT_LETO26_BrandAware,1789010001,InFeed_Retarget,08/03/2026,45-54,Female,9.8,10.04,0.49,2.02,976,20,0,,EUR
TT_LETO26_BrandAware,1789010001,InFeed_Prospecting,06/21/2026,65+,Male,10.56,4.8,0.44,1.1,2200,24,0,,EUR
TT_LETO26_BrandAware,1789010001,InFeed_Retarget,08/08/2026,55-64,Female,10.58,8.58,0.46,1.87,1233,23,0,,EUR
TT_PRODUKTLAUNCH26,1789010002,TopView,08/18/2026,65+,Male,10.45,3.42,0.55,0.62,3052,19,0,,EUR
TT_PRODUKTLAUNCH26,1789010002,Spark_Ads,09/26/2026,35-44,Female,43.2,7.76,0.48,1.62,5566,90,1,43.2,EUR
TT_PRODUKTLAUNCH26,1789010002,TopView,09/19/2026,55-64,Male,21.73,5.05,0.41,1.23,4306,53,0,,EUR
TT_LETO26_BrandAware,1789010001,InFeed_Retarget,06/25/2026,45-54,Male,10.15,9.05,0.35,2.62,1122,29,0,,EUR
TT_LETO26_BrandAware,1789010001,InFeed_Prospecting,06/07/2026,25-34,Female,31.5,5.73,0.35,1.64,5500,90,0,,EUR
TT_PRODUKTLAUNCH26,1789010002,InFeed_Launch,10/13/2026,45-54,Male,20.16,9.42,0.42,2.23,2141,48,0,,EUR
TT_PRODUKTLAUNCH26,1789010002,TopView,10/27/2026,65+,Male,13.44,4.6,0.48,0.97,2921,28,0,,EUR
TT_LETO26_BrandAware,1789010001,InFeed_Retarget,06/11/2026,65+,Male,7.38,11.03,0.41,2.69,669,18,0,,EUR
TT_LETO26_BrandAware,1789010001,Spark_Awareness,08/13/2026,65+,Male,5.94,4.39,0.33,1.36,1353,18,0,,EUR
TT_PRODUKTLAUNCH26,1789010002,InFeed_Launch,10/16/2026,55-64,Male,16.32,7.32,0.32,2.28,2228,51,1,16.32,EUR
TT_LETO26_BrandAware,1789010001,Spark_Awareness,08/06/2026,55-64,Male,12.88,5.03,0.46,1.11,2562,28,0,,EUR
TT_LETO26_BrandAware,1789010001,InFeed_Prospecting,06/17/2026,25-34,Male,9.9,3.28,0.3,1.1,3019,33,0,,EUR
TT_LETO26_BrandAware,1789010001,Spark_Awareness,08/03/2026,25-34,Male,17.92,5.85,0.32,1.84,3061,56,0,,EUR
TT_PRODUKTLAUNCH26,1789010002,TopView,09/15/2026,55-64,Male,34.8,6.48,0.6,1.07,5368,58,0,,EUR
TT_PRODUKTLAUNCH26,1789010002,Spark_Ads,09/29/2026,18-24,Male,25.9,5.28,0.37,1.43,4907,70,1,25.9,EUR
TT_LETO26_BrandAware,1789010001,InFeed_Prospecting,08/14/2026,55-64,Female,7.14,3.66,0.34,1.09,1952,21,0,,EUR
TT_LETO26_BrandAware,1789010001,Spark_Awareness,06/05/2026,45-54,Female,7.5,3.8,0.3,1.24,1975,25,0,,EUR
TT_PRODUKTLAUNCH26,1789010002,InFeed_Launch,10/05/2026,35-44,Male,22.4,6.22,0.32,1.94,3603,70,1,22.4,EUR
TT_PRODUKTLAUNCH26,1789010002,TopView,10/24/2026,45-54,Male,17.76,3.01,0.48,0.63,5901,37,0,,EUR
TT_PRODUKTLAUNCH26,1789010002,Spark_Ads,08/15/2026,35-44,Female,25.37,5.25,0.43,1.23,4828,59,1,25.37,EUR
TT_PRODUKTLAUNCH26,1789010002,Spark_Ads,08/19/2026,35-44,Male,24.7,7.52,0.38,1.96,3285,65,1,24.7,EUR
TT_LETO26_BrandAware,1789010001,Spark_Awareness,07/11/2026,55-64,Female,8.97,5.53,0.39,1.41,1621,23,0,,EUR
TT_LETO26_BrandAware,1789010001,InFeed_Prospecting,08/10/2026,45-54,Male,14.0,5.52,0.35,1.56,2537,40,0,,EUR
TT_LETO26_BrandAware,1789010001,InFeed_Retarget,06/20/2026,45-54,Male,9.6,8.69,0.48,1.85,1105,20,0,,EUR
TT_LETO26_BrandAware,1789010001,InFeed_Prospecting,06/28/2026,18-24,Male,15.05,6.26,0.43,1.47,2404,35,0,,EUR
TT_LETO26_BrandAware,1789010001,Spark_Awareness,06/20/2026,55-64,Male,7.14,5.37,0.34,1.61,1330,21,0,,EUR
TT_LETO26_BrandAware,1789010001,Spark_Awareness,06/06/2026,25-34,Male,38.07,8.62,0.47,1.83,4417,81,0,,EUR
TT_LETO26_BrandAware,1789010001,InFeed_Prospecting,07/06/2026,25-34,Female,23.4,5.36,0.36,1.48,4366,65,0,,EUR
TT_LETO26_BrandAware,1789010001,Spark_Awareness,07/03/2026,18-24,Female,8.68,3.59,0.31,1.15,2417,28,0,,EUR
TT_PRODUKTLAUNCH26,1789010002,Spark_Ads,10/19/2026,45-54,Female,45.0,9.61,0.45,2.14,4681,100,1,45.0,EUR
TT_LETO26_BrandAware,1789010001,InFeed_Prospecting,06/21/2026,25-34,Male,38.95,7.25,0.41,1.77,5369,95,0,,EUR
TT_LETO26_BrandAware,1789010001,InFeed_Prospecting,06/12/2026,65+,Male,10.75,4.52,0.25,1.79,2379,43,0,,EUR
TT_LETO26_BrandAware,1789010001,Spark_Awareness,07/24/2026,65+,Female,7.26,4.87,0.33,1.49,1490,22,0,,EUR
TT_LETO26_BrandAware,1789010001,Spark_Awareness,06/29/2026,55-64,Male,5.4,3.93,0.36,1.1,1375,15,0,,EUR
TT_PRODUKTLAUNCH26,1789010002,TopView,08/24/2026,35-44,Female,17.1,3.69,0.57,0.65,4630,30,0,,EUR
TT_LETO26_BrandAware,1789010001,Spark_Awareness,08/09/2026,18-24,Female,16.1,6.55,0.35,1.86,2458,46,0,,EUR
TT_PRODUKTLAUNCH26,1789010002,InFeed_Launch,09/13/2026,45-54,Male,35.72,9.85,0.47,2.09,3625,76,1,35.72,EUR
TT_PRODUKTLAUNCH26,1789010002,Spark_Ads,10/23/2026,25-34,Female,40.56,5.73,0.39,1.46,7082,104,1,40.56,EUR
TT_LETO26_BrandAware,1789010001,InFeed_Retarget,08/04/2026,25-34,Male,28.52,12.53,0.46,2.71,2276,62,0,,EUR
TT_LETO26_BrandAware,1789010001,InFeed_Prospecting,06/17/2026,18-24,Male,20.68,5.41,0.44,1.23,3826,47,0,,EUR
TT_PRODUKTLAUNCH26,1789010002,TopView,10/16/2026,25-34,Male,40.32,5.53,0.64,0.86,7297,63,0,,EUR
TT_LETO26_BrandAware,1789010001,Spark_Awareness,08/04/2026,45-54,Female,15.54,8.71,0.42,2.08,1784,37,0,,EUR
TT_PRODUKTLAUNCH26,1789010002,Spark_Ads,10/04/2026,35-44,Female,26.4,5.61,0.3,1.87,4710,88,1,26.4,EUR
TT_LETO26_BrandAware,1789010001,Spark_Awareness,08/04/2026,25-34,Male,18.13,6.27,0.37,1.68,2893,49,0,,EUR
TT_PRODUKTLAUNCH26,1789010002,TopView,10/14/2026,45-54,Male,38.44,7.55,0.62,1.23,5091,62,0,,EUR
TT_LETO26_BrandAware,1789010001,InFeed_Retarget,06/22/2026,25-34,Male,22.26,10.58,0.42,2.51,2103,53,0,,EUR
TT_PRODUKTLAUNCH26,1789010002,Spark_Ads,09/03/2026,35-44,Female,35.2,6.83,0.44,1.55,5156,80,1,35.2,EUR
TT_PRODUKTLAUNCH26,1789010002,TopView,08/18/2026,45-54,Male,18.48,2.88,0.42,0.68,6424,44,0,,EUR
TT_LETO26_BrandAware,1789010001,InFeed_Retarget,07/26/2026,55-64,Male,7.92,7.37,0.33,2.23,1074,24,0,,EUR
TT_LETO26_BrandAware,1789010001,Spark_Awareness,08/04/2026,65+,Female,3.52,4.41,0.32,1.44,798,11,0,,EUR
TT_PRODUKTLAUNCH26,1789010002,TopView,09/07/2026,55-64,Male,26.13,6.32,0.67,0.95,4134,39,0,,EUR
TT_LETO26_BrandAware,1789010001,InFeed_Retarget,08/13/2026,18-24,Male,13.26,7.44,0.39,1.89,1783,34,0,,EUR
TT_LETO26_BrandAware,1789010001,Spark_Awareness,07/17/2026,55-64,Female,11.89,6.1,0.41,1.48,1950,29,0,,EUR
TT_LETO26_BrandAware,1789010001,InFeed_Retarget,08/05/2026,55-64,Male,9.2,7.4,0.4,1.87,1244,23,0,,EUR
TT_PRODUKTLAUNCH26,1789010002,Spark_Ads,10/24/2026,25-34,Female,15.08,4.0,0.29,1.37,3771,52,1,15.08,EUR
TT_PRODUKTLAUNCH26,1789010002,TopView,10/04/2026,18-24,Female,47.31,7.9,0.57,1.38,5989,83,0,,EUR
TT_LETO26_BrandAware,1789010001,InFeed_Prospecting,06/23/2026,25-34,Male,18.75,3.04,0.25,1.22,6176,75,0,,EUR
TT_PRODUKTLAUNCH26,1789010002,TopView,09/28/2026,35-44,Male,27.03,6.18,0.51,1.21,4372,53,0,,EUR
TT_PRODUKTLAUNCH26,1789010002,InFeed_Launch,10/07/2026,45-54,Male,25.65,11.53,0.45,2.55,2225,57,1,25.65,EUR
TT_LETO26_BrandAware,1789010001,InFeed_Retarget,06/07/2026,65+,Male,7.74,11.67,0.43,2.74,663,18,0,,EUR
TT_LETO26_BrandAware,1789010001,InFeed_Prospecting,08/08/2026,25-34,Female,16.32,4.59,0.34,1.35,3554,48,0,,EUR
TT_PRODUKTLAUNCH26,1789010002,TopView,10/10/2026,65+,Female,7.56,4.02,0.42,0.97,1882,18,0,,EUR
TT_LETO26_BrandAware,1789010001,InFeed_Retarget,08/03/2026,45-54,Male,12.74,12.89,0.49,2.6,988,26,0,,EUR
TT_LETO26_BrandAware,1789010001,Spark_Awareness,07/31/2026,55-64,Male,15.12,5.4,0.42,1.29,2801,36,0,,EUR
TT_PRODUKTLAUNCH26,1789010002,InFeed_Launch,08/17/2026,25-34,Female,14.85,6.25,0.33,1.91,2376,45,0,,EUR
TT_LETO26_BrandAware,1789010001,InFeed_Prospecting,07/24/2026,25-34,Female,25.65,4.45,0.45,0.99,5760,57,0,,EUR
TT_LETO26_BrandAware,1789010001,InFeed_Prospecting,06/14/2026,45-54,Male,5.67,2.6,0.27,0.98,2179,21,0,,EUR
TT_PRODUKTLAUNCH26,1789010002,Spark_Ads,10/09/2026,65+,Male,21.62,8.37,0.47,1.78,2584,46,1,21.62,EUR
TT_LETO26_BrandAware,1789010001,Spark_Awareness,07/02/2026,65+,Male,5.55,3.7,0.37,1.03,1500,15,0,,EUR
TT_LETO26_BrandAware,1789010001,InFeed_Prospecting,07/16/2026,25-34,Female,34.96,5.74,0.38,1.51,6091,92,0,,EUR
TT_PRODUKTLAUNCH26,1789010002,TopView,10/27/2026,45-54,Female,36.54,5.64,0.63,0.9,6474,58,0,,EUR
TT_PRODUKTLAUNCH26,1789010002,Spark_Ads,09/10/2026,45-54,Female,18.6,7.22,0.31,2.33,2575,60,1,18.6,EUR
TT_LETO26_BrandAware,1789010001,Spark_Awareness,06/16/2026,35-44,Female,11.5,5.63,0.46,1.21,2044,25,0,,EUR
TT_LETO26_BrandAware,1789010001,InFeed_Retarget,06/10/2026,25-34,Male,13.12,9.1,0.32,2.82,1441,41,0,,EUR
TT_PRODUKTLAUNCH26,1789010002,InFeed_Launch,09/28/2026,25-34,Female,19.32,6.85,0.46,1.49,2819,42,0,,EUR
TT_PRODUKTLAUNCH26,1789010002,Spark_Ads,10/11/2026,55-64,Male,33.15,9.07,0.39,2.31,3653,85,1,33.15,EUR
TT_LETO26_BrandAware,1789010001,Spark_Awareness,06/03/2026,35-44,Male,18.48,6.35,0.44,1.45,2911,42,0,,EUR
TT_PRODUKTLAUNCH26,1789010002,Spark_Ads,10/27/2026,18-24,Female,20.59,5.32,0.29,1.84,3868,71,1,20.59,EUR
TT_PRODUKTLAUNCH26,1789010002,Spark_Ads,10/06/2026,18-24,Male,23.4,4.97,0.36,1.39,4710,65,1,23.4,EUR
TT_LETO26_BrandAware,1789010001,InFeed_Prospecting,07/18/2026,65+,Male,8.17,6.49,0.43,1.48,1258,19,0,,EUR
TT_PRODUKTLAUNCH26,1789010002,TopView,08/31/2026,45-54,Male,36.3,8.97,0.66,1.36,4048,55,0,,EUR
TT_LETO26_BrandAware,1789010001,InFeed_Retarget,07/12/2026,45-54,Female,18.45,11.03,0.45,2.44,1673,41,0,,EUR
TT_LETO26_BrandAware,1789010001,InFeed_Retarget,07/31/2026,55-64,Male,12.0,11.95,0.4,2.97,1004,30,0,,EUR
TT_LETO26_BrandAware,1789010001,InFeed_Prospecting,07/12/2026,55-64,Female,8.4,2.97,0.28,1.06,2827,30,0,,EUR
TT_LETO26_BrandAware,1789010001,Spark_Awareness,07/01/2026,45-54,Male,23.32,9.32,0.44,2.12,2501,53,0,,EUR
TT_LETO26_BrandAware,1789010001,InFeed_Retarget,07/23/2026,25-34,Female,16.0,8.52,0.5,1.72,1877,32,0,,EUR
TT_LETO26_BrandAware,1789010001,Spark_Awareness,06/08/2026,35-44,Female,6.2,3.48,0.31,1.12,1780,20,0,,EUR
TT_LETO26_BrandAware,1789010001,Spark_Awareness,07/08/2026,25-34,Female,12.71,3.64,0.31,1.18,3490,41,0,,EUR
TT_PRODUKTLAUNCH26,1789010002,InFeed_Launch,10/10/2026,18-24,Male,13.3,5.78,0.35,1.67,2300,38,0,,EUR
TT_PRODUKTLAUNCH26,1789010002,TopView,09/23/2026,18-24,Male,56.58,8.86,0.69,1.29,6385,82,0,,EUR
TT_PRODUKTLAUNCH26,1789010002,InFeed_Launch,08/19/2026,35-44,Male,20.14,5.51,0.38,1.46,3652,53,1,20.14,EUR
TT_PRODUKTLAUNCH26,1789010002,Spark_Ads,08/17/2026,55-64,Female,22.04,6.38,0.38,1.68,3455,58,1,22.04,EUR
TT_LETO26_BrandAware,1789010001,Spark_Awareness,06/16/2026,55-64,Female,13.69,6.46,0.37,1.74,2118,37,0,,EUR
TT_PRODUKTLAUNCH26,1789010002,InFeed_Launch,10/27/2026,18-24,Male,25.65,8.37,0.45,1.87,3066,57,1,25.65,EUR
TT_PRODUKTLAUNCH26,1789010002,InFeed_Launch,09/20/2026,45-54,Male,36.52,10.99,0.44,2.49,3322,83,1,36.52,EUR
TT_PRODUKTLAUNCH26,1789010002,TopView,08/19/2026,65+,Male,14.03,4.62,0.61,0.76,3035,23,0,,EUR
TT_PRODUKTLAUNCH26,1789010002,TopView,09/20/2026,18-24,Male,31.2,5.42,0.52,1.05,5755,60,0,,EUR
TT_PRODUKTLAUNCH26,1789010002,Spark_Ads,10/24/2026,18-24,Female,10.2,4.6,0.3,1.55,2216,34,0,,EUR
TT_LETO26_BrandAware,1789010001,Spark_Awareness,06/09/2026,45-54,Male,21.93,6.77,0.43,1.59,3238,51,0,,EUR
TT_LETO26_BrandAware,1789010001,InFeed_Prospecting,07/22/2026,65+,Female,9.2,7.78,0.4,1.93,1182,23,0,,EUR
TT_LETO26_BrandAware,1789010001,Spark_Awareness,07/25/2026,45-54,Female,21.62,7.3,0.46,1.58,2961,47,0,,EUR
TT_LETO26_BrandAware,1789010001,Spark_Awareness,07/28/2026,45-54,Female,22.08,7.43,0.48,1.56,2971,46,0,,EUR
TT_PRODUKTLAUNCH26,1789010002,TopView,09/29/2026,35-44,Female,29.04,5.7,0.66,0.86,5095,44,0,,EUR
TT_PRODUKTLAUNCH26,1789010002,Spark_Ads,09/16/2026,18-24,Female,19.38,6.75,0.34,1.99,2871,57,1,19.38,EUR
TT_LETO26_BrandAware,1789010001,InFeed_Prospecting,06/16/2026,55-64,Male,18.45,7.43,0.41,1.8,2482,45,0,,EUR
TT_PRODUKTLAUNCH26,1789010002,TopView,10/11/2026,18-24,Female,45.5,7.54,0.65,1.15,6035,70,0,,EUR
TT_PRODUKTLAUNCH26,1789010002,Spark_Ads,08/23/2026,25-34,Female,31.54,7.82,0.38,2.07,4033,83,1,31.54,EUR
TT_PRODUKTLAUNCH26,1789010002,InFeed_Launch,10/17/2026,35-44,Female,36.26,8.73,0.37,2.37,4155,98,1,36.26,EUR
TT_LETO26_BrandAware,1789010001,InFeed_Retarget,06/07/2026,35-44,Female,20.72,10.77,0.37,2.92,1924,56,0,,EUR
TT_PRODUKTLAUNCH26,1789010002,TopView,09/29/2026,65+,Male,5.85,3.3,0.45,0.76,1775,13,0,,EUR
TT_LETO26_BrandAware,1789010001,InFeed_Retarget,08/07/2026,55-64,Male,9.12,9.66,0.48,2.03,944,19,0,,EUR
TT_PRODUKTLAUNCH26,1789010002,Spark_Ads,09/24/2026,65+,Male,25.2,9.39,0.42,2.25,2684,60,1,25.2,EUR
TT_LETO26_BrandAware,1789010001,InFeed_Retarget,07/02/2026,55-64,Male,8.88,6.34,0.37,1.7,1401,24,0,,EUR
TT_LETO26_BrandAware,1789010001,Spark_Awareness,07/13/2026,55-64,Male,17.22,7.36,0.42,1.73,2341,41,0,,EUR
TT_LETO26_BrandAware,1789010001,InFeed_Retarget,07/13/2026,65+,Female,3.72,4.8,0.31,1.54,775,12,0,,EUR
TT_PRODUKTLAUNCH26,1789010002,TopView,10/14/2026,18-24,Male,41.5,6.02,0.5,1.21,6891,83,0,,EUR
TT_PRODUKTLAUNCH26,1789010002,TopView,08/28/2026,45-54,Female,28.38,6.95,0.66,1.06,4081,43,0,,EUR
TT_LETO26_BrandAware,1789010001,InFeed_Prospecting,07/26/2026,25-34,Female,22.63,5.38,0.31,1.73,4210,73,0,,EUR
TT_LETO26_BrandAware,1789010001,InFeed_Prospecting,07/18/2026,45-54,Male,16.43,3.82,0.31,1.23,4301,53,0,,EUR
TT_PRODUKTLAUNCH26,1789010002,Spark_Ads,10/21/2026,65+,Male,10.75,7.41,0.43,1.72,1450,25,0,,EUR
TT_PRODUKTLAUNCH26,1789010002,TopView,10/09/2026,25-34,Male,46.01,5.38,0.43,1.25,8551,107,1,46.01,EUR
TT_LETO26_BrandAware,1789010001,InFeed_Retarget,06/19/2026,65+,Female,5.64,7.86,0.47,1.63,718,12,0,,EUR
TT_LETO26_BrandAware,1789010001,InFeed_Prospecting,06/14/2026,18-24,Female,15.68,3.96,0.28,1.42,3957,56,0,,EUR
TT_LETO26_BrandAware,1789010001,InFeed_Retarget,07/06/2026,35-44,Female,25.48,13.86,0.49,2.85,1839,52,0,,EUR
TT_LETO26_BrandAware,1789010001,InFeed_Prospecting,07/26/2026,35-44,Female,30.36,6.03,0.33,1.82,5035,92,0,,EUR
TT_LETO26_BrandAware,1789010001,InFeed_Prospecting,08/06/2026,45-54,Female,14.04,4.35,0.26,1.67,3229,54,0,,EUR
TT_PRODUKTLAUNCH26,1789010002,Spark_Ads,09/06/2026,65+,Female,12.88,6.94,0.46,1.48,1857,28,0,,EUR
TT_PRODUKTLAUNCH26,1789010002,InFeed_Launch,09/14/2026,25-34,Male,36.19,9.86,0.47,2.11,3671,77,1,36.19,EUR
TT_PRODUKTLAUNCH26,1789010002,InFeed_Launch,10/07/2026,18-24,Female,12.87,7.06,0.39,1.79,1823,33,0,,EUR
TT_LETO26_BrandAware,1789010001,Spark_Awareness,06/22/2026,45-54,Male,19.27,7.25,0.41,1.78,2659,47,0,,EUR
TT_LETO26_BrandAware,1789010001,InFeed_Prospecting,06/15/2026,45-54,Male,12.16,4.75,0.32,1.48,2562,38,0,,EUR
TT_PRODUKTLAUNCH26,1789010002,InFeed_Launch,08/25/2026,45-54,Male,33.66,13.24,0.51,2.59,2543,66,1,33.66,EUR
TT_LETO26_BrandAware,1789010001,Spark_Awareness,06/15/2026,35-44,Female,17.16,7.47,0.44,1.71,2296,39,0,,EUR
TT_LETO26_BrandAware,1789010001,InFeed_Retarget,07/28/2026,65+,Female,3.51,8.01,0.39,2.1,438,9,0,,EUR
TT_PRODUKTLAUNCH26,1789010002,InFeed_Launch,08/18/2026,45-54,Male,29.5,7.55,0.5,1.51,3906,59,1,29.5,EUR
TT_LETO26_BrandAware,1789010001,InFeed_Retarget,07/18/2026,25-34,Male,18.15,9.46,0.33,2.88,1919,55,0,,EUR
TT_PRODUKTLAUNCH26,1789010002,Spark_Ads,08/31/2026,65+,Female,23.46,9.04,0.46,1.96,2596,51,1,23.46,EUR
TT_PRODUKTLAUNCH26,1789010002,Spark_Ads,08/17/2026,18-24,Female,30.72,7.33,0.48,1.52,4192,64,1,30.72,EUR
TT_PRODUKTLAUNCH26,1789010002,InFeed_Launch,09/22/2026,45-54,Male,31.08,7.56,0.42,1.8,4110,74,1,31.08,EUR
TT_LETO26_BrandAware,1789010001,InFeed_Prospecting,07/15/2026,65+,Female,10.14,6.48,0.39,1.66,1564,26,0,,EUR
TT_LETO26_BrandAware,1789010001,Spark_Awareness,06/25/2026,18-24,Male,8.58,3.63,0.33,1.11,2364,26,0,,EUR
TT_LETO26_BrandAware,1789010001,InFeed_Prospecting,08/03/2026,65+,Female,3.63,2.99,0.33,0.93,1213,11,0,,EUR
TT_PRODUKTLAUNCH26,1789010002,TopView,09/23/2026,25-34,Female,16.65,2.71,0.45,0.61,6155,37,0,,EUR
TT_LETO26_BrandAware,1789010001,InFeed_Prospecting,07/27/2026,65+,Female,13.5,8.09,0.45,1.8,1668,30,0,,EUR
TT_LETO26_BrandAware,1789010001,InFeed_Prospecting,06/26/2026,45-54,Male,20.7,5.73,0.3,1.91,3612,69,0,,EUR
TT_PRODUKTLAUNCH26,1789010002,InFeed_Launch,09/22/2026,65+,Female,6.44,6.85,0.46,1.54,940,14,0,,EUR
TT_LETO26_BrandAware,1789010001,Spark_Awareness,06/14/2026,45-54,Male,11.88,7.44,0.44,1.71,1597,27,0,,EUR
TT_PRODUKTLAUNCH26,1789010002,Spark_Ads,10/12/2026,65+,Female,12.48,5.68,0.39,1.44,2196,32,0,,EUR
TT_LETO26_BrandAware,1789010001,InFeed_Prospecting,06/27/2026,45-54,Female,10.23,3.4,0.31,1.08,3008,33,0,,EUR
TT_LETO26_BrandAware,1789010001,Spark_Awareness,07/24/2026,45-54,Female,21.09,6.62,0.37,1.8,3188,57,0,,EUR
TT_PRODUKTLAUNCH26,1789010002,TopView,08/30/2026,35-44,Female,32.64,4.47,0.51,0.88,7295,64,0,,EUR
TT_LETO26_BrandAware,1789010001,Spark_Awareness,07/16/2026,18-24,Male,13.2,5.32,0.4,1.32,2479,33,0,,EUR
TT_LETO26_BrandAware,1789010001,InFeed_Prospecting,07/23/2026,55-64,Female,6.48,2.66,0.27,0.99,2440,24,0,,EUR
TT_PRODUKTLAUNCH26,1789010002,InFeed_Launch,09/03/2026,25-34,Female,14.08,6.21,0.32,1.94,2267,44,0,,EUR
TT_PRODUKTLAUNCH26,1789010002,TopView,10/21/2026,65+,Female,9.6,4.76,0.64,0.73,2018,15,0,,EUR
TT_PRODUKTLAUNCH26,1789010002,InFeed_Launch,09/22/2026,55-64,Male,29.93,9.1,0.41,2.21,3290,73,1,29.93,EUR
TT_PRODUKTLAUNCH26,1789010002,InFeed_Launch,10/20/2026,65+,Male,15.96,8.2,0.42,1.93,1947,38,0,,EUR
TT_LETO26_BrandAware,1789010001,InFeed_Prospecting,07/26/2026,55-64,Female,10.35,4.25,0.45,0.94,2434,23,0,,EUR
TT_PRODUKTLAUNCH26,1789010002,InFeed_Launch,09/27/2026,45-54,Male,28.6,7.24,0.44,1.65,3948,65,1,28.6,EUR
TT_PRODUKTLAUNCH26,1789010002,Spark_Ads,08/31/2026,18-24,Male,33.3,7.34,0.37,1.99,4537,90,1,33.3,EUR
TT_LETO26_BrandAware,1789010001,InFeed_Retarget,06/23/2026,45-54,Female,8.5,5.6,0.34,1.67,1518,25,0,,EUR
TT_PRODUKTLAUNCH26,1789010002,TopView,08/24/2026,65+,Female,8.06,5.12,0.62,0.85,1574,13,0,,EUR
TT_PRODUKTLAUNCH26,1789010002,TopView,09/10/2026,55-64,Male,22.88,4.82,0.52,0.93,4746,44,0,,EUR
TT_LETO26_BrandAware,1789010001,Spark_Awareness,06/04/2026,25-34,Male,25.01,6.17,0.41,1.51,4056,61,0,,EUR
TT_LETO26_BrandAware,1789010001,Spark_Awareness,07/22/2026,35-44,Female,12.09,7.34,0.39,1.88,1647,31,0,,EUR
TT_PRODUKTLAUNCH26,1789010002,Spark_Ads,10/14/2026,18-24,Female,7.84,3.24,0.28,1.14,2423,28,0,,EUR
TT_LETO26_BrandAware,1789010001,InFeed_Retarget,07/17/2026,55-64,Female,6.51,4.83,0.31,1.58,1348,21,0,,EUR
TT_LETO26_BrandAware,1789010001,Spark_Awareness,06/03/2026,65+,Male,7.79,6.07,0.41,1.44,1283,19,0,,EUR
TT_PRODUKTLAUNCH26,1789010002,TopView,10/25/2026,35-44,Male,27.9,4.99,0.45,1.1,5587,62,0,,EUR
TT_PRODUKTLAUNCH26,1789010002,InFeed_Launch,09/14/2026,45-54,Female,25.11,6.72,0.31,2.16,3736,81,1,25.11,EUR
TT_PRODUKTLAUNCH26,1789010002,TopView,09/11/2026,65+,Male,12.18,5.15,0.58,0.9,2367,21,0,,EUR
TT_LETO26_BrandAware,1789010001,Spark_Awareness,06/25/2026,65+,Female,10.0,6.13,0.4,1.55,1631,25,0,,EUR
TT_PRODUKTLAUNCH26,1789010002,InFeed_Launch,09/18/2026,18-24,Female,18.0,9.27,0.45,2.07,1942,40,0,,EUR
TT_LETO26_BrandAware,1789010001,InFeed_Retarget,08/01/2026,65+,Male,3.22,6.9,0.46,1.53,467,7,0,,EUR
TT_LETO26_BrandAware,1789010001,InFeed_Prospecting,07/13/2026,45-54,Female,9.36,3.05,0.26,1.17,3071,36,0,,EUR
TT_PRODUKTLAUNCH26,1789010002,TopView,09/08/2026,65+,Female,23.76,6.88,0.66,1.05,3453,36,0,,EUR
TT_PRODUKTLAUNCH26,1789010002,InFeed_Launch,10/17/2026,35-44,Male,34.32,7.56,0.39,1.94,4541,88,1,34.32,EUR
TT_PRODUKTLAUNCH26,1789010002,Spark_Ads,10/27/2026,55-64,Male,22.54,8.87,0.49,1.8,2541,46,1,22.54,EUR
TT_PRODUKTLAUNCH26,1789010002,InFeed_Launch,08/22/2026,55-64,Male,18.24,7.86,0.32,2.44,2322,57,1,18.24,EUR
TT_LETO26_BrandAware,1789010001,InFeed_Retarget,07/15/2026,18-24,Female,11.22,7.87,0.34,2.29,1426,33,0,,EUR
TT_PRODUKTLAUNCH26,1789010002,InFeed_Launch,10/20/2026,55-64,Female,14.52,7.69,0.33,2.35,1887,44,0,,EUR
TT_PRODUKTLAUNCH26,1789010002,Spark_Ads,09/08/2026,45-54,Male,26.86,5.65,0.34,1.67,4751,79,1,26.86,EUR
TT_LETO26_BrandAware,1789010001,Spark_Awareness,06/07/2026,65+,Female,9.2,5.96,0.46,1.31,1543,20,0,,EUR
TT_PRODUKTLAUNCH26,1789010002,Spark_Ads,10/13/2026,18-24,Female,47.08,10.08,0.44,2.3,4670,107,1,47.08,EUR
TT_LETO26_BrandAware,1789010001,InFeed_Prospecting,07/14/2026,55-64,Female,12.4,5.78,0.31,1.85,2146,40,0,,EUR
TT_LETO26_BrandAware,1789010001,InFeed_Prospecting,07/25/2026,18-24,Female,15.12,4.6,0.36,1.29,3290,42,0,,EUR
TT_PRODUKTLAUNCH26,1789010002,Spark_Ads,09/26/2026,45-54,Male,17.49,4.09,0.33,1.25,4275,53,1,17.49,EUR
TT_PRODUKTLAUNCH26,1789010002,TopView,10/09/2026,45-54,Female,21.07,5.43,0.43,1.27,3877,49,0,,EUR
TT_PRODUKTLAUNCH26,1789010002,Spark_Ads,08/31/2026,25-34,Male,57.6,9.24,0.48,1.92,6236,120,1,57.6,EUR
TT_PRODUKTLAUNCH26,1789010002,InFeed_Launch,10/06/2026,18-24,Male,42.33,12.89,0.51,2.54,3283,83,1,42.33,EUR
TT_PRODUKTLAUNCH26,1789010002,Spark_Ads,09/25/2026,25-34,Male,32.04,5.44,0.36,1.51,5892,89,1,32.04,EUR
TT_LETO26_BrandAware,1789010001,InFeed_Retarget,06/17/2026,25-34,Female,21.6,12.21,0.48,2.53,1769,45,0,,EUR
TT_PRODUKTLAUNCH26,1789010002,TopView,10/05/2026,35-44,Male,46.2,5.47,0.66,0.82,8441,70,0,,EUR
TT_PRODUKTLAUNCH26,1789010002,Spark_Ads,09/01/2026,45-54,Male,46.92,9.16,0.46,1.99,5120,102,1,46.92,EUR
TT_LETO26_BrandAware,1789010001,Spark_Awareness,06/14/2026,65+,Male,8.64,4.6,0.32,1.44,1880,27,0,,EUR
TT_PRODUKTLAUNCH26,1789010002,InFeed_Launch,10/28/2026,65+,Female,6.08,5.63,0.32,1.72,1079,19,0,,EUR
TT_LETO26_BrandAware,1789010001,Spark_Awareness,08/02/2026,35-44,Male,17.85,5.26,0.35,1.5,3394,51,0,,EUR
TT_LETO26_BrandAware,1789010001,Spark_Awareness,07/15/2026,35-44,Female,12.32,6.56,0.44,1.48,1879,28,0,,EUR
TT_PRODUKTLAUNCH26,1789010002,TopView,10/07/2026,45-54,Female,21.93,4.38,0.51,0.87,5003,43,0,,EUR
TT_PRODUKTLAUNCH26,1789010002,TopView,10/26/2026,25-34,Female,55.2,6.03,0.48,1.26,9157,115,1,55.2,EUR
TT_PRODUKTLAUNCH26,1789010002,Spark_Ads,10/20/2026,18-24,Female,19.68 EUR,6.42,0.41,1.58,3064,48,1,19.68,EUR
TT_LETO26_BrandAware,1789010001,InFeed_Prospecting,06/01/2026,35-44,Female,16.65,5.1,0.37,1.39,3263,45,0,,EUR
TT_PRODUKTLAUNCH26,1789010002,TopView,10/11/2026,35-44,Female,41.0,5.42,0.41,1.32,7563,100,1,41.0,EUR
TT_LETO26_BrandAware,1789010001,InFeed_Prospecting,06/11/2026,18-24,Male,15.4,5.13,0.44,1.17,3002,35,0,,EUR
TT_PRODUKTLAUNCH26,1789010002,InFeed_Launch,08/15/2026,35-44,Male,34.08,7.03,0.48,1.47,4851,71,1,34.08,EUR
TT_PRODUKTLAUNCH26,1789010002,InFeed_Launch,10/16/2026,35-44,Male,46.8,9.86,0.45,2.18,4747,104,1,46.8,EUR
TT_LETO26_BrandAware,1789010001,Spark_Awareness,06/21/2026,18-24,Female,9.2,7.16,0.4,1.8,1285,23,0,,EUR
TT_LETO26_BrandAware,1789010001,Spark_Awareness,08/14/2026,45-54,Male,12.16,7.75,0.38,2.06,1570,32,0,,EUR
TT_PRODUKTLAUNCH26,1789010002,InFeed_Launch,10/18/2026,25-34,Male,33.84,11.07,0.47,2.36,3056,72,1,33.84,EUR
TT_LETO26_BrandAware,1789010001,InFeed_Retarget,07/19/2026,18-24,Male,11.28,7.22,0.47,1.54,1563,24,0,,EUR
TT_LETO26_BrandAware,1789010001,InFeed_Prospecting,07/31/2026,55-64,Male,13.02,5.52,0.42,1.32,2360,31,0,,EUR
TT_LETO26_BrandAware,1789010001,Spark_Awareness,06/21/2026,45-54,Male,8.74,5.25,0.38,1.4,1666,23,0,,EUR
TT_LETO26_BrandAware,1789010001,Spark_Awareness,07/23/2026,25-34,Male,17.63,7.92,0.43,1.86,2226,41,0,,EUR
TT_PRODUKTLAUNCH26,1789010002,TopView,09/02/2026,45-54,Male,28.29,4.21,0.69,0.61,6726,41,0,,EUR
TT_LETO26_BrandAware,1789010001,InFeed_Prospecting,06/25/2026,65+,Female,7.84,4.74,0.28,1.67,1653,28,0,,EUR
TT_PRODUKTLAUNCH26,1789010002,Spark_Ads,09/18/2026,55-64,Male,18.0,7.01,0.45,1.55,2569,40,0,,EUR
TT_LETO26_BrandAware,1789010001,Spark_Awareness,07/11/2026,25-34,Male,9.25,4.31,0.37,1.16,2148,25,0,,EUR
TT_LETO26_BrandAware,1789010001,Spark_Awareness,07/16/2026,55-64,Male,23.5,8.4,0.47,1.78,2798,50,0,,EUR
TT_PRODUKTLAUNCH26,1789010002,Spark_Ads,09/15/2026,25-34,Female,22.2,3.77,0.3,1.25,5884,74,1,22.2,EUR
TT_PRODUKTLAUNCH26,1789010002,InFeed_Launch,10/21/2026,45-54,Female,30.36,8.09,0.46,1.75,3754,66,1,30.36,EUR
TT_PRODUKTLAUNCH26,1789010002,TopView,10/07/2026,25-34,Male,16.32,3.29,0.48,0.68,4959,34,0,,EUR
TT_LETO26_BrandAware,1789010001,InFeed_Retarget,06/27/2026,65+,Female,3.96,8.07,0.33,2.46,491,12,0,,EUR
TT_PRODUKTLAUNCH26,1789010002,InFeed_Launch,08/31/2026,45-54,Male,16.8,6.03,0.35,1.73,2784,48,0,,EUR
TT_LETO26_BrandAware,1789010001,InFeed_Prospecting,06/01/2026,65+,Male,18.86,7.91,0.41,1.93,2385,46,0,,EUR
TT_LETO26_BrandAware,1789010001,Spark_Awareness,06/26/2026,45-54,Male,9.9,4.93,0.33,1.49,2010,30,0,,EUR
TT_PRODUKTLAUNCH26,1789010002,TopView,09/21/2026,25-34,Female,34.32,6.8,0.66,1.03,5046,52,0,,EUR
TT_PRODUKTLAUNCH26,1789010002,Spark_Ads,09/16/2026,45-54,Female,35.04,8.01,0.48,1.67,4374,73,1,35.04,EUR
TT_PRODUKTLAUNCH26,1789010002,TopView,10/17/2026,35-44,Male,54.18,7.3,0.63,1.16,7420,86,1,54.18,EUR
TT_LETO26_BrandAware,1789010001,InFeed_Retarget,07/01/2026,65+,Female,8.51,10.65,0.37,2.92,799,23,0,,EUR
TT_LETO26_BrandAware,1789010001,InFeed_Retarget,06/17/2026,65+,Male,6.24,7.98,0.39,2.07,782,16,0,,EUR
TT_LETO26_BrandAware,1789010001,InFeed_Retarget,06/25/2026,55-64,Female,5.72,6.6,0.44,1.54,867,13,0,,EUR
TT_PRODUKTLAUNCH26,1789010002,Spark_Ads,10/08/2026,18-24,Male,20.52,6.1,0.36,1.68,3365,57,1,20.52,EUR
TT_LETO26_BrandAware,1789010001,Spark_Awareness,07/31/2026,18-24,Female,19.44,7.8,0.36,2.18,2491,54,0,,EUR
TT_PRODUKTLAUNCH26,1789010002,TopView,09/07/2026,18-24,Male,27.52,8.81,0.64,1.38,3123,43,0,,EUR
TT_PRODUKTLAUNCH26,1789010002,Spark_Ads,10/14/2026,25-34,Female,31.49,7.89,0.47,1.69,3991,67,1,31.49,EUR
TT_LETO26_BrandAware,1789010001,InFeed_Prospecting,08/05/2026,65+,Male,12.09,5.22,0.31,1.69,2315,39,0,,EUR
TT_LETO26_BrandAware,1789010001,InFeed_Retarget,07/02/2026,18-24,Male,10.23,6.32,0.31,2.05,1619,33,0,,EUR
TT_LETO26_BrandAware,1789010001,InFeed_Prospecting,08/04/2026,25-34,Male,19.25,4.44,0.25,1.78,4333,77,0,,EUR
TT_PRODUKTLAUNCH26,1789010002,Spark_Ads,09/19/2026,55-64,Female,10.5,4.15,0.35,1.2,2530,30,0,,EUR
TT_LETO26_BrandAware,1789010001,InFeed_Retarget,08/08/2026,25-34,Female,26.79,13.68,0.47,2.89,1958,57,0,,EUR
TT_PRODUKTLAUNCH26,1789010002,Spark_Ads,08/27/2026,25-34,Female,46.8,7.77,0.36,2.16,6023,130,2,23.4,EUR
TT_LETO26_BrandAware,1789010001,InFeed_Retarget,08/06/2026,55-64,Male,8.4,7.69,0.42,1.82,1092,20,0,,EUR
TT_LETO26_BrandAware,1789010001,Spark_Awareness,07/10/2026,18-24,Female,12.16,6.77,0.38,1.8,1797,32,0,,EUR
TT_PRODUKTLAUNCH26,1789010002,Spark_Ads,09/08/2026,55-64,Female,16.0,6.82,0.4,1.7,2347,40,0,,EUR
TT_PRODUKTLAUNCH26,1789010002,TopView,10/13/2026,45-54,Male,19.89,4.62,0.51,0.91,4302,39,0,,EUR
TT_PRODUKTLAUNCH26,1789010002,Spark_Ads,08/24/2026,45-54,Female,30.15,7.43,0.45,1.64,4057,67,1,30.15,EUR
TT_PRODUKTLAUNCH26,1789010002,Spark_Ads,09/20/2026,55-64,Female,41.83,9.94,0.47,2.12,4207,89,1,41.83,EUR
TT_PRODUKTLAUNCH26,1789010002,InFeed_Launch,09/24/2026,18-24,Female,22.08,6.74,0.32,2.1,3274,69,1,22.08,EUR
TT_PRODUKTLAUNCH26,1789010002,InFeed_Launch,10/06/2026,35-44,Female,20.25,7.46,0.45,1.66,2714,45,0,,EUR
TT_PRODUKTLAUNCH26,1789010002,Spark_Ads,08/15/2026,25-34,Male,57.6,11.52,0.48,2.4,5001,120,1,57.6,EUR
TT_PRODUKTLAUNCH26,1789010002,Spark_Ads,10/14/2026,55-64,Female,18.2,4.58,0.28,1.64,3972,65,1,18.2,EUR
TT_LETO26_BrandAware,1789010001,InFeed_Retarget,06/02/2026,35-44,Female,9.99,6.02,0.37,1.61,1660,27,0,,EUR
TT_LETO26_BrandAware,1789010001,InFeed_Prospecting,06/25/2026,18-24,Female,12.76,4.98,0.44,1.13,2561,29,0,,EUR
TT_PRODUKTLAUNCH26,1789010002,TopView,08/18/2026,18-24,Male,25.96,8.26,0.59,1.4,3142,44,0,,EUR
TT_LETO26_BrandAware,1789010001,InFeed_Prospecting,08/02/2026,35-44,Female,19.68,5.78,0.41,1.41,3406,48,0,,EUR
TT_LETO26_BrandAware,1789010001,InFeed_Retarget,06/10/2026,45-54,Female,21.0,14.28,0.5,2.87,1471,42,0,,EUR
TT_LETO26_BrandAware,1789010001,InFeed_Prospecting,06/08/2026,45-54,Female,17.1,4.42,0.3,1.46,3870,57,0,,EUR
TT_PRODUKTLAUNCH26,1789010002,InFeed_Launch,09/23/2026,65+,Male,7.03,6.61,0.37,1.8,1063,19,0,,EUR
TT_LETO26_BrandAware,1789010001,InFeed_Prospecting,07/13/2026,35-44,Male,12.42,4.59,0.27,1.69,2708,46,0,,EUR
TT_LETO26_BrandAware,1789010001,Spark_Awareness,08/10/2026,25-34,Male,7.48,3.64,0.34,1.09,2057,22,0,,EUR
TT_LETO26_BrandAware,1789010001,InFeed_Retarget,07/16/2026,18-24,Female,12.3,8.6,0.41,2.11,1431,30,0,,EUR
TT_PRODUKTLAUNCH26,1789010002,InFeed_Launch,09/17/2026,18-24,Male,18.24,7.97,0.38,2.08,2290,48,0,,EUR
TT_PRODUKTLAUNCH26,1789010002,TopView,10/12/2026,55-64,Female,19.04,5.3,0.56,0.93,3595,34,0,,EUR
TT_PRODUKTLAUNCH26,1789010002,TopView,08/21/2026,25-34,Male,39.9,4.99,0.57,0.88,7989,70,0,,EUR
TT_PRODUKTLAUNCH26,1789010002,Spark_Ads,09/07/2026,45-54,Male,21.28,5.25,0.38,1.37,4052,56,1,21.28,EUR
TT_LETO26_BrandAware,1789010001,InFeed_Retarget,06/26/2026,45-54,Female,6.2,8.07,0.31,2.55,768,20,0,,EUR
TT_LETO26_BrandAware,1789010001,Spark_Awareness,06/24/2026,35-44,Female,17.63,6.71,0.41,1.62,2626,43,0,,EUR
TT_LETO26_BrandAware,1789010001,InFeed_Prospecting,07/26/2026,18-24,Female,17.6,5.75,0.32,1.79,3060,55,0,,EUR
TT_LETO26_BrandAware,1789010001,InFeed_Retarget,08/07/2026,45-54,Female,12.0,13.57,0.48,2.86,884,25,0,,EUR
TT_PRODUKTLAUNCH26,1789010002,Spark_Ads,08/30/2026,18-24,Female,16.56,6.45,0.36,1.79,2566,46,1,16.56,EUR
TT_LETO26_BrandAware,1789010001,InFeed_Prospecting,07/15/2026,45-54,Male,9.75,2.78,0.25,1.12,3510,39,0,,EUR
TT_PRODUKTLAUNCH26,1789010002,TopView,10/18/2026,18-24,Female,17.16,5.52,0.66,0.83,3107,26,0,,EUR
TT_LETO26_BrandAware,1789010001,InFeed_Prospecting,06/23/2026,45-54,Male,12.58,5.92,0.37,1.61,2124,34,0,,EUR
TT_LETO26_BrandAware,1789010001,InFeed_Retarget,08/01/2026,35-44,Female,10.54,8.06,0.31,2.63,1308,34,0,,EUR
TT_PRODUKTLAUNCH26,1789010002,InFeed_Launch,10/07/2026,25-34,Male,19.95,6.1,0.35,1.73,3269,57,1,19.95,EUR
TT_LETO26_BrandAware,1789010001,Spark_Awareness,06/22/2026,45-54,Female,6.63,4.26,0.39,1.06,1557,17,0,,EUR
TT_LETO26_BrandAware,1789010001,InFeed_Retarget,06/02/2026,18-24,Female,7.0,7.5,0.35,2.13,933,20,0,,EUR
TT_PRODUKTLAUNCH26,1789010002,InFeed_Launch,09/18/2026,35-44,Male,19.5,6.02,0.3,1.99,3237,65,1,19.5,EUR
TT_PRODUKTLAUNCH26,1789010002,TopView,09/22/2026,35-44,Male,40.32,5.59,0.56,0.99,7207,72,0,,EUR
TT_LETO26_BrandAware,1789010001,InFeed_Prospecting,07/11/2026,25-34,Female,27.69,6.94,0.39,1.79,3989,71,0,,EUR
TT_LETO26_BrandAware,1789010001,InFeed_Retarget,07/12/2026,65+,Male,5.4,7.21,0.36,2.05,749,15,0,,EUR
TT_PRODUKTLAUNCH26,1789010002,Spark_Ads,09/23/2026,65+,Male,15.08,6.49,0.29,2.23,2324,52,1,15.08,EUR
TT_LETO26_BrandAware,1789010001,InFeed_Prospecting,08/08/2026,18-24,Male,9.18,4.49,0.34,1.31,2043,27,0,,EUR
TT_PRODUKTLAUNCH26,1789010002,TopView,10/11/2026,45-54,Male,52.93,7.44,0.67,1.11,7111,79,0,,EUR
TT_LETO26_BrandAware,1789010001,InFeed_Retarget,08/08/2026,35-44,Male,20.64,10.12,0.43,2.35,2040,48,0,,EUR
TT_PRODUKTLAUNCH26,1789010002,TopView,10/08/2026,35-44,Male,45.75,5.35,0.61,0.88,8552,75,0,,EUR
TT_PRODUKTLAUNCH26,1789010002,InFeed_Launch,09/29/2026,45-54,Male,16.77,6.33,0.39,1.61,2651,43,0,,EUR
TT_PRODUKTLAUNCH26,1789010002,TopView,10/26/2026,55-64,Female,34.45,7.67,0.65,1.18,4493,53,0,,EUR
TT_LETO26_BrandAware,1789010001,InFeed_Prospecting,06/28/2026,35-44,Male,13.95,2.86,0.31,0.93,4878,45,0,,EUR
TT_PRODUKTLAUNCH26,1789010002,TopView,09/30/2026,35-44,Female,21.6,3.68,0.4,0.91,5870,54,0,,EUR
TT_LETO26_BrandAware,1789010001,InFeed_Retarget,06/09/2026,45-54,Male,18.62,10.74,0.38,2.85,1734,49,0,,EUR
TT_LETO26_BrandAware,1789010001,InFeed_Prospecting,08/13/2026,55-64,Female,9.61,5.5,0.31,1.75,1747,31,0,,EUR
TT_LETO26_BrandAware,1789010001,Spark_Awareness,07/17/2026,65+,Male,10.58,9.54,0.46,2.04,1109,23,0,,EUR
TT_PRODUKTLAUNCH26,1789010002,Spark_Ads,09/13/2026,65+,Male,8.1,4.95,0.45,1.11,1638,18,0,,EUR
TT_LETO26_BrandAware,1789010001,Spark_Awareness,06/26/2026,25-34,Male,39.13,8.37,0.43,1.95,4677,91,0,,EUR
TT_LETO26_BrandAware,1789010001,InFeed_Prospecting,06/17/2026,65+,Female,4.76,4.52,0.28,1.63,1053,17,0,,EUR
TT_PRODUKTLAUNCH26,1789010002,TopView,08/27/2026,55-64,Female,26.8,5.04,0.67,0.76,5317,40,0,,EUR
TT_PRODUKTLAUNCH26,1789010002,InFeed_Launch,08/15/2026,45-54,Female,24.18,7.93,0.31,2.54,3051,78,1,24.18,EUR
TT_LETO26_BrandAware,1789010001,InFeed_Retarget,07/31/2026,18-24,Female,6.6,7.21,0.33,2.17,916,20,0,,EUR
TT_LETO26_BrandAware,1789010001,Spark_Awareness,07/15/2026,25-34,Female,23.18,8.14,0.38,2.15,2849,61,0,,EUR
TT_PRODUKTLAUNCH26,1789010002,TopView,09/12/2026,65+,Male,25.08,8.24,0.66,1.24,3044,38,0,,EUR
TT_LETO26_BrandAware,1789010001,Spark_Awareness,06/29/2026,45-54,Male,6.38,4.23,0.29,1.43,1510,22,0,,EUR
TT_PRODUKTLAUNCH26,1789010002,InFeed_Launch,09/07/2026,35-44,Male,33.5,8.77,0.5,1.77,3819,67,1,33.5,EUR
TT_PRODUKTLAUNCH26,1789010002,InFeed_Launch,08/18/2026,35-44,Male,12.95,5.78,0.35,1.67,2241,37,0,,EUR
TT_LETO26_BrandAware,1789010001,InFeed_Retarget,07/23/2026,45-54,Male,6.0,6.47,0.3,2.18,927,20,0,,EUR
TT_PRODUKTLAUNCH26,1789010002,Spark_Ads,10/27/2026,25-34,Female,42.57,5.81,0.33,1.76,7323,129,2,21.29,EUR
TT_LETO26_BrandAware,1789010001,Spark_Awareness,07/06/2026,45-54,Male,7.44,3.53,0.31,1.14,2108,24,0,,EUR
TT_LETO26_BrandAware,1789010001,Spark_Awareness,08/09/2026,35-44,Female,12.6,3.74,0.36,1.05,3368,35,0,,EUR
TT_PRODUKTLAUNCH26,1789010002,TopView,08/27/2026,45-54,Male,29.25,5.47,0.65,0.83,5350,45,0,,EUR
TT_PRODUKTLAUNCH26,1789010002,Spark_Ads,10/24/2026,25-34,Male,33.67,6.71,0.37,1.81,5019,91,1,33.67,EUR
TT_LETO26_BrandAware,1789010001,InFeed_Retarget,07/12/2026,65+,Female,5.7,7.19,0.38,1.9,793,15,0,,EUR
TT_PRODUKTLAUNCH26,1789010002,Spark_Ads,09/15/2026,65+,Male,19.0,7.08,0.5,1.4,2685,38,0,,EUR
TT_LETO26_BrandAware,1789010001,InFeed_Retarget,07/11/2026,45-54,Male,14.26,11.31,0.46,2.44,1261,31,0,,EUR
TT_LETO26_BrandAware,1789010001,InFeed_Prospecting,06/24/2026,55-64,Female,4.06,2.79,0.29,0.93,1455,14,0,,EUR
TT_LETO26_BrandAware,1789010001,Spark_Awareness,08/09/2026,18-24,Male,24.12,7.25,0.36,2.01,3329,67,0,,EUR
TT_LETO26_BrandAware,1789010001,InFeed_Prospecting,07/25/2026,65+,Female,6.3,5.8,0.42,1.42,1086,15,0,,EUR
TT_LETO26_BrandAware,1789010001,Spark_Awareness,07/15/2026,55-64,Male,7.38,5.72,0.41,1.43,1290,18,0,,EUR
TT_PRODUKTLAUNCH26,1789010002,Spark_Ads,09/05/2026,25-34,Female,20.58,6.45,0.49,1.31,3190,42,1,20.58,EUR
TT_PRODUKTLAUNCH26,1789010002,TopView,10/23/2026,55-64,Female,15.5,3.77,0.5,0.76,4112,31,0,,EUR
TT_LETO26_BrandAware,1789010001,InFeed_Retarget,07/25/2026,55-64,Female,7.65,6.73,0.45,1.53,1136,17,0,,EUR
TT_PRODUKTLAUNCH26,1789010002,InFeed_Launch,08/20/2026,35-44,Male,30.94,7.54,0.34,2.21,4106,91,1,30.94,EUR
TT_PRODUKTLAUNCH26,1789010002,TopView,09/13/2026,35-44,Female,27.73,4.43,0.47,0.94,6261,59,0,,EUR
TT_LETO26_BrandAware,1789010001,InFeed_Prospecting,07/21/2026,25-34,Female,18.24,6.08,0.32,1.9,2999,57,0,,EUR
TT_PRODUKTLAUNCH26,1789010002,Spark_Ads,09/26/2026,55-64,Female,15.6,5.59,0.3,1.88,2791,52,1,15.6,EUR
TT_PRODUKTLAUNCH26,1789010002,Spark_Ads,10/14/2026,65+,Female,9.66,5.1,0.42,1.22,1894,23,0,,EUR
TT_LETO26_BrandAware,1789010001,Spark_Awareness,07/25/2026,45-54,Male,28.81,8.1,0.43,1.9,3558,67,0,,EUR
TT_PRODUKTLAUNCH26,1789010002,Spark_Ads,10/22/2026,55-64,Female,24.32,8.39,0.38,2.21,2897,64,1,24.32,EUR
TT_PRODUKTLAUNCH26,1789010002,Spark_Ads,10/04/2026,45-54,Female,12.96,5.17,0.36,1.42,2509,36,0,,EUR
TT_PRODUKTLAUNCH26,1789010002,TopView,09/04/2026,45-54,Male,33.39,6.24,0.53,1.18,5348,63,0,,EUR
TT_PRODUKTLAUNCH26,1789010002,TopView,09/10/2026,45-54,Male,44.8,6.45,0.56,1.15,6946,80,0,,EUR
TT_PRODUKTLAUNCH26,1789010002,Spark_Ads,09/05/2026,18-24,Male,55.66,10.71,0.46,2.32,5199,121,1,55.66,EUR
TT_LETO26_BrandAware,1789010001,Spark_Awareness,07/19/2026,35-44,Female,12.16,5.62,0.32,1.75,2163,38,0,,EUR
TT_LETO26_BrandAware,1789010001,Spark_Awareness,07/21/2026,45-54,Male,27.28,8.64,0.44,1.97,3157,62,0,,EUR
TT_PRODUKTLAUNCH26,1789010002,TopView,09/03/2026,35-44,Male,42.5,6.95,0.5,1.39,6113,85,1,42.5,EUR
TT_PRODUKTLAUNCH26,1789010002,InFeed_Launch,09/05/2026,55-64,Female,10.53,5.89,0.39,1.5,1788,27,0,,EUR
TT_PRODUKTLAUNCH26,1789010002,TopView,10/22/2026,45-54,Female,21.24,4.11,0.59,0.69,5162,36,0,,EUR
TT_PRODUKTLAUNCH26,1789010002,InFeed_Launch,10/01/2026,25-34,Male,33.6,7.31,0.4,1.82,4598,84,1,33.6,EUR
TT_PRODUKTLAUNCH26,1789010002,Spark_Ads,10/02/2026,25-34,Female,32.2,9.88,0.46,2.13,3259,70,1,32.2,EUR
TT_PRODUKTLAUNCH26,1789010002,Spark_Ads,09/15/2026,45-54,Female,30.6,7.87,0.34,2.33,3888,90,1,30.6,EUR
TT_LETO26_BrandAware,1789010001,InFeed_Prospecting,06/19/2026,55-64,Female,5.94,3.17,0.33,0.94,1873,18,0,,EUR
TT_PRODUKTLAUNCH26,1789010002,Spark_Ads,09/20/2026,25-34,Male,19.8,5.48,0.33,1.65,3610,60,1,19.8,EUR
TT_LETO26_BrandAware,1789010001,InFeed_Retarget,06/17/2026,65+,Female,7.36,8.91,0.46,1.93,826,16,0,,EUR
TT_LETO26_BrandAware,1789010001,InFeed_Retarget,07/10/2026,55-64,Female,7.48,12.08,0.44,2.68,619,17,0,,EUR
TT_LETO26_BrandAware,1789010001,Spark_Awareness,08/10/2026,35-44,Female,9.61,4.87,0.31,1.59,1973,31,0,,EUR
TT_LETO26_BrandAware,1789010001,InFeed_Retarget,08/10/2026,55-64,Female,7.41,6.48,0.39,1.63,1144,19,0,,EUR
TT_LETO26_BrandAware,1789010001,InFeed_Retarget,06/21/2026,45-54,Female,10.73,9.75,0.37,2.68,1100,29,0,,EUR
TT_LETO26_BrandAware,1789010001,InFeed_Retarget,07/13/2026,25-34,Male,6.65,5.46,0.35,1.56,1218,19,0,,EUR
TT_PRODUKTLAUNCH26,1789010002,Spark_Ads,10/06/2026,25-34,Male,69.3,8.5,0.45,1.89,8154,154,2,34.65,EUR
TT_LETO26_BrandAware,1789010001,InFeed_Retarget,06/28/2026,18-24,Male,11.07,11.15,0.41,2.71,993,27,0,,EUR
TT_LETO26_BrandAware,1789010001,Spark_Awareness,06/02/2026,45-54,Male,7.04,4.05,0.32,1.29,1740,22,0,,EUR
TT_LETO26_BrandAware,1789010001,Spark_Awareness,08/12/2026,45-54,Male,16.66,5.47,0.34,1.61,3043,49,0,,EUR
TT_PRODUKTLAUNCH26,1789010002,Spark_Ads,10/26/2026,18-24,Female,24.01,5.83,0.49,1.19,4118,49,1,24.01,EUR
TT_LETO26_BrandAware,1789010001,Spark_Awareness,06/23/2026,45-54,Male,15.84,6.71,0.44,1.53,2360,36,0,,EUR
TT_LETO26_BrandAware,1789010001,InFeed_Prospecting,06/06/2026,45-54,Male,32.34,6.6,0.33,1.99,4900,98,0,,EUR
TT_LETO26_BrandAware,1789010001,InFeed_Prospecting,08/14/2026,25-34,Female,18.72,3.78,0.26,1.45,4956,72,0,,EUR
TT_PRODUKTLAUNCH26,1789010002,TopView,10/17/2026,25-34,Female,48.45,7.1,0.51,1.4,6827,95,1,48.45,EUR
TT_LETO26_BrandAware,1789010001,Spark_Awareness,06/15/2026,65+,Female,11.7,7.98,0.39,2.04,1466,30,0,,EUR
TT_PRODUKTLAUNCH26,1789010002,InFeed_Launch,10/23/2026,45-54,Male,30.4,8.64,0.4,2.16,3519,76,1,30.4,EUR
TT_PRODUKTLAUNCH26,1789010002,InFeed_Launch,10/22/2026,65+,Male,19.6,9.79,0.4,2.42,2002,49,0,,EUR
TT_PRODUKTLAUNCH26,1789010002,TopView,08/15/2026,55-64,Male,16.32,3.23,0.51,0.63,5045,32,0,,EUR
TT_LETO26_BrandAware,1789010001,Spark_Awareness,07/20/2026,65+,Male,5.32,5.45,0.38,1.45,977,14,0,,EUR
TT_LETO26_BrandAware,1789010001,Spark_Awareness,06/13/2026,55-64,Male,9.0,3.91,0.36,1.07,2301,25,0,,EUR
TT_LETO26_BrandAware,1789010001,InFeed_Retarget,08/01/2026,18-24,Female,9.5,11.05,0.38,2.89,860,25,0,,EUR
TT_LETO26_BrandAware,1789010001,InFeed_Retarget,06/22/2026,55-64,Male,7.2,8.23,0.45,1.81,875,16,0,,EUR
TT_PRODUKTLAUNCH26,1789010002,Spark_Ads,09/09/2026,55-64,Female,12.74,6.12,0.49,1.25,2083,26,0,,EUR
TT_LETO26_BrandAware,1789010001,InFeed_Retarget,08/03/2026,65+,Female,4.96,7.43,0.31,2.33,668,16,0,,EUR
TT_PRODUKTLAUNCH26,1789010002,Spark_Ads,10/20/2026,35-44,Male,31.68,6.38,0.32,2.0,4966,99,1,31.68,EUR
TT_LETO26_BrandAware,1789010001,InFeed_Retarget,06/24/2026,18-24,Female,13.64,10.05,0.44,2.29,1357,31,0,,EUR
TT_PRODUKTLAUNCH26,1789010002,Spark_Ads,10/15/2026,65+,Female,8.14,4.88,0.37,1.32,1669,22,0,,EUR
TT_PRODUKTLAUNCH26,1789010002,Spark_Ads,10/02/2026,65+,Female,6.8,4.41,0.4,1.11,1542,17,0,,EUR
TT_LETO26_BrandAware,1789010001,InFeed_Retarget,06/29/2026,35-44,Female,11.25,10.14,0.45,2.27,1109,25,0,,EUR
TT_PRODUKTLAUNCH26,1789010002,TopView,08/20/2026,45-54,Female,37.26,7.29,0.54,1.35,5111,69,0,,EUR
TT_PRODUKTLAUNCH26,1789010002,Spark_Ads,10/17/2026,45-54,Male,21.12,5.76,0.33,1.76,3668,64,1,21.12,EUR
TT_PRODUKTLAUNCH26,1789010002,InFeed_Launch,09/18/2026,35-44,Female,15.36,7.43,0.32,2.3,2067,48,0,,EUR
TT_LETO26_BrandAware,1789010001,InFeed_Prospecting,07/07/2026,45-54,Male,17.98,4.19,0.29,1.45,4289,62,0,,EUR
TT_LETO26_BrandAware,1789010001,Spark_Awareness,06/26/2026,18-24,Male,25.37,8.25,0.43,1.92,3075,59,0,,EUR
TT_PRODUKTLAUNCH26,1789010002,Spark_Ads,10/09/2026,45-54,Female,19.08,5.72,0.36,1.58,3338,53,1,19.08,EUR
TT_PRODUKTLAUNCH26,1789010002,TopView,10/12/2026,25-34,Male,27.54,5.7,0.51,1.11,4834,54,0,,EUR
TT_PRODUKTLAUNCH26,1789010002,TopView,09/26/2026,55-64,Female,11.78,4.89,0.62,0.78,2411,19,0,,EUR
TT_LETO26_BrandAware,1789010001,InFeed_Prospecting,06/14/2026,35-44,Female,20.90 EUR,4.14,0.38,1.09,5049,55,0,,EUR
TT_LETO26_BrandAware,1789010001,InFeed_Retarget,07/30/2026,55-64,Male,9.43,7.26,0.41,1.8,1299,23,0,,EUR
TT_PRODUKTLAUNCH26,1789010002,Spark_Ads,10/20/2026,35-44,Female,28.71,6.64,0.33,2.02,4321,87,1,28.71,EUR
TT_PRODUKTLAUNCH26,1789010002,TopView,09/20/2026,45-54,Female,17.36,5.21,0.62,0.85,3335,28,0,,EUR
TT_PRODUKTLAUNCH26,1789010002,TopView,08/25/2026,55-64,Male,25.48,6.52,0.52,1.25,3905,49,0,,EUR
TT_LETO26_BrandAware,1789010001,Spark_Awareness,07/12/2026,35-44,Male,36.12,8.95,0.43,2.08,4036,84,0,,EUR
TT_PRODUKTLAUNCH26,1789010002,InFeed_Launch,10/08/2026,55-64,Male,14.5,6.82,0.5,1.37,2127,29,0,,EUR
TT_LETO26_BrandAware,1789010001,InFeed_Prospecting,07/08/2026,25-34,Male,21.75,3.91,0.29,1.34,5569,75,0,,EUR
TT_LETO26_BrandAware,1789010001,Spark_Awareness,06/19/2026,55-64,Male,7.03,5.14,0.37,1.35,1369,19,0,,EUR
TT_PRODUKTLAUNCH26,1789010002,TopView,10/28/2026,25-34,Male,36.8,5.3,0.4,1.33,6949,92,1,36.8,EUR
TT_PRODUKTLAUNCH26,1789010002,Spark_Ads,09/30/2026,65+,Female,8.12,4.77,0.28,1.7,1703,29,0,,EUR
TT_PRODUKTLAUNCH26,1789010002,InFeed_Launch,09/05/2026,35-44,Female,27.6,10.0,0.4,2.51,2760,69,1,27.6,EUR
TT_PRODUKTLAUNCH26,1789010002,TopView,10/22/2026,35-44,Female,23.04,4.22,0.48,0.87,5465,48,0,,EUR
TT_LETO26_BrandAware,1789010001,InFeed_Prospecting,06/02/2026,65+,Male,8.82,5.5,0.42,1.33,1603,21,0,,EUR
TT_PRODUKTLAUNCH26,1789010002,InFeed_Launch,10/19/2026,18-24,Male,21.06,8.15,0.39,2.11,2585,54,1,21.06,EUR
TT_PRODUKTLAUNCH26,1789010002,Spark_Ads,09/26/2026,18-24,Female,15.75,7.23,0.45,1.63,2177,35,0,,EUR
TT_LETO26_BrandAware,1789010001,Spark_Awareness,08/04/2026,18-24,Male,26.66,7.87,0.43,1.84,3389,62,0,,EUR
TT_PRODUKTLAUNCH26,1789010002,InFeed_Launch,09/15/2026,25-34,Male,43.65,7.72,0.45,1.71,5656,97,1,43.65,EUR
TT_PRODUKTLAUNCH26,1789010002,InFeed_Launch,10/07/2026,65+,Female,13.0,9.23,0.5,1.81,1408,26,0,,EUR
TT_LETO26_BrandAware,1789010001,Spark_Awareness,07/10/2026,45-54,Male,10.54,6.2,0.31,2.0,1700,34,0,,EUR
TT_LETO26_BrandAware,1789010001,Spark_Awareness,08/07/2026,65+,Female,7.13,5.19,0.31,1.7,1374,23,0,,EUR
TT_LETO26_BrandAware,1789010001,InFeed_Prospecting,06/10/2026,25-34,Female,19.38,6.22,0.38,1.65,3118,51,0,,EUR
TT_LETO26_BrandAware,1789010001,InFeed_Retarget,06/13/2026,25-34,Female,12.8,6.53,0.4,1.65,1961,32,0,,EUR
TT_PRODUKTLAUNCH26,1789010002,TopView,09/27/2026,65+,Female,12.69,5.2,0.47,1.12,2441,27,0,,EUR
TT_LETO26_BrandAware,1789010001,InFeed_Prospecting,06/21/2026,35-44,Male,26.66,6.51,0.43,1.51,4093,62,0,,EUR
TT_LETO26_BrandAware,1789010001,InFeed_Retarget,06/18/2026,65+,Male,6.88,9.12,0.43,2.09,754,16,0,,EUR
TT_LETO26_BrandAware,1789010001,InFeed_Prospecting,07/12/2026,35-44,Male,21.7,4.11,0.35,1.17,5284,62,0,,EUR
TT_LETO26_BrandAware,1789010001,InFeed_Retarget,08/03/2026,35-44,Female,9.0,5.96,0.3,1.99,1510,30,0,,EUR
TT_PRODUKTLAUNCH26,1789010002,TopView,10/24/2026,55-64,Male,19.84,5.14,0.64,0.8,3857,31,0,,EUR
TT_PRODUKTLAUNCH26,1789010002,Spark_Ads,09/27/2026,35-44,Male,42.92,7.91,0.37,2.15,5426,116,1,42.92,EUR
TT_LETO26_BrandAware,1789010001,Spark_Awareness,07/25/2026,18-24,Female,16.52,5.42,0.28,1.93,3047,59,0,,EUR
TT_LETO26_BrandAware,1789010001,InFeed_Prospecting,06/25/2026,45-54,Female,15.4,4.48,0.28,1.61,3435,55,0,,EUR
TT_PRODUKTLAUNCH26,1789010002,Spark_Ads,08/25/2026,18-24,Male,27.73,7.12,0.47,1.52,3893,59,1,27.73,EUR
TT_PRODUKTLAUNCH26,1789010002,Spark_Ads,10/26/2026,35-44,Female,31.68,6.65,0.36,1.84,4763,88,1,31.68,EUR
TT_LETO26_BrandAware,1789010001,Spark_Awareness,07/13/2026,45-54,Female,9.28,4.89,0.29,1.67,1897,32,0,,EUR
TT_LETO26_BrandAware,1789010001,InFeed_Retarget,07/15/2026,25-34,Male,10.0,7.03,0.4,1.72,1423,25,0,,EUR
TT_PRODUKTLAUNCH26,1789010002,TopView,10/25/2026,55-64,Female,23.22,7.03,0.54,1.31,3305,43,0,,EUR
TT_LETO26_BrandAware,1789010001,InFeed_Prospecting,07/01/2026,65+,Male,4.42,3.16,0.26,1.18,1400,17,0,,EUR
TT_PRODUKTLAUNCH26,1789010002,TopView,09/07/2026,55-64,Female,22.0,4.73,0.44,1.07,4651,50,0,,EUR
TT_PRODUKTLAUNCH26,1789010002,Spark_Ads,10/26/2026,55-64,Male,29.44,9.03,0.46,1.95,3261,64,1,29.44,EUR
TT_PRODUKTLAUNCH26,1789010002,InFeed_Launch,09/24/2026,65+,Male,16.1,8.58,0.46,1.89,1876,35,0,,EUR
TT_PRODUKTLAUNCH26,1789010002,InFeed_Launch,09/19/2026,35-44,Male,35.26,9.92,0.43,2.31,3553,82,1,35.26,EUR
TT_PRODUKTLAUNCH26,1789010002,Spark_Ads,10/05/2026,35-44,Female,50.6,8.2,0.44,1.86,6171,115,1,50.6,EUR
TT_LETO26_BrandAware,1789010001,InFeed_Prospecting,06/10/2026,45-54,Male,10.88,3.05,0.32,0.95,3566,34,0,,EUR
TT_PRODUKTLAUNCH26,1789010002,Spark_Ads,09/27/2026,65+,Male,11.55,6.21,0.35,1.78,1859,33,0,,EUR
TT_PRODUKTLAUNCH26,1789010002,InFeed_Launch,10/18/2026,45-54,Male,29.64,7.49,0.52,1.43,3957,57,1,29.64,EUR
TT_PRODUKTLAUNCH26,1789010002,Spark_Ads,10/25/2026,45-54,Male,23.56,4.59,0.31,1.47,5138,76,1,23.56,EUR
TT_PRODUKTLAUNCH26,1789010002,Spark_Ads,08/20/2026,65+,Male,24.08,9.21,0.43,2.13,2615,56,1,24.08,EUR
TT_LETO26_BrandAware,1789010001,Spark_Awareness,07/31/2026,18-24,Male,13.2,8.84,0.44,1.98,1494,30,0,,EUR
TT_PRODUKTLAUNCH26,1789010002,TopView,09/06/2026,35-44,Female,27.28,3.79,0.44,0.87,7205,62,0,,EUR
TT_PRODUKTLAUNCH26,1789010002,TopView,10/01/2026,65+,Male,13.34,3.53,0.58,0.62,3775,23,0,,EUR
TT_LETO26_BrandAware,1789010001,Spark_Awareness,06/23/2026,55-64,Male,12.95,7.56,0.37,2.07,1712,35,0,,EUR
TT_PRODUKTLAUNCH26,1789010002,Spark_Ads,10/19/2026,18-24,Female,17.2,5.88,0.43,1.36,2923,40,0,,EUR
TT_PRODUKTLAUNCH26,1789010002,Spark_Ads,08/28/2026,25-34,Female,57.96,9.31,0.42,2.21,6225,138,2,28.98,EUR
TT_PRODUKTLAUNCH26,1789010002,TopView,09/17/2026,25-34,Male,72.54,7.58,0.62,1.22,9575,117,1,72.54,EUR
TT_PRODUKTLAUNCH26,1789010002,Spark_Ads,09/09/2026,35-44,Female,22.4,4.6,0.35,1.32,4871,64,1,22.4,EUR
TT_LETO26_BrandAware,1789010001,InFeed_Retarget,07/18/2026,65+,Male,7.2,10.16,0.4,2.48,709,18,0,,EUR
TT_PRODUKTLAUNCH26,1789010002,Spark_Ads,09/11/2026,45-54,Male,20.46,4.09,0.31,1.32,4998,66,1,20.46,EUR
TT_PRODUKTLAUNCH26,1789010002,InFeed_Launch,10/03/2026,35-44,Male,17.05,4.69,0.31,1.52,3632,55,1,17.05,EUR
TT_LETO26_BrandAware,1789010001,InFeed_Prospecting,06/17/2026,25-34,Female,18.87,3.74,0.37,1.01,5052,51,0,,EUR
TT_LETO26_BrandAware,1789010001,Spark_Awareness,07/21/2026,25-34,Male,16.72,5.2,0.38,1.38,3215,44,0,,EUR
TT_PRODUKTLAUNCH26,1789010002,Spark_Ads,09/11/2026,55-64,Female,35.04,11.3,0.48,2.35,3102,73,1,35.04,EUR
TT_PRODUKTLAUNCH26,1789010002,InFeed_Launch,08/28/2026,25-34,Male,39.14,8.38,0.38,2.21,4672,103,1,39.14,EUR
TT_LETO26_BrandAware,1789010001,InFeed_Retarget,08/13/2026,65+,Male,3.9,8.53,0.39,2.11,457,10,0,,EUR
TT_PRODUKTLAUNCH26,1789010002,Spark_Ads,08/22/2026,65+,Female,16.4,6.53,0.4,1.63,2512,41,0,,EUR
TT_LETO26_BrandAware,1789010001,Spark_Awareness,06/08/2026,45-54,Male,20.8,6.93,0.4,1.74,3001,52,0,,EUR
TT_PRODUKTLAUNCH26,1789010002,Spark_Ads,09/11/2026,45-54,Female,35.2,9.89,0.44,2.25,3559,80,1,35.2,EUR
TT_LETO26_BrandAware,1789010001,InFeed_Prospecting,07/08/2026,18-24,Female,15.48,5.87,0.36,1.62,2636,43,0,,EUR
TT_LETO26_BrandAware,1789010001,Spark_Awareness,07/24/2026,55-64,Male,11.78,4.94,0.31,1.59,2384,38,0,,EUR
TT_PRODUKTLAUNCH26,1789010002,TopView,08/28/2026,65+,Male,15.64,7.25,0.68,1.05,2158,23,0,,EUR
TT_LETO26_BrandAware,1789010001,InFeed_Prospecting,07/08/2026,65+,Male,6.3,5.03,0.3,1.66,1252,21,0,,EUR
TT_LETO26_BrandAware,1789010001,Spark_Awareness,06/04/2026,65+,Female,6.63,7.22,0.39,1.83,918,17,0,,EUR
TT_PRODUKTLAUNCH26,1789010002,InFeed_Launch,10/24/2026,35-44,Male,31.49,9.9,0.47,2.11,3180,67,1,31.49,EUR
TT_PRODUKTLAUNCH26,1789010002,InFeed_Launch,09/23/2026,45-54,Female,27.93,7.95,0.49,1.61,3514,57,1,27.93,EUR
TT_LETO26_BrandAware,1789010001,InFeed_Retarget,07/17/2026,55-64,Male,13.72,14.06,0.49,2.83,976,28,0,,EUR
TT_PRODUKTLAUNCH26,1789010002,InFeed_Launch,09/10/2026,35-44,Male,34.56,10.45,0.48,2.19,3307,72,1,34.56,EUR
TT_PRODUKTLAUNCH26,1789010002,InFeed_Launch,10/14/2026,65+,Male,10.5,10.5,0.5,2.06,1000,21,0,,EUR
TT_PRODUKTLAUNCH26,1789010002,InFeed_Launch,09/16/2026,55-64,Female,21.15,7.7,0.47,1.65,2745,45,0,,EUR
TT_PRODUKTLAUNCH26,1789010002,Spark_Ads,08/25/2026,65+,Male,12.16,7.03,0.38,1.83,1729,32,0,,EUR
TT_PRODUKTLAUNCH26,1789010002,Spark_Ads,10/22/2026,35-44,Female,46.4,8.86,0.4,2.22,5236,116,1,46.4,EUR
TT_PRODUKTLAUNCH26,1789010002,InFeed_Launch,09/29/2026,35-44,Male,34.98,7.02,0.33,2.13,4980,106,1,34.98,EUR
TT_LETO26_BrandAware,1789010001,Spark_Awareness,08/14/2026,65+,Male,6.27,3.8,0.33,1.17,1649,19,0,,EUR
TT_PRODUKTLAUNCH26,1789010002,InFeed_Launch,08/19/2026,55-64,Female,9.9,3.88,0.3,1.3,2549,33,0,,EUR
TT_PRODUKTLAUNCH26,1789010002,TopView,10/26/2026,45-54,Female,41.3,7.95,0.7,1.14,5196,59,0,,EUR
TT_LETO26_BrandAware,1789010001,InFeed_Retarget,06/04/2026,18-24,Male,11.7,9.46,0.39,2.41,1237,30,0,,EUR
TT_LETO26_BrandAware,1789010001,Spark_Awareness,07/30/2026,45-54,Female,13.6,4.36,0.34,1.28,3119,40,0,,EUR
TT_PRODUKTLAUNCH26,1789010002,Spark_Ads,10/09/2026,45-54,Male,24.44,6.28,0.47,1.33,3892,52,1,24.44,EUR
TT_LETO26_BrandAware,1789010001,InFeed_Prospecting,07/12/2026,18-24,Female,13.02,6.31,0.42,1.49,2065,31,0,,EUR
TT_PRODUKTLAUNCH26,1789010002,Spark_Ads,10/28/2026,55-64,Male,24.75,9.4,0.45,2.07,2632,55,1,24.75,EUR
TT_PRODUKTLAUNCH26,1789010002,Spark_Ads,09/28/2026,45-54,Female,21.07,8.42,0.43,1.95,2501,49,1,21.07,EUR
TT_LETO26_BrandAware,1789010001,InFeed_Retarget,07/28/2026,55-64,Female,9.3,7.79,0.31,2.47,1194,30,0,,EUR
TT_PRODUKTLAUNCH26,1789010002,TopView,09/28/2026,45-54,Female,21.46,5.28,0.58,0.92,4063,37,0,,EUR
TT_PRODUKTLAUNCH26,1789010002,TopView,10/09/2026,55-64,Female,23.52,4.9,0.49,1.01,4798,48,0,,EUR
TT_LETO26_BrandAware,1789010001,InFeed_Prospecting,08/09/2026,18-24,Male,17.22,4.46,0.41,1.09,3858,42,0,,EUR
TT_LETO26_BrandAware,1789010001,Spark_Awareness,07/18/2026,55-64,Male,16.72,7.41,0.44,1.68,2257,38,0,,EUR
TT_PRODUKTLAUNCH26,1789010002,Spark_Ads,10/10/2026,35-44,Male,22.8,5.45,0.3,1.82,4181,76,1,22.8,EUR
TT_LETO26_BrandAware,1789010001,InFeed_Retarget,06/19/2026,65+,Male,6.3,12.0,0.42,2.94,525,15,0,,EUR
TT_LETO26_BrandAware,1789010001,InFeed_Prospecting,08/14/2026,65+,Male,9.18,3.52,0.27,1.31,2606,34,0,,EUR
TT_LETO26_BrandAware,1789010001,InFeed_Retarget,06/21/2026,65+,Female,3.6,6.5,0.4,1.56,554,9,0,,EUR
TT_LETO26_BrandAware,1789010001,InFeed_Retarget,06/18/2026,45-54,Male,10.34,9.1,0.47,1.97,1136,22,0,,EUR
TT_PRODUKTLAUNCH26,1789010002,Spark_Ads,09/26/2026,35-44,Male,29.67,5.74,0.43,1.33,5169,69,1,29.67,EUR
TT_PRODUKTLAUNCH26,1789010002,InFeed_Launch,10/25/2026,25-34,Female,33.15,11.19,0.51,2.21,2962,65,1,33.15,EUR
TT_LETO26_BrandAware,1789010001,Spark_Awareness,06/19/2026,18-24,Male,10.2,3.98,0.34,1.17,2563,30,0,,EUR
TT_LETO26_BrandAware,1789010001,Spark_Awareness,06/23/2026,45-54,Female,7.04,4.24,0.32,1.3,1659,22,0,,EUR
TT_PRODUKTLAUNCH26,1789010002,Spark_Ads,10/02/2026,18-24,Female,13.05,3.94,0.29,1.36,3316,45,1,13.05,EUR
TT_PRODUKTLAUNCH26,1789010002,Spark_Ads,08/31/2026,25-34,Female,37.44,5.81,0.36,1.61,6439,104,1,37.44,EUR
TT_PRODUKTLAUNCH26,1789010002,TopView,10/15/2026,18-24,Male,27.0,4.41,0.54,0.81,6124,50,0,,EUR
TT_LETO26_BrandAware,1789010001,Spark_Awareness,08/02/2026,65+,Female,8.1,5.43,0.3,1.81,1492,27,0,,EUR
TT_LETO26_BrandAware,1789010001,InFeed_Retarget,06/26/2026,25-34,Female,15.99,8.59,0.39,2.19,1861,41,0,,EUR
TT_LETO26_BrandAware,1789010001,InFeed_Retarget,07/14/2026,65+,Male,13.05,13.3,0.45,2.97,981,29,0,,EUR
TT_LETO26_BrandAware,1789010001,Spark_Awareness,07/28/2026,65+,Female,5.89,5.0,0.31,1.65,1177,19,0,,EUR
TT_PRODUKTLAUNCH26,1789010002,Spark_Ads,09/22/2026,35-44,Female,41.16,8.84,0.42,2.11,4657,98,1,41.16,EUR
TT_PRODUKTLAUNCH26,1789010002,TopView,10/15/2026,55-64,Female,21.0,7.59,0.6,1.28,2766,35,0,,EUR
TT_PRODUKTLAUNCH26,1789010002,Spark_Ads,09/02/2026,18-24,Female,23.2,5.0,0.4,1.25,4639,58,1,23.2,EUR
TT_PRODUKTLAUNCH26,1789010002,Spark_Ads,09/30/2026,35-44,Female,29.4,5.69,0.42,1.35,5169,70,1,29.4,EUR
TT_LETO26_BrandAware,1789010001,InFeed_Retarget,06/12/2026,45-54,Male,6.08,5.36,0.32,1.65,1134,19,0,,EUR
TT_PRODUKTLAUNCH26,1789010002,InFeed_Launch,10/23/2026,18-24,Male,15.96,6.1,0.38,1.6,2615,42,0,,EUR
TT_PRODUKTLAUNCH26,1789010002,Spark_Ads,09/08/2026,18-24,Female,16.82,3.95,0.29,1.37,4260,58,1,16.82,EUR
TT_PRODUKTLAUNCH26,1789010002,Spark_Ads,09/17/2026,18-24,Male,32.68,9.83,0.43,2.29,3324,76,1,32.68,EUR
TT_PRODUKTLAUNCH26,1789010002,Spark_Ads,10/08/2026,45-54,Male,20.59,3.84,0.29,1.32,5356,71,1,20.59,EUR
TT_LETO26_BrandAware,1789010001,Spark_Awareness,06/17/2026,65+,Male,8.19,4.83,0.39,1.23,1696,21,0,,EUR
TT_PRODUKTLAUNCH26,1789010002,TopView,09/24/2026,55-64,Male,24.19,7.39,0.59,1.26,3272,41,0,,EUR
TT_LETO26_BrandAware,1789010001,InFeed_Retarget,07/20/2026,18-24,Male,8.97,9.76,0.39,2.47,919,23,0,,EUR
TT_LETO26_BrandAware,1789010001,InFeed_Retarget,08/13/2026,25-34,Male,17.76,10.84,0.48,2.29,1638,37,0,,EUR
TT_PRODUKTLAUNCH26,1789010002,InFeed_Launch,10/04/2026,55-64,Female,8.93,6.19,0.47,1.34,1443,19,0,,EUR
TT_LETO26_BrandAware,1789010001,InFeed_Prospecting,06/04/2026,25-34,Male,18.04,4.45,0.41,1.1,4052,44,0,,EUR
TT_LETO26_BrandAware,1789010001,InFeed_Prospecting,06/16/2026,18-24,Male,23.7,5.77,0.3,1.92,4109,79,0,,EUR
TT_LETO26_BrandAware,1789010001,InFeed_Retarget,07/22/2026,45-54,Male,5.1,5.87,0.34,1.74,869,15,0,,EUR
TT_PRODUKTLAUNCH26,1789010002,TopView,09/12/2026,55-64,Male,15.36,4.18,0.48,0.86,3677,32,0,,EUR
TT_PRODUKTLAUNCH26,1789010002,Spark_Ads,08/17/2026,45-54,Female,19.68,5.74,0.48,1.21,3428,41,0,,EUR
TT_LETO26_BrandAware,1789010001,Spark_Awareness,06/28/2026,45-54,Female,15.58,6.55,0.41,1.58,2380,38,0,,EUR
TT_LETO26_BrandAware,1789010001,InFeed_Prospecting,06/11/2026,55-64,Male,23.56,6.2,0.31,1.99,3799,76,0,,EUR
TT_PRODUKTLAUNCH26,1789010002,InFeed_Launch,10/19/2026,65+,Female,11.28,7.2,0.47,1.54,1566,24,0,,EUR
TT_PRODUKTLAUNCH26,1789010002,InFeed_Launch,08/21/2026,65+,Male,13.02,6.76,0.31,2.17,1927,42,0,,EUR
TT_PRODUKTLAUNCH26,1789010002,Spark_Ads,09/14/2026,18-24,Female,35.72,7.19,0.38,1.9,4967,94,1,35.72,EUR
TT_PRODUKTLAUNCH26,1789010002,Spark_Ads,10/20/2026,25-34,Female,29.1,4.38,0.3,1.47,6650,97,1,29.1,EUR
TT_PRODUKTLAUNCH26,1789010002,TopView,10/22/2026,18-24,Female,10.12,2.74,0.44,0.61,3691,23,0,,EUR
TT_LETO26_BrandAware,1789010001,InFeed_Retarget,08/13/2026,35-44,Female,16.66,10.95,0.49,2.21,1521,34,0,,EUR
TT_LETO26_BrandAware,1789010001,Spark_Awareness,08/11/2026,25-34,Female,20.4,5.4,0.34,1.59,3781,60,0,,EUR
TT_PRODUKTLAUNCH26,1789010002,TopView,09/16/2026,65+,Male,17.92,5.38,0.64,0.83,3330,28,0,,EUR
TT_LETO26_BrandAware,1789010001,InFeed_Retarget,07/21/2026,25-34,Male,26.22,11.02,0.38,2.9,2379,69,1,26.22,EUR
TT_PRODUKTLAUNCH26,1789010002,TopView,09/22/2026,25-34,Male,74.24,7.29,0.58,1.26,10182,128,1,74.24,EUR
TT_PRODUKTLAUNCH26,1789010002,InFeed_Launch,10/08/2026,35-44,Female,19.2,7.13,0.4,1.79,2693,48,0,,EUR
TT_LETO26_BrandAware,1789010001,InFeed_Retarget,06/02/2026,65+,Male,8.4,10.0,0.4,2.49,840,21,0,,EUR
TT_LETO26_BrandAware,1789010001,Spark_Awareness,06/09/2026,35-44,Female,17.02,5.85,0.46,1.27,2910,37,0,,EUR
TT_LETO26_BrandAware,1789010001,InFeed_Retarget,07/05/2026,25-34,Male,13.3,5.48,0.35,1.56,2426,38,0,,EUR
TT_LETO26_BrandAware,1789010001,InFeed_Retarget,08/01/2026,25-34,Female,13.33,10.38,0.43,2.42,1284,31,0,,EUR
TT_LETO26_BrandAware,1789010001,InFeed_Retarget,06/27/2026,45-54,Female,6.08,6.51,0.32,2.04,934,19,0,,EUR
TT_PRODUKTLAUNCH26,1789010002,TopView,09/11/2026,18-24,Female,24.84,7.06,0.69,1.01,3518,36,0,,EUR
TT_LETO26_BrandAware,1789010001,Spark_Awareness,06/09/2026,35-44,Male,15.84,6.18,0.44,1.41,2565,36,0,,EUR
TT_LETO26_BrandAware,1789010001,Spark_Awareness,07/12/2026,35-44,Female,16.5,6.02,0.3,2.0,2741,55,0,,EUR
TT_LETO26_BrandAware,1789010001,Spark_Awareness,08/11/2026,55-64,Female,11.04,7.24,0.46,1.54,1525,24,0,,EUR
TT_PRODUKTLAUNCH26,1789010002,InFeed_Launch,10/09/2026,65+,Female,10.8,9.79,0.4,2.42,1103,27,0,,EUR
TT_PRODUKTLAUNCH26,1789010002,TopView,10/21/2026,35-44,Male,45.88,6.48,0.62,1.04,7085,74,0,,EUR
TT_LETO26_BrandAware,1789010001,Spark_Awareness,07/27/2026,18-24,Male,20.52,7.77,0.38,2.03,2641,54,0,,EUR
TT_LETO26_BrandAware,1789010001,Spark_Awareness,06/10/2026,25-34,Male,17.0,5.65,0.34,1.66,3009,50,0,,EUR
TT_LETO26_BrandAware,1789010001,InFeed_Retarget,06/03/2026,35-44,Female,10.12,7.85,0.46,1.74,1289,22,0,,EUR
TT_PRODUKTLAUNCH26,1789010002,Spark_Ads,08/19/2026,25-34,Male,48.67,6.34,0.31,2.05,7675,157,2,24.34,EUR
TT_LETO26_BrandAware,1789010001,InFeed_Prospecting,07/10/2026,18-24,Female,19.04,4.67,0.34,1.38,4075,56,0,,EUR
TT_LETO26_BrandAware,1789010001,InFeed_Prospecting,08/11/2026,65+,Female,6.16,4.89,0.44,1.08,1261,14,0,,EUR
TT_LETO26_BrandAware,1789010001,Spark_Awareness,06/08/2026,18-24,Male,20.21,8.19,0.43,1.92,2469,47,0,,EUR
TT_LETO26_BrandAware,1789010001,InFeed_Prospecting,06/20/2026,18-24,Female,12.8,5.9,0.4,1.47,2169,32,0,,EUR
TT_PRODUKTLAUNCH26,1789010002,Spark_Ads,09/16/2026,35-44,Female,17.68,5.78,0.34,1.7,3060,52,1,17.68,EUR
TT_LETO26_BrandAware,1789010001,InFeed_Prospecting,07/03/2026,18-24,Male,16.82,5.74,0.29,1.97,2929,58,0,,EUR
TT_PRODUKTLAUNCH26,1789010002,Spark_Ads,10/22/2026,45-54,Female,16.17,6.56,0.33,1.99,2464,49,1,16.17,EUR
TT_PRODUKTLAUNCH26,1789010002,TopView,10/16/2026,35-44,Male,42.64,4.95,0.41,1.2,8617,104,1,42.64,EUR
TT_PRODUKTLAUNCH26,1789010002,InFeed_Launch,08/24/2026,35-44,Male,22.75,5.98,0.35,1.69,3807,65,1,22.75,EUR
TT_LETO26_BrandAware,1789010001,Spark_Awareness,08/10/2026,35-44,Male,14.1,6.06,0.47,1.28,2326,30,0,,EUR
TT_LETO26_BrandAware,1789010001,InFeed_Prospecting,08/10/2026,35-44,Male,19.44,4.58,0.27,1.7,4245,72,0,,EUR
TT_LETO26_BrandAware,1789010001,InFeed_Prospecting,08/03/2026,35-44,Male,13.44,3.28,0.32,1.02,4099,42,0,,EUR
TT_PRODUKTLAUNCH26,1789010002,InFeed_Launch,10/08/2026,18-24,Male,23.1,6.91,0.3,2.3,3341,77,1,23.1,EUR
TT_LETO26_BrandAware,1789010001,InFeed_Retarget,07/31/2026,65+,Male,5.07,9.77,0.39,2.59,519,13,0,,EUR
TT_PRODUKTLAUNCH26,1789010002,InFeed_Launch,09/22/2026,35-44,Female,18.0,5.19,0.36,1.45,3465,50,0,,EUR
TT_PRODUKTLAUNCH26,1789010002,InFeed_Launch,10/12/2026,35-44,Female,31.36,11.76,0.49,2.41,2667,64,1,31.36,EUR
TT_LETO26_BrandAware,1789010001,InFeed_Prospecting,08/07/2026,35-44,Male,21.42,6.35,0.42,1.51,3371,51,0,,EUR
TT_PRODUKTLAUNCH26,1789010002,Spark_Ads,08/31/2026,35-44,Female,36.05,7.17,0.35,2.04,5030,103,1,36.05,EUR
TT_LETO26_BrandAware,1789010001,Spark_Awareness,07/26/2026,35-44,Female,16.56,6.02,0.36,1.67,2753,46,0,,EUR
TT_LETO26_BrandAware,1789010001,InFeed_Retarget,06/01/2026,65+,Male,3.72,7.67,0.31,2.48,485,12,0,,EUR
TT_PRODUKTLAUNCH26,1789010002,InFeed_Launch,09/18/2026,45-54,Female,19.68,7.28,0.41,1.76,2704,48,0,,EUR
TT_PRODUKTLAUNCH26,1789010002,TopView,10/11/2026,18-24,Male,34.8,5.77,0.58,1.0,6034,60,0,,EUR
TT_LETO26_BrandAware,1789010001,Spark_Awareness,06/28/2026,65+,Female,5.89,6.15,0.31,1.94,957,19,0,,EUR
TT_LETO26_BrandAware,1789010001,Spark_Awareness,07/03/2026,45-54,Female,14.57,8.44,0.47,1.78,1727,31,0,,EUR
TT_PRODUKTLAUNCH26,1789010002,Spark_Ads,09/19/2026,35-44,Male,41.34,7.94,0.39,2.05,5206,106,1,41.34,EUR
TT_PRODUKTLAUNCH26,1789010002,TopView,08/29/2026,45-54,Male,40.12,7.36,0.68,1.07,5451,59,0,,EUR
TT_LETO26_BrandAware,1789010001,Spark_Awareness,06/12/2026,55-64,Male,10.85,6.75,0.35,1.91,1607,31,0,,EUR
TT_PRODUKTLAUNCH26,1789010002,TopView,10/17/2026,55-64,Female,21.6,6.9,0.54,1.29,3129,40,0,,EUR
TT_LETO26_BrandAware,1789010001,InFeed_Retarget,06/04/2026,25-34,Female,18.8,10.54,0.4,2.64,1783,47,0,,EUR
TT_PRODUKTLAUNCH26,1789010002,InFeed_Launch,10/12/2026,25-34,Female,48.96,10.91,0.48,2.27,4486,102,1,48.96,EUR
TT_LETO26_BrandAware,1789010001,InFeed_Retarget,06/23/2026,55-64,Male,11.31,8.1,0.39,2.08,1397,29,0,,EUR
TT_LETO26_BrandAware,1789010001,InFeed_Retarget,07/17/2026,25-34,Female,13.69,8.43,0.37,2.28,1624,37,0,,EUR
TT_LETO26_BrandAware,1789010001,InFeed_Prospecting,07/09/2026,18-24,Female,20.72,5.77,0.37,1.57,3591,56,0,,EUR
TT_PRODUKTLAUNCH26,1789010002,TopView,10/02/2026,25-34,Female,39.42,5.67,0.54,1.05,6957,73,0,,EUR
TT_PRODUKTLAUNCH26,1789010002,InFeed_Launch,08/29/2026,18-24,Female,27.2,9.25,0.4,2.3,2939,68,1,27.2,EUR
TT_LETO26_BrandAware,1789010001,Spark_Awareness,08/09/2026,65+,Male,9.24,7.78,0.44,1.8,1187,21,0,,EUR
TT_PRODUKTLAUNCH26,1789010002,TopView,10/17/2026,65+,Female,6.56,2.61,0.41,0.63,2517,16,0,,EUR
TT_PRODUKTLAUNCH26,1789010002,Spark_Ads,09/01/2026,18-24,Female,13.05,3.26,0.29,1.11,4005,45,1,13.05,EUR
TT_PRODUKTLAUNCH26,1789010002,InFeed_Launch,09/25/2026,65+,Female,11.89,6.09,0.41,1.49,1952,29,0,,EUR
TT_PRODUKTLAUNCH26,1789010002,TopView,09/21/2026,45-54,Female,19.44,4.54,0.54,0.84,4284,36,0,,EUR
TT_LETO26_BrandAware,1789010001,Spark_Awareness,08/14/2026,25-34,Female,24.7,8.12,0.38,2.13,3040,65,0,,EUR
TT_PRODUKTLAUNCH26,1789010002,Spark_Ads,09/25/2026,65+,Male,15.12,5.05,0.28,1.81,2997,54,1,15.12,EUR
TT_LETO26_BrandAware,1789010001,InFeed_Prospecting,07/19/2026,45-54,Female,21.0,5.49,0.3,1.84,3822,70,0,,EUR
TT_PRODUKTLAUNCH26,1789010002,TopView,09/12/2026,25-34,Female,63.7,9.62,0.7,1.37,6619,91,1,63.7,EUR
TT_PRODUKTLAUNCH26,1789010002,TopView,10/28/2026,35-44,Female,30.38,5.18,0.49,1.05,5860,62,0,,EUR
TT_LETO26_BrandAware,1789010001,Spark_Awareness,08/14/2026,35-44,Male,36.8,10.05,0.46,2.18,3661,80,0,,EUR
TT_LETO26_BrandAware,1789010001,Spark_Awareness,08/01/2026,55-64,Male,9.9,7.08,0.45,1.59,1399,22,0,,EUR
TT_PRODUKTLAUNCH26,1789010002,Spark_Ads,08/19/2026,18-24,Female,21.7,4.85,0.31,1.55,4478,70,1,21.7,EUR
TT_LETO26_BrandAware,1789010001,Spark_Awareness,06/13/2026,25-34,Male,18.56,4.21,0.29,1.45,4404,64,0,,EUR
TT_LETO26_BrandAware,1789010001,InFeed_Retarget,07/16/2026,25-34,Male,17.39,9.63,0.47,2.08,1805,37,0,,EUR
TT_PRODUKTLAUNCH26,1789010002,TopView,08/18/2026,65+,Female,24.42,8.3,0.66,1.27,2941,37,0,,EUR
TT_PRODUKTLAUNCH26,1789010002,TopView,09/23/2026,65+,Female,9.36,3.82,0.52,0.72,2453,18,0,,EUR
TT_PRODUKTLAUNCH26,1789010002,InFeed_Launch,08/25/2026,18-24,Female,14.76,8.91,0.36,2.49,1656,41,0,,EUR
TT_LETO26_BrandAware,1789010001,InFeed_Retarget,07/06/2026,65+,Female,7.6,10.75,0.38,2.87,707,20,0,,EUR
TT_LETO26_BrandAware,1789010001,InFeed_Prospecting,06/29/2026,35-44,Female,35.15,7.18,0.37,1.95,4898,95,0,,EUR
TT_LETO26_BrandAware,1789010001,InFeed_Retarget,07/15/2026,35-44,Male,15.05,7.77,0.35,2.21,1936,43,0,,EUR
TT_LETO26_BrandAware,1789010001,Spark_Awareness,06/24/2026,65+,Male,7.98,5.48,0.42,1.28,1457,19,0,,EUR
TT_LETO26_BrandAware,1789010001,Spark_Awareness,07/06/2026,65+,Male,6.02,4.94,0.43,1.11,1219,14,0,,EUR
TT_LETO26_BrandAware,1789010001,Spark_Awareness,06/10/2026,35-44,Male,25.16,6.02,0.34,1.77,4180,74,0,,EUR
TT_PRODUKTLAUNCH26,1789010002,InFeed_Launch,08/24/2026,55-64,Female,24.44,10.05,0.47,2.12,2433,52,1,24.44,EUR
TT_LETO26_BrandAware,1789010001,Spark_Awareness,06/04/2026,25-34,Female,11.88,3.71,0.36,1.03,3204,33,0,,EUR
TT_PRODUKTLAUNCH26,1789010002,InFeed_Launch,09/06/2026,65+,Male,6.4,5.61,0.32,1.75,1140,20,0,,EUR
TT_LETO26_BrandAware,1789010001,InFeed_Prospecting,08/11/2026,25-34,Female,28.8,8.21,0.45,1.83,3509,64,0,,EUR
TT_LETO26_BrandAware,1789010001,InFeed_Prospecting,08/08/2026,45-54,Male,25.9,6.3,0.37,1.7,4109,70,0,,EUR
TT_PRODUKTLAUNCH26,1789010002,Spark_Ads,09/14/2026,18-24,Male,16.77,5.97,0.43,1.38,2811,39,0,,EUR
TT_PRODUKTLAUNCH26,1789010002,InFeed_Launch,10/09/2026,35-44,Male,19.5,5.62,0.39,1.45,3472,50,0,,EUR
TT_LETO26_BrandAware,1789010001,InFeed_Retarget,07/24/2026,18-24,Male,9.62,6.83,0.37,1.84,1409,26,0,,EUR
TT_PRODUKTLAUNCH26,1789010002,InFeed_Launch,10/25/2026,35-44,Female,29.64,7.9,0.52,1.51,3752,57,1,29.64,EUR
TT_PRODUKTLAUNCH26,1789010002,Spark_Ads,09/04/2026,25-34,Female,33.6,6.68,0.42,1.59,5028,80,1,33.6,EUR
TT_PRODUKTLAUNCH26,1789010002,Spark_Ads,10/05/2026,55-64,Female,7.92,4.22,0.33,1.3,1878,24,0,,EUR
TT_LETO26_BrandAware,1789010001,InFeed_Retarget,07/10/2026,45-54,Female,12.96,8.47,0.48,1.78,1531,27,0,,EUR
TT_PRODUKTLAUNCH26,1789010002,Spark_Ads,09/23/2026,55-64,Male,21.73,8.76,0.41,2.15,2480,53,1,21.73,EUR
TT_LETO26_BrandAware,1789010001,InFeed_Prospecting,07/21/2026,25-34,Male,25.56,4.12,0.36,1.14,6205,71,0,,EUR
TT_PRODUKTLAUNCH26,1789010002,InFeed_Launch,09/01/2026,25-34,Male,35.52,7.21,0.32,2.25,4927,111,1,35.52,EUR
TT_LETO26_BrandAware,1789010001,InFeed_Retarget,06/30/2026,35-44,Male,15.54,9.74,0.37,2.61,1595,42,0,,EUR
TT_LETO26_BrandAware,1789010001,Spark_Awareness,08/04/2026,65+,Male,6.84,5.44,0.36,1.49,1257,19,0,,EUR
TT_PRODUKTLAUNCH26,1789010002,Spark_Ads,08/20/2026,18-24,Male,28.8,10.83,0.48,2.26,2660,60,1,28.8,EUR
TT_PRODUKTLAUNCH26,1789010002,TopView,09/30/2026,25-34,Female,17.2,3.82,0.43,0.88,4506,40,0,,EUR
TT_LETO26_BrandAware,1789010001,Spark_Awareness,07/24/2026,55-64,Female,6.29,4.45,0.37,1.2,1415,17,0,,EUR
TT_LETO26_BrandAware,1789010001,Spark_Awareness,07/03/2026,35-44,Male,29.26,7.0,0.38,1.83,4181,77,0,,EUR
TT_LETO26_BrandAware,1789010001,InFeed_Prospecting,06/13/2026,65+,Male,6.63,4.51,0.39,1.13,1471,17,0,,EUR
TT_LETO26_BrandAware,1789010001,Spark_Awareness,06/17/2026,18-24,Male,11.31,4.49,0.29,1.53,2518,39,0,,EUR
TT_PRODUKTLAUNCH26,1789010002,Spark_Ads,09/04/2026,65+,Male,10.54,4.66,0.34,1.37,2264,31,0,,EUR
TT_LETO26_BrandAware,1789010001,InFeed_Retarget,06/15/2026,25-34,Male,17.68,7.3,0.34,2.14,2421,52,0,,EUR
TT_PRODUKTLAUNCH26,1789010002,TopView,10/06/2026,45-54,Female,13.44,3.79,0.48,0.8,3543,28,0,,EUR
TT_LETO26_BrandAware,1789010001,InFeed_Prospecting,06/06/2026,25-34,Female,15.4,2.78,0.28,1.0,5543,55,0,,EUR
TT_PRODUKTLAUNCH26,1789010002,Spark_Ads,09/26/2026,18-24,Male,12.8,4.72,0.32,1.49,2711,40,0,,EUR
TT_PRODUKTLAUNCH26,1789010002,InFeed_Launch,09/26/2026,65+,Male,13.02,7.61,0.31,2.43,1712,42,0,,EUR
TT_LETO26_BrandAware,1789010001,InFeed_Retarget,06/11/2026,65+,Female,5.18,8.87,0.37,2.45,584,14,0,,EUR
TT_LETO26_BrandAware,1789010001,InFeed_Prospecting,07/23/2026,35-44,Male,22.08,5.33,0.32,1.67,4144,69,0,,EUR
TT_PRODUKTLAUNCH26,1789010002,InFeed_Launch,09/08/2026,65+,Female,11.31,7.91,0.39,2.06,1430,29,0,,EUR
TT_LETO26_BrandAware,1789010001,InFeed_Prospecting,08/10/2026,35-44,Female,30.6,6.55,0.45,1.44,4673,68,0,,EUR
TT_PRODUKTLAUNCH26,1789010002,Spark_Ads,08/27/2026,35-44,Male,35.64,6.5,0.36,1.81,5479,99,1,35.64,EUR
TT_LETO26_BrandAware,1789010001,Spark_Awareness,06/01/2026,25-34,Female,21.0,5.8,0.35,1.65,3621,60,0,,EUR
TT_PRODUKTLAUNCH26,1789010002,Spark_Ads,10/21/2026,25-34,Female,52.36,7.63,0.44,1.73,6862,119,1,52.36,EUR
TT_PRODUKTLAUNCH26,1789010002,TopView,09/20/2026,65+,Female,25.53,7.94,0.69,1.15,3216,37,0,,EUR
TT_LETO26_BrandAware,1789010001,InFeed_Retarget,06/24/2026,65+,Female,7.0,9.51,0.35,2.75,736,20,0,,EUR
TT_LETO26_BrandAware,1789010001,Spark_Awareness,08/03/2026,55-64,Female,6.56,5.63,0.41,1.34,1165,16,0,,EUR
TT_PRODUKTLAUNCH26,1789010002,TopView,09/07/2026,25-34,Male,39.76,5.68,0.56,1.01,7003,71,0,,EUR
TT_LETO26_BrandAware,1789010001,InFeed_Retarget,08/03/2026,35-44,Male,15.48,9.9,0.36,2.75,1563,43,0,,EUR
TT_PRODUKTLAUNCH26,1789010002,TopView,09/27/2026,35-44,Male,30.6,3.42,0.45,0.76,8939,68,0,,EUR
TT_LETO26_BrandAware,1789010001,Spark_Awareness,06/30/2026,18-24,Female,7.2,4.02,0.3,1.36,89550,24,0,,EUR
TT_PRODUKTLAUNCH26,1789010002,TopView,10/19/2026,18-24,Male,29.48,5.95,0.67,0.88,4951,44,0,,EUR
TT_PRODUKTLAUNCH26,1789010002,TopView,09/16/2026,45-54,Male,48.36,7.09,0.62,1.14,6821,78,0,,EUR
TT_PRODUKTLAUNCH26,1789010002,InFeed_Launch,10/06/2026,55-64,Female,18.2,8.52,0.52,1.63,2136,35,0,,EUR
TT_PRODUKTLAUNCH26,1789010002,TopView,08/28/2026,65+,Female,11.22,5.39,0.51,1.06,2082,22,0,,EUR
TT_PRODUKTLAUNCH26,1789010002,Spark_Ads,10/16/2026,18-24,Male,15.05,5.24,0.35,1.5,2872,43,1,15.05,EUR
TT_PRODUKTLAUNCH26,1789010002,Spark_Ads,10/08/2026,45-54,Female,22.05,7.13,0.45,1.58,3092,49,1,22.05,EUR
TT_PRODUKTLAUNCH26,1789010002,TopView,10/13/2026,55-64,Female,30.78,7.34,0.54,1.36,4193,57,0,,EUR
TT_LETO26_BrandAware,1789010001,Spark_Awareness,06/20/2026,35-44,Female,18.9,5.15,0.45,1.14,3671,42,0,,EUR
TT_PRODUKTLAUNCH26,1789010002,Spark_Ads,10/07/2026,18-24,Male,27.3,5.77,0.3,1.93,4730,91,1,27.3,EUR
TT_PRODUKTLAUNCH26,1789010002,Spark_Ads,08/28/2026,35-44,Female,23.79,5.86,0.39,1.5,4061,61,1,23.79,EUR
TT_PRODUKTLAUNCH26,1789010002,TopView,10/28/2026,45-54,Male,35.0,9.2,0.7,1.32,3805,50,0,,EUR
TT_PRODUKTLAUNCH26,1789010002,InFeed_Launch,09/11/2026,55-64,Male,15.3,9.2,0.45,2.02,1663,34,0,,EUR
TT_LETO26_BrandAware,1789010001,InFeed_Retarget,07/03/2026,65+,Female,4.81,7.56,0.37,2.05,636,13,0,,EUR
TT_PRODUKTLAUNCH26,1789010002,InFeed_Launch,10/12/2026,65+,Male,12.5,7.99,0.5,1.62,1564,25,0,,EUR
TT_PRODUKTLAUNCH26,1789010002,TopView,10/17/2026,35-44,Female,18.87,3.32,0.51,0.65,5683,37,0,,EUR
TT_PRODUKTLAUNCH26,1789010002,InFeed_Launch,10/22/2026,35-44,Female,24.15,6.76,0.35,1.93,3571,69,1,24.15,EUR
TT_PRODUKTLAUNCH26,1789010002,InFeed_Launch,08/23/2026,18-24,Male,43.56,11.08,0.44,2.52,3932,99,1,43.56,EUR
TT_PRODUKTLAUNCH26,1789010002,InFeed_Launch,09/26/2026,35-44,Female,22.63,7.72,0.31,2.49,2931,73,1,22.63,EUR
TT_LETO26_BrandAware,1789010001,InFeed_Prospecting,07/14/2026,18-24,Female,14.04,6.93,0.39,1.77,2025,36,0,,EUR
TT_LETO26_BrandAware,1789010001,Spark_Awareness,07/28/2026,35-44,Female,20.06,7.5,0.34,2.19,2675,59,0,,EUR
TT_PRODUKTLAUNCH26,1789010002,TopView,10/28/2026,55-64,Male,15.91,5.73,0.43,1.32,2775,37,0,,EUR
TT_LETO26_BrandAware,1789010001,Spark_Awareness,07/28/2026,25-34,Male,22.0,8.66,0.44,1.99,2540,50,0,,EUR
TT_PRODUKTLAUNCH26,1789010002,InFeed_Launch,10/10/2026,65+,Female,5.94,5.84,0.33,1.8,1017,18,0,,EUR
TT_PRODUKTLAUNCH26,1789010002,InFeed_Launch,10/04/2026,25-34,Female,31.28,11.28,0.46,2.45,2773,68,1,31.28,EUR
TT_LETO26_BrandAware,1789010001,InFeed_Prospecting,06/23/2026,35-44,Female,9.6,3.33,0.3,1.1,2885,32,0,,EUR
TT_LETO26_BrandAware,1789010001,InFeed_Retarget,08/02/2026,45-54,Male,12.3,6.63,0.41,1.59,1855,30,0,,EUR
TT_LETO26_BrandAware,1789010001,InFeed_Retarget,08/10/2026,65+,Female,10.56,13.91,0.48,2.84,759,22,0,,EUR
TT_PRODUKTLAUNCH26,1789010002,TopView,09/08/2026,35-44,Male,29.9,6.04,0.65,0.94,4953,46,0,,EUR
TT_PRODUKTLAUNCH26,1789010002,TopView,08/30/2026,65+,Female,14.4,5.57,0.48,1.17,2585,30,0,,EUR
TT_PRODUKTLAUNCH26,1789010002,InFeed_Launch,09/01/2026,35-44,Male,34.56,7.87,0.48,1.63,4394,72,1,34.56,EUR
TT_PRODUKTLAUNCH26,1789010002,Spark_Ads,09/18/2026,65+,Female,16.56,5.95,0.46,1.28,2781,36,0,,EUR
TT_PRODUKTLAUNCH26,1789010002,Spark_Ads,09/18/2026,18-24,Male,12.0,3.48,0.3,1.16,3445,40,0,,EUR
TT_PRODUKTLAUNCH26,1789010002,InFeed_Launch,09/27/2026,18-24,Female,13.26,8.36,0.51,1.61,1586,26,0,,EUR
TT_PRODUKTLAUNCH26,1789010002,InFeed_Launch,10/06/2026,45-54,Female,14.76,5.78,0.41,1.42,2552,36,0,,EUR
TT_PRODUKTLAUNCH26,1789010002,InFeed_Launch,08/18/2026,18-24,Male,14.5,6.58,0.5,1.3,2205,29,0,,EUR
TT_PRODUKTLAUNCH26,1789010002,Spark_Ads,08/29/2026,25-34,Male,31.32,5.53,0.29,1.91,5664,108,1,31.32,EUR
TT_PRODUKTLAUNCH26,1789010002,InFeed_Launch,10/17/2026,25-34,Female,21.0,6.83,0.42,1.62,3073,50,0,,EUR
TT_PRODUKTLAUNCH26,1789010002,TopView,10/10/2026,18-24,Male,30.5,5.67,0.5,1.14,5382,61,0,,EUR
TT_LETO26_BrandAware,1789010001,Spark_Awareness,07/30/2026,35-44,Female,9.89,4.62,0.43,1.07,2141,23,0,,EUR
TT_PRODUKTLAUNCH26,1789010002,InFeed_Launch,09/20/2026,18-24,Male,27.44,12.23,0.49,2.51,2243,56,1,27.44,EUR
TT_LETO26_BrandAware,1789010001,InFeed_Prospecting,06/07/2026,45-54,Male,21.84,4.67,0.26,1.8,4677,84,0,,EUR
TT_PRODUKTLAUNCH26,1789010002,TopView,09/26/2026,18-24,Male,14.84,3.79,0.53,0.72,3917,28,0,,EUR
TT_LETO26_BrandAware,1789010001,InFeed_Prospecting,08/07/2026,18-24,Male,22.95,6.04,0.45,1.35,3801,51,0,,EUR
TT_LETO26_BrandAware,1789010001,InFeed_Retarget,07/17/2026,45-54,Male,11.2,8.35,0.35,2.37,1342,32,0,,EUR
TT_PRODUKTLAUNCH26,1789010002,TopView,08/21/2026,55-64,Female,9.0,3.77,0.45,0.82,2387,20,0,,EUR
TT_PRODUKTLAUNCH26,1789010002,Spark_Ads,10/07/2026,55-64,Male,26.23,7.89,0.43,1.85,3323,61,1,26.23,EUR
TT_LETO26_BrandAware,1789010001,Spark_Awareness,08/11/2026,18-24,Male,11.9,4.05,0.35,1.16,2936,34,0,,EUR
TT_LETO26_BrandAware,1789010001,InFeed_Prospecting,07/03/2026,65+,Female,8.4,4.66,0.28,1.67,1801,30,0,,EUR
TT_LETO26_BrandAware,1789010001,InFeed_Retarget,07/27/2026,18-24,Female,12.6,9.74,0.35,2.75,1294,36,0,,EUR
TT_PRODUKTLAUNCH26,1789010002,TopView,09/03/2026,55-64,Male,11.5,3.63,0.46,0.8,3164,25,0,,EUR
TT_PRODUKTLAUNCH26,1789010002,TopView,09/18/2026,25-34,Female,46.08,5.25,0.48,1.09,8769,96,1,46.08,EUR
TT_PRODUKTLAUNCH26,1789010002,Spark_Ads,08/22/2026,18-24,Male,25.37,8.6,0.43,1.99,2951,59,1,25.37,EUR
TT_LETO26_BrandAware,1789010001,Spark_Awareness,08/09/2026,45-54,Male,28.8,8.48,0.45,1.88,3398,64,0,,EUR
TT_LETO26_BrandAware,1789010001,Spark_Awareness,08/02/2026,18-24,Female,10.8,4.87,0.36,1.34,2217,30,0,,EUR
TT_LETO26_BrandAware,1789010001,InFeed_Retarget,08/02/2026,35-44,Female,13.86,10.53,0.42,2.51,1316,33,0,,EUR
TT_PRODUKTLAUNCH26,1789010002,TopView,09/13/2026,45-54,Male,28.16,6.1,0.64,0.96,4615,44,0,,EUR
TT_PRODUKTLAUNCH26,1789010002,Spark_Ads,10/01/2026,18-24,Female,41.5,10.75,0.5,2.14,3859,83,1,41.5,EUR
TT_LETO26_BrandAware,1789010001,Spark_Awareness,08/08/2026,45-54,Male,11.89,3.58,0.29,1.24,3325,41,0,,EUR
TT_LETO26_BrandAware,1789010001,Spark_Awareness,07/02/2026,18-24,Male,11.07,4.67,0.41,1.12,2372,27,0,,EUR
TT_PRODUKTLAUNCH26,1789010002,Spark_Ads,10/18/2026,45-54,Female,57.5,11.8,0.5,2.35,4873,115,1,57.5,EUR
TT_LETO26_BrandAware,1789010001,InFeed_Prospecting,06/10/2026,65+,Female,6.12,3.48,0.34,1.01,1757,18,0,,EUR
TT_LETO26_BrandAware,1789010001,InFeed_Prospecting,07/04/2026,35-44,Female,21.56,4.51,0.44,1.02,4777,49,0,,EUR
TT_PRODUKTLAUNCH26,1789010002,TopView,09/21/2026,65+,Female,15.12,7.01,0.63,1.12,2158,24,0,,EUR
TT_LETO26_BrandAware,1789010001,InFeed_Prospecting,06/07/2026,65+,Female,6.9,4.96,0.3,1.67,1390,23,0,,EUR
TT_PRODUKTLAUNCH26,1789010002,Spark_Ads,10/12/2026,55-64,Female,24.0,6.32,0.3,2.11,3799,80,1,24.0,EUR
TT_LETO26_BrandAware,1789010001,InFeed_Prospecting,06/22/2026,35-44,Male,14.21,3.42,0.29,1.19,4156,49,0,,EUR
TT_PRODUKTLAUNCH26,1789010002,Spark_Ads,10/27/2026,35-44,Female,31.54,4.92,0.38,1.3,6406,83,1,31.54,EUR
TT_LETO26_BrandAware,1789010001,Spark_Awareness,08/01/2026,65+,Female,7.2,7.46,0.36,2.08,965,20,0,,EUR
TT_PRODUKTLAUNCH26,1789010002,Spark_Ads,10/25/2026,55-64,Female,17.76,7.68,0.37,2.08,2314,48,1,17.76,EUR
TT_LETO26_BrandAware,1789010001,InFeed_Retarget,08/14/2026,55-64,Female,13.53,10.13,0.41,2.48,1335,33,0,,EUR
TT_PRODUKTLAUNCH26,1789010002,TopView,09/14/2026,55-64,Male,18.0,4.13,0.6,0.68,4355,30,0,,EUR
TT_LETO26_BrandAware,1789010001,InFeed_Retarget,06/04/2026,55-64,Male,8.06,5.71,0.31,1.82,1412,26,0,,EUR
TT_PRODUKTLAUNCH26,1789010002,TopView,09/04/2026,45-54,Female,33.92,7.43,0.64,1.16,4566,53,0,,EUR
TT_LETO26_BrandAware,1789010001,Spark_Awareness,06/15/2026,18-24,Female,17.39,9.84,0.47,2.11,1768,37,0,,EUR
TT_LETO26_BrandAware,1789010001,InFeed_Retarget,07/20/2026,55-64,Female,6.44,7.12,0.46,1.53,904,14,0,,EUR
TT_PRODUKTLAUNCH26,1789010002,InFeed_Launch,09/11/2026,45-54,Male,13.76,7.17,0.32,2.23,1919,43,0,,EUR
TT_LETO26_BrandAware,1789010001,InFeed_Prospecting,08/05/2026,65+,Female,7.38,6.96,0.41,1.74,1061,18,0,,EUR
TT_LETO26_BrandAware,1789010001,InFeed_Prospecting,08/05/2026,55-64,Female,14.08,6.24,0.44,1.42,2257,32,0,,EUR
TT_PRODUKTLAUNCH26,1789010002,TopView,09/11/2026,25-34,Male,27.14,4.39,0.59,0.75,6177,46,0,,EUR
TT_LETO26_BrandAware,1789010001,Spark_Awareness,07/10/2026,65+,Male,11.55,6.54,0.35,1.86,1767,33,0,,EUR
TT_LETO26_BrandAware,1789010001,InFeed_Prospecting,07/11/2026,45-54,Female,9.92,3.08,0.31,0.98,3224,32,0,,EUR
TT_PRODUKTLAUNCH26,1789010002,InFeed_Launch,09/30/2026,65+,Female,12.09,6.64,0.39,1.72,1822,31,0,,EUR
TT_PRODUKTLAUNCH26,1789010002,InFeed_Launch,10/17/2026,18-24,Male,13.86,6.82,0.33,2.08,2031,42,0,,EUR
TT_LETO26_BrandAware,1789010001,Spark_Awareness,06/26/2026,55-64,Female,5.55,3.74,0.37,1.01,1483,15,0,,EUR
TT_PRODUKTLAUNCH26,1789010002,TopView,09/19/2026,55-64,Female,21.0,5.04,0.42,1.19,4170,50,0,,EUR
TT_PRODUKTLAUNCH26,1789010002,Spark_Ads,09/28/2026,45-54,Male,11.47,3.88,0.31,1.24,2953,37,0,,EUR
TT_LETO26_BrandAware,1789010001,InFeed_Retarget,06/06/2026,25-34,Female,15.4,13.18,0.44,2.99,1168,35,0,,EUR
TT_PRODUKTLAUNCH26,1789010002,InFeed_Launch,10/24/2026,65+,Female,10.75,9.83,0.43,2.31,1094,25,0,,EUR
TT_LETO26_BrandAware,1789010001,InFeed_Prospecting,08/11/2026,35-44,Male,30.45,6.49,0.35,1.85,4694,87,0,,EUR
TT_PRODUKTLAUNCH26,1789010002,Spark_Ads,09/29/2026,55-64,Female,15.6,6.23,0.4,1.57,2505,39,0,,EUR
TT_PRODUKTLAUNCH26,1789010002,InFeed_Launch,09/01/2026,18-24,Male,13.02,5.63,0.31,1.8,2311,42,0,,EUR
TT_LETO26_BrandAware,1789010001,InFeed_Prospecting,06/07/2026,65+,Male,8.8,3.79,0.4,0.97,2323,22,0,,EUR
TT_PRODUKTLAUNCH26,1789010002,TopView,10/25/2026,25-34,Male,29.16,3.58,0.54,0.67,8151,54,0,,EUR
TT_PRODUKTLAUNCH26,1789010002,InFeed_Launch,09/28/2026,45-54,Female,31.24,9.82,0.44,2.25,3180,71,1,31.24,EUR
TT_LETO26_BrandAware,1789010001,Spark_Awareness,06/03/2026,25-34,Female,25.37,6.82,0.43,1.59,3722,59,0,,EUR
TT_PRODUKTLAUNCH26,1789010002,TopView,08/29/2026,55-64,Female,24.8,6.81,0.62,1.1,3642,40,0,,EUR
TT_PRODUKTLAUNCH26,1789010002,TopView,10/27/2026,18-24,Female,18.86,6.13,0.46,1.35,3076,41,0,,EUR
TT_LETO26_BrandAware,1789010001,InFeed_Retarget,08/11/2026,18-24,Male,13.69,10.65,0.37,2.85,1285,37,0,,EUR
TT_LETO26_BrandAware,1789010001,Spark_Awareness,06/12/2026,25-34,Female,27.73,7.42,0.47,1.58,3738,59,0,,EUR
TT_PRODUKTLAUNCH26,1789010002,TopView,10/21/2026,25-34,Male,39.69,6.81,0.63,1.08,5825,63,0,,EUR
TT_LETO26_BrandAware,1789010001,Spark_Awareness,07/24/2026,25-34,Male,19.14,4.07,0.29,1.4,4701,66,0,,EUR
TT_LETO26_BrandAware,1789010001,InFeed_Retarget,06/12/2026,65+,Male,7.7,10.25,0.35,2.98,751,22,0,,EUR
TT_LETO26_BrandAware,1789010001,InFeed_Prospecting,07/05/2026,18-24,Male,16.17,4.37,0.33,1.31,3698,49,0,,EUR
TT_LETO26_BrandAware,1789010001,InFeed_Retarget,07/26/2026,18-24,Female,6.48,5.45,0.36,1.55,1189,18,0,,EUR
TT_PRODUKTLAUNCH26,1789010002,TopView,10/12/2026,65+,Female,15.12,6.68,0.56,1.2,2263,27,0,,EUR
TT_LETO26_BrandAware,1789010001,InFeed_Retarget,06/05/2026,65+,Male,13.34,13.39,0.46,2.91,996,29,0,,EUR
TT_PRODUKTLAUNCH26,1789010002,InFeed_Launch,08/26/2026,45-54,Male,13.6,5.41,0.34,1.59,2515,40,0,,EUR
TT_LETO26_BrandAware,1789010001,Spark_Awareness,06/23/2026,18-24,Male,25.01,7.79,0.41,1.9,3211,61,0,,EUR
TT_PRODUKTLAUNCH26,1789010002,TopView,08/16/2026,55-64,Female,17.34,6.45,0.51,1.26,2690,34,0,,EUR
TT_PRODUKTLAUNCH26,1789010002,Spark_Ads,10/23/2026,55-64,Male,50.5,11.33,0.5,2.27,4456,101,1,50.5,EUR
TT_PRODUKTLAUNCH26,1789010002,TopView,10/14/2026,35-44,Female,17.0,3.32,0.5,0.66,5124,34,0,,EUR
TT_LETO26_BrandAware,1789010001,InFeed_Retarget,07/22/2026,55-64,Male,9.99,8.08,0.37,2.2,1236,27,0,,EUR
TT_LETO26_BrandAware,1789010001,InFeed_Prospecting,08/10/2026,65+,Male,11.55,4.44,0.35,1.26,2600,33,0,,EUR
TT_LETO26_BrandAware,1789010001,InFeed_Retarget,08/13/2026,45-54,Female,9.68,9.78,0.44,2.22,990,22,0,,EUR
TT_LETO26_BrandAware,1789010001,Spark_Awareness,07/18/2026,65+,Male,7.6,5.89,0.4,1.5,1291,19,0,,EUR
TT_LETO26_BrandAware,1789010001,InFeed_Prospecting,06/01/2026,55-64,Female,23.94,7.79,0.42,1.85,3075,57,0,,EUR
TT_LETO26_BrandAware,1789010001,InFeed_Prospecting,06/16/2026,45-54,Female,16.24,4.35,0.28,1.55,3731,58,0,,EUR
TT_LETO26_BrandAware,1789010001,InFeed_Retarget,07/03/2026,65+,Male,5.44,7.1,0.32,2.28,766,17,0,,EUR
TT_PRODUKTLAUNCH26,1789010002,TopView,10/28/2026,35-44,Male,20.68,4.09,0.47,0.87,5059,44,0,,EUR
TT_LETO26_BrandAware,1789010001,Spark_Awareness,06/19/2026,35-44,Female,17.64,7.37,0.42,1.77,2395,42,0,,EUR
TT_PRODUKTLAUNCH26,1789010002,InFeed_Launch,09/01/2026,25-34,Female,14.57,4.23,0.31,1.38,3445,47,0,,EUR
TT_PRODUKTLAUNCH26,1789010002,Spark_Ads,09/25/2026,18-24,Female,34.65,7.34,0.35,2.1,4721,99,1,34.65,EUR
TT_PRODUKTLAUNCH26,1789010002,TopView,09/10/2026,35-44,Female,44.64,6.76,0.62,1.09,6606,72,0,,EUR
TT_PRODUKTLAUNCH26,1789010002,TopView,10/02/2026,55-64,Male,21.84,7.19,0.56,1.29,3039,39,0,,EUR
TT_PRODUKTLAUNCH26,1789010002,InFeed_Launch,09/03/2026,45-54,Male,32.2,8.33,0.35,2.39,3867,92,1,32.2,EUR
TT_LETO26_BrandAware,1789010001,Spark_Awareness,07/08/2026,55-64,Male,11.6,4.98,0.29,1.74,2327,40,0,,EUR
TT_PRODUKTLAUNCH26,1789010002,TopView,08/25/2026,65+,Female,12.42,4.28,0.46,0.95,2901,27,0,,EUR
TT_PRODUKTLAUNCH26,1789010002,TopView,09/08/2026,35-44,Female,27.6,6.97,0.69,1.0,3957,40,0,,EUR
TT_PRODUKTLAUNCH26,1789010002,Spark_Ads,09/30/2026,65+,Male,11.89,5.43,0.29,1.89,2188,41,0,,EUR
TT_PRODUKTLAUNCH26,1789010002,Spark_Ads,08/31/2026,45-54,Male,35.0,10.85,0.5,2.16,3227,70,1,35.0,EUR
TT_PRODUKTLAUNCH26,1789010002,InFeed_Launch,09/04/2026,65+,Female,9.24,5.71,0.33,1.73,1619,28,0,,EUR
TT_LETO26_BrandAware,1789010001,InFeed_Prospecting,06/18/2026,25-34,Female,23.78,6.18,0.41,1.52,3850,58,0,,EUR
TT_PRODUKTLAUNCH26,1789010002,InFeed_Launch,09/24/2026,25-34,Male,29.24,5.46,0.34,1.61,5352,86,1,29.24,EUR
TT_LETO26_BrandAware,1789010001,Spark_Awareness,07/01/2026,55-64,Female,15.18,6.01,0.46,1.31,2527,33,0,,EUR
TT_PRODUKTLAUNCH26,1789010002,InFeed_Launch,08/30/2026,25-34,Male,39.44,8.39,0.34,2.46,4702,116,1,39.44,EUR
TT_LETO26_BrandAware,1789010001,InFeed_Prospecting,06/30/2026,65+,Male,6.93,3.69,0.33,1.09,1878,21,0,,EUR
TT_PRODUKTLAUNCH26,1789010002,Spark_Ads,10/01/2026,45-54,Female,12.16,4.72,0.32,1.47,2575,38,0,,EUR
TT_PRODUKTLAUNCH26,1789010002,TopView,08/23/2026,25-34,Female,24.05,5.07,0.65,0.78,4741,37,0,,EUR
TT_LETO26_BrandAware,1789010001,InFeed_Retarget,06/11/2026,55-64,Female,10.34,13.92,0.47,2.96,743,22,0,,EUR
TT_PRODUKTLAUNCH26,1789010002,Spark_Ads,10/06/2026,35-44,Male,29.76,4.18,0.31,1.35,7112,96,1,29.76,EUR
TT_PRODUKTLAUNCH26,1789010002,TopView,09/04/2026,55-64,Male,17.63,2.99,0.43,0.69,5892,41,0,,EUR
TT_LETO26_BrandAware,1789010001,InFeed_Retarget,06/21/2026,35-44,Female,8.32,5.86,0.32,1.86,1420,26,0,,EUR
TT_LETO26_BrandAware,1789010001,InFeed_Retarget,06/01/2026,25-34,Female,19.14,8.37,0.33,2.52,2287,58,0,,EUR
TT_PRODUKTLAUNCH26,1789010002,TopView,09/06/2026,45-54,Female,40.32,8.76,0.64,1.37,4601,63,0,,EUR
TT_PRODUKTLAUNCH26,1789010002,Spark_Ads,08/28/2026,35-44,Male,29.52,6.89,0.36,1.92,4286,82,1,29.52,EUR
TT_PRODUKTLAUNCH26,1789010002,TopView,09/15/2026,25-34,Male,30.75,3.39,0.41,0.83,9069,75,0,,EUR
TT_LETO26_BrandAware,1789010001,InFeed_Prospecting,06/14/2026,65+,Female,3.77,2.78,0.29,0.97,1358,13,0,,EUR
TT_PRODUKTLAUNCH26,1789010002,Spark_Ads,10/20/2026,65+,Male,11.2,4.09,0.32,1.28,2739,35,0,,EUR
TT_LETO26_BrandAware,1789010001,InFeed_Retarget,07/22/2026,25-34,Female,11.07,9.45,0.41,2.28,1172,27,0,,EUR
TT_LETO26_BrandAware,1789010001,InFeed_Retarget,07/10/2026,18-24,Female,11.04,13.13,0.48,2.69,841,23,0,,EUR
TT_PRODUKTLAUNCH26,1789010002,InFeed_Launch,09/10/2026,25-34,Female,35.26,7.85,0.41,1.91,4491,86,1,35.26,EUR
TT_LETO26_BrandAware,1789010001,InFeed_Prospecting,07/16/2026,65+,Male,7.03,5.59,0.37,1.48,1258,19,0,,EUR
TT_LETO26_BrandAware,1789010001,Spark_Awareness,07/16/2026,45-54,Female,17.28,7.32,0.36,2.04,2360,48,0,,EUR
TT_PRODUKTLAUNCH26,1789010002,Spark_Ads,10/07/2026,18-24,Female,8.4,3.89,0.3,1.29,2157,28,0,,EUR
TT_LETO26_BrandAware,1789010001,InFeed_Prospecting,06/17/2026,55-64,Female,11.2,5.26,0.35,1.51,2130,32,0,,EUR
TT_PRODUKTLAUNCH26,1789010002,Spark_Ads,08/21/2026,35-44,Female,13.6,4.9,0.4,1.21,2777,34,0,,EUR
TT_PRODUKTLAUNCH26,1789010002,Spark_Ads,10/24/2026,35-44,Female,44.65,9.57,0.47,2.04,4666,95,1,44.65,EUR
TT_LETO26_BrandAware,1789010001,Spark_Awareness,08/06/2026,45-54,Male,14.8,5.32,0.4,1.32,2782,37,0,,EUR
TT_LETO26_BrandAware,1789010001,InFeed_Retarget,06/08/2026,25-34,Female,18.04,8.79,0.41,2.15,2053,44,0,,EUR
TT_LETO26_BrandAware,1789010001,InFeed_Prospecting,08/06/2026,55-64,Male,10.24,3.59,0.32,1.14,2849,32,0,,EUR
TT_LETO26_BrandAware,1789010001,InFeed_Retarget,07/30/2026,55-64,Female,10.12,9.38,0.46,2.04,1079,22,0,,EUR
TT_PRODUKTLAUNCH26,1789010002,InFeed_Launch,10/12/2026,55-64,Female,28.98,10.6,0.46,2.31,2735,63,1,28.98,EUR
TT_LETO26_BrandAware,1789010001,Spark_Awareness,07/28/2026,45-54,Male,18.72,7.51,0.36,2.08,2493,52,0,,EUR
TT_LETO26_BrandAware,1789010001,InFeed_Prospecting,06/27/2026,35-44,Female,20.35,5.96,0.37,1.62,3415,55,0,,EUR
TT_PRODUKTLAUNCH26,1789010002,TopView,10/20/2026,25-34,Female,42.0,5.04,0.5,1.01,8328,84,1,42.0,EUR
TT_LETO26_BrandAware,1789010001,Spark_Awareness,06/06/2026,55-64,Female,14.72,6.24,0.32,1.96,2358,46,0,,EUR
TT_LETO26_BrandAware,1789010001,Spark_Awareness,07/11/2026,45-54,Female,24.4,7.98,0.4,1.99,3057,61,0,,EUR
TT_LETO26_BrandAware,1789010001,InFeed_Prospecting,07/09/2026,65+,Male,9.0,4.41,0.25,1.75,2039,36,0,,EUR
TT_LETO26_BrandAware,1789010001,InFeed_Retarget,07/27/2026,18-24,Male,8.6,7.57,0.43,1.79,1136,20,0,,EUR
TT_PRODUKTLAUNCH26,1789010002,TopView,09/22/2026,18-24,Male,21.45,5.54,0.55,1.01,3875,39,0,,EUR
TT_PRODUKTLAUNCH26,1789010002,InFeed_Launch,09/09/2026,35-44,Male,47.84,9.55,0.46,2.08,5007,104,1,47.84,EUR
TT_LETO26_BrandAware,1789010001,Spark_Awareness,06/27/2026,25-34,Female,27.3,6.2,0.35,1.76,4402,78,0,,EUR
TT_PRODUKTLAUNCH26,1789010002,TopView,10/23/2026,18-24,Female,14.4,4.74,0.45,1.07,3035,32,0,,EUR
TT_PRODUKTLAUNCH26,1789010002,Spark_Ads,09/15/2026,35-44,Male,19.52,5.04,0.32,1.58,3870,61,1,19.52,EUR
TT_LETO26_BrandAware,1789010001,InFeed_Prospecting,06/19/2026,55-64,Male,15.66,5.02,0.27,1.86,3119,58,0,,EUR
TT_PRODUKTLAUNCH26,1789010002,TopView,08/17/2026,55-64,Male,40.92,7.44,0.66,1.13,5503,62,0,,EUR
TT_LETO26_BrandAware,1789010001,InFeed_Prospecting,08/14/2026,18-24,Male,9.99,4.49,0.27,1.67,2225,37,0,,EUR
TT_LETO26_BrandAware,1789010001,Spark_Awareness,08/08/2026,18-24,Male,19.68,6.4,0.41,1.55,3075,48,0,,EUR
TT_LETO26_BrandAware,1789010001,InFeed_Prospecting,07/02/2026,45-54,Male,14.5,4.89,0.29,1.68,2967,50,0,,EUR
TT_LETO26_BrandAware,1789010001,InFeed_Retarget,06/14/2026,65+,Male,4.2,7.17,0.42,1.63,586,10,0,,EUR
TT_LETO26_BrandAware,1789010001,InFeed_Retarget,07/17/2026,35-44,Male,12.6,11.16,0.45,2.49,1129,28,0,,EUR
TT_LETO26_BrandAware,1789010001,Spark_Awareness,07/14/2026,65+,Male,13.69,7.77,0.37,2.11,1762,37,0,,EUR
TT_PRODUKTLAUNCH26,1789010002,InFeed_Launch,09/07/2026,18-24,Male,11.61,6.63,0.43,1.52,1752,27,0,,EUR
TT_PRODUKTLAUNCH26,1789010002,TopView,09/09/2026,55-64,Male,33.0,7.55,0.55,1.36,4372,60,0,,EUR
TT_PRODUKTLAUNCH26,1789010002,TopView,10/19/2026,25-34,Male,24.38,4.26,0.53,0.8,5724,46,0,,EUR
TT_PRODUKTLAUNCH26,1789010002,TopView,08/22/2026,18-24,Female,19.27,4.82,0.47,1.03,3997,41,0,,EUR
TT_PRODUKTLAUNCH26,1789010002,InFeed_Launch,10/13/2026,18-24,Male,35.26,9.25,0.41,2.26,3813,86,1,35.26,EUR
TT_LETO26_BrandAware,1789010001,InFeed_Prospecting,07/14/2026,35-44,Female,17.94,3.76,0.39,0.96,4777,46,0,,EUR
TT_PRODUKTLAUNCH26,1789010002,Spark_Ads,10/09/2026,25-34,Male,18.0,4.2,0.36,1.15,4290,50,1,18.0,EUR
TT_LETO26_BrandAware,1789010001,InFeed_Prospecting,06/05/2026,25-34,Male,29.48,6.89,0.44,1.55,4280,67,0,,EUR
TT_PRODUKTLAUNCH26,1789010002,InFeed_Launch,09/22/2026,25-34,Female,22.56,6.43,0.48,1.34,3509,47,0,,EUR
TT_LETO26_BrandAware,1789010001,Spark_Awareness,07/18/2026,35-44,Male,16.34,3.85,0.38,1.01,4240,43,0,,EUR
TT_PRODUKTLAUNCH26,1789010002,Spark_Ads,10/11/2026,55-64,Female,16.0,4.55,0.4,1.13,3520,40,0,,EUR
TT_PRODUKTLAUNCH26,1789010002,InFeed_Launch,09/11/2026,55-64,Female,13.3,8.73,0.35,2.49,1524,38,0,,EUR
TT_LETO26_BrandAware,1789010001,InFeed_Retarget,08/06/2026,25-34,Female,15.48,10.93,0.43,2.58,1416,36,0,,EUR
TT_LETO26_BrandAware,1789010001,InFeed_Prospecting,08/02/2026,18-24,Female,6.44,3.62,0.28,1.32,1777,23,0,,EUR
TT_PRODUKTLAUNCH26,1789010002,TopView,09/20/2026,55-64,Female,17.55,5.54,0.45,1.24,3168,39,0,,EUR
TT_LETO26_BrandAware,1789010001,InFeed_Prospecting,06/06/2026,65+,Female,15.17,7.29,0.41,1.79,2080,37,0,,EUR
TT_PRODUKTLAUNCH26,1789010002,Spark_Ads,10/26/2026,18-24,Male,17.82,4.8,0.33,1.45,3713,54,1,17.82,EUR
TT_PRODUKTLAUNCH26,1789010002,InFeed_Launch,10/16/2026,65+,Male,9.88,6.76,0.52,1.31,1462,19,0,,EUR
TT_PRODUKTLAUNCH26,1789010002,Spark_Ads,10/23/2026,18-24,Female,34.3,7.28,0.49,1.48,4710,70,1,34.3,EUR
TT_PRODUKTLAUNCH26,1789010002,InFeed_Launch,10/12/2026,25-34,Male,53.55,13.17,0.51,2.59,4067,105,1,53.55,EUR
TT_PRODUKTLAUNCH26,1789010002,InFeed_Launch,09/04/2026,18-24,Male,13.64,7.36,0.44,1.68,1853,31,0,,EUR
TT_LETO26_BrandAware,1789010001,InFeed_Prospecting,06/27/2026,65+,Male,10.44,4.93,0.29,1.68,2119,36,0,,EUR
TT_LETO26_BrandAware,1789010001,InFeed_Prospecting,07/19/2026,35-44,Male,15.54,6.1,0.42,1.43,2546,37,0,,EUR
TT_LETO26_BrandAware,1789010001,InFeed_Retarget,06/13/2026,65+,Male,8.5,11.02,0.5,2.16,771,17,0,,EUR
TT_LETO26_BrandAware,1789010001,Spark_Awareness,06/23/2026,55-64,Female,5.04,4.41,0.42,1.06,1144,12,0,,EUR
TT_LETO26_BrandAware,1789010001,InFeed_Prospecting,07/15/2026,18-24,Female,9.68,4.74,0.44,1.08,2042,22,0,,EUR
TT_LETO26_BrandAware,1789010001,Spark_Awareness,06/05/2026,35-44,Female,21.5,9.06,0.43,2.12,2372,50,0,,EUR
TT_PRODUKTLAUNCH26,1789010002,InFeed_Launch,08/27/2026,35-44,Female,17.4,6.44,0.3,2.16,2702,58,1,17.4,EUR
TT_PRODUKTLAUNCH26,1789010002,InFeed_Launch,10/18/2026,55-64,Male,14.7,6.26,0.35,1.8,2347,42,0,,EUR
TT_LETO26_BrandAware,1789010001,Spark_Awareness,08/13/2026,25-34,Male,30.78,7.89,0.38,2.07,3903,81,0,,EUR
TT_PRODUKTLAUNCH26,1789010002,InFeed_Launch,09/09/2026,45-54,Male,30.24 EUR,10.28,0.42,2.46,2942,72,1,30.24,EUR
TT_PRODUKTLAUNCH26,1789010002,Spark_Ads,10/14/2026,35-44,Female,16.12,3.44,0.31,1.1,4686,52,1,16.12,EUR
TT_LETO26_BrandAware,1789010001,InFeed_Retarget,07/14/2026,65+,Female,4.84,10.57,0.44,2.35,458,11,0,,EUR
TT_LETO26_BrandAware,1789010001,Spark_Awareness,07/04/2026,18-24,Female,16.72,8.13,0.38,2.16,2057,44,0,,EUR
TT_LETO26_BrandAware,1789010001,Spark_Awareness,07/17/2026,18-24,Female,11.2,4.9,0.4,1.23,2287,28,0,,EUR
TT_PRODUKTLAUNCH26,1789010002,InFeed_Launch,09/14/2026,18-24,Male,23.37,8.14,0.41,1.99,2870,57,1,23.37,EUR
TT_LETO26_BrandAware,1789010001,Spark_Awareness,06/08/2026,55-64,Female,10.92,7.83,0.39,2.0,1394,28,0,,EUR
TT_LETO26_BrandAware,1789010001,InFeed_Retarget,07/29/2026,35-44,Male,28.98,13.09,0.46,2.83,2214,63,1,28.98,EUR
TT_LETO26_BrandAware,1789010001,InFeed_Retarget,07/04/2026,45-54,Female,13.16,9.2,0.47,1.95,1430,28,0,,EUR
TT_LETO26_BrandAware,1789010001,InFeed_Prospecting,08/07/2026,65+,Female,9.57,4.21,0.29,1.46,2272,33,0,,EUR
TT_LETO26_BrandAware,1789010001,InFeed_Prospecting,06/17/2026,18-24,Female,14.0,5.27,0.35,1.52,2657,40,0,,EUR
TT_LETO26_BrandAware,1789010001,InFeed_Retarget,08/08/2026,45-54,Male,13.02,7.32,0.42,1.74,1779,31,0,,EUR
TT_PRODUKTLAUNCH26,1789010002,TopView,10/20/2026,35-44,Male,30.6,4.87,0.51,0.95,6285,60,0,,EUR
TT_LETO26_BrandAware,1789010001,InFeed_Retarget,07/06/2026,18-24,Female,8.17,10.78,0.43,2.48,758,19,0,,EUR
TT_PRODUKTLAUNCH26,1789010002,InFeed_Launch,09/16/2026,35-44,Male,53.0,12.73,0.5,2.54,4165,106,1,53.0,EUR
TT_LETO26_BrandAware,1789010001,Spark_Awareness,07/08/2026,35-44,Female,13.94,5.21,0.41,1.28,2675,34,0,,EUR
TT_LETO26_BrandAware,1789010001,Spark_Awareness,06/19/2026,18-24,Female,14.82,7.07,0.38,1.84,2096,39,0,,EUR
TT_PRODUKTLAUNCH26,1789010002,TopView,10/14/2026,65+,Female,20.46,8.71,0.62,1.39,2349,33,0,,EUR
TT_LETO26_BrandAware,1789010001,InFeed_Retarget,06/27/2026,65+,Male,9.0,12.45,0.45,2.8,723,20,0,,EUR
TT_PRODUKTLAUNCH26,1789010002,TopView,08/19/2026,25-34,Female,25.2,4.55,0.4,1.14,5536,63,0,,EUR
TT_LETO26_BrandAware,1789010001,Spark_Awareness,08/06/2026,18-24,Female,14.4,4.98,0.32,1.55,2892,45,0,,EUR
TT_LETO26_BrandAware,1789010001,InFeed_Prospecting,06/26/2026,65+,Male,13.5,5.56,0.45,1.24,2429,30,0,,EUR
TT_LETO26_BrandAware,1789010001,InFeed_Retarget,07/13/2026,35-44,Male,24.8,11.69,0.4,2.91,2121,62,0,,EUR
TT_LETO26_BrandAware,1789010001,Spark_Awareness,07/26/2026,25-34,Male,22.4,5.94,0.4,1.49,3768,56,0,,EUR
TT_LETO26_BrandAware,1789010001,InFeed_Prospecting,07/16/2026,35-44,Female,24.57,4.99,0.39,1.28,4924,63,0,,EUR
TT_LETO26_BrandAware,1789010001,InFeed_Retarget,06/21/2026,18-24,Male,14.5,13.3,0.5,2.7,1090,29,0,,EUR
TT_LETO26_BrandAware,1789010001,InFeed_Retarget,07/26/2026,55-64,Female,12.42,11.91,0.46,2.59,1043,27,0,,EUR
TT_LETO26_BrandAware,1789010001,Spark_Awareness,07/11/2026,55-64,Male,7.84,5.25,0.28,1.87,1494,28,0,,EUR
TT_LETO26_BrandAware,1789010001,InFeed_Retarget,07/15/2026,45-54,Female,6.66,6.57,0.37,1.81,1014,18,0,,EUR
TT_PRODUKTLAUNCH26,1789010002,InFeed_Launch,09/07/2026,18-24,Female,10.26,6.14,0.38,1.63,1670,27,0,,EUR
TT_PRODUKTLAUNCH26,1789010002,Spark_Ads,10/25/2026,35-44,Male,52.2,10.3,0.45,2.29,5070,116,1,52.2,EUR
TT_PRODUKTLAUNCH26,1789010002,InFeed_Launch,08/20/2026,45-54,Female,23.03,6.45,0.49,1.32,3573,47,0,,EUR
TT_PRODUKTLAUNCH26,1789010002,InFeed_Launch,08/16/2026,18-24,Male,25.41,6.52,0.33,1.97,3900,77,1,25.41,EUR
TT_PRODUKTLAUNCH26,1789010002,InFeed_Launch,08/16/2026,35-44,Female,23.0,8.23,0.46,1.8,2794,50,0,,EUR
TT_PRODUKTLAUNCH26,1789010002,Spark_Ads,09/04/2026,45-54,Male,22.05,8.4,0.49,1.7,2626,45,1,22.05,EUR
TT_LETO26_BrandAware,1789010001,Spark_Awareness,06/25/2026,55-64,Female,9.28,3.8,0.29,1.29,2444,32,0,,EUR
TT_PRODUKTLAUNCH26,1789010002,InFeed_Launch,08/17/2026,45-54,Female,17.76,6.79,0.48,1.42,2616,37,0,,EUR
TT_LETO26_BrandAware,1789010001,InFeed_Retarget,06/01/2026,18-24,Female,8.4,7.83,0.35,2.28,1073,24,0,,EUR
TT_LETO26_BrandAware,1789010001,InFeed_Retarget,07/09/2026,25-34,Female,13.94,10.12,0.41,2.47,1377,34,0,,EUR
TT_PRODUKTLAUNCH26,1789010002,Spark_Ads,10/23/2026,18-24,Male,24.82,4.9,0.34,1.44,5065,73,1,24.82,EUR
TT_LETO26_BrandAware,1789010001,Spark_Awareness,07/12/2026,25-34,Female,14.96,4.91,0.34,1.46,3047,44,0,,EUR
TT_PRODUKTLAUNCH26,1789010002,InFeed_Launch,10/10/2026,45-54,Male,21.42,5.22,0.34,1.55,4103,63,1,21.42,EUR
TT_PRODUKTLAUNCH26,1789010002,InFeed_Launch,09/29/2026,45-54,Female,19.89,6.24,0.39,1.59,3186,51,1,19.89,EUR
TT_LETO26_BrandAware,1789010001,Spark_Awareness,06/11/2026,18-24,Male,11.02,4.34,0.38,1.14,2542,29,0,,EUR
TT_PRODUKTLAUNCH26,1789010002,InFeed_Launch,10/01/2026,25-34,Female,18.62,6.08,0.38,1.61,3061,49,0,,EUR
TT_LETO26_BrandAware,1789010001,InFeed_Retarget,06/06/2026,45-54,Male,9.0,6.82,0.3,2.26,1319,30,0,,EUR
TT_LETO26_BrandAware,1789010001,InFeed_Prospecting,06/04/2026,18-24,Male,15.93,5.21,0.27,1.94,3057,59,0,,EUR
TT_PRODUKTLAUNCH26,1789010002,TopView,09/09/2026,45-54,Female,42.84,7.73,0.63,1.22,5539,68,0,,EUR
TT_PRODUKTLAUNCH26,1789010002,InFeed_Launch,09/18/2026,25-34,Female,30.42,9.28,0.39,2.39,3278,78,1,30.42,EUR
TT_LETO26_BrandAware,1789010001,InFeed_Prospecting,07/29/2026,65+,Female,10.2,5.31,0.3,1.77,1920,34,0,,EUR
TT_PRODUKTLAUNCH26,1789010002,InFeed_Launch,08/17/2026,55-64,Male,11.2,5.32,0.4,1.34,2104,28,0,,EUR
TT_LETO26_BrandAware,1789010001,InFeed_Retarget,06/04/2026,65+,Female,4.51,7.67,0.41,1.82,588,11,0,,EUR
TT_LETO26_BrandAware,1789010001,InFeed_Prospecting,07/05/2026,18-24,Female,20.52,5.98,0.38,1.57,3431,54,0,,EUR
TT_LETO26_BrandAware,1789010001,InFeed_Prospecting,07/24/2026,45-54,Male,10.92,4.19,0.42,1.01,2605,26,0,,EUR
TT_LETO26_BrandAware,1789010001,InFeed_Retarget,08/07/2026,18-24,Male,12.92,8.12,0.34,2.36,1592,38,0,,EUR
TT_LETO26_BrandAware,1789010001,Spark_Awareness,07/12/2026,65+,Female,6.08,7.95,0.38,2.07,765,16,0,,EUR
TT_LETO26_BrandAware,1789010001,InFeed_Retarget,08/04/2026,65+,Male,3.33,7.19,0.37,1.97,463,9,0,,EUR
TT_PRODUKTLAUNCH26,1789010002,Spark_Ads,08/16/2026,25-34,Female,31.74,5.99,0.46,1.31,5295,69,1,31.74,EUR
TT_PRODUKTLAUNCH26,1789010002,Spark_Ads,10/09/2026,25-34,Female,30.42,5.84,0.39,1.49,5211,78,1,30.42,EUR
TT_LETO26_BrandAware,1789010001,InFeed_Prospecting,07/23/2026,25-34,Female,14.96,3.89,0.34,1.14,3842,44,0,,EUR
TT_PRODUKTLAUNCH26,1789010002,Spark_Ads,08/27/2026,35-44,Female,34.3,9.55,0.49,1.94,3593,70,1,34.3,EUR
TT_PRODUKTLAUNCH26,1789010002,TopView,09/22/2026,55-64,Female,15.48,4.34,0.43,1.02,3569,36,0,,EUR
TT_PRODUKTLAUNCH26,1789010002,InFeed_Launch,10/01/2026,65+,Female,5.55,4.78,0.37,1.33,1162,15,0,,EUR
TT_LETO26_BrandAware,1789010001,InFeed_Prospecting,07/04/2026,65+,Male,9.86,5.74,0.29,1.99,1718,34,0,,EUR
TT_LETO26_BrandAware,1789010001,Spark_Awareness,06/17/2026,45-54,Female,15.91,5.32,0.37,1.44,2992,43,0,,EUR
TT_PRODUKTLAUNCH26,1789010002,InFeed_Launch,08/29/2026,55-64,Male,12.58,6.81,0.37,1.83,1848,34,0,,EUR
TT_PRODUKTLAUNCH26,1789010002,Spark_Ads,09/03/2026,25-34,Male,44.66,6.16,0.29,2.13,7245,154,2,22.33,EUR
TT_PRODUKTLAUNCH26,1789010002,TopView,09/06/2026,65+,Male,19.8,5.64,0.6,0.93,3508,33,0,,EUR
TT_LETO26_BrandAware,1789010001,InFeed_Retarget,06/08/2026,65+,Female,4.55,8.63,0.35,2.54,527,13,0,,EUR
TT_LETO26_BrandAware,1789010001,Spark_Awareness,06/11/2026,65+,Male,13.92,9.72,0.48,2.06,1432,29,0,,EUR
TT_PRODUKTLAUNCH26,1789010002,InFeed_Launch,08/28/2026,35-44,Female,18.4,6.62,0.4,1.65,2781,46,0,,EUR
TT_PRODUKTLAUNCH26,1789010002,Spark_Ads,08/28/2026,55-64,Female,33.6,8.88,0.48,1.85,3784,70,1,33.6,EUR
TT_PRODUKTLAUNCH26,1789010002,InFeed_Launch,10/02/2026,25-34,Male,51.6,9.08,0.4,2.28,5683,129,1,51.6,EUR
TT_PRODUKTLAUNCH26,1789010002,Spark_Ads,10/19/2026,45-54,Male,21.7,6.19,0.31,1.99,3503,70,1,21.7,EUR
TT_LETO26_BrandAware,1789010001,InFeed_Retarget,06/16/2026,18-24,Female,6.97,6.64,0.41,1.65,1050,17,0,,EUR
TT_PRODUKTLAUNCH26,1789010002,InFeed_Launch,09/02/2026,65+,Female,10.35,9.35,0.45,2.08,1107,23,0,,EUR
TT_PRODUKTLAUNCH26,1789010002,Spark_Ads,08/16/2026,35-44,Female,15.64,4.47,0.34,1.3,3502,46,1,15.64,EUR
TT_PRODUKTLAUNCH26,1789010002,InFeed_Launch,08/19/2026,45-54,Female,32.56,9.7,0.44,2.2,3356,74,1,32.56,EUR
TT_PRODUKTLAUNCH26,1789010002,InFeed_Launch,08/19/2026,45-54,Male,16.74,4.26,0.31,1.36,3934,54,1,16.74,EUR
TT_LETO26_BrandAware,1789010001,Spark_Awareness,07/19/2026,65+,Female,3.84,4.34,0.32,1.31,884,12,0,,EUR
TT_LETO26_BrandAware,1789010001,InFeed_Prospecting,07/15/2026,45-54,Female,8.99,3.85,0.31,1.26,2338,29,0,,EUR
TT_PRODUKTLAUNCH26,1789010002,InFeed_Launch,10/12/2026,35-44,Male,24.8,6.21,0.31,2.01,3993,80,1,24.8,EUR
TT_LETO26_BrandAware,1789010001,Spark_Awareness,06/30/2026,45-54,Male,19.08,7.46,0.36,2.08,2559,53,0,,EUR
TT_PRODUKTLAUNCH26,1789010002,InFeed_Launch,08/17/2026,18-24,Male,20.0,10.09,0.4,2.51,1982,50,0,,EUR
TT_PRODUKTLAUNCH26,1789010002,TopView,09/26/2026,35-44,Female,33.66,5.05,0.51,0.99,6665,66,0,,EUR
TT_PRODUKTLAUNCH26,1789010002,TopView,08/26/2026,35-44,Male,39.22,7.34,0.53,1.39,5340,74,0,,EUR
TT_LETO26_BrandAware,1789010001,Spark_Awareness,06/03/2026,65+,Female,5.18,5.51,0.37,1.5,940,14,0,,EUR
TT_PRODUKTLAUNCH26,1789010002,InFeed_Launch,08/31/2026,18-24,Male,21.62,6.64,0.47,1.42,3258,46,0,,EUR
TT_PRODUKTLAUNCH26,1789010002,Spark_Ads,09/23/2026,35-44,Female,37.44,10.8,0.48,2.24,3468,78,1,37.44,EUR
TT_PRODUKTLAUNCH26,1789010002,Spark_Ads,10/13/2026,35-44,Female,43.32,8.75,0.38,2.3,4952,114,1,43.32,EUR
TT_LETO26_BrandAware,1789010001,InFeed_Retarget,07/14/2026,55-64,Male,6.8,8.3,0.34,2.41,819,20,0,,EUR
TT_PRODUKTLAUNCH26,1789010002,TopView,09/07/2026,45-54,Male,31.35,7.47,0.57,1.3,4196,55,0,,EUR
TT_LETO26_BrandAware,1789010001,Spark_Awareness,06/18/2026,35-44,Female,5.61,3.34,0.33,1.02,1679,17,0,,EUR
TT_LETO26_BrandAware,1789010001,Spark_Awareness,06/19/2026,25-34,Male,22.56,5.78,0.47,1.23,3906,48,0,,EUR
TT_LETO26_BrandAware,1789010001,Spark_Awareness,08/01/2026,25-34,Female,13.05,5.6,0.45,1.23,2332,29,0,,EUR
TT_LETO26_BrandAware,1789010001,Spark_Awareness,07/16/2026,65+,Female,6.0,4.63,0.3,1.54,1296,20,0,,EUR
TT_LETO26_BrandAware,1789010001,Spark_Awareness,07/13/2026,18-24,Female,14.04,5.06,0.36,1.42,2776,39,0,,EUR
TT_LETO26_BrandAware,1789010001,Spark_Awareness,07/14/2026,18-24,Male,12.6,5.62,0.28,2.02,2242,45,0,,EUR
TT_LETO26_BrandAware,1789010001,InFeed_Prospecting,07/07/2026,25-34,Female,24.7,7.25,0.38,1.91,3407,65,0,,EUR
TT_PRODUKTLAUNCH26,1789010002,TopView,09/01/2026,65+,Female,12.65,3.64,0.55,0.66,3474,23,0,,EUR
TT_PRODUKTLAUNCH26,1789010002,TopView,08/22/2026,25-34,Male,68.4,6.82,0.57,1.2,10024,120,1,68.4,EUR
TT_LETO26_BrandAware,1789010001,InFeed_Prospecting,07/31/2026,18-24,Male,24.82,6.66,0.34,1.96,3724,73,0,,EUR
TT_LETO26_BrandAware,1789010001,InFeed_Retarget,07/14/2026,18-24,Female,7.6,7.64,0.4,1.86,995,19,0,,EUR
TT_LETO26_BrandAware,1789010001,Spark_Awareness,07/23/2026,45-54,Female,13.65,5.91,0.35,1.68,2310,39,0,,EUR
TT_PRODUKTLAUNCH26,1789010002,InFeed_Launch,08/15/2026,65+,Female,18.87,10.05,0.51,1.97,1878,37,0,,EUR
TT_PRODUKTLAUNCH26,1789010002,InFeed_Launch,10/20/2026,18-24,Male,23.18,7.62,0.38,1.99,3041,61,1,23.18,EUR
TT_LETO26_BrandAware,1789010001,InFeed_Prospecting,07/24/2026,55-64,Female,16.4,6.69,0.41,1.63,2451,40,0,,EUR
TT_LETO26_BrandAware,1789010001,InFeed_Prospecting,06/03/2026,65+,Female,7.03,6.5,0.37,1.77,1081,19,0,,EUR
TT_PRODUKTLAUNCH26,1789010002,Spark_Ads,10/05/2026,18-24,Male,29.28,7.8,0.48,1.62,3756,61,1,29.28,EUR
TT_PRODUKTLAUNCH26,1789010002,TopView,10/26/2026,18-24,Female,27.44,4.51,0.56,0.81,6091,49,0,,EUR
TT_PRODUKTLAUNCH26,1789010002,Spark_Ads,10/25/2026,45-54,Female,20.9,6.12,0.38,1.6,3413,55,1,20.9,EUR
TT_PRODUKTLAUNCH26,1789010002,Spark_Ads,09/23/2026,18-24,Male,33.82,6.44,0.38,1.7,5249,89,1,33.82,EUR
TT_PRODUKTLAUNCH26,1789010002,InFeed_Launch,10/17/2026,65+,Female,9.4,8.9,0.47,1.93,1056,20,0,,EUR
TT_LETO26_BrandAware,1789010001,InFeed_Prospecting,06/27/2026,25-34,Female,21.06,4.97,0.39,1.28,4236,54,0,,EUR
TT_PRODUKTLAUNCH26,1789010002,InFeed_Launch,09/27/2026,18-24,Male,8.4,4.22,0.3,1.41,1989,28,0,,EUR
TT_PRODUKTLAUNCH26,1789010002,InFeed_Launch,09/14/2026,55-64,Male,9.52,6.6,0.34,1.94,1443,28,0,,EUR
TT_PRODUKTLAUNCH26,1789010002,TopView,10/16/2026,65+,Female,21.0,7.84,0.6,1.3,2678,35,0,,EUR
TT_PRODUKTLAUNCH26,1789010002,Spark_Ads,10/02/2026,55-64,Female,21.42,5.55,0.34,1.64,3856,63,1,21.42,EUR
TT_PRODUKTLAUNCH26,1789010002,InFeed_Launch,08/31/2026,35-44,Male,20.21,9.11,0.47,1.93,2219,43,0,,EUR
TT_LETO26_BrandAware,1789010001,InFeed_Retarget,08/09/2026,25-34,Female,21.93,10.96,0.43,2.56,2001,51,0,,EUR
TT_PRODUKTLAUNCH26,1789010002,InFeed_Launch,09/09/2026,65+,Female,6.82,4.95,0.31,1.61,1377,22,0,,EUR
TT_LETO26_BrandAware,1789010001,InFeed_Retarget,06/30/2026,18-24,Male,11.34,6.43,0.42,1.51,1764,27,0,,EUR
TT_PRODUKTLAUNCH26,1789010002,InFeed_Launch,10/15/2026,18-24,Female,21.15,6.85,0.47,1.46,3089,45,0,,EUR
TT_PRODUKTLAUNCH26,1789010002,InFeed_Launch,09/20/2026,65+,Female,13.8,7.31,0.46,1.61,1887,30,0,,EUR
TT_LETO26_BrandAware,1789010001,Spark_Awareness,06/17/2026,35-44,Female,19.32,5.01,0.42,1.2,3856,46,0,,EUR
TT_PRODUKTLAUNCH26,1789010002,TopView,09/13/2026,18-24,Male,27.73,5.98,0.47,1.28,4637,59,0,,EUR
TT_LETO26_BrandAware,1789010001,InFeed_Retarget,06/02/2026,35-44,Male,14.82,8.31,0.39,2.11,1783,38,0,,EUR
TT_LETO26_BrandAware,1789010001,InFeed_Prospecting,07/31/2026,35-44,Male,18.87,3.62,0.37,0.98,5215,51,0,,EUR
TT_LETO26_BrandAware,1789010001,InFeed_Retarget,07/07/2026,25-34,Female,16.5,8.72,0.33,2.63,1892,50,0,,EUR
TT_LETO26_BrandAware,1789010001,Spark_Awareness,07/13/2026,35-44,Female,13.65,4.8,0.35,1.38,2844,39,0,,EUR
TT_PRODUKTLAUNCH26,1789010002,Spark_Ads,08/20/2026,18-24,Female,34.44,9.03,0.42,2.16,3812,82,1,34.44,EUR
TT_PRODUKTLAUNCH26,1789010002,Spark_Ads,09/09/2026,18-24,Female,26.28,7.67,0.36,2.13,3425,73,1,26.28,EUR
TT_PRODUKTLAUNCH26,1789010002,InFeed_Launch,09/10/2026,45-54,Female,25.6,7.89,0.4,1.99,3246,64,1,25.6,EUR
TT_PRODUKTLAUNCH26,1789010002,TopView,10/17/2026,65+,Male,16.5,4.31,0.55,0.79,3827,30,0,,EUR
TT_PRODUKTLAUNCH26,1789010002,Spark_Ads,09/13/2026,55-64,Male,20.58,5.64,0.49,1.14,3646,42,1,20.58,EUR
TT_LETO26_BrandAware,1789010001,InFeed_Retarget,07/11/2026,35-44,Male,17.34,9.05,0.34,2.66,1917,51,0,,EUR
TT_LETO26_BrandAware,1789010001,InFeed_Retarget,08/05/2026,45-54,Male,13.94,10.89,0.41,2.69,1280,34,0,,EUR
TT_PRODUKTLAUNCH26,1789010002,Spark_Ads,10/15/2026,45-54,Male,34.72,5.94,0.28,2.12,5850,124,1,34.72,EUR
TT_LETO26_BrandAware,1789010001,InFeed_Retarget,08/04/2026,65+,Female,6.66,8.55,0.37,2.29,779,18,0,,EUR
TT_LETO26_BrandAware,1789010001,Spark_Awareness,08/02/2026,25-34,Male,26.1,6.8,0.45,1.52,3837,58,0,,EUR
TT_PRODUKTLAUNCH26,1789010002,Spark_Ads,08/26/2026,65+,Female,12.15,6.09,0.45,1.34,1996,27,0,,EUR
TT_LETO26_BrandAware,1789010001,InFeed_Retarget,07/01/2026,55-64,Female,7.56,5.78,0.36,1.59,1308,21,0,,EUR
TT_PRODUKTLAUNCH26,1789010002,InFeed_Launch,10/26/2026,35-44,Female,38.11,9.22,0.37,2.49,4135,103,1,38.11,EUR
TT_PRODUKTLAUNCH26,1789010002,InFeed_Launch,10/20/2026,65+,Female,13.65,6.97,0.35,1.98,1959,39,0,,EUR
TT_PRODUKTLAUNCH26,1789010002,TopView,10/22/2026,35-44,Male,46.86,8.92,0.66,1.36,5253,71,0,,EUR
TT_LETO26_BrandAware,1789010001,Spark_Awareness,06/18/2026,18-24,Male,22.78,7.01,0.34,2.06,3249,67,0,,EUR
TT_PRODUKTLAUNCH26,1789010002,TopView,09/13/2026,65+,Male,13.92,5.27,0.48,1.09,2640,29,0,,EUR
TT_PRODUKTLAUNCH26,1789010002,TopView,10/28/2026,18-24,Female,22.26,4.97,0.53,0.94,4478,42,0,,EUR
TT_PRODUKTLAUNCH26,1789010002,TopView,10/26/2026,45-54,Male,12.04,3.18,0.43,0.73,3792,28,0,,EUR
TT_PRODUKTLAUNCH26,1789010002,Spark_Ads,10/28/2026,18-24,Male,29.97,5.54,0.37,1.5,5405,81,1,29.97,EUR
TT_LETO26_BrandAware,1789010001,InFeed_Prospecting,07/07/2026,35-44,Male,8.37,2.6,0.27,0.96,3216,31,0,,EUR
TT_LETO26_BrandAware,1789010001,InFeed_Prospecting,06/18/2026,45-54,Male,21.93,8.18,0.43,1.9,2682,51,0,,EUR
TT_LETO26_BrandAware,1789010001,InFeed_Prospecting,07/20/2026,18-24,Female,16.8,7.55,0.4,1.91,2224,42,0,,EUR
TT_PRODUKTLAUNCH26,1789010002,InFeed_Launch,09/24/2026,45-54,Male,21.15,6.37,0.45,1.42,3320,47,0,,EUR
TT_PRODUKTLAUNCH26,1789010002,Spark_Ads,09/02/2026,18-24,Male,29.64,5.85,0.38,1.54,5063,78,1,29.64,EUR
TT_PRODUKTLAUNCH26,1789010002,TopView,09/20/2026,35-44,Female,36.6,5.05,0.61,0.83,7241,60,0,,EUR
TT_PRODUKTLAUNCH26,1789010002,Spark_Ads,09/04/2026,25-34,Male,32.68,4.92,0.38,1.29,6639,86,1,32.68,EUR
TT_PRODUKTLAUNCH26,1789010002,TopView,08/29/2026,18-24,Male,28.08,4.95,0.54,0.92,5671,52,0,,EUR
TT_LETO26_BrandAware,1789010001,InFeed_Retarget,06/16/2026,35-44,Female,10.25,6.83,0.41,1.66,1501,25,0,,EUR
TT_PRODUKTLAUNCH26,1789010002,TopView,10/02/2026,45-54,Female,25.2,3.8,0.45,0.84,6628,56,0,,EUR
TT_LETO26_BrandAware,1789010001,Spark_Awareness,06/20/2026,35-44,Male,25.83,6.16,0.41,1.51,4190,63,0,,EUR
TT_PRODUKTLAUNCH26,1789010002,Spark_Ads,10/07/2026,25-34,Female,51.66,9.72,0.42,2.31,5317,123,1,51.66,EUR
TT_LETO26_BrandAware,1789010001,InFeed_Prospecting,08/10/2026,25-34,Male,12.71,2.9,0.31,0.93,4389,41,0,,EUR
TT_PRODUKTLAUNCH26,1789010002,InFeed_Launch,10/12/2026,18-24,Male,20.7,10.6,0.46,2.29,1953,45,0,,EUR
TT_LETO26_BrandAware,1789010001,Spark_Awareness,06/30/2026,55-64,Male,13.26,5.4,0.39,1.4,2455,34,0,,EUR
TT_PRODUKTLAUNCH26,1789010002,InFeed_Launch,09/13/2026,45-54,Female,19.27,11.64,0.47,2.48,1655,41,0,,EUR
TT_PRODUKTLAUNCH26,1789010002,InFeed_Launch,10/21/2026,35-44,Female,11.48,5.59,0.41,1.38,2053,28,0,,EUR
TT_PRODUKTLAUNCH26,1789010002,Spark_Ads,08/18/2026,18-24,Female,26.23,9.82,0.43,2.27,2670,61,1,26.23,EUR
TT_PRODUKTLAUNCH26,1789010002,Spark_Ads,10/28/2026,45-54,Female,22.05,5.49,0.45,1.21,4020,49,1,22.05,EUR
TT_LETO26_BrandAware,1789010001,InFeed_Retarget,08/14/2026,35-44,Male,12.47,10.43,0.43,2.42,1196,29,0,,EUR
TT_PRODUKTLAUNCH26,1789010002,Spark_Ads,10/15/2026,45-54,Female,43.2,8.95,0.45,1.99,4828,96,1,43.2,EUR
TT_PRODUKTLAUNCH26,1789010002,Spark_Ads,09/24/2026,55-64,Female,14.21,3.68,0.29,1.27,3863,49,1,14.21,EUR
TT_PRODUKTLAUNCH26,1789010002,TopView,08/27/2026,65+,Male,28.98,9.66,0.69,1.39,3001,42,0,,EUR
TT_LETO26_BrandAware,1789010001,InFeed_Retarget,07/23/2026,55-64,Female,10.88,9.24,0.32,2.87,1177,34,0,,EUR
TT_LETO26_BrandAware,1789010001,InFeed_Retarget,06/18/2026,18-24,Female,10.29,8.23,0.49,1.67,1250,21,0,,EUR
TT_LETO26_BrandAware,1789010001,InFeed_Prospecting,07/20/2026,55-64,Female,8.37,4.84,0.31,1.55,1728,27,0,,EUR
TT_LETO26_BrandAware,1789010001,Spark_Awareness,06/16/2026,18-24,Female,7.5,4.63,0.3,1.54,1619,25,0,,EUR
TT_LETO26_BrandAware,1789010001,Spark_Awareness,08/13/2026,45-54,Male,9.5,3.87,0.38,1.01,2453,25,0,,EUR
TT_PRODUKTLAUNCH26,1789010002,InFeed_Launch,10/16/2026,25-34,Male,36.66,6.99,0.39,1.79,5248,94,1,36.66,EUR
TT_PRODUKTLAUNCH26,1789010002,InFeed_Launch,09/05/2026,65+,Male,10.08,6.21,0.42,1.48,1622,24,0,,EUR
TT_LETO26_BrandAware,1789010001,Spark_Awareness,07/21/2026,45-54,Female,8.68,5.78,0.31,1.88,1503,28,0,,EUR
TT_PRODUKTLAUNCH26,1789010002,TopView,10/12/2026,45-54,Female,33.6,6.34,0.56,1.14,5302,60,0,,EUR
TT_PRODUKTLAUNCH26,1789010002,TopView,10/01/2026,45-54,Female,36.72,5.53,0.68,0.81,6641,54,0,,EUR
TT_PRODUKTLAUNCH26,1789010002,TopView,08/16/2026,45-54,Male,51.75,8.42,0.69,1.23,6144,75,0,,EUR
TT_PRODUKTLAUNCH26,1789010002,Spark_Ads,09/03/2026,25-34,Female,23.12,4.91,0.34,1.45,4712,68,1,23.12,EUR
TT_PRODUKTLAUNCH26,1789010002,InFeed_Launch,10/04/2026,45-54,Female,27.72,9.67,0.42,2.3,2866,66,1,27.72,EUR
TT_LETO26_BrandAware,1789010001,Spark_Awareness,07/23/2026,35-44,Female,8.0,4.82,0.4,1.2,1660,20,0,,EUR
TT_LETO26_BrandAware,1789010001,Spark_Awareness,08/14/2026,45-54,Female,10.12,5.09,0.46,1.11,1987,22,0,,EUR
TT_PRODUKTLAUNCH26,1789010002,InFeed_Launch,10/28/2026,45-54,Male,16.72,5.0,0.38,1.32,3342,44,0,,EUR
TT_LETO26_BrandAware,1789010001,InFeed_Retarget,07/15/2026,65+,Female,7.8,9.15,0.39,2.39,852,20,0,,EUR
TT_LETO26_BrandAware,1789010001,InFeed_Prospecting,07/25/2026,55-64,Female,13.95,5.27,0.45,1.16,2646,31,0,,EUR
TT_PRODUKTLAUNCH26,1789010002,TopView,10/02/2026,65+,Female,17.15,5.79,0.49,1.18,2962,35,0,,EUR
TT_LETO26_BrandAware,1789010001,InFeed_Retarget,07/23/2026,65+,Male,7.36,13.24,0.46,2.91,556,16,0,,EUR
TT_LETO26_BrandAware,1789010001,InFeed_Prospecting,06/26/2026,55-64,Female,9.2,4.05,0.4,1.01,2274,23,0,,EUR
TT_LETO26_BrandAware,1789010001,Spark_Awareness,07/22/2026,18-24,Female,19.74,9.16,0.47,1.94,2156,42,0,,EUR
TT_LETO26_BrandAware,1789010001,InFeed_Prospecting,07/15/2026,65+,Male,7.98,3.57,0.38,0.96,2234,21,0,,EUR
TT_PRODUKTLAUNCH26,1789010002,Spark_Ads,10/26/2026,35-44,Male,19.8,4.76,0.3,1.6,4156,66,1,19.8,EUR
TT_PRODUKTLAUNCH26,1789010002,TopView,10/14/2026,35-44,Male,39.44,7.99,0.58,1.37,4938,68,0,,EUR
TT_LETO26_BrandAware,1789010001,Spark_Awareness,07/11/2026,65+,Female,9.36,7.22,0.36,1.98,1297,26,0,,EUR
TT_LETO26_BrandAware,1789010001,Spark_Awareness,07/10/2026,45-54,Female,9.3,5.07,0.31,1.65,1833,30,0,,EUR
TT_PRODUKTLAUNCH26,1789010002,InFeed_Launch,09/14/2026,45-54,Male,44.18,11.65,0.47,2.48,3791,94,1,44.18,EUR
TT_PRODUKTLAUNCH26,1789010002,TopView,10/02/2026,55-64,Female,19.6,6.17,0.56,1.11,3178,35,0,,EUR
TT_PRODUKTLAUNCH26,1789010002,TopView,09/09/2026,65+,Male,14.7,4.82,0.49,0.98,3047,30,0,,EUR
TT_PRODUKTLAUNCH26,1789010002,InFeed_Launch,08/21/2026,18-24,Female,21.56,7.77,0.49,1.58,2773,44,0,,EUR
TT_PRODUKTLAUNCH26,1789010002,Spark_Ads,10/05/2026,45-54,Male,59.78,10.42,0.49,2.13,5737,122,1,59.78,EUR
TT_PRODUKTLAUNCH26,1789010002,InFeed_Launch,09/15/2026,45-54,Female,19.8,10.14,0.44,2.3,1953,45,0,,EUR
TT_LETO26_BrandAware,1789010001,Spark_Awareness,07/23/2026,18-24,Female,14.4,9.88,0.45,2.2,1457,32,0,,EUR
TT_PRODUKTLAUNCH26,1789010002,InFeed_Launch,10/02/2026,45-54,Male,27.0,8.5,0.5,1.71,3178,54,1,27.0,EUR
TT_LETO26_BrandAware,1789010001,Spark_Awareness,06/14/2026,18-24,Male,16.52,5.97,0.28,2.13,2766,59,0,,EUR
TT_PRODUKTLAUNCH26,1789010002,InFeed_Launch,09/06/2026,45-54,Female,23.22,9.15,0.43,2.11,2539,54,1,23.22,EUR
TT_LETO26_BrandAware,1789010001,InFeed_Retarget,06/11/2026,35-44,Male,8.36,7.52,0.44,1.7,1112,19,0,,EUR
TT_LETO26_BrandAware,1789010001,InFeed_Retarget,08/08/2026,25-34,Male,18.0,7.69,0.36,2.16,2342,50,0,,EUR
TT_PRODUKTLAUNCH26,1789010002,TopView,09/15/2026,18-24,Male,15.12,4.76,0.56,0.85,3176,27,0,,EUR
TT_LETO26_BrandAware,1789010001,InFeed_Prospecting,07/22/2026,45-54,Male,12.76,2.62,0.29,0.9,4879,44,0,,EUR
TT_LETO26_BrandAware,1789010001,InFeed_Retarget,06/26/2026,18-24,Male,8.06,5.82,0.31,1.91,1386,26,0,,EUR
TT_PRODUKTLAUNCH26,1789010002,Spark_Ads,09/24/2026,25-34,Male,45.0,6.51,0.45,1.45,6908,100,1,45.0,EUR
TT_PRODUKTLAUNCH26,1789010002,Spark_Ads,10/08/2026,35-44,Female,41.16,8.19,0.42,1.94,5023,98,1,41.16,EUR
TT_LETO26_BrandAware,1789010001,InFeed_Prospecting,07/25/2026,45-54,Female,15.9,5.63,0.3,1.89,2824,53,0,,EUR
TT_LETO26_BrandAware,1789010001,InFeed_Prospecting,06/11/2026,35-44,Male,9.52,3.37,0.28,1.2,2825,34,0,,EUR
TT_LETO26_BrandAware,1789010001,InFeed_Prospecting,06/14/2026,65+,Male,5.76,4.82,0.36,1.31,1195,16,0,,EUR
TT_PRODUKTLAUNCH26,1789010002,Spark_Ads,09/30/2026,45-54,Female,16.8,4.84,0.35,1.38,3469,48,1,16.8,EUR
TT_PRODUKTLAUNCH26,1789010002,TopView,09/17/2026,55-64,Male,25.3,5.72,0.46,1.25,4425,55,0,,EUR
TT_LETO26_BrandAware,1789010001,InFeed_Prospecting,06/04/2026,55-64,Male,19.27,6.05,0.41,1.48,3183,47,0,,EUR
TT_PRODUKTLAUNCH26,1789010002,TopView,10/15/2026,65+,Male,14.84,5.51,0.53,1.04,2695,28,0,,EUR
TT_LETO26_BrandAware,1789010001,InFeed_Retarget,06/11/2026,35-44,Female,21.06,11.44,0.39,2.94,1841,54,0,,EUR
TT_PRODUKTLAUNCH26,1789010002,TopView,10/26/2026,55-64,Male,20.8,7.11,0.52,1.35,2927,40,0,,EUR
TT_PRODUKTLAUNCH26,1789010002,TopView,10/13/2026,55-64,Male,22.68,4.04,0.54,0.75,5610,42,0,,EUR
TT_LETO26_BrandAware,1789010001,InFeed_Prospecting,07/31/2026,25-34,Female,33.82,6.06,0.38,1.59,5582,89,0,,EUR
TT_LETO26_BrandAware,1789010001,Spark_Awareness,08/11/2026,65+,Male,6.63,4.09,0.39,1.06,1620,17,0,,EUR
TT_PRODUKTLAUNCH26,1789010002,TopView,09/29/2026,25-34,Male,41.4,4.52,0.45,1.0,9157,92,1,41.4,EUR
TT_LETO26_BrandAware,1789010001,InFeed_Prospecting,07/23/2026,18-24,Male,19.2,5.41,0.4,1.36,3546,48,0,,EUR
TT_LETO26_BrandAware,1789010001,InFeed_Prospecting,08/11/2026,25-34,Male,15.5,3.87,0.25,1.55,4009,62,0,,EUR
TT_PRODUKTLAUNCH26,1789010002,Spark_Ads,10/16/2026,65+,Female,10.12,4.92,0.44,1.12,2056,23,0,,EUR
TT_PRODUKTLAUNCH26,1789010002,TopView,09/29/2026,18-24,Male,41.3,7.8,0.59,1.32,5296,70,0,,EUR
TT_LETO26_BrandAware,1789010001,InFeed_Prospecting,07/28/2026,18-24,Male,18.15,4.47,0.33,1.35,4064,55,0,,EUR
TT_PRODUKTLAUNCH26,1789010002,InFeed_Launch,10/13/2026,65+,Male,9.86,4.99,0.34,1.49,1976,29,0,,EUR
TT_LETO26_BrandAware,1789010001,Spark_Awareness,06/11/2026,35-44,Female,7.68,4.15,0.32,1.27,1850,24,0,,EUR
TT_LETO26_BrandAware,1789010001,Spark_Awareness,07/31/2026,35-44,Female,35.04,9.44,0.48,1.95,3712,73,0,,EUR
TT_PRODUKTLAUNCH26,1789010002,InFeed_Launch,10/23/2026,65+,Female,17.02,11.34,0.46,2.49,1501,37,0,,EUR
TT_LETO26_BrandAware,1789010001,InFeed_Prospecting,06/10/2026,18-24,Female,11.4,5.14,0.38,1.36,2218,30,0,,EUR
TT_PRODUKTLAUNCH26,1789010002,Spark_Ads,10/12/2026,25-34,Male,29.2,6.08,0.4,1.53,4800,73,1,29.2,EUR
TT_LETO26_BrandAware,1789010001,InFeed_Prospecting,07/18/2026,35-44,Male,14.52,4.67,0.33,1.42,3112,44,0,,EUR
TT_PRODUKTLAUNCH26,1789010002,InFeed_Launch,10/01/2026,35-44,Female,22.08,8.06,0.46,1.74,2739,48,0,,EUR
TT_LETO26_BrandAware,1789010001,InFeed_Prospecting,06/04/2026,65+,Male,8.4,4.72,0.4,1.19,1779,21,0,,EUR
TT_LETO26_BrandAware,1789010001,InFeed_Prospecting,06/04/2026,55-64,Female,7.26,3.88,0.33,1.16,1872,22,0,,EUR
TT_PRODUKTLAUNCH26,1789010002,InFeed_Launch,09/02/2026,25-34,Female,24.0,9.62,0.48,2.02,2494,50,0,,EUR
TT_LETO26_BrandAware,1789010001,InFeed_Retarget,06/24/2026,25-34,Male,15.12,10.35,0.36,2.9,1461,42,0,,EUR
TT_PRODUKTLAUNCH26,1789010002,InFeed_Launch,09/02/2026,25-34,Male,59.29,12.16,0.49,2.48,4875,121,1,59.29,EUR
TT_LETO26_BrandAware,1789010001,InFeed_Prospecting,06/02/2026,25-34,Female,48.16,8.61,0.43,2.0,5594,112,0,,EUR
TT_PRODUKTLAUNCH26,1789010002,InFeed_Launch,08/20/2026,35-44,Female,29.64,8.46,0.39,2.18,3505,76,1,29.64,EUR
TT_LETO26_BrandAware,1789010001,InFeed_Prospecting,06/17/2026,65+,Male,8.58,7.32,0.39,1.89,1172,22,0,,EUR
TT_LETO26_BrandAware,1789010001,Spark_Awareness,06/28/2026,35-44,Female,23.92,8.49,0.46,1.83,2818,52,0,,EUR
TT_LETO26_BrandAware,1789010001,InFeed_Retarget,07/13/2026,18-24,Female,4.2,5.53,0.3,1.9,760,14,0,,EUR
TT_LETO26_BrandAware,1789010001,InFeed_Prospecting,06/21/2026,25-34,Female,34.4,7.14,0.4,1.78,4820,86,0,,EUR
TT_PRODUKTLAUNCH26,1789010002,InFeed_Launch,09/06/2026,25-34,Male,45.08,10.09,0.46,2.19,4466,98,1,45.08,EUR
TT_LETO26_BrandAware,1789010001,Spark_Awareness,07/21/2026,35-44,Female,15.75,6.39,0.45,1.4,2463,35,0,,EUR
TT_PRODUKTLAUNCH26,1789010002,Spark_Ads,09/21/2026,45-54,Male,37.1,7.85,0.35,2.24,4726,106,1,37.1,EUR
TT_LETO26_BrandAware,1789010001,InFeed_Retarget,08/12/2026,25-34,Female,17.02,10.64,0.46,2.33,1599,37,0,,EUR
TT_LETO26_BrandAware,1789010001,InFeed_Retarget,07/08/2026,25-34,Female,11.52,8.16,0.32,2.57,1411,36,0,,EUR
TT_PRODUKTLAUNCH26,1789010002,TopView,08/19/2026,35-44,Female,53.82,8.5,0.69,1.24,6332,78,0,,EUR
TT_LETO26_BrandAware,1789010001,InFeed_Retarget,08/04/2026,18-24,Female,7.22,8.04,0.38,2.1,898,19,0,,EUR
TT_PRODUKTLAUNCH26,1789010002,Spark_Ads,09/04/2026,55-64,Female,23.22,7.63,0.43,1.78,3043,54,1,23.22,EUR
TT_PRODUKTLAUNCH26,1789010002,TopView,10/07/2026,35-44,Female,42.7,7.25,0.61,1.19,5892,70,0,,EUR
TT_PRODUKTLAUNCH26,1789010002,TopView,09/16/2026,18-24,Male,21.93,6.39,0.51,1.25,3434,43,0,,EUR
TT_PRODUKTLAUNCH26,1789010002,InFeed_Launch,10/21/2026,55-64,Male,25.35,9.08,0.39,2.33,2793,65,1,25.35,EUR
TT_PRODUKTLAUNCH26,1789010002,TopView,09/16/2026,55-64,Female,10.8,4.04,0.4,0.99,2674,27,0,,EUR
TT_PRODUKTLAUNCH26,1789010002,Spark_Ads,08/16/2026,45-54,Male,19.78,6.28,0.43,1.47,3151,46,1,19.78,EUR
TT_LETO26_BrandAware,1789010001,InFeed_Prospecting,06/11/2026,65+,Female,7.8,4.39,0.39,1.1,1777,20,0,,EUR
TT_LETO26_BrandAware,1789010001,InFeed_Retarget,08/06/2026,65+,Female,3.41,5.63,0.31,1.77,606,11,0,,EUR
TT_PRODUKTLAUNCH26,1789010002,TopView,10/22/2026,55-64,Female,15.64,4.95,0.68,0.74,3157,23,0,,EUR
TT_PRODUKTLAUNCH26,1789010002,Spark_Ads,09/21/2026,45-54,Female,29.6,5.53,0.37,1.49,5349,80,1,29.6,EUR
TT_PRODUKTLAUNCH26,1789010002,TopView,10/25/2026,65+,Male,10.75,3.42,0.43,0.8,3141,25,0,,EUR
TT_LETO26_BrandAware,1789010001,InFeed_Retarget,07/12/2026,18-24,Female,6.93,7.95,0.33,2.38,872,21,0,,EUR
TT_LETO26_BrandAware,1789010001,Spark_Awareness,07/23/2026,65+,Male,14.1,7.74,0.47,1.65,1822,30,0,,EUR
TT_PRODUKTLAUNCH26,1789010002,InFeed_Launch,08/25/2026,55-64,Male,23.46,9.52,0.46,2.05,2465,51,1,23.46,EUR
TT_PRODUKTLAUNCH26,1789010002,TopView,09/10/2026,45-54,Female,26.0,4.01,0.52,0.77,6484,50,0,,EUR
TT_PRODUKTLAUNCH26,1789010002,Spark_Ads,10/12/2026,45-54,Male,46.2,10.24,0.44,2.32,4512,105,1,46.2,EUR
TT_PRODUKTLAUNCH26,1789010002,TopView,10/16/2026,18-24,Male,35.38,5.77,0.61,0.95,6137,58,0,,EUR
TT_PRODUKTLAUNCH26,1789010002,TopView,10/01/2026,25-34,Male,33.64,5.78,0.58,1.0,5823,58,0,,EUR
TT_LETO26_BrandAware,1789010001,Spark_Awareness,06/12/2026,45-54,Female,12.42,5.91,0.46,1.28,2101,27,0,,EUR
TT_PRODUKTLAUNCH26,1789010002,Spark_Ads,08/15/2026,35-44,Male,20.77,5.2,0.31,1.67,3995,67,1,20.77,EUR
TT_LETO26_BrandAware,1789010001,InFeed_Prospecting,06/18/2026,25-34,Male,10.36,2.91,0.28,1.05,3555,37,0,,EUR
TT_LETO26_BrandAware,1789010001,Spark_Awareness,06/11/2026,35-44,Male,10.26,3.9,0.38,1.02,2632,27,0,,EUR
TT_PRODUKTLAUNCH26,1789010002,TopView,09/01/2026,25-34,Female,32.39,3.52,0.41,0.86,9193,79,0,,EUR
TT_LETO26_BrandAware,1789010001,InFeed_Prospecting,06/23/2026,55-64,Male,17.6,5.03,0.44,1.14,3498,40,0,,EUR
TT_LETO26_BrandAware,1789010001,InFeed_Retarget,07/30/2026,18-24,Female,14.52,9.57,0.44,2.19,1518,33,0,,EUR
TT_PRODUKTLAUNCH26,1789010002,InFeed_Launch,09/24/2026,55-64,Female,18.4,10.15,0.46,2.21,1813,40,0,,EUR
TT_PRODUKTLAUNCH26,1789010002,InFeed_Launch,10/07/2026,18-24,Male,22.01,7.63,0.31,2.47,2886,71,1,22.01,EUR
TT_PRODUKTLAUNCH26,1789010002,Spark_Ads,09/29/2026,55-64,Male,28.35,6.89,0.45,1.53,4117,63,1,28.35,EUR
TT_PRODUKTLAUNCH26,1789010002,TopView,09/08/2026,25-34,Female,62.13,7.03,0.57,1.24,8841,109,1,62.13,EUR
TT_PRODUKTLAUNCH26,1789010002,Spark_Ads,09/21/2026,35-44,Male,44.1,6.55,0.45,1.46,6733,98,1,44.1,EUR
TT_LETO26_BrandAware,1789010001,InFeed_Prospecting,08/01/2026,25-34,Female,36.55,7.07,0.43,1.64,5172,85,0,,EUR
TT_PRODUKTLAUNCH26,1789010002,InFeed_Launch,08/25/2026,25-34,Male,27.36,6.43,0.48,1.34,4257,57,1,27.36,EUR
TT_PRODUKTLAUNCH26,1789010002,Spark_Ads,09/15/2026,55-64,Male,39.16,9.26,0.44,2.12,4229,89,1,39.16,EUR
TT_PRODUKTLAUNCH26,1789010002,InFeed_Launch,10/07/2026,35-44,Male,27.72,5.76,0.33,1.75,4816,84,1,27.72,EUR
TT_PRODUKTLAUNCH26,1789010002,TopView,08/16/2026,35-44,Female,24.94,3.75,0.58,0.64,6642,43,0,,EUR
TT_PRODUKTLAUNCH26,1789010002,Spark_Ads,09/29/2026,35-44,Female,27.3,5.65,0.3,1.87,4836,91,1,27.3,EUR
TT_PRODUKTLAUNCH26,1789010002,Spark_Ads,09/30/2026,18-24,Male,27.26,8.08,0.47,1.71,3373,58,1,27.26,EUR
TT_LETO26_BrandAware,1789010001,InFeed_Prospecting,06/15/2026,55-64,Female,11.76,4.82,0.42,1.14,2438,28,0,,EUR
TT_PRODUKTLAUNCH26,1789010002,TopView,10/19/2026,35-44,Male,24.42,5.13,0.66,0.78,4756,37,0,,EUR
TT_LETO26_BrandAware,1789010001,InFeed_Retarget,06/16/2026,45-54,Male,11.16,6.69,0.31,2.14,1668,36,0,,EUR
TT_PRODUKTLAUNCH26,1789010002,Spark_Ads,08/16/2026,18-24,Male,29.9,6.57,0.46,1.44,4548,65,1,29.9,EUR
TT_LETO26_BrandAware,1789010001,InFeed_Prospecting,07/12/2026,25-34,Male,11.61,2.87,0.27,1.07,4052,43,0,,EUR
TT_PRODUKTLAUNCH26,1789010002,InFeed_Launch,10/04/2026,18-24,Female,30.4,9.78,0.4,2.45,3107,76,1,30.4,EUR
TT_PRODUKTLAUNCH26,1789010002,Spark_Ads,09/20/2026,25-34,Female,14.8,4.47,0.37,1.19,3314,40,0,,EUR
TT_PRODUKTLAUNCH26,1789010002,TopView,09/04/2026,65+,Female,13.4,6.06,0.67,0.9,2210,20,0,,EUR
TT_LETO26_BrandAware,1789010001,InFeed_Retarget,06/05/2026,35-44,Male,17.94,10.69,0.39,2.74,1678,46,0,,EUR
TT_PRODUKTLAUNCH26,1789010002,TopView,09/03/2026,45-54,Female,49.4,7.89,0.65,1.22,6262,76,0,,EUR
TT_LETO26_BrandAware,1789010001,InFeed_Prospecting,07/01/2026,18-24,Female,14.85,7.33,0.45,1.65,2025,33,0,,EUR
TT_LETO26_BrandAware,1789010001,InFeed_Retarget,06/11/2026,45-54,Male,17.16,13.06,0.44,2.98,1314,39,0,,EUR
TT_PRODUKTLAUNCH26,1789010002,TopView,09/07/2026,18-24,Female,13.2,4.54,0.66,0.69,2909,20,0,,EUR
TT_PRODUKTLAUNCH26,1789010002,InFeed_Launch,08/29/2026,65+,Female,8.82,6.92,0.42,1.65,1274,21,0,,EUR
TT_PRODUKTLAUNCH26,1789010002,Spark_Ads,10/20/2026,45-54,Male,27.36,5.3,0.36,1.48,5164,76,1,27.36,EUR
TT_LETO26_BrandAware,1789010001,Spark_Awareness,07/17/2026,25-34,Male,14.76,5.61,0.36,1.57,2631,41,0,,EUR
TT_PRODUKTLAUNCH26,1789010002,InFeed_Launch,10/11/2026,45-54,Male,13.53,6.0,0.41,1.48,2256,33,0,,EUR
TT_LETO26_BrandAware,1789010001,InFeed_Prospecting,06/25/2026,35-44,Male,31.62,5.52,0.31,1.77,5725,102,0,,EUR
TT_LETO26_BrandAware,1789010001,Spark_Awareness,06/07/2026,35-44,Female,20.09,7.07,0.41,1.72,2843,49,0,,EUR
TT_LETO26_BrandAware,1789010001,InFeed_Prospecting,07/25/2026,45-54,Male,11.7,2.39,0.26,0.92,4895,45,0,,EUR
TT_LETO26_BrandAware,1789010001,InFeed_Retarget,06/12/2026,65+,Female,3.1,5.72,0.31,1.8,542,10,0,,EUR
TT_LETO26_BrandAware,1789010001,Spark_Awareness,07/20/2026,65+,Female,12.6,9.15,0.45,2.05,1377,28,0,,EUR
TT_PRODUKTLAUNCH26,1789010002,InFeed_Launch,10/15/2026,45-54,Male,30.38,9.83,0.49,2.0,3089,62,1,30.38,EUR
TT_LETO26_BrandAware,1789010001,InFeed_Retarget,06/10/2026,65+,Female,6.5,9.52,0.5,1.93,683,13,0,,EUR
TT_PRODUKTLAUNCH26,1789010002,Spark_Ads,10/01/2026,55-64,Male,14.5,3.82,0.29,1.31,3793,50,1,14.5,EUR
TT_PRODUKTLAUNCH26,1789010002,Spark_Ads,10/17/2026,35-44,Female,40.95,9.21,0.45,2.04,4448,91,1,40.95,EUR
TT_PRODUKTLAUNCH26,1789010002,TopView,08/18/2026,25-34,Female,56.0,9.77,0.7,1.39,5731,80,0,,EUR
TT_PRODUKTLAUNCH26,1789010002,InFeed_Launch,09/16/2026,25-34,Female,21.42,8.5,0.42,2.02,2520,51,1,21.42,EUR
TT_PRODUKTLAUNCH26,1789010002,Spark_Ads,09/08/2026,25-34,Male,39.36,6.84,0.41,1.67,5754,96,1,39.36,EUR
TT_LETO26_BrandAware,1789010001,InFeed_Retarget,06/04/2026,45-54,Female,14.06,10.72,0.38,2.79,1311,37,0,,EUR
TT_LETO26_BrandAware,1789010001,Spark_Awareness,06/22/2026,65+,Male,13.94,8.79,0.41,2.13,1585,34,0,,EUR
TT_PRODUKTLAUNCH26,1789010002,InFeed_Launch,09/06/2026,35-44,Female,20.79,4.62,0.33,1.39,4504,63,1,20.79,EUR
TT_LETO26_BrandAware,1789010001,Spark_Awareness,06/05/2026,65+,Male,4.4,4.33,0.44,1.02,1017,10,0,,EUR
TT_LETO26_BrandAware,1789010001,Spark_Awareness,07/22/2026,55-64,Male,9.3,5.8,0.3,1.95,1603,31,0,,EUR
TT_PRODUKTLAUNCH26,1789010002,InFeed_Launch,10/03/2026,45-54,Male,26.0,12.16,0.5,2.42,2138,52,1,26.0,EUR
TT_PRODUKTLAUNCH26,1789010002,TopView,10/06/2026,65+,Female,24.6,8.27,0.6,1.36,2976,41,0,,EUR
TT_PRODUKTLAUNCH26,1789010002,InFeed_Launch,09/12/2026,45-54,Male,17.2,7.26,0.4,1.83,2370,43,0,,EUR
TT_LETO26_BrandAware,1789010001,Spark_Awareness,07/14/2026,55-64,Female,7.38,5.94,0.41,1.42,1242,18,0,,EUR
TT_LETO26_BrandAware,1789010001,Spark_Awareness,06/16/2026,18-24,Male,31.96,9.51,0.47,2.01,3362,68,0,,EUR
TT_PRODUKTLAUNCH26,1789010002,InFeed_Launch,10/05/2026,55-64,Male,15.54,8.19,0.42,1.93,1898,37,0,,EUR
TT_PRODUKTLAUNCH26,1789010002,TopView,09/19/2026,35-44,Female,25.65,4.23,0.57,0.74,6069,45,0,,EUR
TT_PRODUKTLAUNCH26,1789010002,TopView,10/18/2026,65+,Female,11.76,3.47,0.42,0.84,3391,28,0,,EUR
TT_LETO26_BrandAware,1789010001,InFeed_Retarget,06/27/2026,25-34,Male,20.24,8.29,0.46,1.81,2441,44,0,,EUR
TT_PRODUKTLAUNCH26,1789010002,InFeed_Launch,08/23/2026,25-34,Male,36.4,7.04,0.35,2.0,5170,104,1,36.4,EUR
TT_PRODUKTLAUNCH26,1789010002,TopView,08/20/2026,18-24,Female,17.39,3.5,0.47,0.75,4967,37,0,,EUR
TT_PRODUKTLAUNCH26,1789010002,Spark_Ads,09/22/2026,25-34,Male,33.15,7.6,0.39,1.95,4363,85,1,33.15,EUR
TT_LETO26_BrandAware,1789010001,InFeed_Retarget,07/19/2026,45-54,Female,10.44,8.77,0.36,2.45,1190,29,0,,EUR
TT_PRODUKTLAUNCH26,1789010002,InFeed_Launch,08/29/2026,25-34,Male,23.04,7.02,0.36,1.94,3282,64,1,23.04,EUR
TT_PRODUKTLAUNCH26,1789010002,Spark_Ads,09/16/2026,18-24,Male,19.5,6.96,0.5,1.4,2800,39,0,,EUR
TT_PRODUKTLAUNCH26,1789010002,InFeed_Launch,10/26/2026,65+,Male,12.4,6.41,0.4,1.58,1935,31,0,,EUR
TT_PRODUKTLAUNCH26,1789010002,Spark_Ads,09/24/2026,18-24,Female,33.2,7.19,0.4,1.79,4619,83,1,33.2,EUR
TT_LETO26_BrandAware,1789010001,Spark_Awareness,07/24/2026,35-44,Female,15.51,5.91,0.47,1.27,2623,33,0,,EUR
TT_PRODUKTLAUNCH26,1789010002,InFeed_Launch,10/06/2026,65+,Male,17.2,9.47,0.4,2.36,1817,43,0,,EUR
TT_LETO26_BrandAware,1789010001,InFeed_Prospecting,06/19/2026,25-34,Female,24.51,4.67,0.43,1.08,5252,57,0,,EUR
TT_PRODUKTLAUNCH26,1789010002,InFeed_Launch,09/13/2026,18-24,Female,17.39,8.66,0.37,2.36,2008,47,0,,EUR
TT_PRODUKTLAUNCH26,1789010002,InFeed_Launch,08/17/2026,45-54,Male,31.0,11.4,0.5,2.27,2719,62,1,31.0,EUR
TT_LETO26_BrandAware,1789010001,InFeed_Prospecting,06/12/2026,18-24,Male,14.28,4.2,0.42,1.01,3396,34,0,,EUR
TT_LETO26_BrandAware,1789010001,InFeed_Retarget,08/12/2026,45-54,Male,8.99,6.63,0.31,2.12,1356,29,0,,EUR
TT_PRODUKTLAUNCH26,1789010002,TopView,08/30/2026,25-34,Female,30.24,4.84,0.56,0.86,6246,54,0,,EUR
TT_PRODUKTLAUNCH26,1789010002,InFeed_Launch,10/16/2026,55-64,Female,14.1,8.69,0.47,1.87,1623,30,0,,EUR
TT_LETO26_BrandAware,1789010001,InFeed_Retarget,07/07/2026,65+,Female,6.16,13.45,0.44,2.99,458,14,0,,EUR
TT_PRODUKTLAUNCH26,1789010002,InFeed_Launch,10/18/2026,45-54,Female,46.0,12.83,0.5,2.57,3585,92,1,46.0,EUR
TT_PRODUKTLAUNCH26,1789010002,InFeed_Launch,10/08/2026,25-34,Male,22.14,6.42,0.41,1.57,3446,54,1,22.14,EUR
TT_LETO26_BrandAware,1789010001,InFeed_Prospecting,07/03/2026,65+,Male,4.48,3.19,0.28,1.12,1405,16,0,,EUR
TT_PRODUKTLAUNCH26,1789010002,InFeed_Launch,10/26/2026,65+,Female,12.6,7.78,0.42,1.83,1619,30,0,,EUR
TT_LETO26_BrandAware,1789010001,Spark_Awareness,07/20/2026,45-54,Male,11.25,6.85,0.45,1.54,1643,25,0,,EUR
TT_LETO26_BrandAware,1789010001,InFeed_Prospecting,06/11/2026,35-44,Female,20.79,4.11,0.33,1.25,5060,63,0,,EUR
TT_LETO26_BrandAware,1789010001,InFeed_Prospecting,08/14/2026,65+,Female,3.64,3.75,0.28,1.36,971,13,0,,EUR
TT_PRODUKTLAUNCH26,1789010002,Spark_Ads,09/20/2026,65+,Female,11.52,5.08,0.32,1.57,2268,36,0,,EUR
TT_PRODUKTLAUNCH26,1789010002,Spark_Ads,10/25/2026,25-34,Female,37.73,7.28,0.49,1.49,5180,77,1,37.73,EUR
TT_PRODUKTLAUNCH26,1789010002,InFeed_Launch,09/09/2026,25-34,Male,31.57,6.58,0.41,1.6,4797,77,1,31.57,EUR
TT_LETO26_BrandAware,1789010001,InFeed_Retarget,08/14/2026,65+,Female,8.36,10.58,0.38,2.75,790,22,0,,EUR
TT_PRODUKTLAUNCH26,1789010002,InFeed_Launch,08/21/2026,35-44,Male,33.25,6.74,0.35,1.92,4931,95,1,33.25,EUR
TT_PRODUKTLAUNCH26,1789010002,Spark_Ads,09/28/2026,18-24,Female,32.19,7.72,0.37,2.09,4170,87,1,32.19,EUR
TT_LETO26_BrandAware,1789010001,InFeed_Prospecting,07/11/2026,25-34,Male,26.98,5.85,0.38,1.55,4609,71,0,,EUR
TT_PRODUKTLAUNCH26,1789010002,InFeed_Launch,09/07/2026,45-54,Female,15.6,9.57,0.52,1.87,1630,30,0,,EUR
TT_PRODUKTLAUNCH26,1789010002,InFeed_Launch,08/24/2026,55-64,Male,16.77,7.88,0.39,2.03,2127,43,0,,EUR
TT_LETO26_BrandAware,1789010001,Spark_Awareness,07/23/2026,55-64,Male,9.86,4.35,0.34,1.3,2268,29,0,,EUR
TT_LETO26_BrandAware,1789010001,InFeed_Retarget,06/08/2026,65+,Male,7.14,7.96,0.34,2.36,897,21,0,,EUR
TT_LETO26_BrandAware,1789010001,Spark_Awareness,07/25/2026,25-34,Female,17.05,6.15,0.31,2.0,2772,55,0,,EUR
TT_LETO26_BrandAware,1789010001,Spark_Awareness,08/01/2026,18-24,Female,10.2,4.93,0.34,1.47,2067,30,0,,EUR
TT_LETO26_BrandAware,1789010001,InFeed_Retarget,06/07/2026,35-44,Male,6.82,5.78,0.31,1.87,1179,22,0,,EUR
TT_PRODUKTLAUNCH26,1789010002,TopView,08/20/2026,25-34,Female,62.23,6.82,0.49,1.39,9130,127,1,62.23,EUR
TT_LETO26_BrandAware,1789010001,InFeed_Prospecting,06/24/2026,45-54,Female,10.54,2.8,0.31,0.91,3758,34,0,,EUR
TT_LETO26_BrandAware,1789010001,InFeed_Retarget,08/01/2026,55-64,Male,9.43,11.49,0.41,2.76,821,23,0,,EUR
TT_LETO26_BrandAware,1789010001,InFeed_Prospecting,06/25/2026,45-54,Male,10.15,4.8,0.29,1.67,2114,35,0,,EUR
TT_PRODUKTLAUNCH26,1789010002,Spark_Ads,08/17/2026,35-44,Male,19.11,6.06,0.39,1.54,3155,49,1,19.11,EUR
TT_PRODUKTLAUNCH26,1789010002,TopView,08/30/2026,55-64,Male,25.97,6.78,0.49,1.4,3831,53,0,,EUR
TT_PRODUKTLAUNCH26,1789010002,InFeed_Launch,08/19/2026,65+,Female,7.35,6.57,0.49,1.39,1118,15,0,,EUR
TT_LETO26_BrandAware,1789010001,InFeed_Retarget,07/07/2026,65+,Male,7.56,8.11,0.36,2.27,932,21,0,,EUR
TT_PRODUKTLAUNCH26,1789010002,InFeed_Launch,09/28/2026,35-44,Male,35.28,9.54,0.49,1.96,3699,72,1,35.28,EUR
TT_PRODUKTLAUNCH26,1789010002,InFeed_Launch,10/16/2026,65+,Female,14.28,7.56,0.51,1.46,1888,28,0,,EUR
TT_LETO26_BrandAware,1789010001,InFeed_Retarget,07/28/2026,35-44,Male,8.88,6.31,0.37,1.72,1407,24,0,,EUR
TT_LETO26_BrandAware,1789010001,InFeed_Prospecting,06/16/2026,25-34,Female,34.03,6.9,0.41,1.68,4931,83,0,,EUR
TT_LETO26_BrandAware,1789010001,InFeed_Retarget,08/14/2026,25-34,Female,9.45,6.78,0.45,1.51,1393,21,0,,EUR
TT_LETO26_BrandAware,1789010001,Spark_Awareness,06/04/2026,55-64,Female,10.23,4.18,0.33,1.26,2445,31,0,,EUR
TT_PRODUKTLAUNCH26,1789010002,InFeed_Launch,10/23/2026,55-64,Male,12.47,5.73,0.43,1.35,2176,29,0,,EUR
TT_LETO26_BrandAware,1789010001,Spark_Awareness,08/02/2026,35-44,Female,15.58,5.85,0.41,1.43,2663,38,0,,EUR
TT_LETO26_BrandAware,1789010001,Spark_Awareness,07/17/2026,65+,Female,12.32,8.58,0.44,1.92,1436,28,0,,EUR
TT_LETO26_BrandAware,1789010001,InFeed_Retarget,07/02/2026,45-54,Female,14.06,8.83,0.37,2.4,1592,38,0,,EUR
TT_LETO26_BrandAware,1789010001,InFeed_Prospecting,06/30/2026,25-34,Male,10.64,3.46,0.38,0.93,3072,28,0,,EUR
TT_LETO26_BrandAware,1789010001,Spark_Awareness,07/03/2026,45-54,Male,9.6,6.05,0.3,2.01,1588,32,0,,EUR
TT_LETO26_BrandAware,1789010001,InFeed_Prospecting,07/30/2026,45-54,Male,10.53,4.8,0.39,1.24,2194,27,0,,EUR
TT_LETO26_BrandAware,1789010001,InFeed_Retarget,07/15/2026,65+,Male,3.9,6.25,0.39,1.66,624,10,0,,EUR
TT_PRODUKTLAUNCH26,1789010002,InFeed_Launch,10/25/2026,65+,Female,8.99,6.09,0.31,1.97,1477,29,0,,EUR
TT_PRODUKTLAUNCH26,1789010002,InFeed_Launch,08/28/2026,45-54,Male,46.0,12.5,0.5,2.49,3681,92,1,46.0,EUR
TT_LETO26_BrandAware,1789010001,InFeed_Retarget,07/19/2026,35-44,Female,12.25,7.58,0.49,1.56,1616,25,0,,EUR
TT_LETO26_BrandAware,1789010001,Spark_Awareness,07/17/2026,18-24,Male,10.08,5.46,0.42,1.29,1845,24,0,,EUR
TT_PRODUKTLAUNCH26,1789010002,InFeed_Launch,09/18/2026,18-24,Male,23.76,8.28,0.36,2.28,2869,66,1,23.76,EUR
TT_LETO26_BrandAware,1789010001,Spark_Awareness,06/16/2026,45-54,Female,18.13,6.07,0.37,1.64,2986,49,0,,EUR
TT_PRODUKTLAUNCH26,1789010002,InFeed_Launch,09/09/2026,25-34,Female,21.6,9.13,0.48,1.9,2367,45,0,,EUR
TT_PRODUKTLAUNCH26,1789010002,Spark_Ads,10/21/2026,45-54,Male,18.81,3.63,0.33,1.1,5182,57,1,18.81,EUR
TT_LETO26_BrandAware,1789010001,InFeed_Prospecting,08/13/2026,35-44,Male,17.64,4.06,0.28,1.44,4342,63,0,,EUR
TT_PRODUKTLAUNCH26,1789010002,Spark_Ads,08/18/2026,35-44,Male,36.98,6.0,0.43,1.4,6164,86,1,36.98,EUR
TT_PRODUKTLAUNCH26,1789010002,Spark_Ads,10/13/2026,25-34,Male,55.2,7.95,0.46,1.73,6943,120,1,55.2,EUR
TT_LETO26_BrandAware,1789010001,InFeed_Retarget,06/20/2026,45-54,Female,14.4,10.88,0.4,2.71,1323,36,0,,EUR
TT_PRODUKTLAUNCH26,1789010002,TopView,10/10/2026,35-44,Male,38.86,7.54,0.58,1.31,5156,67,0,,EUR
TT_PRODUKTLAUNCH26,1789010002,TopView,09/22/2026,35-44,Female,32.16,4.0,0.48,0.83,8044,67,0,,EUR
TT_LETO26_BrandAware,1789010001,Spark_Awareness,07/05/2026,45-54,Female,26.32,9.98,0.47,2.14,2637,56,0,,EUR
TT_LETO26_BrandAware,1789010001,Spark_Awareness,06/12/2026,35-44,Male,31.95,9.38,0.45,2.07,3405,71,0,,EUR
TT_PRODUKTLAUNCH26,1789010002,Spark_Ads,09/20/2026,45-54,Female,26.4,8.36,0.44,1.89,3158,60,1,26.4,EUR
TT_LETO26_BrandAware,1789010001,InFeed_Prospecting,08/04/2026,45-54,Female,12.96,3.75,0.36,1.03,3453,36,0,,EUR
TT_LETO26_BrandAware,1789010001,InFeed_Retarget,07/15/2026,55-64,Female,9.72,7.37,0.36,2.06,1319,27,0,,EUR
TT_LETO26_BrandAware,1789010001,Spark_Awareness,08/06/2026,25-34,Male,17.02,7.43,0.46,1.61,2291,37,0,,EUR
TT_PRODUKTLAUNCH26,1789010002,Spark_Ads,08/16/2026,25-34,Male,49.91,7.17,0.31,2.31,6958,161,2,24.95,EUR
TT_LETO26_BrandAware,1789010001,Spark_Awareness,08/04/2026,25-34,Female,9.84,4.55,0.41,1.12,2161,24,0,,EUR
TT_LETO26_BrandAware,1789010001,InFeed_Prospecting,06/23/2026,65+,Female,11.1,6.74,0.37,1.84,1646,30,0,,EUR
TT_LETO26_BrandAware,1789010001,InFeed_Prospecting,07/15/2026,55-64,Male,10.32,5.46,0.43,1.29,1890,24,0,,EUR
TT_LETO26_BrandAware,1789010001,InFeed_Retarget,07/18/2026,18-24,Male,15.84,11.81,0.44,2.71,1341,36,0,,EUR
TT_PRODUKTLAUNCH26,1789010002,Spark_Ads,10/16/2026,25-34,Female,15.17,4.8,0.37,1.31,3161,41,0,,EUR
TT_PRODUKTLAUNCH26,1789010002,TopView,10/16/2026,45-54,Female,35.91,7.64,0.57,1.35,4698,63,0,,EUR
TT_PRODUKTLAUNCH26,1789010002,TopView,10/14/2026,45-54,Female,37.4,6.34,0.68,0.93,5901,55,0,,EUR
TT_PRODUKTLAUNCH26,1789010002,TopView,09/30/2026,18-24,Female,35.91,6.2,0.63,0.98,5790,57,0,,EUR
TT_PRODUKTLAUNCH26,1789010002,TopView,08/24/2026,55-64,Male,25.42,5.46,0.62,0.87,4659,41,0,,EUR
TT_LETO26_BrandAware,1789010001,Spark_Awareness,07/28/2026,18-24,Male,15.99,6.25,0.39,1.62,2559,41,0,,EUR
TT_LETO26_BrandAware,1789010001,InFeed_Retarget,07/01/2026,45-54,Male,14.28,8.89,0.42,2.12,1607,34,0,,EUR
TT_PRODUKTLAUNCH26,1789010002,Spark_Ads,08/15/2026,55-64,Male,22.54,5.47,0.46,1.18,4120,49,1,22.54,EUR
TT_PRODUKTLAUNCH26,1789010002,Spark_Ads,09/30/2026,55-64,Male,17.6,5.62,0.32,1.75,3132,55,1,17.6,EUR
TT_LETO26_BrandAware,1789010001,Spark_Awareness,06/11/2026,25-34,Female,11.55,4.73,0.33,1.45,2441,35,0,,EUR
TT_LETO26_BrandAware,1789010001,Spark_Awareness,07/09/2026,65+,Male,11.7,8.88,0.45,2.01,1317,26,0,,EUR
TT_PRODUKTLAUNCH26,1789010002,TopView,08/25/2026,65+,Male,22.44,6.55,0.66,1.01,3425,34,0,,EUR
TT_LETO26_BrandAware,1789010001,Spark_Awareness,06/16/2026,25-34,Female,14.82,4.73,0.39,1.2,3131,38,0,,EUR
TT_PRODUKTLAUNCH26,1789010002,TopView,09/06/2026,35-44,Male,32.34,3.89,0.49,0.8,8303,66,0,,EUR
TT_PRODUKTLAUNCH26,1789010002,Spark_Ads,10/05/2026,18-24,Female,24.36,8.03,0.42,1.92,3035,58,1,24.36,EUR
TT_PRODUKTLAUNCH26,1789010002,TopView,09/30/2026,65+,Female,9.9,3.46,0.55,0.63,2864,18,0,,EUR
TT_LETO26_BrandAware,1789010001,InFeed_Retarget,07/25/2026,18-24,Female,6.8,5.99,0.4,1.53,1136,17,0,,EUR
TT_PRODUKTLAUNCH26,1789010002,Spark_Ads,10/07/2026,45-54,Male,39.96,7.26,0.37,1.96,5505,108,1,39.96,EUR
TT_LETO26_BrandAware,1789010001,Spark_Awareness,06/26/2026,25-34,Female,10.88,5.5,0.34,1.64,1977,32,0,,EUR
TT_PRODUKTLAUNCH26,1789010002,TopView,09/25/2026,65+,Female,7.31,4.33,0.43,1.03,1689,17,0,,EUR
TT_LETO26_BrandAware,1789010001,Spark_Awareness,07/29/2026,18-24,Male,20.58,6.3,0.42,1.51,3268,49,0,,EUR
TT_LETO26_BrandAware,1789010001,Spark_Awareness,06/18/2026,55-64,Female,4.81,3.87,0.37,1.08,1243,13,0,,EUR
TT_LETO26_BrandAware,1789010001,Spark_Awareness,07/02/2026,55-64,Male,11.31,4.12,0.39,1.06,2744,29,0,,EUR
TT_LETO26_BrandAware,1789010001,InFeed_Prospecting,07/19/2026,65+,Female,9.25,6.31,0.37,1.68,1467,25,0,,EUR
TT_LETO26_BrandAware,1789010001,InFeed_Prospecting,08/07/2026,45-54,Female,17.0,5.74,0.34,1.68,2960,50,0,,EUR
TT_LETO26_BrandAware,1789010001,Spark_Awareness,06/23/2026,65+,Female,7.14,4.19,0.34,1.22,1706,21,0,,EUR
TT_LETO26_BrandAware,1789010001,InFeed_Prospecting,06/28/2026,25-34,Female,17.85,5.55,0.35,1.6,3217,51,0,,EUR
TT_LETO26_BrandAware,1789010001,Spark_Awareness,07/12/2026,25-34,Male,14.7,5.4,0.3,1.81,2720,49,0,,EUR
TT_LETO26_BrandAware,1789010001,InFeed_Prospecting,07/23/2026,25-34,Male,16.8,5.91,0.3,1.97,2841,56,0,,EUR
TT_PRODUKTLAUNCH26,1789010002,TopView,08/23/2026,65+,Male,17.25,5.71,0.69,0.84,3019,25,0,,EUR
TT_PRODUKTLAUNCH26,1789010002,InFeed_Launch,10/22/2026,18-24,Male,32.3,8.75,0.38,2.29,3693,85,1,32.3,EUR
TT_LETO26_BrandAware,1789010001,Spark_Awareness,07/02/2026,35-44,Female,13.16,4.93,0.47,1.06,2672,28,0,,EUR
TT_PRODUKTLAUNCH26,1789010002,InFeed_Launch,10/16/2026,18-24,Male,19.25,6.23,0.35,1.79,3090,55,1,19.25,EUR
TT_PRODUKTLAUNCH26,1789010002,TopView,10/24/2026,45-54,Female,31.68,6.61,0.66,1.0,4795,48,0,,EUR
TT_LETO26_BrandAware,1789010001,Spark_Awareness,06/13/2026,18-24,Male,27.9,9.51,0.45,2.1,2934,62,0,,EUR
TT_LETO26_BrandAware,1789010001,InFeed_Prospecting,08/04/2026,18-24,Male,8.0,3.08,0.32,0.98,2598,25,0,,EUR
TT_PRODUKTLAUNCH26,1789010002,Spark_Ads,09/12/2026,18-24,Male,23.46,6.8,0.34,1.99,3452,69,1,23.46,EUR
TT_PRODUKTLAUNCH26,1789010002,Spark_Ads,10/02/2026,55-64,Male,37.13,8.62,0.47,1.82,4306,79,1,37.13,EUR
TT_PRODUKTLAUNCH26,1789010002,Spark_Ads,09/01/2026,25-34,Female,48.3,7.96,0.46,1.73,6067,105,1,48.3,EUR
TT_PRODUKTLAUNCH26,1789010002,TopView,10/28/2026,18-24,Male,18.04,3.67,0.41,0.89,4910,44,0,,EUR
TT_PRODUKTLAUNCH26,1789010002,TopView,08/18/2026,55-64,Female,8.5,3.09,0.5,0.62,2755,17,0,,EUR
TT_PRODUKTLAUNCH26,1789010002,TopView,09/18/2026,35-44,Female,22.32,4.76,0.62,0.76,4692,36,0,,EUR
TT_PRODUKTLAUNCH26,1789010002,Spark_Ads,10/16/2026,35-44,Female,22.77,5.6,0.33,1.7,4063,69,1,22.77,EUR
TT_PRODUKTLAUNCH26,1789010002,TopView,09/07/2026,65+,Female,17.25,6.14,0.69,0.89,2808,25,0,,EUR
TT_LETO26_BrandAware,1789010001,InFeed_Retarget,07/09/2026,25-34,Male,14.19,8.42,0.43,1.96,1685,33,0,,EUR
TT_PRODUKTLAUNCH26,1789010002,TopView,09/01/2026,18-24,Male,26.66,5.45,0.43,1.28,4892,62,0,,EUR
TT_LETO26_BrandAware,1789010001,InFeed_Retarget,07/31/2026,35-44,Female,9.61,5.01,0.31,1.62,1920,31,0,,EUR
TT_PRODUKTLAUNCH26,1789010002,Spark_Ads,09/30/2026,45-54,Male,25.37,10.04,0.43,2.32,2527,59,1,25.37,EUR
TT_PRODUKTLAUNCH26,1789010002,InFeed_Launch,09/17/2026,65+,Male,12.9,6.62,0.3,2.19,1948,43,0,,EUR
TT_PRODUKTLAUNCH26,1789010002,InFeed_Launch,09/03/2026,25-34,Male,26.8,9.48,0.4,2.38,2828,67,1,26.8,EUR
TT_LETO26_BrandAware,1789010001,Spark_Awareness,06/20/2026,45-54,Male,26.8,7.9,0.4,1.99,3394,67,0,,EUR
TT_PRODUKTLAUNCH26,1789010002,InFeed_Launch,08/26/2026,18-24,Male,17.28,6.89,0.32,2.16,2507,54,1,17.28,EUR
TT_LETO26_BrandAware,1789010001,InFeed_Retarget,06/07/2026,18-24,Male,11.89,7.04,0.41,1.73,1690,29,0,,EUR
TT_PRODUKTLAUNCH26,1789010002,InFeed_Launch,08/28/2026,55-64,Female,9.9,6.16,0.45,1.36,1608,22,0,,EUR
TT_LETO26_BrandAware,1789010001,InFeed_Retarget,07/05/2026,65+,Male,10.08,10.67,0.42,2.59,945,24,0,,EUR
TT_PRODUKTLAUNCH26,1789010002,InFeed_Launch,09/23/2026,25-34,Female,36.75,9.12,0.49,1.86,4031,75,1,36.75,EUR
TT_LETO26_BrandAware,1789010001,InFeed_Retarget,07/16/2026,45-54,Female,10.08,11.64,0.42,2.78,866,24,0,,EUR
TT_LETO26_BrandAware,1789010001,Spark_Awareness,07/05/2026,35-44,Female,9.57,3.1,0.29,1.06,3090,33,0,,EUR
TT_LETO26_BrandAware,1789010001,InFeed_Prospecting,06/27/2026,65+,Female,7.48,4.99,0.34,1.44,1499,22,0,,EUR
TT_LETO26_BrandAware,1789010001,Spark_Awareness,08/02/2026,18-24,Male,16.77,5.06,0.43,1.17,3316,39,0,,EUR
TT_PRODUKTLAUNCH26,1789010002,TopView,10/08/2026,55-64,Male,19.44,3.33,0.54,0.61,5840,36,0,,EUR
TT_PRODUKTLAUNCH26,1789010002,Spark_Ads,09/23/2026,35-44,Male,46.62,9.08,0.42,2.17,5133,111,1,46.62,EUR
TT_PRODUKTLAUNCH26,1789010002,TopView,10/04/2026,35-44,Male,29.82,3.99,0.42,0.95,7479,71,0,,EUR
TT_LETO26_BrandAware,1789010001,InFeed_Prospecting,06/21/2026,55-64,Male,18.72,5.62,0.36,1.57,3332,52,0,,EUR
TT_PRODUKTLAUNCH26,1789010002,InFeed_Launch,09/25/2026,55-64,Male,12.71,5.96,0.41,1.46,2131,31,0,,EUR
TT_LETO26_BrandAware,1789010001,InFeed_Prospecting,07/13/2026,35-44,Female,37.84,8.07,0.43,1.87,4689,88,0,,EUR
TT_PRODUKTLAUNCH26,1789010002,TopView,09/29/2026,35-44,Male,33.0,4.91,0.66,0.75,6718,50,0,,EUR
TT_PRODUKTLAUNCH26,1789010002,TopView,09/29/2026,45-54,Female,50.37,8.73,0.69,1.26,5773,73,0,,EUR
TT_LETO26_BrandAware,1789010001,InFeed_Retarget,06/30/2026,25-34,Female,11.6,7.63,0.4,1.9,1520,29,0,,EUR
TT_LETO26_BrandAware,1789010001,InFeed_Retarget,08/04/2026,45-54,Female,18.86,11.49,0.46,2.52,1641,41,0,,EUR
TT_LETO26_BrandAware,1789010001,InFeed_Prospecting,08/02/2026,35-44,Male,37.8,6.91,0.36,1.91,5474,105,0,,EUR
TT_PRODUKTLAUNCH26,1789010002,InFeed_Launch,09/21/2026,55-64,Female,19.76,8.44,0.52,1.62,2341,38,0,,EUR
TT_LETO26_BrandAware,1789010001,Spark_Awareness,07/07/2026,65+,Female,6.3,3.87,0.3,1.3,1626,21,0,,EUR
TT_PRODUKTLAUNCH26,1789010002,Spark_Ads,09/27/2026,55-64,Female,26.5,6.73,0.5,1.34,3935,53,1,26.5,EUR
TT_LETO26_BrandAware,1789010001,InFeed_Prospecting,06/15/2026,18-24,Female,21.42,6.42,0.34,1.88,3334,63,0,,EUR
TT_LETO26_BrandAware,1789010001,Spark_Awareness,06/20/2026,25-34,Female,19.72,6.48,0.34,1.89,3045,58,0,,EUR
TT_LETO26_BrandAware,1789010001,InFeed_Prospecting,07/20/2026,45-54,Female,13.94,6.08,0.41,1.49,2291,34,0,,EUR
TT_PRODUKTLAUNCH26,1789010002,InFeed_Launch,10/04/2026,65+,Female,13.3,6.81,0.35,1.95,1952,38,0,,EUR
TT_LETO26_BrandAware,1789010001,InFeed_Prospecting,08/03/2026,45-54,Female,12.48,5.67,0.32,1.75,2203,39,0,,EUR
TT_PRODUKTLAUNCH26,1789010002,TopView,09/03/2026,55-64,Female,17.42,7.0,0.67,1.03,2487,26,0,,EUR
TT_LETO26_BrandAware,1789010001,InFeed_Prospecting,07/10/2026,25-34,Male,36.12,5.98,0.43,1.4,6036,84,0,,EUR
TT_LETO26_BrandAware,1789010001,InFeed_Prospecting,08/10/2026,18-24,Male,15.0,4.84,0.3,1.6,3100,50,0,,EUR
TT_PRODUKTLAUNCH26,1789010002,Spark_Ads,09/26/2026,55-64,Male,17.02,4.27,0.37,1.14,3983,46,1,17.02,EUR
TT_LETO26_BrandAware,1789010001,Spark_Awareness,06/21/2026,35-44,Male,12.48,3.71,0.32,1.16,3360,39,0,,EUR
TT_LETO26_BrandAware,1789010001,Spark_Awareness,07/29/2026,65+,Female,4.8,4.62,0.32,1.43,1040,15,0,,EUR
TT_PRODUKTLAUNCH26,1789010002,InFeed_Launch,10/15/2026,35-44,Male,30.45,6.79,0.35,1.94,4487,87,1,30.45,EUR
TT_PRODUKTLAUNCH26,1789010002,InFeed_Launch,09/02/2026,65+,Male,9.6,5.12,0.3,1.7,1874,32,0,,EUR
TT_PRODUKTLAUNCH26,1789010002,InFeed_Launch,10/19/2026,18-24,Female,32.83,9.84,0.49,2.01,3336,67,1,32.83,EUR
TT_PRODUKTLAUNCH26,1789010002,TopView,08/15/2026,25-34,Female,24.44,3.93,0.52,0.75,6216,47,0,,EUR
TT_LETO26_BrandAware,1789010001,InFeed_Prospecting,06/03/2026,35-44,Male,18.56,5.72,0.32,1.78,3246,58,0,,EUR
TT_LETO26_BrandAware,1789010001,InFeed_Retarget,07/23/2026,25-34,Male,8.97,6.19,0.39,1.61,1449,23,0,,EUR
TT_PRODUKTLAUNCH26,1789010002,TopView,09/30/2026,25-34,Male,42.9,8.64,0.65,1.33,4968,66,0,,EUR
TT_LETO26_BrandAware,1789010001,InFeed_Retarget,07/30/2026,25-34,Female,12.54,9.28,0.38,2.42,1352,33,0,,EUR
TT_PRODUKTLAUNCH26,1789010002,TopView,09/27/2026,45-54,Male,51.87,7.06,0.57,1.24,7346,91,1,51.87,EUR
TT_PRODUKTLAUNCH26,1789010002,Spark_Ads,09/24/2026,25-34,Female,27.6,7.04,0.4,1.77,3918,69,1,27.6,EUR
TT_LETO26_BrandAware,1789010001,Spark_Awareness,07/05/2026,65+,Male,9.6,10.21,0.48,2.14,940,20,0,,EUR
TT_PRODUKTLAUNCH26,1789010002,Spark_Ads,10/05/2026,65+,Female,16.4,5.83,0.4,1.47,2812,41,0,,EUR
TT_LETO26_BrandAware,1789010001,InFeed_Prospecting,07/29/2026,55-64,Male,22.23,7.12,0.39,1.84,3124,57,0,,EUR
TT_LETO26_BrandAware,1789010001,Spark_Awareness,06/02/2026,65+,Male,9.45,6.83,0.35,1.93,1383,27,0,,EUR
TT_LETO26_BrandAware,1789010001,InFeed_Retarget,06/10/2026,18-24,Male,11.6,6.8,0.4,1.68,1706,29,0,,EUR
TT_LETO26_BrandAware,1789010001,InFeed_Retarget,06/21/2026,25-34,Female,10.92,10.22,0.39,2.65,1069,28,0,,EUR
TT_LETO26_BrandAware,1789010001,InFeed_Prospecting,08/02/2026,65+,Male,5.55,4.35,0.37,1.21,1276,15,0,,EUR
TT_PRODUKTLAUNCH26,1789010002,Spark_Ads,09/28/2026,55-64,Male,15.98,4.02,0.34,1.18,3979,47,1,15.98,EUR
TT_PRODUKTLAUNCH26,1789010002,InFeed_Launch,08/29/2026,55-64,Female,12.96,7.96,0.48,1.66,1628,27,0,,EUR
TT_PRODUKTLAUNCH26,1789010002,TopView,10/24/2026,35-44,Male,42.57,5.84,0.43,1.36,7293,99,1,42.57,EUR
TT_LETO26_BrandAware,1789010001,Spark_Awareness,06/07/2026,65+,Male,5.52,5.83,0.46,1.25,947,12,0,,EUR
TT_PRODUKTLAUNCH26,1789010002,InFeed_Launch,09/08/2026,25-34,Female,20.91,9.08,0.41,2.23,2302,51,1,20.91,EUR
TT_PRODUKTLAUNCH26,1789010002,TopView,08/31/2026,65+,Female,10.44,4.36,0.58,0.75,2395,18,0,,EUR
TT_PRODUKTLAUNCH26,1789010002,TopView,10/13/2026,18-24,Female,16.74,4.77,0.54,0.87,3507,31,0,,EUR
TT_LETO26_BrandAware,1789010001,InFeed_Prospecting,07/31/2026,55-64,Female,12.6,8.46,0.45,1.88,1489,28,0,,EUR
TT_PRODUKTLAUNCH26,1789010002,TopView,10/16/2026,25-34,Female,35.38,5.58,0.58,0.96,6336,61,0,,EUR
TT_LETO26_BrandAware,1789010001,Spark_Awareness,06/17/2026,25-34,Female,18.4,7.05,0.4,1.76,2609,46,0,,EUR
TT_LETO26_BrandAware,1789010001,InFeed_Retarget,07/18/2026,45-54,Female,9.45,8.65,0.45,1.96,1093,21,0,,EUR
TT_PRODUKTLAUNCH26,1789010002,InFeed_Launch,10/06/2026,35-44,Male,58.08,11.85,0.48,2.47,4900,121,1,58.08,EUR
TT_PRODUKTLAUNCH26,1789010002,Spark_Ads,09/08/2026,35-44,Male,27.6,5.5,0.4,1.38,5017,69,1,27.6,EUR
TT_PRODUKTLAUNCH26,1789010002,TopView,08/17/2026,25-34,Male,48.99,6.76,0.69,0.98,7245,71,0,,EUR
TT_LETO26_BrandAware,1789010001,Spark_Awareness,08/07/2026,45-54,Male,13.3,5.04,0.38,1.32,2638,35,0,,EUR
TT_LETO26_BrandAware,1789010001,InFeed_Prospecting,06/24/2026,55-64,Male,19.78,7.6,0.43,1.77,2604,46,0,,EUR
TT_LETO26_BrandAware,1789010001,InFeed_Prospecting,07/05/2026,25-34,Male,15.54,4.21,0.37,1.13,3692,42,0,,EUR
TT_PRODUKTLAUNCH26,1789010002,TopView,10/02/2026,45-54,Male,20.52,5.71,0.57,1.01,3593,36,0,,EUR
TT_LETO26_BrandAware,1789010001,Spark_Awareness,07/26/2026,45-54,Female,4.93,3.39,0.29,1.2,1455,17,0,,EUR
TT_LETO26_BrandAware,1789010001,Spark_Awareness,08/03/2026,65+,Female,11.52,9.41,0.48,1.92,1224,24,0,,EUR
TT_PRODUKTLAUNCH26,1789010002,TopView,10/20/2026,45-54,Female,31.9,5.49,0.55,1.0,5807,58,0,,EUR
TT_LETO26_BrandAware,1789010001,Spark_Awareness,06/23/2026,35-44,Female,14.19,3.94,0.33,1.18,3606,43,0,,EUR
TT_PRODUKTLAUNCH26,1789010002,InFeed_Launch,10/27/2026,25-34,Female,27.6,11.58,0.46,2.51,2384,60,1,27.6,EUR
TT_LETO26_BrandAware,1789010001,InFeed_Retarget,06/01/2026,45-54,Female,16.92,11.87,0.47,2.54,1425,36,0,,EUR
TT_LETO26_BrandAware,1789010001,InFeed_Prospecting,07/23/2026,55-64,Male,7.77,3.65,0.37,0.99,2126,21,0,,EUR
TT_PRODUKTLAUNCH26,1789010002,InFeed_Launch,08/21/2026,18-24,Male,15.18,6.8,0.46,1.48,2233,33,0,,EUR
TT_LETO26_BrandAware,1789010001,InFeed_Retarget,06/01/2026,25-34,Male,10.54,4.7,0.31,1.51,2242,34,0,,EUR
TT_LETO26_BrandAware,1789010001,Spark_Awareness,06/06/2026,65+,Male,8.14,4.88,0.37,1.3,1667,22,0,,EUR
TT_LETO26_BrandAware,1789010001,InFeed_Prospecting,07/31/2026,25-34,Male,13.16,4.02,0.28,1.44,3274,47,0,,EUR
TT_PRODUKTLAUNCH26,1789010002,InFeed_Launch,09/25/2026,18-24,Female,17.1,6.83,0.45,1.53,2504,38,0,,EUR
TT_PRODUKTLAUNCH26,1789010002,TopView,10/15/2026,35-44,Female,60.77,7.81,0.59,1.32,7778,103,1,60.77,EUR
TT_PRODUKTLAUNCH26,1789010002,Spark_Ads,10/04/2026,18-24,Male,30.96,7.71,0.43,1.79,4014,72,1,30.96,EUR
TT_PRODUKTLAUNCH26,1789010002,TopView,09/18/2026,45-54,Male,29.76,5.27,0.48,1.09,5649,62,0,,EUR
TT_PRODUKTLAUNCH26,1789010002,InFeed_Launch,08/26/2026,65+,Female,7.8,6.44,0.39,1.67,1211,20,0,,EUR
TT_LETO26_BrandAware,1789010001,Spark_Awareness,07/16/2026,55-64,Female,23.32,9.6,0.44,2.18,2428,53,0,,EUR
TT_LETO26_BrandAware,1789010001,InFeed_Retarget,06/14/2026,55-64,Female,15.3,13.16,0.45,2.95,1163,34,0,,EUR
TT_PRODUKTLAUNCH26,1789010002,Spark_Ads,10/01/2026,35-44,Male,30.81,4.4,0.39,1.13,6997,79,1,30.81,EUR
TT_LETO26_BrandAware,1789010001,InFeed_Retarget,06/13/2026,45-54,Male,18.4,10.59,0.46,2.33,1737,40,0,,EUR
TT_PRODUKTLAUNCH26,1789010002,TopView,10/10/2026,55-64,Male,15.12,3.52,0.54,0.65,4297,28,0,,EUR
TT_PRODUKTLAUNCH26,1789010002,Spark_Ads,10/02/2026,25-34,Male,19.6,5.34,0.4,1.34,3673,49,1,19.6,EUR
TT_LETO26_BrandAware,1789010001,InFeed_Prospecting,08/06/2026,25-34,Female,16.72,4.97,0.38,1.3,3365,44,0,,EUR
TT_PRODUKTLAUNCH26,1789010002,Spark_Ads,09/22/2026,65+,Female,15.08,6.14,0.29,2.11,2455,52,1,15.08,EUR
TT_LETO26_BrandAware,1789010001,InFeed_Prospecting,08/08/2026,35-44,Male,14.84,3.33,0.28,1.19,4461,53,0,,EUR
TT_LETO26_BrandAware,1789010001,InFeed_Prospecting,07/22/2026,35-44,Female,18.6,4.62,0.31,1.49,4026,60,0,,EUR
TT_PRODUKTLAUNCH26,1789010002,InFeed_Launch,09/17/2026,55-64,Male,21.12,10.91,0.48,2.27,1936,44,0,,EUR
TT_LETO26_BrandAware,1789010001,InFeed_Prospecting,07/16/2026,18-24,Male,9.1,3.34,0.35,0.94,2722,26,0,,EUR
TT_LETO26_BrandAware,1789010001,Spark_Awareness,07/05/2026,45-54,Male,15.0,5.09,0.3,1.7,2946,50,0,,EUR
TT_PRODUKTLAUNCH26,1789010002,Spark_Ads,08/24/2026,55-64,Female,21.45,5.76,0.33,1.75,3722,65,1,21.45,EUR
TT_PRODUKTLAUNCH26,1789010002,Spark_Ads,09/28/2026,18-24,Male,39.78,8.95,0.39,2.28,4445,102,1,39.78,EUR
TT_LETO26_BrandAware,1789010001,Spark_Awareness,07/10/2026,35-44,Male,16.64,5.39,0.32,1.69,3086,52,0,,EUR
TT_PRODUKTLAUNCH26,1789010002,InFeed_Launch,09/15/2026,35-44,Female,17.5,7.66,0.5,1.53,2285,35,0,,EUR
TT_PRODUKTLAUNCH26,1789010002,TopView,09/17/2026,18-24,Male,21.42,3.46,0.42,0.83,6185,51,0,,EUR
TT_LETO26_BrandAware,1789010001,InFeed_Retarget,07/19/2026,65+,Female,2.88,6.94,0.36,1.85,415,8,0,,EUR
TT_LETO26_BrandAware,1789010001,InFeed_Prospecting,06/10/2026,35-44,Female,13.02,3.4,0.31,1.09,3825,42,0,,EUR
TT_LETO26_BrandAware,1789010001,InFeed_Retarget,06/09/2026,45-54,Female,9.8,5.81,0.35,1.65,1688,28,0,,EUR
TT_PRODUKTLAUNCH26,1789010002,Spark_Ads,10/28/2026,55-64,Female,10.73,4.23,0.37,1.15,2539,29,0,,EUR
TT_LETO26_BrandAware,1789010001,InFeed_Prospecting,08/05/2026,55-64,Male,12.42,4.89,0.27,1.82,2541,46,0,,EUR
TT_LETO26_BrandAware,1789010001,InFeed_Retarget,06/09/2026,18-24,Female,7.92,8.46,0.36,2.37,936,22,0,,EUR
TT_PRODUKTLAUNCH26,1789010002,TopView,10/19/2026,55-64,Female,17.98,5.68,0.62,0.91,3167,29,0,,EUR
TT_LETO26_BrandAware,1789010001,Spark_Awareness,06/24/2026,45-54,Male,7.7,4.9,0.35,1.41,1571,22,0,,EUR
TT_PRODUKTLAUNCH26,1789010002,TopView,10/09/2026,65+,Male,8.64,3.85,0.48,0.79,2247,18,0,,EUR
TT_PRODUKTLAUNCH26,1789010002,Spark_Ads,10/27/2026,25-34,Male,70.56,11.16,0.49,2.28,6324,144,2,35.28,EUR
TT_PRODUKTLAUNCH26,1789010002,Spark_Ads,10/27/2026,65+,Female,11.16,5.04,0.36,1.4,2213,31,0,,EUR
TT_PRODUKTLAUNCH26,1789010002,TopView,09/10/2026,18-24,Female,14.04,3.09,0.52,0.6,4550,27,0,,EUR
TT_PRODUKTLAUNCH26,1789010002,InFeed_Launch,08/19/2026,35-44,Female,20.52,5.38,0.38,1.41,3812,54,1,20.52,EUR
TT_LETO26_BrandAware,1789010001,InFeed_Prospecting,07/25/2026,35-44,Female,20.88,4.72,0.29,1.62,4424,72,0,,EUR
TT_PRODUKTLAUNCH26,1789010002,Spark_Ads,08/25/2026,65+,Female,9.24,4.09,0.28,1.45,2257,33,0,,EUR
TT_LETO26_BrandAware,1789010001,InFeed_Prospecting,06/13/2026,18-24,Male,15.3,5.43,0.45,1.19,2818,34,0,,EUR
TT_PRODUKTLAUNCH26,1789010002,TopView,09/27/2026,55-64,Female,25.3,6.91,0.55,1.26,3661,46,0,,EUR
TT_LETO26_BrandAware,1789010001,InFeed_Prospecting,07/30/2026,55-64,Male,13.95,4.27,0.45,0.95,3267,31,0,,EUR
TT_LETO26_BrandAware,1789010001,Spark_Awareness,08/08/2026,65+,Female,5.46,5.95,0.42,1.45,917,13,0,,EUR
TT_PRODUKTLAUNCH26,1789010002,InFeed_Launch,09/11/2026,65+,Female,10.5,5.93,0.42,1.4,1771,25,0,,EUR
TT_PRODUKTLAUNCH26,1789010002,InFeed_Launch,08/28/2026,18-24,Male,12.6,4.59,0.35,1.32,2744,36,0,,EUR
TT_PRODUKTLAUNCH26,1789010002,InFeed_Launch,09/02/2026,55-64,Female,23.04,10.05,0.48,2.08,2293,48,0,,EUR
TT_LETO26_BrandAware,1789010001,InFeed_Retarget,06/03/2026,25-34,Male,16.17,6.93,0.33,2.1,2335,49,0,,EUR
TT_PRODUKTLAUNCH26,1789010002,TopView,09/06/2026,55-64,Female,17.76,3.8,0.48,0.79,4670,37,0,,EUR
TT_LETO26_BrandAware,1789010001,Spark_Awareness,06/22/2026,55-64,Male,13.33,5.93,0.43,1.37,2248,31,0,,EUR
TT_PRODUKTLAUNCH26,1789010002,InFeed_Launch,10/22/2026,25-34,Male,52.8,10.34,0.48,2.15,5107,110,1,52.8,EUR
TT_PRODUKTLAUNCH26,1789010002,InFeed_Launch,09/26/2026,18-24,Female,10.23,5.53,0.31,1.79,1849,33,0,,EUR
TT_LETO26_BrandAware,1789010001,InFeed_Retarget,07/08/2026,35-44,Male,17.55,8.27,0.39,2.12,2123,45,0,,EUR
TT_LETO26_BrandAware,1789010001,Spark_Awareness,07/22/2026,25-34,Male,21.09,6.11,0.37,1.65,3452,57,0,,EUR
TT_LETO26_BrandAware,1789010001,InFeed_Retarget,06/29/2026,55-64,Male,9.0,7.96,0.36,2.17,1130,25,0,,EUR
TT_LETO26_BrandAware,1789010001,InFeed_Retarget,08/10/2026,45-54,Male,11.0,9.78,0.44,2.2,1125,25,0,,EUR
TT_PRODUKTLAUNCH26,1789010002,Spark_Ads,10/03/2026,65+,Male,8.4,5.63,0.4,1.42,1493,21,0,,EUR
TT_LETO26_BrandAware,1789010001,Spark_Awareness,06/15/2026,65+,Male,8.4,5.83,0.42,1.36,1441,20,0,,EUR
TT_LETO26_BrandAware,1789010001,InFeed_Prospecting,06/09/2026,55-64,Female,12.58,5.78,0.34,1.71,2175,37,0,,EUR
TT_LETO26_BrandAware,1789010001,Spark_Awareness,07/01/2026,65+,Male,8.74,5.34,0.46,1.14,1638,19,0,,EUR
TT_LETO26_BrandAware,1789010001,InFeed_Prospecting,06/23/2026,45-54,Female,10.92,5.53,0.39,1.44,1975,28,0,,EUR
TT_PRODUKTLAUNCH26,1789010002,Spark_Ads,10/27/2026,45-54,Male,13.76,4.27,0.32,1.32,3222,43,1,13.76,EUR
TT_PRODUKTLAUNCH26,1789010002,InFeed_Launch,10/27/2026,35-44,Male,30.4,10.22,0.4,2.56,2974,76,1,30.4,EUR
TT_LETO26_BrandAware,1789010001,Spark_Awareness,06/10/2026,18-24,Male,10.2,5.24,0.34,1.54,1947,30,0,,EUR
TT_LETO26_BrandAware,1789010001,InFeed_Prospecting,06/18/2026,55-64,Female,15.66,4.81,0.29,1.66,3259,54,0,,EUR
TT_LETO26_BrandAware,1789010001,Spark_Awareness,06/06/2026,25-34,Female,21.42,7.29,0.42,1.74,2938,51,0,,EUR
TT_PRODUKTLAUNCH26,1789010002,TopView,10/01/2026,65+,Female,24.57,8.4,0.63,1.33,2925,39,0,,EUR
TT_PRODUKTLAUNCH26,1789010002,Spark_Ads,09/28/2026,65+,Male,12.21,5.04,0.33,1.54,2423,37,0,,EUR
TT_PRODUKTLAUNCH26,1789010002,InFeed_Launch,08/17/2026,65+,Female,8.8,6.11,0.44,1.36,1440,20,0,,EUR
TT_PRODUKTLAUNCH26,1789010002,Spark_Ads,09/28/2026,35-44,Female,35.65,6.56,0.31,2.12,5438,115,1,35.65,EUR
TT_LETO26_BrandAware,1789010001,InFeed_Retarget,06/14/2026,18-24,Female,15.6,11.53,0.4,2.91,1353,39,0,,EUR
TT_LETO26_BrandAware,1789010001,InFeed_Prospecting,07/01/2026,18-24,Male,9.5,2.42,0.25,0.97,3918,38,0,,EUR
TT_PRODUKTLAUNCH26,1789010002,InFeed_Launch,10/18/2026,18-24,Male,21.12,7.93,0.44,1.8,2664,48,0,,EUR
TT_PRODUKTLAUNCH26,1789010002,InFeed_Launch,09/19/2026,45-54,Female,28.0,9.79,0.4,2.46,2860,70,1,28.0,EUR
TT_LETO26_BrandAware,1789010001,Spark_Awareness,07/07/2026,55-64,Male,15.17,8.47,0.41,2.04,1790,37,0,,EUR
TT_LETO26_BrandAware,1789010001,Spark_Awareness,07/09/2026,25-34,Female,23.6,5.92,0.4,1.47,3985,59,0,,EUR
TT_PRODUKTLAUNCH26,1789010002,InFeed_Launch,08/24/2026,65+,Male,9.62,4.99,0.37,1.33,1929,26,0,,EUR
TT_PRODUKTLAUNCH26,1789010002,TopView,09/12/2026,18-24,Male,18.0,3.06,0.5,0.62,5880,36,0,,EUR
TT_LETO26_BrandAware,1789010001,InFeed_Prospecting,06/29/2026,65+,Male,11.47,7.17,0.37,1.91,1599,31,0,,EUR
TT_PRODUKTLAUNCH26,1789010002,InFeed_Launch,09/04/2026,55-64,Male,15.84,5.26,0.36,1.47,3011,44,0,,EUR
TT_PRODUKTLAUNCH26,1789010002,Spark_Ads,10/22/2026,25-34,Female,34.85,5.01,0.41,1.23,6956,85,1,34.85,EUR
TT_LETO26_BrandAware,1789010001,Spark_Awareness,07/18/2026,55-64,Female,8.12,3.77,0.28,1.36,2153,29,0,,EUR
TT_LETO26_BrandAware,1789010001,InFeed_Prospecting,06/10/2026,35-44,Male,22.32,5.02,0.36,1.4,4444,62,0,,EUR
TT_LETO26_BrandAware,1789010001,InFeed_Retarget,07/02/2026,35-44,Male,19.11,9.82,0.39,2.54,1946,49,0,,EUR
TT_PRODUKTLAUNCH26,1789010002,TopView,09/23/2026,35-44,Female,24.38,5.08,0.53,0.96,4797,46,0,,EUR
TT_LETO26_BrandAware,1789010001,Spark_Awareness,07/02/2026,45-54,Male,8.41,3.5,0.29,1.19,2403,29,0,,EUR
TT_PRODUKTLAUNCH26,1789010002,InFeed_Launch,09/09/2026,65+,Male,6.08,5.98,0.32,1.86,1016,19,0,,EUR
TT_LETO26_BrandAware,1789010001,Spark_Awareness,06/19/2026,25-34,Female,32.9,9.22,0.47,1.95,3567,70,0,,EUR
TT_PRODUKTLAUNCH26,1789010002,TopView,09/16/2026,45-54,Female,15.66,3.47,0.54,0.65,4517,29,0,,EUR
TT_LETO26_BrandAware,1789010001,InFeed_Retarget,07/22/2026,55-64,Female,5.28,7.21,0.44,1.68,732,12,0,,EUR
TT_PRODUKTLAUNCH26,1789010002,Spark_Ads,08/29/2026,18-24,Male,34.51,6.83,0.29,2.36,5053,119,1,34.51,EUR
TT_LETO26_BrandAware,1789010001,InFeed_Retarget,06/06/2026,35-44,Female,13.44,9.0,0.32,2.8,1493,42,0,,EUR
TT_LETO26_BrandAware,1789010001,InFeed_Retarget,06/16/2026,35-44,Male,15.68,9.57,0.49,1.95,1638,32,0,,EUR
TT_PRODUKTLAUNCH26,1789010002,Spark_Ads,09/28/2026,55-64,Female,18.9,6.15,0.35,1.75,3073,54,1,18.9,EUR
TT_PRODUKTLAUNCH26,1789010002,InFeed_Launch,09/02/2026,45-54,Female,9.66,5.58,0.42,1.34,1732,23,0,,EUR
TT_LETO26_BrandAware,1789010001,InFeed_Prospecting,07/10/2026,18-24,Male,11.6,3.22,0.29,1.1,3601,40,0,,EUR
TT_LETO26_BrandAware,1789010001,Spark_Awareness,06/07/2026,55-64,Male,7.41,4.48,0.39,1.15,1653,19,0,,EUR
TT_PRODUKTLAUNCH26,1789010002,Spark_Ads,08/23/2026,45-54,Male,12.76,4.2,0.29,1.46,3035,44,1,12.76,EUR
TT_PRODUKTLAUNCH26,1789010002,InFeed_Launch,09/15/2026,45-54,Male,28.38,9.39,0.43,2.19,3023,66,1,28.38,EUR
TT_PRODUKTLAUNCH26,1789010002,InFeed_Launch,09/07/2026,65+,Male,17.6,8.29,0.32,2.57,2123,55,1,17.6,EUR
TT_LETO26_BrandAware,1789010001,Spark_Awareness,06/28/2026,18-24,Female,8.14,5.19,0.37,1.38,1568,22,0,,EUR
TT_PRODUKTLAUNCH26,1789010002,TopView,10/21/2026,18-24,Male,35.64,6.84,0.54,1.26,5213,66,0,,EUR
TT_PRODUKTLAUNCH26,1789010002,TopView,08/17/2026,45-54,Male,22.55,4.44,0.55,0.81,5074,41,0,,EUR
TT_PRODUKTLAUNCH26,1789010002,InFeed_Launch,10/24/2026,45-54,Male,19.68,10.6,0.41,2.59,1856,48,0,,EUR
TT_PRODUKTLAUNCH26,1789010002,Spark_Ads,10/24/2026,45-54,Female,17.67,4.05,0.31,1.3,4363,57,1,17.67,EUR
TT_PRODUKTLAUNCH26,1789010002,InFeed_Launch,10/26/2026,18-24,Male,20.91,5.68,0.41,1.37,3682,51,1,20.91,EUR
TT_PRODUKTLAUNCH26,1789010002,TopView,09/06/2026,18-24,Male,29.04,4.45,0.44,1.01,6527,66,0,,EUR
TT_PRODUKTLAUNCH26,1789010002,Spark_Ads,09/09/2026,55-64,Male,18.8,8.39,0.47,1.78,2240,40,0,,EUR
TT_PRODUKTLAUNCH26,1789010002,Spark_Ads,09/22/2026,55-64,Male,24.09,7.16,0.33,2.16,3366,73,1,24.09,EUR
TT_PRODUKTLAUNCH26,1789010002,TopView,08/31/2026,25-34,Male,47.0,6.93,0.5,1.38,6784,94,1,47.0,EUR
TT_LETO26_BrandAware,1789010001,Spark_Awareness,06/10/2026,45-54,Female,13.8,5.39,0.3,1.8,2562,46,0,,EUR
TT_PRODUKTLAUNCH26,1789010002,Spark_Ads,08/17/2026,55-64,Male,36.08,8.11,0.41,1.98,4447,88,1,36.08,EUR
TT_LETO26_BrandAware,1789010001,InFeed_Prospecting,06/06/2026,45-54,Female,26.4,5.89,0.3,1.97,4480,88,0,,EUR
TT_LETO26_BrandAware,1789010001,InFeed_Prospecting,07/01/2026,35-44,Female,19.8,8.36,0.44,1.9,2368,45,0,,EUR
TT_PRODUKTLAUNCH26,1789010002,TopView,09/25/2026,35-44,Male,18.9,3.99,0.54,0.75,4738,35,0,,EUR
TT_LETO26_BrandAware,1789010001,InFeed_Retarget,07/05/2026,18-24,Female,9.9,8.61,0.33,2.58,1150,30,0,,EUR
TT_PRODUKTLAUNCH26,1789010002,InFeed_Launch,08/18/2026,18-24,Female,30.66,9.13,0.42,2.18,3359,73,1,30.66,EUR
TT_PRODUKTLAUNCH26,1789010002,InFeed_Launch,08/31/2026,35-44,Female,23.46,5.23,0.34,1.54,4482,69,1,23.46,EUR
TT_LETO26_BrandAware,1789010001,Spark_Awareness,07/20/2026,45-54,Female,13.8,7.13,0.46,1.55,1936,30,0,,EUR
TT_PRODUKTLAUNCH26,1789010002,TopView,09/12/2026,55-64,Female,18.06,4.93,0.42,1.17,3662,43,0,,EUR
TT_LETO26_BrandAware,1789010001,Spark_Awareness,07/05/2026,18-24,Female,9.4,6.48,0.47,1.37,1450,20,0,,EUR
TT_PRODUKTLAUNCH26,1789010002,Spark_Ads,09/20/2026,35-44,Female,13.5,3.63,0.3,1.2,3716,45,1,13.5,EUR
TT_PRODUKTLAUNCH26,1789010002,InFeed_Launch,10/02/2026,55-64,Female,19.6,8.19,0.49,1.66,2394,40,0,,EUR
TT_PRODUKTLAUNCH26,1789010002,TopView,10/26/2026,65+,Female,11.5,3.68,0.5,0.74,3123,23,0,,EUR
TT_LETO26_BrandAware,1789010001,InFeed_Prospecting,06/29/2026,45-54,Male,15.05,4.83,0.43,1.11,3113,35,0,,EUR
TT_PRODUKTLAUNCH26,1789010002,Spark_Ads,09/03/2026,65+,Female,21.0,8.57,0.5,1.72,2449,42,1,21.0,EUR
TT_PRODUKTLAUNCH26,1789010002,InFeed_Launch,09/18/2026,45-54,Male,19.8,9.09,0.44,2.07,2179,45,0,,EUR
TT_PRODUKTLAUNCH26,1789010002,InFeed_Launch,09/10/2026,25-34,Male,17.28,5.68,0.32,1.77,3042,54,1,17.28,EUR
TT_PRODUKTLAUNCH26,1789010002,Spark_Ads,08/23/2026,65+,Female,15.99,7.92,0.39,2.05,2018,41,0,,EUR
TT_LETO26_BrandAware,1789010001,Spark_Awareness,07/01/2026,35-44,Female,12.6,4.75,0.3,1.56,2655,42,0,,EUR
TT_LETO26_BrandAware,1789010001,InFeed_Retarget,06/05/2026,55-64,Female,12.74,13.88,0.49,2.79,918,26,0,,EUR
TT_PRODUKTLAUNCH26,1789010002,Spark_Ads,09/01/2026,55-64,Female,25.16,6.19,0.34,1.81,4064,74,1,25.16,EUR
TT_PRODUKTLAUNCH26,1789010002,InFeed_Launch,09/14/2026,65+,Female,8.17,8.9,0.43,2.06,918,19,0,,EUR
TT_LETO26_BrandAware,1789010001,Spark_Awareness,06/12/2026,18-24,Female,9.43,7.27,0.41,1.8,1297,23,0,,EUR
TT_PRODUKTLAUNCH26,1789010002,Spark_Ads,09/04/2026,55-64,Male,31.54,7.3,0.38,1.91,4323,83,1,31.54,EUR
TT_LETO26_BrandAware,1789010001,InFeed_Retarget,06/20/2026,25-34,Male,17.16,11.72,0.39,2.98,1464,44,0,,EUR
TT_LETO26_BrandAware,1789010001,Spark_Awareness,07/27/2026,45-54,Female,24.94,7.97,0.43,1.86,3129,58,0,,EUR
TT_LETO26_BrandAware,1789010001,Spark_Awareness,07/02/2026,65+,Female,7.79,4.84,0.41,1.2,1610,19,0,,EUR
TT_PRODUKTLAUNCH26,1789010002,InFeed_Launch,08/21/2026,65+,Female,4.95,4.59,0.33,1.35,1078,15,0,,EUR
TT_PRODUKTLAUNCH26,1789010002,Spark_Ads,10/10/2026,55-64,Male,21.93,9.02,0.43,2.11,2430,51,1,21.93,EUR
TT_PRODUKTLAUNCH26,1789010002,TopView,09/25/2026,45-54,Male,23.46,4.29,0.46,0.94,5473,51,0,,EUR
TT_PRODUKTLAUNCH26,1789010002,InFeed_Launch,09/22/2026,65+,Male,14.06,7.35,0.38,1.93,1913,37,0,,EUR
TT_LETO26_BrandAware,1789010001,Spark_Awareness,07/18/2026,18-24,Female,13.33,5.05,0.43,1.16,2639,31,0,,EUR
TT_PRODUKTLAUNCH26,1789010002,InFeed_Launch,09/14/2026,18-24,Female,17.76,6.35,0.37,1.71,2795,48,0,,EUR
TT_LETO26_BrandAware,1789010001,Spark_Awareness,08/04/2026,55-64,Male,4.65,3.54,0.31,1.11,1314,15,0,,EUR
TT_PRODUKTLAUNCH26,1789010002,TopView,09/13/2026,55-64,Male,12.0,4.48,0.5,0.91,2677,24,0,,EUR
TT_PRODUKTLAUNCH26,1789010002,InFeed_Launch,09/19/2026,25-34,Male,35.0,9.96,0.5,1.99,3513,70,1,35.0,EUR
TT_LETO26_BrandAware,1789010001,InFeed_Prospecting,06/26/2026,18-24,Female,7.03,4.02,0.37,1.06,1750,19,0,,EUR
TT_LETO26_BrandAware,1789010001,Spark_Awareness,08/08/2026,35-44,Female,31.05,9.06,0.45,2.02,3426,69,0,,EUR
TT_PRODUKTLAUNCH26,1789010002,TopView,09/14/2026,65+,Female,20.4,6.18,0.68,0.9,3300,30,0,,EUR
TT_PRODUKTLAUNCH26,1789010002,InFeed_Launch,08/25/2026,35-44,Female,20.3,7.89,0.35,2.25,2572,58,1,20.3,EUR
TT_LETO26_BrandAware,1789010001,InFeed_Retarget,07/10/2026,18-24,Male,15.04,8.76,0.47,1.85,1716,32,0,,EUR
TT_LETO26_BrandAware,1789010001,Spark_Awareness,06/28/2026,65+,Male,4.95,4.07,0.33,1.26,1216,15,0,,EUR
TT_PRODUKTLAUNCH26,1789010002,InFeed_Launch,09/15/2026,55-64,Female,31.0,12.3,0.5,2.47,2521,62,1,31.0,EUR
TT_PRODUKTLAUNCH26,1789010002,InFeed_Launch,09/08/2026,25-34,Male,40.74,9.96,0.42,2.38,4089,97,1,40.74,EUR
TT_PRODUKTLAUNCH26,1789010002,TopView,10/10/2026,65+,Male,19.0,5.09,0.5,1.03,3730,38,0,,EUR
TT_LETO26_BrandAware,1789010001,InFeed_Prospecting,07/01/2026,55-64,Female,16.66,4.81,0.34,1.4,3464,49,0,,EUR
TT_PRODUKTLAUNCH26,1789010002,Spark_Ads,08/21/2026,55-64,Male,13.63,3.32,0.29,1.16,4102,47,1,13.63,EUR
TT_PRODUKTLAUNCH26,1789010002,InFeed_Launch,08/26/2026,45-54,Female,32.76,10.05,0.52,1.92,3259,63,1,32.76,EUR
TT_LETO26_BrandAware,1789010001,Spark_Awareness,06/08/2026,18-24,Female,9.6,4.66,0.3,1.58,2060,32,0,,EUR
TT_PRODUKTLAUNCH26,1789010002,InFeed_Launch,09/09/2026,18-24,Female,10.15,5.04,0.35,1.46,2013,29,0,,EUR
TT_PRODUKTLAUNCH26,1789010002,TopView,09/23/2026,65+,Male,22.77,6.36,0.69,0.93,3578,33,0,,EUR
TT_PRODUKTLAUNCH26,1789010002,Spark_Ads,09/11/2026,65+,Female,16.0,5.87,0.5,1.16,2727,32,0,,EUR
TT_PRODUKTLAUNCH26,1789010002,InFeed_Launch,10/28/2026,45-54,Female,26.0,11.44,0.5,2.3,2272,52,1,26.0,EUR
TT_LETO26_BrandAware,1789010001,Spark_Awareness,06/12/2026,45-54,Male,25.35,7.18,0.39,1.84,3531,65,0,,EUR
TT_LETO26_BrandAware,1789010001,Spark_Awareness,07/11/2026,65+,Male,7.14,7.32,0.34,2.16,976,21,0,,EUR
TT_LETO26_BrandAware,1789010001,InFeed_Retarget,08/06/2026,18-24,Male,11.76,7.49,0.42,1.78,1571,28,0,,EUR
TT_PRODUKTLAUNCH26,1789010002,InFeed_Launch,09/30/2026,35-44,Female,29.0,9.42,0.5,1.87,3077,58,1,29.0,EUR
TT_LETO26_BrandAware,1789010001,InFeed_Retarget,07/07/2026,35-44,Female,17.02,9.38,0.37,2.55,1815,46,0,,EUR
TT_LETO26_BrandAware,1789010001,Spark_Awareness,07/29/2026,18-24,Female,8.8,5.93,0.44,1.35,1485,20,0,,EUR
TT_LETO26_BrandAware,1789010001,Spark_Awareness,07/20/2026,25-34,Male,14.72,5.09,0.46,1.11,2892,32,0,,EUR
TT_PRODUKTLAUNCH26,1789010002,Spark_Ads,10/10/2026,18-24,Female,27.3,9.22,0.39,2.38,2960,70,1,27.3,EUR
TT_LETO26_BrandAware,1789010001,InFeed_Prospecting,06/28/2026,45-54,Male,13.95,4.62,0.31,1.48,3022,45,0,,EUR
TT_LETO26_BrandAware,1789010001,InFeed_Retarget,07/15/2026,55-64,Male,4.96,4.91,0.31,1.63,1011,16,0,,EUR
TT_LETO26_BrandAware,1789010001,InFeed_Retarget,07/27/2026,65+,Male,7.68,10.07,0.48,2.15,763,16,0,,EUR
TT_LETO26_BrandAware,1789010001,InFeed_Prospecting,08/13/2026,55-64,Male,31.68,8.55,0.44,1.93,3705,72,0,,EUR
TT_LETO26_BrandAware,1789010001,Spark_Awareness,06/17/2026,35-44,Male,19.5,4.92,0.39,1.27,3967,50,0,,EUR
TT_PRODUKTLAUNCH26,1789010002,TopView,09/04/2026,25-34,Male,46.48,5.72,0.56,1.02,8132,83,0,,EUR
TT_LETO26_BrandAware,1789010001,Spark_Awareness,08/05/2026,18-24,Male,12.42,5.41,0.46,1.18,2296,27,0,,EUR
TT_LETO26_BrandAware,1789010001,InFeed_Prospecting,07/01/2026,45-54,Female,18.33,4.08,0.39,1.06,4490,47,0,,EUR
TT_LETO26_BrandAware,1789010001,InFeed_Retarget,07/12/2026,18-24,Male,9.4,9.13,0.47,1.92,1030,20,0,,EUR
TT_LETO26_BrandAware,1789010001,InFeed_Retarget,07/26/2026,35-44,Female,10.8,8.61,0.3,2.89,1254,36,0,,EUR
TT_PRODUKTLAUNCH26,1789010002,InFeed_Launch,10/13/2026,55-64,Female,8.19,5.47,0.39,1.39,1496,21,0,,EUR
TT_PRODUKTLAUNCH26,1789010002,TopView,09/01/2026,18-24,Female,12.69,3.26,0.47,0.68,3887,27,0,,EUR
TT_LETO26_BrandAware,1789010001,InFeed_Retarget,07/19/2026,65+,Male,9.68,11.62,0.44,2.62,833,22,0,,EUR
TT_LETO26_BrandAware,1789010001,InFeed_Prospecting,07/09/2026,45-54,Female,19.38,7.18,0.38,1.89,2700,51,0,,EUR
TT_PRODUKTLAUNCH26,1789010002,InFeed_Launch,09/16/2026,65+,Male,5.92,5.38,0.37,1.45,1101,16,0,,EUR
TT_PRODUKTLAUNCH26,1789010002,TopView,08/17/2026,25-34,Female,32.13,5.84,0.63,0.93,5504,51,0,,EUR
TT_PRODUKTLAUNCH26,1789010002,TopView,09/11/2026,35-44,Male,30.6,5.5,0.45,1.23,5568,68,0,,EUR
TT_LETO26_BrandAware,1789010001,InFeed_Prospecting,06/22/2026,18-24,Female,8.0,3.55,0.32,1.09,2252,25,0,,EUR
TT_PRODUKTLAUNCH26,1789010002,Spark_Ads,10/16/2026,65+,Male,14.04,5.35,0.39,1.39,2623,36,0,,EUR
TT_PRODUKTLAUNCH26,1789010002,InFeed_Launch,10/14/2026,25-34,Female,24.32,9.9,0.38,2.59,2457,64,1,24.32,EUR
TT_LETO26_BrandAware,1789010001,InFeed_Prospecting,07/18/2026,35-44,Female,17.5,3.81,0.25,1.52,4593,70,0,,EUR
TT_LETO26_BrandAware,1789010001,InFeed_Retarget,08/11/2026,25-34,Male,9.3,7.66,0.31,2.5,1214,30,0,,EUR
TT_PRODUKTLAUNCH26,1789010002,TopView,09/19/2026,35-44,Male,29.64,3.54,0.57,0.63,8381,52,0,,EUR
TT_LETO26_BrandAware,1789010001,InFeed_Retarget,07/04/2026,25-34,Female,17.94,11.7,0.39,2.98,1533,46,0,,EUR
TT_PRODUKTLAUNCH26,1789010002,InFeed_Launch,10/10/2026,35-44,Male,11.9,4.64,0.34,1.37,2563,35,0,,EUR
TT_LETO26_BrandAware,1789010001,Spark_Awareness,06/03/2026,55-64,Male,5.89,4.0,0.31,1.32,1471,19,0,,EUR
TT_LETO26_BrandAware,1789010001,InFeed_Retarget,06/04/2026,18-24,Female,5.95,6.09,0.35,1.79,977,17,0,,EUR
TT_PRODUKTLAUNCH26,1789010002,Spark_Ads,09/22/2026,35-44,Male,43.92,8.24,0.36,2.28,5331,122,1,43.92,EUR
TT_LETO26_BrandAware,1789010001,InFeed_Retarget,06/25/2026,65+,Female,8.19,11.82,0.39,2.99,693,21,0,,EUR
TT_PRODUKTLAUNCH26,1789010002,TopView,10/07/2026,65+,Female,15.75,5.32,0.63,0.84,2962,25,0,,EUR
TT_PRODUKTLAUNCH26,1789010002,TopView,09/27/2026,65+,Male,10.0,4.99,0.4,1.24,2006,25,0,,EUR
TT_PRODUKTLAUNCH26,1789010002,TopView,10/19/2026,45-54,Female,29.4,5.32,0.6,0.89,5525,49,0,,EUR
TT_PRODUKTLAUNCH26,1789010002,TopView,08/26/2026,25-34,Female,40.95,7.82,0.63,1.24,5237,65,0,,EUR
TT_LETO26_BrandAware,1789010001,InFeed_Retarget,07/20/2026,65+,Female,4.55,7.36,0.35,2.03,618,13,0,,EUR
TT_PRODUKTLAUNCH26,1789010002,Spark_Ads,10/10/2026,25-34,Female,23.78,4.75,0.29,1.65,5005,82,1,23.78,EUR
TT_PRODUKTLAUNCH26,1789010002,TopView,10/01/2026,55-64,Female,30.0,5.77,0.6,0.95,5196,50,0,,EUR
TT_LETO26_BrandAware,1789010001,Spark_Awareness,08/05/2026,25-34,Male,25.55,6.63,0.35,1.9,3854,73,0,,EUR
TT_PRODUKTLAUNCH26,1789010002,InFeed_Launch,09/29/2026,25-34,Male,25.84,5.14,0.34,1.51,5025,76,1,25.84,EUR
TT_LETO26_BrandAware,1789010001,InFeed_Prospecting,07/11/2026,65+,Female,4.96,2.97,0.31,0.94,1672,16,0,,EUR
TT_LETO26_BrandAware,1789010001,InFeed_Retarget,06/24/2026,45-54,Female,14.57,9.04,0.47,1.92,1611,31,0,,EUR
TT_PRODUKTLAUNCH26,1789010002,InFeed_Launch,10/20/2026,45-54,Female,22.23,8.86,0.39,2.28,2508,57,1,22.23,EUR
TT_LETO26_BrandAware,1789010001,InFeed_Retarget,06/29/2026,65+,Male,7.2,13.64,0.48,2.86,528,15,0,,EUR
TT_PRODUKTLAUNCH26,1789010002,InFeed_Launch,08/30/2026,65+,Male,10.8,5.54,0.4,1.4,1950,27,0,,EUR
TT_LETO26_BrandAware,1789010001,Spark_Awareness,06/09/2026,55-64,Male,10.5,6.02,0.3,2.01,1743,35,0,,EUR
TT_LETO26_BrandAware,1789010001,InFeed_Prospecting,06/20/2026,45-54,Male,14.96,6.7,0.34,1.95,2234,44,0,,EUR
TT_PRODUKTLAUNCH26,1789010002,InFeed_Launch,09/15/2026,35-44,Male,38.7,7.73,0.43,1.79,5008,90,1,38.7,EUR
TT_PRODUKTLAUNCH26,1789010002,InFeed_Launch,10/19/2026,65+,Male,9.0,7.03,0.5,1.4,1281,18,0,,EUR
TT_LETO26_BrandAware,1789010001,Spark_Awareness,07/03/2026,18-24,Male,11.47,4.09,0.37,1.12,2803,31,0,,EUR
TT_LETO26_BrandAware,1789010001,InFeed_Retarget,06/12/2026,25-34,Female,12.25,9.01,0.49,1.81,1360,25,0,,EUR
TT_PRODUKTLAUNCH26,1789010002,InFeed_Launch,09/02/2026,55-64,Male,21.42,7.69,0.34,2.25,2786,63,1,21.42,EUR
TT_PRODUKTLAUNCH26,1789010002,TopView,09/14/2026,45-54,Female,35.19,7.04,0.51,1.38,5001,69,0,,EUR
TT_LETO26_BrandAware,1789010001,Spark_Awareness,06/07/2026,55-64,Female,7.05,6.56,0.47,1.41,1075,15,0,,EUR
TT_PRODUKTLAUNCH26,1789010002,Spark_Ads,10/20/2026,45-54,Female,23.97,7.76,0.47,1.65,3089,51,1,23.97,EUR
TT_LETO26_BrandAware,1789010001,InFeed_Prospecting,07/18/2026,18-24,Male,8.68,3.51,0.31,1.14,2471,28,0,,EUR
TT_LETO26_BrandAware,1789010001,InFeed_Prospecting,06/27/2026,55-64,Male,22.01,6.18,0.31,1.99,3560,71,0,,EUR
TT_PRODUKTLAUNCH26,1789010002,Spark_Ads,10/12/2026,18-24,Female,25.9,7.35,0.35,2.11,3524,74,1,25.9,EUR
TT_LETO26_BrandAware,1789010001,Spark_Awareness,07/16/2026,45-54,Male,15.84,4.61,0.33,1.41,3438,48,0,,EUR
TT_LETO26_BrandAware,1789010001,InFeed_Prospecting,07/04/2026,18-24,Female,19.2,7.11,0.4,1.77,2699,48,0,,EUR
TT_PRODUKTLAUNCH26,1789010002,TopView,08/25/2026,55-64,Female,18.87,4.58,0.51,0.89,4116,37,0,,EUR
TT_PRODUKTLAUNCH26,1789010002,TopView,10/22/2026,25-34,Male,39.0,5.15,0.52,0.98,7567,75,0,,EUR
TT_PRODUKTLAUNCH26,1789010002,Spark_Ads,09/12/2026,35-44,Male,69.58,11.63,0.49,2.37,5983,142,2,34.79,EUR
TT_PRODUKTLAUNCH26,1789010002,Spark_Ads,10/08/2026,65+,Male,11.2,4.95,0.4,1.25,2261,28,0,,EUR
TT_LETO26_BrandAware,1789010001,InFeed_Prospecting,07/27/2026,35-44,Male,11.47,3.02,0.31,0.99,3796,37,0,,EUR
TT_PRODUKTLAUNCH26,1789010002,Spark_Ads,08/21/2026,18-24,Female,12.4,5.58,0.31,1.8,2223,40,0,,EUR
TT_PRODUKTLAUNCH26,1789010002,InFeed_Launch,10/14/2026,55-64,Male,13.3,8.02,0.38,2.09,1658,35,0,,EUR
TT_PRODUKTLAUNCH26,1789010002,InFeed_Launch,09/18/2026,55-64,Male,28.8,9.21,0.4,2.31,3127,72,1,28.8,EUR
TT_PRODUKTLAUNCH26,1789010002,TopView,09/13/2026,25-34,Male,36.72,6.05,0.51,1.18,6074,72,0,,EUR
TT_LETO26_BrandAware,1789010001,InFeed_Retarget,07/30/2026,18-24,Male,16.28,11.39,0.44,2.58,1429,37,0,,EUR
TT_PRODUKTLAUNCH26,1789010002,InFeed_Launch,09/17/2026,35-44,Female,18.0,5.46,0.36,1.53,3294,50,0,,EUR
TT_PRODUKTLAUNCH26,1789010002,TopView,10/05/2026,65+,Female,15.4,5.94,0.44,1.36,2592,35,0,,EUR
TT_LETO26_BrandAware,1789010001,InFeed_Retarget,07/24/2026,35-44,Male,21.15,10.7,0.45,2.38,1977,47,0,,EUR
TT_LETO26_BrandAware,1789010001,InFeed_Retarget,07/28/2026,65+,Male,8.97,10.27,0.39,2.6,873,23,0,,EUR
TT_LETO26_BrandAware,1789010001,InFeed_Prospecting,07/22/2026,55-64,Male,19.14,6.33,0.33,1.9,3024,58,0,,EUR
TT_LETO26_BrandAware,1789010001,InFeed_Prospecting,06/13/2026,45-54,Female,13.64,4.97,0.31,1.61,2744,44,0,,EUR
TT_PRODUKTLAUNCH26,1789010002,InFeed_Launch,10/28/2026,25-34,Male,67.6,12.36,0.52,2.38,5468,130,1,67.6,EUR
TT_PRODUKTLAUNCH26,1789010002,TopView,09/17/2026,65+,Female,11.05,4.59,0.65,0.69,2409,17,0,,EUR
TT_LETO26_BrandAware,1789010001,InFeed_Prospecting,06/27/2026,18-24,Female,13.2,4.72,0.3,1.57,2794,44,0,,EUR
TT_LETO26_BrandAware,1789010001,Spark_Awareness,06/27/2026,35-44,Female,11.44,4.48,0.44,1.0,2553,26,0,,EUR
TT_LETO26_BrandAware,1789010001,Spark_Awareness,08/09/2026,55-64,Male,8.0,3.98,0.4,1.01,2009,20,0,,EUR
TT_LETO26_BrandAware,1789010001,InFeed_Prospecting,07/09/2026,65+,Female,10.75,5.0,0.43,1.15,2152,25,0,,EUR
TT_LETO26_BrandAware,1789010001,Spark_Awareness,07/26/2026,25-34,Female,18.0,5.64,0.3,1.89,3194,60,0,,EUR
TT_LETO26_BrandAware,1789010001,InFeed_Retarget,06/29/2026,45-54,Female,14.35,8.59,0.35,2.44,1671,41,0,,EUR
TT_LETO26_BrandAware,1789010001,InFeed_Retarget,06/05/2026,35-44,Female,21.07,11.1,0.49,2.25,1899,43,0,,EUR
TT_LETO26_BrandAware,1789010001,InFeed_Retarget,06/23/2026,65+,Female,6.6,11.64,0.44,2.7,567,15,0,,EUR
TT_PRODUKTLAUNCH26,1789010002,InFeed_Launch,09/10/2026,45-54,Male,25.41,8.45,0.33,2.56,3007,77,1,25.41,EUR
TT_LETO26_BrandAware,1789010001,InFeed_Retarget,07/27/2026,55-64,Male,6.58,8.96,0.47,1.95,734,14,0,,EUR
TT_LETO26_BrandAware,1789010001,Spark_Awareness,07/26/2026,55-64,Male,12.32,6.87,0.44,1.59,1793,28,0,,EUR
TT_LETO26_BrandAware,1789010001,InFeed_Prospecting,08/14/2026,55-64,Male,6.08,3.6,0.32,1.1,1689,19,0,,EUR
TT_LETO26_BrandAware,1789010001,Spark_Awareness,06/06/2026,45-54,Female,11.2,5.2,0.4,1.31,2152,28,0,,EUR
TT_LETO26_BrandAware,1789010001,Spark_Awareness,06/11/2026,55-64,Male,13.3,6.85,0.38,1.83,1941,35,0,,EUR
TT_LETO26_BrandAware,1789010001,InFeed_Retarget,07/26/2026,35-44,Male,16.8,11.56,0.4,2.87,1453,42,0,,EUR
TT_LETO26_BrandAware,1789010001,InFeed_Prospecting,07/13/2026,18-24,Male,31.6,7.64,0.4,1.9,4135,79,0,,EUR
TT_LETO26_BrandAware,1789010001,InFeed_Retarget,08/12/2026,35-44,Male,13.5,8.05,0.5,1.63,1676,27,0,,EUR
TT_LETO26_BrandAware,1789010001,Spark_Awareness,07/04/2026,65+,Female,10.81,10.03,0.47,2.09,1078,23,0,,EUR
TT_LETO26_BrandAware,1789010001,InFeed_Prospecting,06/06/2026,55-64,Male,11.7,5.11,0.39,1.32,2291,30,0,,EUR
TT_LETO26_BrandAware,1789010001,InFeed_Retarget,06/04/2026,35-44,Male,14.06,8.31,0.37,2.25,1692,38,0,,EUR
TT_PRODUKTLAUNCH26,1789010002,Spark_Ads,09/01/2026,45-54,Female,24.2,6.16,0.44,1.4,3926,55,1,24.2,EUR
TT_LETO26_BrandAware,1789010001,Spark_Awareness,08/11/2026,45-54,Female,20.16,7.34,0.42,1.75,2746,48,0,,EUR
TT_PRODUKTLAUNCH26,1789010002,TopView,08/27/2026,18-24,Female,43.4,9.42,0.7,1.34,4607,62,0,,EUR
TT_LETO26_BrandAware,1789010001,Spark_Awareness,07/04/2026,45-54,Female,7.4,4.93,0.37,1.35,1502,20,0,,EUR
TT_LETO26_BrandAware,1789010001,Spark_Awareness,07/04/2026,25-34,Male,21.17,4.36,0.29,1.51,4860,73,0,,EUR
TT_LETO26_BrandAware,1789010001,Spark_Awareness,08/08/2026,18-24,Female,9.3,5.66,0.31,1.82,1643,30,0,,EUR
TT_PRODUKTLAUNCH26,1789010002,InFeed_Launch,10/28/2026,65+,Male,13.94,6.54,0.41,1.61,2133,34,0,,EUR
TT_PRODUKTLAUNCH26,1789010002,TopView,09/05/2026,25-34,Male,32.94,5.69,0.54,1.05,5786,61,0,,EUR
TT_PRODUKTLAUNCH26,1789010002,TopView,09/27/2026,45-54,Female,22.54,6.04,0.46,1.31,3733,49,0,,EUR
TT_LETO26_BrandAware,1789010001,InFeed_Retarget,06/14/2026,45-54,Male,9.03,9.94,0.43,2.26,908,21,0,,EUR
TT_PRODUKTLAUNCH26,1789010002,TopView,09/05/2026,45-54,Female,35.7,7.79,0.7,1.11,4581,51,0,,EUR
TT_PRODUKTLAUNCH26,1789010002,TopView,09/10/2026,18-24,Male,26.91,6.51,0.69,0.95,4135,39,0,,EUR
TT_PRODUKTLAUNCH26,1789010002,TopView,10/03/2026,35-44,Male,21.12,4.91,0.66,0.74,4302,32,0,,EUR
TT_PRODUKTLAUNCH26,1789010002,InFeed_Launch,08/24/2026,25-34,Female,61.5,12.35,0.5,2.48,4978,123,1,61.5,EUR
TT_LETO26_BrandAware,1789010001,InFeed_Retarget,07/04/2026,25-34,Male,10.23,6.14,0.31,1.98,1665,33,0,,EUR
TT_PRODUKTLAUNCH26,1789010002,TopView,08/24/2026,65+,Male,8.5,4.69,0.5,0.93,1811,17,0,,EUR
TT_LETO26_BrandAware,1789010001,InFeed_Prospecting,06/13/2026,18-24,Female,12.9,6.15,0.43,1.45,2098,30,0,,EUR
TT_LETO26_BrandAware,1789010001,InFeed_Prospecting,07/16/2026,35-44,Male,18.0,4.4,0.3,1.46,4087,60,0,,EUR
TT_PRODUKTLAUNCH26,1789010002,Spark_Ads,09/14/2026,35-44,Male,20.77,3.63,0.31,1.18,5716,67,1,20.77,EUR
TT_LETO26_BrandAware,1789010001,InFeed_Retarget,07/07/2026,25-34,Male,15.3,10.82,0.45,2.43,1414,34,0,,EUR
TT_LETO26_BrandAware,1789010001,Spark_Awareness,07/18/2026,25-34,Female,24.65,5.86,0.29,2.01,4207,85,0,,EUR
TT_LETO26_BrandAware,1789010001,InFeed_Retarget,07/20/2026,45-54,Female,9.45,6.67,0.35,1.88,1416,27,0,,EUR
TT_LETO26_BrandAware,1789010001,InFeed_Prospecting,06/14/2026,25-34,Female,19.72,3.73,0.29,1.28,5293,68,0,,EUR
TT_LETO26_BrandAware,1789010001,InFeed_Retarget,06/12/2026,35-44,Female,13.68,7.79,0.38,2.02,1757,36,0,,EUR
TT_PRODUKTLAUNCH26,1789010002,TopView,09/14/2026,55-64,Female,12.18,4.14,0.42,0.98,2939,29,0,,EUR
TT_PRODUKTLAUNCH26,1789010002,InFeed_Launch,09/29/2026,65+,Female,11.47,8.08,0.37,2.18,1420,31,0,,EUR
TT_PRODUKTLAUNCH26,1789010002,Spark_Ads,08/19/2026,55-64,Male,15.6,7.18,0.39,1.84,2173,40,0,,EUR
TT_LETO26_BrandAware,1789010001,InFeed_Retarget,08/01/2026,55-64,Female,14.72,11.09,0.46,2.4,1327,32,0,,EUR
TT_PRODUKTLAUNCH26,1789010002,TopView,09/21/2026,35-44,Male,18.86,4.59,0.41,1.13,4106,46,0,,EUR
TT_PRODUKTLAUNCH26,1789010002,TopView,10/06/2026,55-64,Female,23.68,6.27,0.64,0.98,3776,37,0,,EUR
TT_PRODUKTLAUNCH26,1789010002,InFeed_Launch,08/21/2026,55-64,Male,17.86,6.1,0.38,1.62,2930,47,0,,EUR
TT_LETO26_BrandAware,1789010001,InFeed_Prospecting,06/24/2026,25-34,Female,39.6,7.6,0.44,1.72,5210,90,0,,EUR
TT_LETO26_BrandAware,1789010001,InFeed_Prospecting,06/02/2026,25-34,Male,32.3,5.66,0.38,1.48,5705,85,0,,EUR
TT_PRODUKTLAUNCH26,1789010002,InFeed_Launch,10/27/2026,55-64,Female,15.05,8.4,0.35,2.4,1791,43,0,,EUR
TT_LETO26_BrandAware,1789010001,InFeed_Retarget,07/17/2026,18-24,Female,6.82,7.13,0.31,2.35,957,22,0,,EUR
TT_PRODUKTLAUNCH26,1789010002,Spark_Ads,10/01/2026,25-34,Male,39.48,8.65,0.47,1.85,4564,84,1,39.48,EUR
TT_LETO26_BrandAware,1789010001,InFeed_Prospecting,07/27/2026,55-64,Female,22.44,7.92,0.44,1.8,2834,51,0,,EUR
TT_PRODUKTLAUNCH26,1789010002,Spark_Ads,10/24/2026,35-44,Male,42.9,6.61,0.3,2.21,6486,143,2,21.45,EUR
TT_LETO26_BrandAware,1789010001,Spark_Awareness,06/08/2026,35-44,Male,16.65,6.6,0.45,1.48,2521,37,0,,EUR
TT_PRODUKTLAUNCH26,1789010002,TopView,09/11/2026,55-64,Male,26.24,5.92,0.64,0.93,4432,41,0,,EUR
TT_PRODUKTLAUNCH26,1789010002,TopView,10/25/2026,65+,Female,8.64,5.37,0.54,1.01,1608,16,0,,EUR
TT_LETO26_BrandAware,1789010001,InFeed_Retarget,08/07/2026,55-64,Female,9.66,12.88,0.46,2.79,750,21,0,,EUR
TT_PRODUKTLAUNCH26,1789010002,Spark_Ads,08/29/2026,25-34,Female,26.52,7.09,0.34,2.09,3740,78,1,26.52,EUR
TT_LETO26_BrandAware,1789010001,InFeed_Prospecting,06/22/2026,35-44,Female,31.28,6.42,0.34,1.89,4873,92,0,,EUR
TT_PRODUKTLAUNCH26,1789010002,Spark_Ads,08/31/2026,55-64,Male,25.38,10.16,0.47,2.18,2497,54,1,25.38,EUR
TT_LETO26_BrandAware,1789010001,InFeed_Prospecting,07/24/2026,35-44,Female,26.91,5.83,0.39,1.5,4613,69,0,,EUR
TT_LETO26_BrandAware,1789010001,Spark_Awareness,07/29/2026,25-34,Female,13.65,5.85,0.35,1.66,2334,39,0,,EUR
TT_LETO26_BrandAware,1789010001,Spark_Awareness,07/15/2026,65+,Female,4.68,5.08,0.36,1.39,922,13,0,,EUR
TT_PRODUKTLAUNCH26,1789010002,TopView,09/27/2026,35-44,Female,28.38,3.93,0.43,0.92,7227,66,0,,EUR
TT_PRODUKTLAUNCH26,1789010002,Spark_Ads,09/18/2026,18-24,Female,18.24,5.63,0.32,1.76,3241,57,1,18.24,EUR
TT_PRODUKTLAUNCH26,1789010002,TopView,08/31/2026,18-24,Male,45.65,7.34,0.55,1.33,6223,83,0,,EUR
TT_PRODUKTLAUNCH26,1789010002,InFeed_Launch,10/11/2026,55-64,Male,7.44,4.18,0.31,1.33,1778,24,0,,EUR
TT_LETO26_BrandAware,1789010001,InFeed_Retarget,06/18/2026,35-44,Female,13.26,10.54,0.39,2.69,1258,34,0,,EUR
TT_LETO26_BrandAware,1789010001,InFeed_Prospecting,07/05/2026,55-64,Female,8.8,6.15,0.44,1.43,1430,20,0,,EUR
TT_PRODUKTLAUNCH26,1789010002,TopView,10/04/2026,65+,Female,8.28,4.71,0.46,1.03,1759,18,0,,EUR
TT_PRODUKTLAUNCH26,1789010002,InFeed_Launch,09/20/2026,35-44,Male,23.46,9.65,0.46,2.09,2430,51,1,23.46,EUR
TT_LETO26_BrandAware,1789010001,InFeed_Retarget,08/02/2026,55-64,Female,10.8,9.85,0.45,2.19,1096,24,0,,EUR
TT_PRODUKTLAUNCH26,1789010002,Spark_Ads,10/14/2026,65+,Male,17.02,5.53,0.46,1.19,3079,37,0,,EUR
TT_PRODUKTLAUNCH26,1789010002,InFeed_Launch,09/03/2026,18-24,Female,16.92,7.72,0.47,1.64,2193,36,0,,EUR
TT_PRODUKTLAUNCH26,1789010002,Spark_Ads,10/08/2026,18-24,Female,15.95,3.75,0.29,1.31,4250,55,1,15.95,EUR
TT_LETO26_BrandAware,1789010001,InFeed_Prospecting,07/24/2026,65+,Female,17.02,7.35,0.37,1.99,2315,46,0,,EUR
TT_LETO26_BrandAware,1789010001,InFeed_Retarget,07/13/2026,45-54,Female,7.5,5.9,0.3,1.97,1271,25,0,,EUR
TT_PRODUKTLAUNCH26,1789010002,TopView,08/30/2026,45-54,Male,30.68,5.85,0.52,1.13,5245,59,0,,EUR
TT_PRODUKTLAUNCH26,1789010002,Spark_Ads,09/01/2026,55-64,Male,21.12,4.95,0.33,1.49,4266,64,1,21.12,EUR
TT_LETO26_BrandAware,1789010001,InFeed_Prospecting,08/11/2026,18-24,Female,10.5,5.19,0.35,1.49,2023,30,0,,EUR
TT_PRODUKTLAUNCH26,1789010002,InFeed_Launch,09/06/2026,45-54,Male,21.96,6.34,0.36,1.76,3463,61,1,21.96,EUR
TT_PRODUKTLAUNCH26,1789010002,InFeed_Launch,09/21/2026,55-64,Male,12.92 EUR,8.1,0.34,2.38,1596,38,0,,EUR
TT_LETO26_BrandAware,1789010001,InFeed_Retarget,07/01/2026,25-34,Male,10.44,7.74,0.36,2.14,1348,29,0,,EUR
TT_LETO26_BrandAware,1789010001,InFeed_Retarget,08/11/2026,35-44,Female,8.14,6.01,0.37,1.61,1354,22,0,,EUR
TT_PRODUKTLAUNCH26,1789010002,Spark_Ads,08/25/2026,25-34,Male,34.44,6.66,0.42,1.59,5171,82,1,34.44,EUR
TT_LETO26_BrandAware,1789010001,Spark_Awareness,06/10/2026,18-24,Female,7.2,4.14,0.36,1.14,1738,20,0,,EUR
TT_LETO26_BrandAware,1789010001,InFeed_Prospecting,07/01/2026,35-44,Male,9.3,3.77,0.31,1.23,2469,30,0,,EUR
TT_LETO26_BrandAware,1789010001,Spark_Awareness,06/13/2026,18-24,Female,15.2,5.17,0.4,1.3,2941,38,0,,EUR
TT_LETO26_BrandAware,1789010001,InFeed_Prospecting,06/12/2026,55-64,Female,8.4,4.05,0.3,1.34,2074,28,0,,EUR
TT_LETO26_BrandAware,1789010001,InFeed_Retarget,06/19/2026,55-64,Female,7.79,11.8,0.41,2.9,660,19,0,,EUR
TT_PRODUKTLAUNCH26,1789010002,TopView,08/19/2026,25-34,Male,18.04,2.62,0.41,0.64,6898,44,0,,EUR
TT_LETO26_BrandAware,1789010001,InFeed_Prospecting,07/30/2026,25-34,Male,26.23,4.12,0.43,0.97,6360,61,0,,EUR
TT_PRODUKTLAUNCH26,1789010002,InFeed_Launch,08/27/2026,25-34,Female,39.9,8.72,0.38,2.29,4578,105,1,39.9,EUR
TT_PRODUKTLAUNCH26,1789010002,TopView,10/07/2026,18-24,Female,26.5,4.76,0.53,0.89,5572,50,0,,EUR
TT_PRODUKTLAUNCH26,1789010002,Spark_Ads,08/25/2026,25-34,Female,17.39,5.27,0.37,1.42,3297,47,1,17.39,EUR
TT_LETO26_BrandAware,1789010001,Spark_Awareness,07/20/2026,35-44,Male,9.18,3.49,0.34,1.01,2631,27,0,,EUR
TT_LETO26_BrandAware,1789010001,Spark_Awareness,07/12/2026,18-24,Male,10.56,4.51,0.33,1.38,2339,32,0,,EUR
TT_LETO26_BrandAware,1789010001,InFeed_Prospecting,07/10/2026,35-44,Female,25.2,6.38,0.4,1.59,3949,63,0,,EUR
TT_PRODUKTLAUNCH26,1789010002,TopView,08/15/2026,65+,Female,10.81,6.12,0.47,1.31,1766,23,0,,EUR
TT_LETO26_BrandAware,1789010001,InFeed_Prospecting,06/15/2026,65+,Male,10.88,6.29,0.32,1.99,1731,34,0,,EUR
TT_LETO26_BrandAware,1789010001,InFeed_Retarget,06/09/2026,65+,Male,4.65,4.93,0.31,1.61,944,15,0,,EUR
TT_PRODUKTLAUNCH26,1789010002,InFeed_Launch,09/16/2026,45-54,Female,25.37,7.79,0.43,1.82,3256,59,1,25.37,EUR
TT_LETO26_BrandAware,1789010001,InFeed_Retarget,06/17/2026,45-54,Female,19.2,13.07,0.48,2.75,1469,40,0,,EUR
TT_LETO26_BrandAware,1789010001,InFeed_Prospecting,08/02/2026,18-24,Male,16.8,5.14,0.28,1.82,3271,60,0,,EUR
TT_PRODUKTLAUNCH26,1789010002,Spark_Ads,09/01/2026,35-44,Female,38.07,8.42,0.47,1.79,4522,81,1,38.07,EUR
TT_PRODUKTLAUNCH26,1789010002,Spark_Ads,08/27/2026,18-24,Female,25.9,7.44,0.37,2.01,3479,70,1,25.9,EUR
TT_LETO26_BrandAware,1789010001,InFeed_Retarget,07/07/2026,35-44,Male,11.88,6.22,0.33,1.9,1911,36,0,,EUR
TT_LETO26_BrandAware,1789010001,Spark_Awareness,08/09/2026,45-54,Female,12.8,6.62,0.4,1.65,1934,32,0,,EUR
TT_PRODUKTLAUNCH26,1789010002,Spark_Ads,09/02/2026,65+,Female,9.9,5.63,0.3,1.86,1758,33,0,,EUR
TT_LETO26_BrandAware,1789010001,InFeed_Retarget,08/06/2026,45-54,Male,9.92,9.23,0.32,2.91,1075,31,0,,EUR
TT_PRODUKTLAUNCH26,1789010002,TopView,10/24/2026,18-24,Female,25.84,4.24,0.68,0.62,6089,38,0,,EUR
TT_LETO26_BrandAware,1789010001,InFeed_Prospecting,06/29/2026,18-24,Female,9.25,3.19,0.25,1.27,2903,37,0,,EUR
TT_LETO26_BrandAware,1789010001,Spark_Awareness,08/03/2026,35-44,Female,22.05,8.61,0.45,1.91,2560,49,0,,EUR
TT_PRODUKTLAUNCH26,1789010002,TopView,09/05/2026,18-24,Female,27.73,8.21,0.59,1.4,3378,47,0,,EUR
TT_LETO26_BrandAware,1789010001,InFeed_Retarget,06/03/2026,45-54,Male,12.0,12.86,0.5,2.57,933,24,0,,EUR
TT_LETO26_BrandAware,1789010001,Spark_Awareness,08/12/2026,35-44,Male,19.6,6.24,0.4,1.56,3143,49,0,,EUR
TT_LETO26_BrandAware,1789010001,Spark_Awareness,07/30/2026,25-34,Female,35.88,8.48,0.39,2.18,4233,92,0,,EUR
TT_LETO26_BrandAware,1789010001,InFeed_Retarget,07/22/2026,18-24,Female,9.62,7.86,0.37,2.13,1224,26,0,,EUR
TT_LETO26_BrandAware,1789010001,InFeed_Retarget,06/28/2026,18-24,Female,8.36,10.75,0.38,2.82,778,22,0,,EUR
TT_PRODUKTLAUNCH26,1789010002,Spark_Ads,09/12/2026,25-34,Female,41.28,9.2,0.48,1.91,4489,86,1,41.28,EUR
TT_PRODUKTLAUNCH26,1789010002,Spark_Ads,09/19/2026,35-44,Female,34.44,7.72,0.42,1.85,4459,82,1,34.44,EUR
TT_LETO26_BrandAware,1789010001,InFeed_Prospecting,08/02/2026,25-34,Male,31.98,7.27,0.39,1.87,4398,82,0,,EUR
TT_LETO26_BrandAware,1789010001,InFeed_Prospecting,06/23/2026,18-24,Female,13.53,5.89,0.33,1.76,2299,41,0,,EUR
TT_PRODUKTLAUNCH26,1789010002,TopView,09/28/2026,18-24,Male,15.64,3.98,0.46,0.86,3933,34,0,,EUR
TT_PRODUKTLAUNCH26,1789010002,InFeed_Launch,08/18/2026,55-64,Male,22.08,8.66,0.46,1.89,2551,48,0,,EUR
TT_PRODUKTLAUNCH26,1789010002,TopView,10/27/2026,65+,Female,12.92,5.96,0.68,0.86,2169,19,0,,EUR
TT_LETO26_BrandAware,1789010001,InFeed_Retarget,07/20/2026,25-34,Male,20.91,11.93,0.41,2.89,1752,51,0,,EUR
TT_PRODUKTLAUNCH26,1789010002,TopView,08/17/2026,18-24,Male,27.73,4.23,0.47,0.9,6557,59,0,,EUR
TT_PRODUKTLAUNCH26,1789010002,InFeed_Launch,08/24/2026,45-54,Male,28.71,7.51,0.33,2.26,3825,87,1,28.71,EUR
TT_PRODUKTLAUNCH26,1789010002,TopView,09/15/2026,65+,Male,12.48,3.32,0.52,0.65,3764,24,0,,EUR
TT_PRODUKTLAUNCH26,1789010002,TopView,10/12/2026,25-34,Female,19.38,3.22,0.51,0.64,6011,38,0,,EUR
TT_PRODUKTLAUNCH26,1789010002,Spark_Ads,10/02/2026,45-54,Female,12.32,5.07,0.44,1.15,2431,28,0,,EUR
TT_LETO26_BrandAware,1789010001,InFeed_Prospecting,06/19/2026,45-54,Male,11.31,5.65,0.39,1.47,2003,29,0,,EUR
TT_PRODUKTLAUNCH26,1789010002,InFeed_Launch,10/04/2026,18-24,Male,26.23,9.84,0.43,2.27,2665,61,1,26.23,EUR
TT_LETO26_BrandAware,1789010001,InFeed_Prospecting,07/22/2026,18-24,Male,24.07,5.28,0.29,1.81,4556,83,0,,EUR
TT_LETO26_BrandAware,1789010001,InFeed_Prospecting,07/13/2026,18-24,Female,23.1,6.95,0.42,1.65,3322,55,0,,EUR
TT_PRODUKTLAUNCH26,1789010002,InFeed_Launch,09/03/2026,18-24,Male,19.89,11.0,0.51,2.15,1809,39,0,,EUR
TT_LETO26_BrandAware,1789010001,InFeed_Retarget,07/31/2026,25-34,Male,22.05,8.69,0.45,1.93,2537,49,0,,EUR
TT_LETO26_BrandAware,1789010001,Spark_Awareness,07/14/2026,35-44,Male,29.7,8.39,0.45,1.86,3541,66,0,,EUR
TT_LETO26_BrandAware,1789010001,InFeed_Retarget,07/09/2026,35-44,Female,14.35,10.49,0.41,2.55,1368,35,0,,EUR
TT_LETO26_BrandAware,1789010001,Spark_Awareness,07/06/2026,35-44,Female,22.4,6.91,0.32,2.15,3240,70,0,,EUR
TT_PRODUKTLAUNCH26,1789010002,TopView,09/30/2026,65+,Male,29.25,7.81,0.65,1.2,3746,45,0,,EUR
TT_LETO26_BrandAware,1789010001,InFeed_Retarget,08/08/2026,65+,Male,4.44,6.03,0.37,1.64,736,12,0,,EUR
TT_PRODUKTLAUNCH26,1789010002,InFeed_Launch,10/19/2026,45-54,Male,22.95,8.01,0.51,1.55,2866,45,0,,EUR
TT_PRODUKTLAUNCH26,1789010002,Spark_Ads,09/25/2026,35-44,Male,38.54,5.84,0.47,1.25,6595,82,1,38.54,EUR
TT_PRODUKTLAUNCH26,1789010002,TopView,08/18/2026,25-34,Male,29.9,5.69,0.65,0.87,5259,46,0,,EUR
TT_PRODUKTLAUNCH26,1789010002,Spark_Ads,09/03/2026,18-24,Male,21.84,7.17,0.42,1.7,3044,52,1,21.84,EUR
TT_PRODUKTLAUNCH26,1789010002,InFeed_Launch,10/11/2026,65+,Female,10.66,9.48,0.41,2.32,1125,26,0,,EUR
TT_PRODUKTLAUNCH26,1789010002,Spark_Ads,08/23/2026,55-64,Female,10.0,4.62,0.4,1.15,2165,25,0,,EUR
TT_LETO26_BrandAware,1789010001,Spark_Awareness,06/17/2026,65+,Female,6.27,6.76,0.33,2.09,928,19,0,,EUR
TT_PRODUKTLAUNCH26,1789010002,Spark_Ads,10/13/2026,55-64,Female,15.96,6.95,0.42,1.67,2295,38,0,,EUR
TT_LETO26_BrandAware,1789010001,InFeed_Retarget,07/16/2026,35-44,Male,13.64,6.55,0.31,2.09,2082,44,0,,EUR
TT_PRODUKTLAUNCH26,1789010002,InFeed_Launch,08/17/2026,25-34,Male,23.76,7.5,0.33,2.27,3169,72,1,23.76,EUR
TT_LETO26_BrandAware,1789010001,Spark_Awareness,07/27/2026,25-34,Female,24.48,6.72,0.36,1.86,3643,68,0,,EUR
TT_LETO26_BrandAware,1789010001,InFeed_Prospecting,07/21/2026,35-44,Female,15.66,3.14,0.29,1.08,4986,54,0,,EUR
TT_PRODUKTLAUNCH26,1789010002,Spark_Ads,10/23/2026,65+,Male,14.26,6.94,0.31,2.23,2055,46,1,14.26,EUR
TT_PRODUKTLAUNCH26,1789010002,InFeed_Launch,10/05/2026,45-54,Female,13.44,6.87,0.48,1.42,1955,28,0,,EUR
TT_PRODUKTLAUNCH26,1789010002,InFeed_Launch,08/16/2026,65+,Male,9.87,6.91,0.47,1.49,1429,21,0,,EUR
TT_LETO26_BrandAware,1789010001,InFeed_Retarget,06/22/2026,18-24,Female,7.98,8.45,0.42,1.97,944,19,0,,EUR
TT_PRODUKTLAUNCH26,1789010002,InFeed_Launch,10/18/2026,55-64,Female,11.61,7.67,0.43,1.8,1514,27,0,,EUR
TT_LETO26_BrandAware,1789010001,Spark_Awareness,06/14/2026,25-34,Male,16.8,5.34,0.35,1.51,3147,48,0,,EUR
TT_PRODUKTLAUNCH26,1789010002,InFeed_Launch,10/18/2026,35-44,Female,21.0,5.13,0.35,1.45,4094,60,1,21.0,EUR
TT_PRODUKTLAUNCH26,1789010002,InFeed_Launch,09/30/2026,45-54,Male,22.0,8.53,0.4,2.14,2578,55,1,22.0,EUR
TT_LETO26_BrandAware,1789010001,InFeed_Retarget,07/31/2026,25-34,Female,6.82,5.53,0.31,1.76,1233,22,0,,EUR
TT_PRODUKTLAUNCH26,1789010002,Spark_Ads,09/27/2026,45-54,Female,33.84,6.64,0.36,1.84,5097,94,1,33.84,EUR
TT_PRODUKTLAUNCH26,1789010002,InFeed_Launch,08/27/2026,65+,Female,6.2,6.48,0.31,2.08,957,20,0,,EUR
TT_LETO26_BrandAware,1789010001,InFeed_Prospecting,08/12/2026,18-24,Female,15.6,5.98,0.39,1.52,2609,40,0,,EUR
TT_LETO26_BrandAware,1789010001,InFeed_Retarget,06/30/2026,65+,Female,5.55,9.42,0.37,2.52,589,15,0,,EUR
TT_LETO26_BrandAware,1789010001,InFeed_Retarget,07/08/2026,65+,Male,5.4,9.98,0.45,2.26,541,12,0,,EUR
TT_PRODUKTLAUNCH26,1789010002,Spark_Ads,08/24/2026,45-54,Male,20.28,7.8,0.39,2.02,2599,52,1,20.28,EUR
TT_LETO26_BrandAware,1789010001,InFeed_Retarget,06/29/2026,65+,Male,7.2,13.64,0.48,2.86,528,15,0,,EUR
TT_PRODUKTLAUNCH26,1789010002,TopView,09/09/2026,65+,Female,8.74,3.39,0.46,0.73,2579,19,0,,EUR
TT_LETO26_BrandAware,1789010001,Spark_Awareness,07/07/2026,55-64,Female,12.6,6.62,0.42,1.6,1902,30,0,,EUR
TT_PRODUKTLAUNCH26,1789010002,TopView,10/24/2026,18-24,Male,32.4,4.76,0.54,0.88,6804,60,0,,EUR
TT_PRODUKTLAUNCH26,1789010002,Spark_Ads,09/10/2026,18-24,Male,33.48,6.22,0.36,1.73,5386,93,1,33.48,EUR
TT_LETO26_BrandAware,1789010001,InFeed_Prospecting,07/30/2026,18-24,Male,27.72,6.23,0.33,1.88,4448,84,0,,EUR
TT_LETO26_BrandAware,1789010001,Spark_Awareness,07/30/2026,65+,Female,8.96,5.37,0.32,1.69,1668,28,0,,EUR
TT_PRODUKTLAUNCH26,1789010002,TopView,08/30/2026,18-24,Female,23.4,4.34,0.52,0.84,5395,45,0,,EUR
TT_PRODUKTLAUNCH26,1789010002,InFeed_Launch,09/09/2026,35-44,Female,14.5,6.98,0.5,1.41,2077,29,0,,EUR
TT_LETO26_BrandAware,1789010001,InFeed_Retarget,07/06/2026,65+,Male,11.04,12.68,0.46,2.77,871,24,0,,EUR
TT_PRODUKTLAUNCH26,1789010002,InFeed_Launch,09/19/2026,35-44,Female,16.4,7.78,0.41,1.91,2109,40,0,,EUR
TT_PRODUKTLAUNCH26,1789010002,Spark_Ads,08/22/2026,35-44,Male,34.85,9.1,0.41,2.22,3830,85,1,34.85,EUR
TT_PRODUKTLAUNCH26,1789010002,Spark_Ads,09/02/2026,35-44,Male,23.24,5.04,0.28,1.79,4611,83,1,23.24,EUR
TT_PRODUKTLAUNCH26,1789010002,InFeed_Launch,08/23/2026,45-54,Male,30.53,7.95,0.43,1.85,3838,71,1,30.53,EUR
TT_LETO26_BrandAware,1789010001,InFeed_Retarget,06/03/2026,35-44,Male,11.78,5.22,0.31,1.7,2258,38,0,,EUR
TT_PRODUKTLAUNCH26,1789010002,Spark_Ads,09/26/2026,65+,Female,12.96,10.25,0.48,2.16,1265,27,0,,EUR
TT_LETO26_BrandAware,1789010001,InFeed_Retarget,06/06/2026,18-24,Female,7.59,7.05,0.33,2.12,1077,23,0,,EUR
TT_LETO26_BrandAware,1789010001,InFeed_Retarget,06/01/2026,18-24,Male,10.66,8.39,0.41,2.04,1270,26,0,,EUR
TT_LETO26_BrandAware,1789010001,InFeed_Retarget,07/03/2026,35-44,Male,25.52,12.55,0.44,2.86,2033,58,0,,EUR
TT_PRODUKTLAUNCH26,1789010002,TopView,10/08/2026,65+,Female,10.81,4.66,0.47,1.01,2318,23,0,,EUR
TT_LETO26_BrandAware,1789010001,InFeed_Retarget,06/28/2026,35-44,Male,18.49,8.11,0.43,1.89,2280,43,0,,EUR
TT_PRODUKTLAUNCH26,1789010002,TopView,09/25/2026,35-44,Female,14.62,2.99,0.43,0.69,4883,34,0,,EUR
TT_PRODUKTLAUNCH26,1789010002,InFeed_Launch,09/16/2026,18-24,Male,20.67,6.19,0.39,1.59,3339,53,1,20.67,EUR
TT_PRODUKTLAUNCH26,1789010002,InFeed_Launch,10/17/2026,25-34,Male,55.08,11.5,0.51,2.27,4788,108,1,55.08,EUR
TT_PRODUKTLAUNCH26,1789010002,InFeed_Launch,09/20/2026,55-64,Female,24.3,10.5,0.45,2.32,2314,54,1,24.3,EUR
TT_PRODUKTLAUNCH26,1789010002,InFeed_Launch,09/08/2026,65+,Male,11.6,10.15,0.4,2.51,1143,29,0,,EUR
TT_PRODUKTLAUNCH26,1789010002,TopView,10/13/2026,25-34,Male,44.44,4.52,0.44,1.03,9832,101,1,44.44,EUR
TT_PRODUKTLAUNCH26,1789010002,InFeed_Launch,09/01/2026,65+,Male,8.58,7.36,0.39,1.87,1165,22,0,,EUR
TT_PRODUKTLAUNCH26,1789010002,InFeed_Launch,09/29/2026,55-64,Female,13.26 EUR,8.75,0.39,2.27,1516,34,0,,EUR
TT_LETO26_BrandAware,1789010001,InFeed_Prospecting,06/11/2026,18-24,Female,15.12,3.74,0.28,1.34,4045,54,0,,EUR
TT_PRODUKTLAUNCH26,1789010002,InFeed_Launch,10/23/2026,35-44,Female,29.23,7.8,0.37,2.11,3749,79,1,29.23,EUR
TT_PRODUKTLAUNCH26,1789010002,InFeed_Launch,09/23/2026,18-24,Female,14.19,6.91,0.43,1.63,2053,33,0,,EUR
TT_LETO26_BrandAware,1789010001,Spark_Awareness,07/09/2026,55-64,Male,16.83,7.29,0.33,2.19,2308,51,0,,EUR
TT_LETO26_BrandAware,1789010001,InFeed_Retarget,06/17/2026,18-24,Male,16.66,10.6,0.49,2.16,1572,34,0,,EUR
TT_PRODUKTLAUNCH26,1789010002,TopView,10/03/2026,65+,Male,16.24,4.32,0.56,0.77,3762,29,0,,EUR
TT_PRODUKTLAUNCH26,1789010002,InFeed_Launch,09/06/2026,25-34,Female,50.96,11.7,0.52,2.25,4355,98,1,50.96,EUR
TT_LETO26_BrandAware,1789010001,InFeed_Prospecting,08/04/2026,55-64,Male,11.48,4.83,0.41,1.18,2377,28,0,,EUR
TT_LETO26_BrandAware,1789010001,Spark_Awareness,06/16/2026,25-34,Male,22.8,6.3,0.3,2.11,3619,76,0,,EUR
TT_LETO26_BrandAware,1789010001,InFeed_Prospecting,06/09/2026,45-54,Female,17.02,3.92,0.37,1.06,4341,46,0,,EUR
TT_PRODUKTLAUNCH26,1789010002,Spark_Ads,08/24/2026,35-44,Female,16.38,4.94,0.42,1.16,3315,39,0,,EUR
TT_LETO26_BrandAware,1789010001,Spark_Awareness,06/14/2026,35-44,Male,12.24,4.22,0.34,1.24,2899,36,0,,EUR
TT_LETO26_BrandAware,1789010001,Spark_Awareness,07/20/2026,25-34,Female,30.03,7.1,0.33,2.15,4232,91,0,,EUR
TT_PRODUKTLAUNCH26,1789010002,InFeed_Launch,10/20/2026,25-34,Male,22.4,6.19,0.35,1.78,3618,64,1,22.4,EUR
TT_LETO26_BrandAware,1789010001,InFeed_Prospecting,08/08/2026,65+,Male,6.76,3.93,0.26,1.52,1719,26,0,,EUR
TT_LETO26_BrandAware,1789010001,Spark_Awareness,06/22/2026,65+,Female,5.28,6.22,0.44,1.44,849,12,0,,EUR
TT_LETO26_BrandAware,1789010001,InFeed_Prospecting,06/13/2026,65+,Female,8.17,5.01,0.43,1.18,1631,19,0,,EUR
TT_LETO26_BrandAware,1789010001,InFeed_Prospecting,08/14/2026,35-44,Female,12.92,4.12,0.34,1.22,3138,38,0,,EUR
TT_LETO26_BrandAware,1789010001,Spark_Awareness,06/30/2026,35-44,Male,14.82,5.48,0.38,1.45,2702,39,0,,EUR
TT_LETO26_BrandAware,1789010001,InFeed_Retarget,07/07/2026,55-64,Female,8.4,9.03,0.35,2.6,930,24,0,,EUR
TT_LETO26_BrandAware,1789010001,InFeed_Retarget,07/02/2026,25-34,Male,14.85,9.14,0.45,2.03,1625,33,0,,EUR
TT_PRODUKTLAUNCH26,1789010002,InFeed_Launch,08/31/2026,65+,Male,13.8,8.2,0.46,1.77,1682,30,0,,EUR
TT_PRODUKTLAUNCH26,1789010002,InFeed_Launch,10/16/2026,45-54,Male,28.0,12.97,0.5,2.58,2158,56,1,28.0,EUR
TT_PRODUKTLAUNCH26,1789010002,InFeed_Launch,09/24/2026,25-34,Female,45.36,10.7,0.42,2.56,4239,108,1,45.36,EUR
TT_PRODUKTLAUNCH26,1789010002,Spark_Ads,09/27/2026,35-44,Female,25.46,4.77,0.38,1.26,5342,67,1,25.46,EUR
TT_LETO26_BrandAware,1789010001,Spark_Awareness,07/25/2026,18-24,Male,15.5,6.36,0.31,2.07,2439,50,0,,EUR
TT_PRODUKTLAUNCH26,1789010002,TopView,09/13/2026,55-64,Female,10.5,2.61,0.42,0.62,4021,25,0,,EUR
TT_PRODUKTLAUNCH26,1789010002,InFeed_Launch,09/12/2026,65+,Male,7.38,6.41,0.41,1.58,1151,18,0,,EUR
TT_PRODUKTLAUNCH26,1789010002,TopView,10/28/2026,55-64,Female,26.0,7.1,0.65,1.11,3662,40,0,,EUR
TT_PRODUKTLAUNCH26,1789010002,TopView,09/15/2026,35-44,Male,29.82,4.31,0.42,1.03,6922,71,0,,EUR
TT_PRODUKTLAUNCH26,1789010002,TopView,08/28/2026,45-54,Male,37.8,5.64,0.54,1.04,6706,70,0,,EUR
TT_PRODUKTLAUNCH26,1789010002,TopView,10/13/2026,35-44,Male,26.5,4.11,0.53,0.78,6446,50,0,,EUR
TT_LETO26_BrandAware,1789010001,InFeed_Retarget,06/14/2026,45-54,Female,9.2,11.65,0.46,2.58,790,20,0,,EUR
TT_PRODUKTLAUNCH26,1789010002,Spark_Ads,09/29/2026,45-54,Female,27.95,8.54,0.43,1.99,3271,65,1,27.95,EUR
TT_LETO26_BrandAware,1789010001,InFeed_Retarget,07/17/2026,45-54,Female,11.78,7.57,0.31,2.44,1557,38,0,,EUR
TT_PRODUKTLAUNCH26,1789010002,InFeed_Launch,08/21/2026,55-64,Female,17.86,9.07,0.38,2.37,1970,47,0,,EUR
TT_PRODUKTLAUNCH26,1789010002,InFeed_Launch,09/28/2026,65+,Female,8.37,5.74,0.31,1.88,1458,27,0,,EUR
TT_PRODUKTLAUNCH26,1789010002,TopView,10/28/2026,25-34,Female,35.19,7.05,0.51,1.39,4993,69,0,,EUR
TT_PRODUKTLAUNCH26,1789010002,InFeed_Launch,09/12/2026,25-34,Female,33.0,8.49,0.33,2.59,3886,100,1,33.0,EUR
TT_LETO26_BrandAware,1789010001,InFeed_Prospecting,08/09/2026,65+,Male,11.44,5.63,0.44,1.29,2031,26,0,,EUR
TT_PRODUKTLAUNCH26,1789010002,Spark_Ads,09/24/2026,55-64,Male,15.2,6.28,0.4,1.59,2419,38,0,,EUR
TT_LETO26_BrandAware,1789010001,Spark_Awareness,07/09/2026,35-44,Male,18.04,6.55,0.44,1.5,2753,41,0,,EUR
TT_PRODUKTLAUNCH26,1789010002,TopView,09/17/2026,35-44,Male,53.95,8.32,0.65,1.29,6481,83,0,,EUR
TT_LETO26_BrandAware,1789010001,InFeed_Retarget,08/12/2026,18-24,Male,13.3,8.03,0.35,2.27,1656,38,0,,EUR
TT_PRODUKTLAUNCH26,1789010002,InFeed_Launch,09/01/2026,65+,Female,15.64,9.25,0.46,1.99,1690,34,0,,EUR
TT_LETO26_BrandAware,1789010001,InFeed_Prospecting,07/12/2026,25-34,Female,33.75,7.27,0.45,1.61,4641,75,0,,EUR
TT_LETO26_BrandAware,1789010001,Spark_Awareness,07/13/2026,45-54,Male,9.1,3.76,0.35,1.08,2417,26,0,,EUR
TT_PRODUKTLAUNCH26,1789010002,InFeed_Launch,08/22/2026,25-34,Male,24.14,5.61,0.34,1.65,4305,71,1,24.14,EUR
TT_LETO26_BrandAware,1789010001,InFeed_Prospecting,07/29/2026,65+,Male,15.54,6.41,0.37,1.74,2424,42,0,,EUR
TT_LETO26_BrandAware,1789010001,InFeed_Prospecting,07/22/2026,65+,Male,13.02,5.26,0.42,1.23,2477,31,0,,EUR
TT_PRODUKTLAUNCH26,1789010002,TopView,09/20/2026,35-44,Male,41.6,6.12,0.64,0.96,6799,65,0,,EUR
TT_LETO26_BrandAware,1789010001,InFeed_Retarget,06/20/2026,35-44,Male,15.5,9.87,0.5,1.99,1570,31,0,,EUR
TT_PRODUKTLAUNCH26,1789010002,InFeed_Launch,08/27/2026,55-64,Male,18.5,9.01,0.5,1.78,2054,37,0,,EUR
TT_LETO26_BrandAware,1789010001,Spark_Awareness,06/19/2026,65+,Male,8.17,7.58,0.43,1.72,1078,19,0,,EUR
TT_LETO26_BrandAware,1789010001,InFeed_Prospecting,06/13/2026,25-34,Male,11.25,2.83,0.25,1.14,3976,45,0,,EUR
TT_PRODUKTLAUNCH26,1789010002,InFeed_Launch,09/12/2026,55-64,Male,9.9,4.47,0.33,1.37,2215,30,0,,EUR
TT_PRODUKTLAUNCH26,1789010002,TopView,10/15/2026,45-54,Male,34.84,6.84,0.52,1.32,5094,67,0,,EUR
TT_LETO26_BrandAware,1789010001,InFeed_Retarget,06/21/2026,55-64,Female,8.68,7.92,0.31,2.58,1096,28,0,,EUR
TT_PRODUKTLAUNCH26,1789010002,Spark_Ads,09/05/2026,35-44,Female,20.46,7.28,0.33,2.2,2809,62,1,20.46,EUR
TT_PRODUKTLAUNCH26,1789010002,Spark_Ads,08/15/2026,45-54,Female,27.5,10.4,0.5,2.08,2644,55,1,27.5,EUR
TT_LETO26_BrandAware,1789010001,Spark_Awareness,06/05/2026,35-44,Male,23.56,6.2,0.38,1.64,3800,62,0,,EUR
TT_LETO26_BrandAware,1789010001,InFeed_Prospecting,07/04/2026,25-34,Female,20.79,5.13,0.27,1.91,4049,77,0,,EUR
TT_LETO26_BrandAware,1789010001,InFeed_Prospecting,08/11/2026,65+,Male,11.31,4.54,0.39,1.18,2490,29,0,,EUR
TT_LETO26_BrandAware,1789010001,InFeed_Prospecting,07/15/2026,55-64,Female,27.72,8.67,0.44,1.97,3199,63,0,,EUR
TT_LETO26_BrandAware,1789010001,Spark_Awareness,07/08/2026,25-34,Male,23.01,7.68,0.39,1.98,2997,59,0,,EUR
TT_PRODUKTLAUNCH26,1789010002,TopView,08/15/2026,45-54,Female,27.28,4.16,0.62,0.66,6564,44,0,,EUR
TT_LETO26_BrandAware,1789010001,InFeed_Retarget,07/02/2026,25-34,Female,9.52,7.35,0.34,2.17,1295,28,0,,EUR
TT_LETO26_BrandAware,1789010001,Spark_Awareness,06/03/2026,45-54,Male,18.9,6.19,0.45,1.37,3052,42,0,,EUR
TT_PRODUKTLAUNCH26,1789010002,Spark_Ads,08/18/2026,55-64,Male,15.6,4.88,0.3,1.62,3198,52,1,15.6,EUR
TT_PRODUKTLAUNCH26,1789010002,InFeed_Launch,09/11/2026,35-44,Female,25.2,6.26,0.36,1.75,4025,70,1,25.2,EUR
TT_LETO26_BrandAware,1789010001,Spark_Awareness,06/01/2026,55-64,Male,11.52,4.37,0.32,1.38,2639,36,0,,EUR
TT_LETO26_BrandAware,1789010001,InFeed_Prospecting,07/10/2026,45-54,Male,22.26,6.32,0.42,1.5,3523,53,0,,EUR
TT_LETO26_BrandAware,1789010001,Spark_Awareness,06/07/2026,25-34,Male,23.32,9.46,0.44,2.14,2465,53,0,,EUR
TT_LETO26_BrandAware,1789010001,InFeed_Retarget,08/03/2026,65+,Male,4.8,6.38,0.32,2.04,752,15,0,,EUR
TT_LETO26_BrandAware,1789010001,InFeed_Retarget,07/15/2026,45-54,Male,12.6,7.83,0.45,1.72,1609,28,0,,EUR
TT_LETO26_BrandAware,1789010001,InFeed_Prospecting,07/28/2026,45-54,Male,29.97,6.96,0.37,1.89,4303,81,0,,EUR
TT_LETO26_BrandAware,1789010001,Spark_Awareness,07/15/2026,45-54,Female,17.1,5.46,0.45,1.21,3134,38,0,,EUR
TT_LETO26_BrandAware,1789010001,InFeed_Prospecting,06/21/2026,45-54,Male,7.5,2.77,0.25,1.12,2707,30,0,,EUR
TT_PRODUKTLAUNCH26,1789010002,TopView,10/05/2026,55-64,Female,34.98,8.29,0.66,1.25,4218,53,0,,EUR
TT_PRODUKTLAUNCH26,1789010002,TopView,10/16/2026,45-54,Male,54.52,7.83,0.58,1.35,6963,94,1,54.52,EUR
TT_LETO26_BrandAware,1789010001,InFeed_Retarget,07/17/2026,18-24,Male,8.33,8.13,0.49,1.67,1024,17,0,,EUR
TT_LETO26_BrandAware,1789010001,Spark_Awareness,06/12/2026,18-24,Male,21.08,6.37,0.31,2.04,3309,68,0,,EUR
TT_PRODUKTLAUNCH26,1789010002,TopView,08/25/2026,25-34,Female,65.65,8.82,0.65,1.35,7445,101,1,65.65,EUR
TT_LETO26_BrandAware,1789010001,InFeed_Prospecting,08/04/2026,55-64,Female,14.62,4.25,0.43,1.0,3444,34,0,,EUR
TT_LETO26_BrandAware,1789010001,InFeed_Prospecting,08/02/2026,45-54,Male,14.06,4.24,0.37,1.15,3313,38,0,,EUR
TT_PRODUKTLAUNCH26,1789010002,InFeed_Launch,08/22/2026,35-44,Male,17.5,7.64,0.35,2.18,2290,50,0,,EUR
TT_LETO26_BrandAware,1789010001,InFeed_Prospecting,08/03/2026,55-64,Female,5.98,2.42,0.26,0.92,2466,23,0,,EUR
TT_LETO26_BrandAware,1789010001,InFeed_Retarget,07/28/2026,18-24,Male,7.4,7.52,0.37,2.06,984,20,0,,EUR
TT_LETO26_BrandAware,1789010001,InFeed_Prospecting,06/30/2026,18-24,Male,12.0,4.94,0.4,1.25,2428,30,0,,EUR
TT_PRODUKTLAUNCH26,1789010002,Spark_Ads,10/21/2026,25-34,Male,37.62,5.37,0.38,1.41,7010,99,1,37.62,EUR
TT_PRODUKTLAUNCH26,1789010002,InFeed_Launch,09/27/2026,25-34,Male,31.98,5.71,0.41,1.39,5603,78,1,31.98,EUR
TT_LETO26_BrandAware,1789010001,InFeed_Retarget,06/05/2026,45-54,Female,11.47,9.28,0.37,2.51,1236,31,0,,EUR
TT_LETO26_BrandAware,1789010001,InFeed_Prospecting,08/07/2026,65+,Male,6.48,4.8,0.27,1.8,1351,24,0,,EUR
TT_LETO26_BrandAware,1789010001,InFeed_Retarget,07/13/2026,18-24,Male,12.95,10.06,0.35,2.84,1287,37,0,,EUR
TT_LETO26_BrandAware,1789010001,InFeed_Retarget,06/10/2026,45-54,Male,7.48,8.22,0.34,2.37,910,22,0,,EUR
TT_LETO26_BrandAware,1789010001,InFeed_Retarget,07/19/2026,45-54,Male,16.32,8.76,0.34,2.56,1863,48,0,,EUR
TT_LETO26_BrandAware,1789010001,InFeed_Prospecting,06/25/2026,25-34,Male,38.52,6.04,0.36,1.68,6374,107,0,,EUR
TT_LETO26_BrandAware,1789010001,Spark_Awareness,07/29/2026,55-64,Male,5.61,4.12,0.33,1.26,1363,17,0,,EUR
TT_LETO26_BrandAware,1789010001,InFeed_Prospecting,07/24/2026,18-24,Female,11.61,4.65,0.27,1.7,2497,43,0,,EUR
TT_PRODUKTLAUNCH26,1789010002,TopView,09/20/2026,55-64,Male,31.68,6.12,0.48,1.28,5177,66,0,,EUR
TT_LETO26_BrandAware,1789010001,InFeed_Retarget,06/02/2026,18-24,Male,11.6,8.08,0.4,2.0,1436,29,0,,EUR
TT_LETO26_BrandAware,1789010001,Spark_Awareness,06/28/2026,55-64,Male,6.3,4.06,0.35,1.19,1553,18,0,,EUR
TT_LETO26_BrandAware,1789010001,Spark_Awareness,06/09/2026,25-34,Female,13.02,5.77,0.31,1.85,2255,42,0,,EUR
TT_LETO26_BrandAware,1789010001,InFeed_Prospecting,06/08/2026,65+,Male,7.48,5.45,0.44,1.24,1372,17,0,,EUR
TT_LETO26_BrandAware,1789010001,InFeed_Prospecting,06/01/2026,45-54,Female,7.6,3.82,0.38,1.0,1991,20,0,,EUR
TT_PRODUKTLAUNCH26,1789010002,InFeed_Launch,10/07/2026,45-54,Female,14.04,5.41,0.39,1.4,2596,36,0,,EUR
TT_LETO26_BrandAware,1789010001,InFeed_Retarget,07/12/2026,35-44,Male,23.1,10.07,0.35,2.89,2293,66,1,23.1,EUR
TT_LETO26_BrandAware,1789010001,InFeed_Prospecting,07/06/2026,65+,Male,7.74,6.91,0.43,1.58,1120,18,0,,EUR
TT_LETO26_BrandAware,1789010001,Spark_Awareness,06/10/2026,65+,Female,14.08,9.49,0.44,2.14,1483,32,0,,EUR
TT_PRODUKTLAUNCH26,1789010002,InFeed_Launch,08/20/2026,55-64,Male,14.96,6.56,0.44,1.49,2279,34,0,,EUR
TT_PRODUKTLAUNCH26,1789010002,TopView,08/26/2026,45-54,Female,20.58,4.67,0.49,0.95,4406,42,0,,EUR
TT_LETO26_BrandAware,1789010001,InFeed_Prospecting,07/03/2026,35-44,Male,17.63,6.86,0.43,1.59,2569,41,0,,EUR
TT_PRODUKTLAUNCH26,1789010002,Spark_Ads,09/06/2026,18-24,Female,18.48,6.15,0.44,1.38,3003,42,1,18.48,EUR
TT_LETO26_BrandAware,1789010001,InFeed_Retarget,07/06/2026,45-54,Female,13.12,8.47,0.32,2.67,1549,41,0,,EUR
TT_LETO26_BrandAware,1789010001,InFeed_Prospecting,06/09/2026,35-44,Male,13.32,3.6,0.37,0.98,3705,36,0,,EUR
TT_PRODUKTLAUNCH26,1789010002,TopView,10/23/2026,65+,Female,11.61,5.15,0.43,1.22,2253,27,0,,EUR
TT_PRODUKTLAUNCH26,1789010002,Spark_Ads,08/23/2026,65+,Male,20.64,10.36,0.48,2.14,1993,43,1,20.64,EUR
TT_LETO26_BrandAware,1789010001,InFeed_Prospecting,07/22/2026,18-24,Female,14.28,5.99,0.42,1.43,2385,34,0,,EUR
TT_LETO26_BrandAware,1789010001,Spark_Awareness,08/12/2026,18-24,Female,14.52,5.78,0.33,1.74,2513,44,0,,EUR
TT_PRODUKTLAUNCH26,1789010002,InFeed_Launch,10/21/2026,65+,Female,8.5,7.59,0.34,2.19,1120,25,0,,EUR
TT_LETO26_BrandAware,1789010001,InFeed_Retarget,08/08/2026,55-64,Male,4.55,6.33,0.35,1.74,719,13,0,,EUR
TT_LETO26_BrandAware,1789010001,InFeed_Retarget,07/31/2026,65+,Female,6.6,9.58,0.44,2.23,689,15,0,,EUR
TT_LETO26_BrandAware,1789010001,InFeed_Retarget,08/03/2026,18-24,Female,10.53,8.0,0.39,2.05,1316,27,0,,EUR
TT_PRODUKTLAUNCH26,1789010002,InFeed_Launch,09/02/2026,45-54,Male,31.68,7.87,0.48,1.64,4023,66,1,31.68,EUR
TT_LETO26_BrandAware,1789010001,InFeed_Prospecting,07/11/2026,18-24,Female,27.52,6.6,0.43,1.54,4169,64,0,,EUR
TT_PRODUKTLAUNCH26,1789010002,TopView,10/03/2026,45-54,Female,18.92,4.03,0.43,0.93,4693,44,0,,EUR
TT_LETO26_BrandAware,1789010001,InFeed_Retarget,06/18/2026,18-24,Male,13.3,10.23,0.35,2.94,1300,38,0,,EUR
TT_PRODUKTLAUNCH26,1789010002,InFeed_Launch,09/15/2026,65+,Female,7.99,8.34,0.47,1.8,958,17,0,,EUR
TT_LETO26_BrandAware,1789010001,InFeed_Prospecting,07/05/2026,35-44,Female,26.65,5.07,0.41,1.24,5259,65,0,,EUR
TT_PRODUKTLAUNCH26,1789010002,Spark_Ads,08/19/2026,45-54,Female,25.42,6.39,0.31,2.07,3977,82,1,25.42,EUR
TT_LETO26_BrandAware,1789010001,Spark_Awareness,06/09/2026,55-64,Female,22.5,9.13,0.45,2.05,2464,50,0,,EUR
TT_PRODUKTLAUNCH26,1789010002,InFeed_Launch,09/20/2026,25-34,Female,28.83,6.11,0.31,1.97,4720,93,1,28.83,EUR
TT_LETO26_BrandAware,1789010001,InFeed_Retarget,06/21/2026,35-44,Male,10.24,5.14,0.32,1.61,1991,32,0,,EUR
TT_LETO26_BrandAware,1789010001,InFeed_Prospecting,06/18/2026,55-64,Male,22.2,6.73,0.37,1.83,3297,60,0,,EUR
TT_LETO26_BrandAware,1789010001,InFeed_Retarget,07/27/2026,25-34,Male,23.32,10.81,0.44,2.48,2158,53,0,,EUR
TT_LETO26_BrandAware,1789010001,InFeed_Retarget,06/02/2026,25-34,Female,19.25,8.5,0.35,2.43,2264,55,0,,EUR
TT_LETO26_BrandAware,1789010001,Spark_Awareness,07/25/2026,55-64,Male,8.68,4.1,0.28,1.45,2118,31,0,,EUR
TT_LETO26_BrandAware,1789010001,InFeed_Retarget,08/02/2026,35-44,Male,22.54,11.48,0.46,2.52,1963,49,0,,EUR
TT_LETO26_BrandAware,1789010001,Spark_Awareness,08/02/2026,25-34,Female,31.96,7.38,0.47,1.56,4328,68,0,,EUR
TT_PRODUKTLAUNCH26,1789010002,TopView,08/24/2026,18-24,Female,23.37,5.3,0.57,0.92,4410,41,0,,EUR
TT_LETO26_BrandAware,1789010001,InFeed_Retarget,08/14/2026,45-54,Male,20.5,11.74,0.5,2.32,1746,41,0,,EUR
TT_LETO26_BrandAware,1789010001,Spark_Awareness,08/09/2026,35-44,Male,16.34,4.59,0.38,1.22,3562,43,0,,EUR
TT_LETO26_BrandAware,1789010001,InFeed_Retarget,07/21/2026,55-64,Male,3.96,5.22,0.33,1.61,758,12,0,,EUR
TT_PRODUKTLAUNCH26,1789010002,InFeed_Launch,09/19/2026,55-64,Female,15.75,10.28,0.45,2.29,1532,35,0,,EUR
TT_LETO26_BrandAware,1789010001,Spark_Awareness,07/21/2026,25-34,Female,32.0,7.2,0.4,1.79,4443,80,0,,EUR
TT_LETO26_BrandAware,1789010001,InFeed_Retarget,06/26/2026,65+,Female,7.2,12.44,0.48,2.58,579,15,0,,EUR
TT_LETO26_BrandAware,1789010001,InFeed_Retarget,07/21/2026,65+,Female,3.7,6.19,0.37,1.69,598,10,0,,EUR
TT_PRODUKTLAUNCH26,1789010002,Spark_Ads,10/13/2026,45-54,Female,39.36,9.12,0.41,2.21,4315,96,1,39.36,EUR
TT_LETO26_BrandAware,1789010001,InFeed_Prospecting,08/06/2026,65+,Male,5.44,4.97,0.32,1.55,1095,17,0,,EUR
TT_LETO26_BrandAware,1789010001,InFeed_Retarget,07/10/2026,25-34,Female,17.16,9.19,0.33,2.76,1868,52,0,,EUR
TT_LETO26_BrandAware,1789010001,InFeed_Prospecting,06/11/2026,45-54,Male,24.79,5.6,0.37,1.51,4428,67,0,,EUR
TT_PRODUKTLAUNCH26,1789010002,TopView,10/06/2026,25-34,Female,56.44,7.65,0.68,1.13,7374,83,0,,EUR
TT_LETO26_BrandAware,1789010001,Spark_Awareness,08/07/2026,35-44,Female,37.6,10.25,0.47,2.18,3667,80,0,,EUR
TT_PRODUKTLAUNCH26,1789010002,TopView,10/24/2026,25-34,Female,27.36,3.96,0.48,0.82,6911,57,0,,EUR
TT_LETO26_BrandAware,1789010001,InFeed_Retarget,08/10/2026,35-44,Female,12.15,9.96,0.45,2.2,1220,27,0,,EUR
TT_PRODUKTLAUNCH26,1789010002,InFeed_Launch,09/12/2026,55-64,Female,16.5,9.83,0.5,1.96,1679,33,0,,EUR
TT_PRODUKTLAUNCH26,1789010002,InFeed_Launch,08/15/2026,45-54,Male,16.5,7.06,0.5,1.4,2336,33,0,,EUR
TT_PRODUKTLAUNCH26,1789010002,InFeed_Launch,08/20/2026,25-34,Female,19.27,8.55,0.47,1.81,2255,41,0,,EUR
TT_LETO26_BrandAware,1789010001,InFeed_Retarget,06/16/2026,55-64,Female,7.59,7.23,0.33,2.15,1050,23,0,,EUR
TT_LETO26_BrandAware,1789010001,InFeed_Prospecting,07/04/2026,55-64,Male,13.94,4.19,0.41,1.03,3325,34,0,,EUR
TT_LETO26_BrandAware,1789010001,InFeed_Prospecting,08/13/2026,65+,Female,5.1,4.68,0.3,1.58,1090,17,0,,EUR
TT_LETO26_BrandAware,1789010001,InFeed_Retarget,07/27/2026,25-34,Female,11.2,6.46,0.4,1.59,1733,28,0,,EUR
TT_PRODUKTLAUNCH26,1789010002,InFeed_Launch,09/05/2026,35-44,Male,19.84,5.84,0.31,1.88,3400,64,1,19.84,EUR
TT_PRODUKTLAUNCH26,1789010002,Spark_Ads,10/17/2026,18-24,Female,24.6,5.36,0.3,1.78,4593,82,1,24.6,EUR
TT_LETO26_BrandAware,1789010001,InFeed_Retarget,07/19/2026,35-44,Male,18.62,8.92,0.38,2.36,2087,49,0,,EUR
TT_PRODUKTLAUNCH26,1789010002,TopView,09/04/2026,18-24,Male,18.9,4.2,0.45,0.93,4495,42,0,,EUR
TT_PRODUKTLAUNCH26,1789010002,TopView,10/16/2026,35-44,Female,40.04,4.92,0.44,1.12,8132,91,1,40.04,EUR
TT_LETO26_BrandAware,1789010001,InFeed_Prospecting,06/10/2026,18-24,Male,31.08,7.07,0.37,1.9,4398,84,0,,EUR
TT_LETO26_BrandAware,1789010001,InFeed_Prospecting,07/17/2026,55-64,Female,17.15,5.36,0.35,1.53,3202,49,0,,EUR
TT_LETO26_BrandAware,1789010001,InFeed_Retarget,07/24/2026,25-34,Male,13.33,6.79,0.31,2.2,1964,43,0,,EUR
TT_PRODUKTLAUNCH26,1789010002,TopView,10/11/2026,55-64,Female,19.43,7.93,0.67,1.18,2450,29,0,,EUR
TT_PRODUKTLAUNCH26,1789010002,Spark_Ads,09/26/2026,25-34,Male,51.3,6.41,0.45,1.43,8000,114,1,51.3,EUR
TT_PRODUKTLAUNCH26,1789010002,InFeed_Launch,08/20/2026,65+,Male,12.48,6.08,0.32,1.89,2051,39,0,,EUR
TT_PRODUKTLAUNCH26,1789010002,Spark_Ads,09/07/2026,55-64,Male,41.76,10.64,0.48,2.21,3926,87,1,41.76,EUR
TT_PRODUKTLAUNCH26,1789010002,InFeed_Launch,10/12/2026,18-24,Female,22.54,9.08,0.46,1.96,2482,49,0,,EUR
TT_LETO26_BrandAware,1789010001,InFeed_Prospecting,08/09/2026,35-44,Female,17.5,3.31,0.35,0.94,5285,50,0,,EUR
TT_PRODUKTLAUNCH26,1789010002,InFeed_Launch,09/03/2026,65+,Male,9.6,6.11,0.32,1.92,1571,30,0,,EUR
TT_PRODUKTLAUNCH26,1789010002,InFeed_Launch,08/31/2026,65+,Female,7.04,6.8,0.44,1.52,1035,16,0,,EUR
TT_LETO26_BrandAware,1789010001,InFeed_Prospecting,07/29/2026,45-54,Male,18.2,4.22,0.26,1.62,4315,70,0,,EUR
TT_PRODUKTLAUNCH26,1789010002,InFeed_Launch,10/28/2026,55-64,Female,22.26,10.21,0.42,2.43,2181,53,1,22.26,EUR
TT_PRODUKTLAUNCH26,1789010002,Spark_Ads,08/16/2026,35-44,Male,36.96,6.74,0.48,1.4,5484,77,1,36.96,EUR
TT_LETO26_BrandAware,1789010001,InFeed_Prospecting,06/11/2026,25-34,Female,24.05,7.24,0.37,1.96,3323,65,0,,EUR
TT_PRODUKTLAUNCH26,1789010002,Spark_Ads,09/19/2026,65+,Male,9.3,4.27,0.31,1.39,2179,30,0,,EUR
TT_PRODUKTLAUNCH26,1789010002,InFeed_Launch,10/10/2026,65+,Male,5.89,6.12,0.31,1.97,962,19,0,,EUR
TT_LETO26_BrandAware,1789010001,InFeed_Retarget,06/11/2026,18-24,Male,14.76,9.53,0.36,2.63,1548,41,0,,EUR
TT_LETO26_BrandAware,1789010001,Spark_Awareness,08/05/2026,35-44,Female,14.35,5.44,0.41,1.34,2638,35,0,,EUR
TT_LETO26_BrandAware,1789010001,InFeed_Prospecting,07/07/2026,35-44,Female,11.6,4.19,0.29,1.44,2766,40,0,,EUR
TT_LETO26_BrandAware,1789010001,Spark_Awareness,07/03/2026,35-44,Female,17.6,9.29,0.44,2.13,1894,40,0,,EUR
TT_PRODUKTLAUNCH26,1789010002,Spark_Ads,10/20/2026,25-34,Male,12.76,3.28,0.29,1.14,3890,44,1,12.76,EUR
TT_LETO26_BrandAware,1789010001,InFeed_Prospecting,08/07/2026,45-54,Male,21.9,4.9,0.3,1.64,4469,73,0,,EUR
TT_LETO26_BrandAware,1789010001,Spark_Awareness,08/07/2026,18-24,Male,15.12,4.65,0.36,1.29,3250,42,0,,EUR
TT_LETO26_BrandAware,1789010001,InFeed_Prospecting,06/20/2026,35-44,Female,18.6,3.48,0.3,1.15,5349,62,0,,EUR
TT_PRODUKTLAUNCH26,1789010002,InFeed_Launch,10/26/2026,25-34,Female,22.57,9.23,0.37,2.48,2446,61,1,22.57,EUR
TT_PRODUKTLAUNCH26,1789010002,Spark_Ads,10/28/2026,25-34,Female,34.4,10.31,0.43,2.39,3336,80,1,34.4,EUR
TT_LETO26_BrandAware,1789010001,InFeed_Retarget,06/30/2026,55-64,Male,8.1,9.42,0.45,2.08,860,18,0,,EUR
TT_PRODUKTLAUNCH26,1789010002,InFeed_Launch,09/07/2026,45-54,Male,16.32,4.2,0.32,1.3,3889,51,1,16.32,EUR
TT_LETO26_BrandAware,1789010001,InFeed_Retarget,06/19/2026,35-44,Female,7.14,7.18,0.34,2.1,995,21,0,,EUR
TT_PRODUKTLAUNCH26,1789010002,InFeed_Launch,09/14/2026,25-34,Female,21.42,5.81,0.42,1.4,3687,51,1,21.42,EUR
TT_LETO26_BrandAware,1789010001,Spark_Awareness,06/29/2026,45-54,Female,11.84,5.43,0.32,1.69,2179,37,0,,EUR
TT_LETO26_BrandAware,1789010001,Spark_Awareness,06/14/2026,25-34,Female,24.0,6.34,0.4,1.58,3788,60,0,,EUR
TT_LETO26_BrandAware,1789010001,Spark_Awareness,07/11/2026,25-34,Female,18.0,4.32,0.36,1.2,4166,50,0,,EUR
TT_LETO26_BrandAware,1789010001,InFeed_Prospecting,06/24/2026,35-44,Male,20.4,4.45,0.3,1.48,4580,68,0,,EUR
TT_PRODUKTLAUNCH26,1789010002,TopView,09/28/2026,65+,Female,11.34,3.7,0.54,0.7,3068,21,0,,EUR
TT_PRODUKTLAUNCH26,1789010002,InFeed_Launch,09/25/2026,35-44,Female,27.6,9.56,0.4,2.39,2888,69,1,27.6,EUR
TT_LETO26_BrandAware,1789010001,Spark_Awareness,08/05/2026,65+,Male,5.46,4.79,0.39,1.23,1140,14,0,,EUR
TT_PRODUKTLAUNCH26,1789010002,InFeed_Launch,10/05/2026,55-64,Female,32.64,10.92,0.51,2.16,2988,64,1,32.64,EUR
TT_LETO26_BrandAware,1789010001,Spark_Awareness,07/23/2026,35-44,Male,22.44,6.12,0.33,1.86,3665,68,0,,EUR
TT_LETO26_BrandAware,1789010001,InFeed_Prospecting,07/02/2026,18-24,Female,5.2,2.51,0.26,0.98,2072,20,0,,EUR
TT_LETO26_BrandAware,1789010001,InFeed_Retarget,07/11/2026,25-34,Female,21.15,9.35,0.45,2.08,2262,47,0,,EUR
TT_PRODUKTLAUNCH26,1789010002,Spark_Ads,09/02/2026,35-44,Female,58.11,8.95,0.39,2.29,6493,149,2,29.05,EUR
TT_LETO26_BrandAware,1789010001,InFeed_Retarget,06/30/2026,45-54,Male,9.02,8.28,0.41,2.06,1090,22,0,,EUR
TT_LETO26_BrandAware,1789010001,InFeed_Prospecting,07/08/2026,45-54,Male,22.1,5.14,0.26,1.98,4303,85,0,,EUR
TT_PRODUKTLAUNCH26,1789010002,TopView,10/18/2026,65+,Male,12.54,5.14,0.66,0.78,2441,19,0,,EUR
TT_LETO26_BrandAware,1789010001,Spark_Awareness,06/27/2026,65+,Female,3.24,3.77,0.36,1.09,859,9,0,,EUR
TT_PRODUKTLAUNCH26,1789010002,Spark_Ads,09/10/2026,55-64,Male,42.14,9.81,0.49,2.01,4295,86,1,42.14,EUR
TT_LETO26_BrandAware,1789010001,InFeed_Retarget,06/28/2026,25-34,Male,8.06,6.92,0.31,2.27,1164,26,0,,EUR
TT_LETO26_BrandAware,1789010001,Spark_Awareness,07/20/2026,18-24,Female,16.1,7.08,0.46,1.56,2275,35,0,,EUR
TT_LETO26_BrandAware,1789010001,InFeed_Prospecting,07/29/2026,25-34,Female,16.5,4.4,0.33,1.34,3750,50,0,,EUR
TT_LETO26_BrandAware,1789010001,InFeed_Prospecting,08/13/2026,65+,Male,5.55,4.32,0.37,1.15,1285,15,0,,EUR
TT_LETO26_BrandAware,1789010001,Spark_Awareness,07/21/2026,18-24,Female,6.0,4.41,0.4,1.07,1362,15,0,,EUR
TT_LETO26_BrandAware,1789010001,InFeed_Prospecting,07/12/2026,35-44,Female,29.93,6.77,0.41,1.64,4420,73,0,,EUR
TT_LETO26_BrandAware,1789010001,Spark_Awareness,08/10/2026,45-54,Male,15.6,4.71,0.3,1.57,3313,52,0,,EUR
TT_PRODUKTLAUNCH26,1789010002,InFeed_Launch,10/11/2026,18-24,Male,21.45,9.37,0.39,2.38,2290,55,1,21.45,EUR
TT_PRODUKTLAUNCH26,1789010002,Spark_Ads,10/12/2026,18-24,Male,13.05,4.44,0.29,1.55,2937,45,1,13.05,EUR
TT_PRODUKTLAUNCH26,1789010002,TopView,10/28/2026,65+,Female,7.28,4.41,0.56,0.79,1652,13,0,,EUR
TT_PRODUKTLAUNCH26,1789010002,Spark_Ads,10/17/2026,25-34,Female,19.35,6.14,0.45,1.37,3154,43,1,19.35,EUR
TT_PRODUKTLAUNCH26,1789010002,InFeed_Launch,09/03/2026,55-64,Female,19.74,7.53,0.47,1.61,2622,42,0,,EUR
TT_PRODUKTLAUNCH26,1789010002,Spark_Ads,10/19/2026,35-44,Female,65.8,11.12,0.47,2.37,5919,140,2,32.9,EUR
TT_LETO26_BrandAware,1789010001,InFeed_Retarget,06/02/2026,65+,Female,3.52,7.84,0.32,2.51,449,11,0,,EUR
TT_LETO26_BrandAware,1789010001,InFeed_Retarget,06/09/2026,65+,Female,5.06,10.63,0.46,2.23,476,11,0,,EUR
TT_LETO26_BrandAware,1789010001,InFeed_Prospecting,08/05/2026,45-54,Female,17.16,7.59,0.44,1.71,2261,39,0,,EUR
TT_LETO26_BrandAware,1789010001,InFeed_Prospecting,07/04/2026,35-44,Male,26.86,6.31,0.34,1.87,4256,79,0,,EUR
TT_PRODUKTLAUNCH26,1789010002,TopView,09/26/2026,65+,Male,10.35,3.72,0.45,0.84,2785,23,0,,EUR
TT_LETO26_BrandAware,1789010001,InFeed_Retarget,08/02/2026,65+,Female,3.51,6.72,0.39,1.7,522,9,0,,EUR
TT_LETO26_BrandAware,1789010001,InFeed_Prospecting,07/19/2026,45-54,Male,10.14,4.84,0.26,1.85,2094,39,0,,EUR
TT_PRODUKTLAUNCH26,1789010002,TopView,10/23/2026,45-54,Female,31.36,5.0,0.64,0.78,6268,49,0,,EUR
TT_LETO26_BrandAware,1789010001,InFeed_Prospecting,07/14/2026,25-34,Male,24.51,6.51,0.43,1.5,3767,57,0,,EUR
TT_PRODUKTLAUNCH26,1789010002,Spark_Ads,08/19/2026,65+,Female,11.88,6.11,0.44,1.36,1945,27,0,,EUR
TT_LETO26_BrandAware,1789010001,InFeed_Retarget,06/05/2026,18-24,Male,15.98,9.98,0.34,2.94,1601,47,0,,EUR
TT_LETO26_BrandAware,1789010001,Spark_Awareness,07/18/2026,25-34,Male,25.16,6.36,0.37,1.71,3954,68,0,,EUR
TT_LETO26_BrandAware,1789010001,InFeed_Prospecting,07/09/2026,45-54,Male,24.75,6.76,0.45,1.5,3660,55,0,,EUR
TT_PRODUKTLAUNCH26,1789010002,TopView,10/06/2026,25-34,Male,62.72,6.77,0.64,1.06,9269,98,1,62.72,EUR
TT_LETO26_BrandAware,1789010001,InFeed_Prospecting,06/16/2026,25-34,Male,13.5,2.53,0.27,0.95,5334,50,0,,EUR
TT_PRODUKTLAUNCH26,1789010002,Spark_Ads,09/11/2026,55-64,Male,18.24,7.47,0.38,1.98,2442,48,1,18.24,EUR
TT_PRODUKTLAUNCH26,1789010002,Spark_Ads,08/18/2026,65+,Male,15.4,5.73,0.44,1.31,2689,35,0,,EUR
TT_LETO26_BrandAware,1789010001,InFeed_Retarget,08/14/2026,35-44,Female,27.84,13.55,0.48,2.81,2054,58,0,,EUR
TT_PRODUKTLAUNCH26,1789010002,Spark_Ads,08/29/2026,65+,Male,12.48,7.91,0.39,2.0,1578,32,0,,EUR
TT_LETO26_BrandAware,1789010001,InFeed_Prospecting,07/24/2026,18-24,Male,15.19,5.66,0.31,1.82,2685,49,0,,EUR
TT_PRODUKTLAUNCH26,1789010002,InFeed_Launch,10/11/2026,35-44,Female,27.6,9.19,0.4,2.3,3004,69,1,27.6,EUR
TT_PRODUKTLAUNCH26,1789010002,InFeed_Launch,10/28/2026,55-64,Male,9.57,6.65,0.33,2.04,1440,29,0,,EUR
TT_LETO26_BrandAware,1789010001,InFeed_Prospecting,07/30/2026,65+,Female,6.45,4.39,0.43,0.99,1470,15,0,,EUR
TT_LETO26_BrandAware,1789010001,InFeed_Retarget,06/04/2026,45-54,Male,12.18,12.54,0.42,3.0,971,29,0,,EUR
TT_LETO26_BrandAware,1789010001,InFeed_Prospecting,08/08/2026,25-34,Male,46.25,6.88,0.37,1.86,6726,125,0,,EUR
TT_LETO26_BrandAware,1789010001,InFeed_Prospecting,07/14/2026,25-34,Female,10.56,3.91,0.32,1.22,2704,33,0,,EUR
TT_PRODUKTLAUNCH26,1789010002,Spark_Ads,10/09/2026,55-64,Male,34.92,8.28,0.36,2.31,4217,97,1,34.92,EUR
TT_LETO26_BrandAware,1789010001,Spark_Awareness,07/26/2026,65+,Female,6.84,4.3,0.36,1.18,1592,19,0,,EUR
TT_LETO26_BrandAware,1789010001,Spark_Awareness,08/10/2026,18-24,Female,9.8,4.36,0.28,1.53,2250,35,0,,EUR
TT_PRODUKTLAUNCH26,1789010002,InFeed_Launch,09/13/2026,25-34,Male,43.24,11.74,0.47,2.51,3682,92,1,43.24,EUR
TT_PRODUKTLAUNCH26,1789010002,InFeed_Launch,09/27/2026,35-44,Male,47.12,9.62,0.38,2.54,4896,124,1,47.12,EUR
TT_LETO26_BrandAware,1789010001,InFeed_Retarget,08/02/2026,25-34,Female,17.1,7.55,0.38,1.98,2264,45,0,,EUR
TT_PRODUKTLAUNCH26,1789010002,InFeed_Launch,08/31/2026,45-54,Female,14.7,6.57,0.42,1.58,2239,35,0,,EUR
TT_LETO26_BrandAware,1789010001,Spark_Awareness,08/06/2026,55-64,Female,16.34,6.42,0.43,1.49,2545,38,0,,EUR
TT_LETO26_BrandAware,1789010001,Spark_Awareness,08/10/2026,18-24,Male,22.0,7.41,0.44,1.67,2970,50,0,,EUR
TT_LETO26_BrandAware,1789010001,Spark_Awareness,06/06/2026,18-24,Female,9.24,4.4,0.33,1.34,2101,28,0,,EUR
TT_PRODUKTLAUNCH26,1789010002,Spark_Ads,08/15/2026,25-34,Female,14.57,3.88,0.31,1.25,3753,47,1,14.57,EUR
TT_LETO26_BrandAware,1789010001,InFeed_Prospecting,06/19/2026,18-24,Female,15.99,5.24,0.41,1.27,3049,39,0,,EUR
TT_LETO26_BrandAware,1789010001,InFeed_Retarget,08/11/2026,45-54,Male,14.08,9.51,0.32,2.98,1480,44,0,,EUR
TT_LETO26_BrandAware,1789010001,Spark_Awareness,08/01/2026,55-64,Female,4.65,3.77,0.31,1.24,1234,15,0,,EUR
TT_PRODUKTLAUNCH26,1789010002,TopView,08/25/2026,18-24,Male,35.1,7.11,0.65,1.1,4936,54,0,,EUR
TT_LETO26_BrandAware,1789010001,Spark_Awareness,06/05/2026,55-64,Male,8.28,6.94,0.46,1.49,1193,18,0,,EUR
TT_LETO26_BrandAware,1789010001,InFeed_Retarget,06/18/2026,35-44,Male,12.6,11.74,0.42,2.8,1073,30,0,,EUR
TT_LETO26_BrandAware,1789010001,InFeed_Prospecting,06/20/2026,18-24,Male,25.84,5.6,0.34,1.66,4613,76,0,,EUR
TT_PRODUKTLAUNCH26,1789010002,TopView,08/26/2026,18-24,Female,29.48,8.4,0.67,1.26,3511,44,0,,EUR
TT_PRODUKTLAUNCH26,1789010002,Spark_Ads,09/21/2026,25-34,Female,22.8,5.44,0.4,1.37,4190,57,1,22.8,EUR
TT_LETO26_BrandAware,1789010001,InFeed_Retarget,06/22/2026,25-34,Female,14.96,6.86,0.44,1.54,2182,34,0,,EUR
TT_LETO26_BrandAware,1789010001,InFeed_Retarget,06/25/2026,45-54,Female,10.81,12.67,0.47,2.69,853,23,0,,EUR
TT_LETO26_BrandAware,1789010001,InFeed_Prospecting,08/09/2026,55-64,Male,7.41,4.62,0.39,1.2,1604,19,0,,EUR
TT_PRODUKTLAUNCH26,1789010002,TopView,09/17/2026,65+,Male,22.26,6.65,0.53,1.26,3346,42,0,,EUR
TT_PRODUKTLAUNCH26,1789010002,TopView,08/27/2026,55-64,Male,18.55,5.53,0.53,1.04,3357,35,0,,EUR
TT_LETO26_BrandAware,1789010001,InFeed_Prospecting,07/31/2026,18-24,Female,10.56,4.43,0.44,1.02,2384,24,0,,EUR
TT_LETO26_BrandAware,1789010001,InFeed_Prospecting,07/28/2026,25-34,Female,17.49,3.57,0.33,1.08,4902,53,0,,EUR
TT_PRODUKTLAUNCH26,1789010002,InFeed_Launch,08/28/2026,45-54,Female,30.87,12.36,0.49,2.51,2497,63,1,30.87,EUR
TT_PRODUKTLAUNCH26,1789010002,InFeed_Launch,08/23/2026,65+,Female,18.13,9.4,0.37,2.55,1928,49,0,,EUR
TT_LETO26_BrandAware,1789010001,InFeed_Retarget,06/02/2026,45-54,Female,17.16,10.99,0.39,2.79,1561,44,0,,EUR
TT_PRODUKTLAUNCH26,1789010002,Spark_Ads,08/24/2026,25-34,Male,25.74,6.5,0.39,1.66,3963,66,1,25.74,EUR
TT_PRODUKTLAUNCH26,1789010002,Spark_Ads,10/16/2026,35-44,Male,31.02,7.59,0.33,2.3,4089,94,1,31.02,EUR
TT_LETO26_BrandAware,1789010001,InFeed_Retarget,07/12/2026,55-64,Male,6.8,6.64,0.34,1.95,1024,20,0,,EUR
TT_LETO26_BrandAware,1789010001,InFeed_Retarget,07/06/2026,45-54,Male,20.21,11.3,0.43,2.63,1788,47,0,,EUR
TT_LETO26_BrandAware,1789010001,Spark_Awareness,06/14/2026,55-64,Female,9.36,5.78,0.39,1.51,1620,24,0,,EUR
TT_LETO26_BrandAware,1789010001,InFeed_Retarget,07/29/2026,55-64,Male,5.1,5.83,0.34,1.73,875,15,0,,EUR
TT_LETO26_BrandAware,1789010001,Spark_Awareness,06/29/2026,25-34,Male,23.22,5.11,0.43,1.19,4544,54,0,,EUR
TT_PRODUKTLAUNCH26,1789010002,TopView,10/18/2026,35-44,Female,50.22,6.17,0.62,1.0,8138,81,0,,EUR
TT_LETO26_BrandAware,1789010001,Spark_Awareness,06/18/2026,25-34,Female,31.98,8.5,0.39,2.19,3761,82,0,,EUR
TT_PRODUKTLAUNCH26,1789010002,Spark_Ads,10/15/2026,55-64,Female,18.8,8.02,0.47,1.7,2344,40,0,,EUR
TT_PRODUKTLAUNCH26,1789010002,InFeed_Launch,10/21/2026,25-34,Female,32.39,6.52,0.41,1.59,4967,79,1,32.39,EUR
TT_PRODUKTLAUNCH26,1789010002,Spark_Ads,08/15/2026,45-54,Male,27.93 EUR,7.34,0.49,1.49,3806,57,1,27.93,EUR
TT_LETO26_BrandAware,1789010001,InFeed_Retarget,07/28/2026,25-34,Male,13.33,5.42,0.31,1.76,2459,43,0,,EUR
TT_PRODUKTLAUNCH26,1789010002,TopView,09/17/2026,18-24,Female,17.2,2.91,0.43,0.67,5904,40,0,,EUR
TT_LETO26_BrandAware,1789010001,InFeed_Retarget,08/01/2026,35-44,Male,9.24,6.4,0.33,1.94,1444,28,0,,EUR
TT_LETO26_BrandAware,1789010001,Spark_Awareness,07/14/2026,45-54,Male,11.7,5.9,0.3,1.96,1982,39,0,,EUR
TT_LETO26_BrandAware,1789010001,InFeed_Retarget,07/21/2026,55-64,Female,7.82,7.43,0.34,2.19,1053,23,0,,EUR
TT_LETO26_BrandAware,1789010001,Spark_Awareness,07/18/2026,35-44,Female,21.39,6.33,0.31,2.05,3381,69,0,,EUR
TT_PRODUKTLAUNCH26,1789010002,Spark_Ads,08/26/2026,55-64,Male,15.68,4.65,0.28,1.67,3373,56,1,15.68,EUR
TT_PRODUKTLAUNCH26,1789010002,Spark_Ads,09/07/2026,65+,Male,11.7,5.97,0.3,1.98,1961,39,0,,EUR
TT_PRODUKTLAUNCH26,1789010002,InFeed_Launch,09/23/2026,25-34,Male,35.36,13.19,0.52,2.54,2680,68,1,35.36,EUR
TT_LETO26_BrandAware,1789010001,Spark_Awareness,07/12/2026,45-54,Male,19.5,7.26,0.39,1.87,2687,50,0,,EUR
TT_PRODUKTLAUNCH26,1789010002,TopView,09/02/2026,35-44,Female,42.57,5.37,0.43,1.24,7921,99,1,42.57,EUR
TT_PRODUKTLAUNCH26,1789010002,Spark_Ads,10/26/2026,65+,Male,15.91,6.15,0.37,1.66,2589,43,1,15.91,EUR
TT_LETO26_BrandAware,1789010001,InFeed_Retarget,06/23/2026,45-54,Male,8.1,4.8,0.3,1.58,1686,27,0,,EUR
TT_PRODUKTLAUNCH26,1789010002,Spark_Ads,09/03/2026,18-24,Female,43.12,9.74,0.44,2.21,4428,98,1,43.12,EUR
TT_PRODUKTLAUNCH26,1789010002,Spark_Ads,09/08/2026,45-54,Female,13.44,4.55,0.28,1.62,2955,48,1,13.44,EUR
TT_PRODUKTLAUNCH26,1789010002,TopView,09/29/2026,55-64,Female,25.6,8.28,0.64,1.3,3093,40,0,,EUR
TT_LETO26_BrandAware,1789010001,InFeed_Prospecting,07/16/2026,18-24,Female,26.4,6.41,0.4,1.6,4118,66,0,,EUR
TT_PRODUKTLAUNCH26,1789010002,InFeed_Launch,10/28/2026,18-24,Male,18.91,7.71,0.31,2.5,2454,61,1,18.91,EUR
TT_PRODUKTLAUNCH26,1789010002,Spark_Ads,08/20/2026,55-64,Male,17.86,5.2,0.38,1.37,3435,47,1,17.86,EUR
TT_PRODUKTLAUNCH26,1789010002,InFeed_Launch,08/30/2026,25-34,Female,20.52,6.18,0.38,1.61,3323,54,1,20.52,EUR
TT_LETO26_BrandAware,1789010001,InFeed_Prospecting,07/06/2026,65+,Female,6.67,2.85,0.29,0.99,2340,23,0,,EUR
TT_PRODUKTLAUNCH26,1789010002,Spark_Ads,09/27/2026,65+,Female,11.31,5.95,0.39,1.54,1901,29,0,,EUR
TT_PRODUKTLAUNCH26,1789010002,Spark_Ads,10/04/2026,45-54,Male,35.88,6.58,0.39,1.69,5456,92,1,35.88,EUR
TT_PRODUKTLAUNCH26,1789010002,InFeed_Launch,09/02/2026,18-24,Male,16.1,6.34,0.35,1.8,2539,46,0,,EUR
TT_LETO26_BrandAware,1789010001,InFeed_Prospecting,07/05/2026,45-54,Male,14.35,6.01,0.41,1.48,2389,35,0,,EUR
TT_LETO26_BrandAware,1789010001,Spark_Awareness,06/15/2026,18-24,Male,21.42,6.86,0.42,1.62,3124,51,0,,EUR
TT_PRODUKTLAUNCH26,1789010002,TopView,08/19/2026,18-24,Male,37.1,6.95,0.53,1.32,5337,70,0,,EUR
TT_LETO26_BrandAware,1789010001,InFeed_Retarget,06/15/2026,45-54,Male,10.08,9.7,0.36,2.74,1039,28,0,,EUR
TT_PRODUKTLAUNCH26,1789010002,TopView,09/12/2026,45-54,Male,22.54,3.26,0.46,0.71,6911,49,0,,EUR
TT_LETO26_BrandAware,1789010001,InFeed_Prospecting,08/01/2026,35-44,Female,14.04,2.72,0.26,1.05,5162,54,0,,EUR
TT_PRODUKTLAUNCH26,1789010002,Spark_Ads,10/21/2026,35-44,Female,54.12,8.96,0.41,2.19,6037,132,2,27.06,EUR
TT_LETO26_BrandAware,1789010001,InFeed_Retarget,07/10/2026,35-44,Female,13.92,7.18,0.48,1.5,1940,29,0,,EUR
TT_PRODUKTLAUNCH26,1789010002,TopView,09/14/2026,25-34,Female,37.4,5.04,0.68,0.75,7427,55,0,,EUR
TT_LETO26_BrandAware,1789010001,InFeed_Retarget,06/30/2026,45-54,Female,7.0,8.45,0.5,1.66,828,14,0,,EUR
TT_PRODUKTLAUNCH26,1789010002,TopView,10/10/2026,45-54,Female,15.3,3.7,0.51,0.73,4133,30,0,,EUR
TT_LETO26_BrandAware,1789010001,Spark_Awareness,06/05/2026,18-24,Female,15.6,5.76,0.4,1.42,2710,39,0,,EUR
TT_LETO26_BrandAware,1789010001,InFeed_Prospecting,07/21/2026,55-64,Female,18.8,6.99,0.4,1.74,2691,47,0,,EUR
TT_LETO26_BrandAware,1789010001,InFeed_Retarget,06/12/2026,55-64,Male,12.48,8.53,0.39,2.19,1463,32,0,,EUR
TT_LETO26_BrandAware,1789010001,InFeed_Prospecting,08/01/2026,25-34,Male,24.0,5.46,0.32,1.71,4395,75,0,,EUR
TT_PRODUKTLAUNCH26,1789010002,TopView,10/04/2026,18-24,Male,20.0,4.57,0.5,0.92,4375,40,0,,EUR
TT_PRODUKTLAUNCH26,1789010002,Spark_Ads,09/26/2026,65+,Male,11.34,6.62,0.42,1.57,1712,27,0,,EUR
TT_LETO26_BrandAware,1789010001,InFeed_Prospecting,06/15/2026,35-44,Male,16.38,4.77,0.42,1.15,3436,39,0,,EUR
TT_LETO26_BrandAware,1789010001,Spark_Awareness,07/11/2026,18-24,Male,23.92,9.06,0.46,1.98,2639,52,0,,EUR
TT_PRODUKTLAUNCH26,1789010002,InFeed_Launch,08/23/2026,18-24,Female,17.94,10.03,0.46,2.17,1789,39,0,,EUR
TT_PRODUKTLAUNCH26,1789010002,InFeed_Launch,09/10/2026,65+,Male,11.28,8.41,0.47,1.8,1341,24,0,,EUR
TT_PRODUKTLAUNCH26,1789010002,InFeed_Launch,10/21/2026,65+,Male,20.5,10.59,0.5,2.12,1936,41,0,,EUR
TT_PRODUKTLAUNCH26,1789010002,TopView,10/25/2026,25-34,Female,32.4,5.72,0.6,0.96,5662,54,0,,EUR
TT_LETO26_BrandAware,1789010001,Spark_Awareness,06/01/2026,35-44,Female,27.28,7.69,0.44,1.76,3548,62,0,,EUR
TT_PRODUKTLAUNCH26,1789010002,Spark_Ads,08/26/2026,25-34,Female,28.12,5.46,0.37,1.47,5146,76,1,28.12,EUR
TT_LETO26_BrandAware,1789010001,InFeed_Retarget,07/22/2026,65+,Male,12.5,14.2,0.5,2.86,880,25,0,,EUR
TT_PRODUKTLAUNCH26,1789010002,Spark_Ads,08/22/2026,25-34,Female,15.05,4.25,0.35,1.21,3544,43,1,15.05,EUR
TT_PRODUKTLAUNCH26,1789010002,InFeed_Launch,10/04/2026,35-44,Female,22.54,10.72,0.49,2.18,2103,46,0,,EUR
TT_LETO26_BrandAware,1789010001,Spark_Awareness,06/01/2026,45-54,Female,15.12,5.46,0.42,1.32,2771,36,0,,EUR
TT_LETO26_BrandAware,1789010001,Spark_Awareness,06/29/2026,65+,Male,10.8,6.66,0.3,2.19,1622,36,0,,EUR
TT_LETO26_BrandAware,1789010001,Spark_Awareness,08/05/2026,55-64,Female,14.82,6.18,0.39,1.59,2399,38,0,,EUR
TT_LETO26_BrandAware,1789010001,InFeed_Prospecting,07/19/2026,18-24,Female,21.35,6.81,0.35,1.93,3134,61,0,,EUR
TT_LETO26_BrandAware,1789010001,InFeed_Prospecting,06/28/2026,65+,Female,12.09,6.15,0.39,1.59,1966,31,0,,EUR
TT_PRODUKTLAUNCH26,1789010002,TopView,09/05/2026,18-24,Male,20.16,4.55,0.48,0.94,4426,42,0,,EUR
TT_LETO26_BrandAware,1789010001,InFeed_Prospecting,08/05/2026,18-24,Female,19.0,6.17,0.38,1.61,3077,50,0,,EUR
TT_LETO26_BrandAware,1789010001,InFeed_Prospecting,06/20/2026,45-54,Female,16.2,6.49,0.45,1.45,2497,36,0,,EUR
TT_LETO26_BrandAware,1789010001,InFeed_Prospecting,07/18/2026,55-64,Female,25.52,8.29,0.44,1.89,3078,58,0,,EUR
TT_PRODUKTLAUNCH26,1789010002,InFeed_Launch,09/27/2026,45-54,Female,17.94,10.18,0.46,2.23,1763,39,0,,EUR
TT_PRODUKTLAUNCH26,1789010002,Spark_Ads,09/21/2026,55-64,Male,32.34,7.39,0.42,1.77,4378,77,1,32.34,EUR
TT_PRODUKTLAUNCH26,1789010002,InFeed_Launch,09/11/2026,25-34,Male,28.6,7.96,0.44,1.81,3592,65,1,28.6,EUR
TT_PRODUKTLAUNCH26,1789010002,InFeed_Launch,10/25/2026,45-54,Male,19.47,4.99,0.33,1.52,3899,59,1,19.47,EUR
TT_PRODUKTLAUNCH26,1789010002,InFeed_Launch,10/10/2026,25-34,Female,28.4,7.52,0.4,1.88,3779,71,1,28.4,EUR
TT_PRODUKTLAUNCH26,1789010002,Spark_Ads,09/01/2026,18-24,Male,18.33,6.3,0.39,1.6,2908,47,1,18.33,EUR
TT_LETO26_BrandAware,1789010001,InFeed_Prospecting,06/08/2026,35-44,Male,35.64,6.51,0.36,1.81,5472,99,0,,EUR
TT_PRODUKTLAUNCH26,1789010002,InFeed_Launch,10/16/2026,45-54,Female,14.8,5.34,0.37,1.44,2769,40,0,,EUR
TT_LETO26_BrandAware,1789010001,Spark_Awareness,07/09/2026,25-34,Male,11.44,4.46,0.44,1.02,2563,26,0,,EUR
TT_LETO26_BrandAware,1789010001,InFeed_Retarget,06/07/2026,25-34,Female,12.0,8.36,0.4,2.09,1436,30,0,,EUR
TT_LETO26_BrandAware,1789010001,InFeed_Prospecting,07/20/2026,45-54,Male,29.4,6.43,0.42,1.52,4573,70,0,,EUR
TT_LETO26_BrandAware,1789010001,InFeed_Retarget,07/31/2026,45-54,Female,6.44,7.83,0.46,1.75,823,14,0,,EUR
TT_PRODUKTLAUNCH26,1789010002,TopView,09/09/2026,18-24,Male,39.78,5.78,0.51,1.13,6886,78,0,,EUR
TT_PRODUKTLAUNCH26,1789010002,Spark_Ads,08/29/2026,55-64,Female,18.13,4.82,0.37,1.29,3763,49,1,18.13,EUR
TT_LETO26_BrandAware,1789010001,InFeed_Prospecting,07/21/2026,55-64,Male,14.35,4.16,0.41,1.01,3450,35,0,,EUR
TT_PRODUKTLAUNCH26,1789010002,Spark_Ads,10/24/2026,45-54,Male,27.14,8.9,0.46,1.93,3050,59,1,27.14,EUR
TT_LETO26_BrandAware,1789010001,InFeed_Retarget,06/01/2026,55-64,Male,8.33,12.29,0.49,2.54,678,17,0,,EUR
TT_PRODUKTLAUNCH26,1789010002,Spark_Ads,10/19/2026,18-24,Male,21.76,4.65,0.34,1.36,4675,64,1,21.76,EUR
TT_PRODUKTLAUNCH26,1789010002,TopView,08/21/2026,18-24,Male,15.12,3.9,0.42,0.93,3874,36,0,,EUR
TT_PRODUKTLAUNCH26,1789010002,Spark_Ads,09/21/2026,35-44,Female,14.72,3.77,0.32,1.18,3903,46,1,14.72,EUR
TT_PRODUKTLAUNCH26,1789010002,InFeed_Launch,09/10/2026,65+,Female,11.52,7.65,0.48,1.61,1506,24,0,,EUR
TT_PRODUKTLAUNCH26,1789010002,Spark_Ads,08/29/2026,55-64,Male,29.4,11.4,0.49,2.32,2579,60,1,29.4,EUR
TT_LETO26_BrandAware,1789010001,InFeed_Retarget,06/15/2026,25-34,Female,12.4,8.34,0.31,2.69,1486,40,0,,EUR
TT_LETO26_BrandAware,1789010001,Spark_Awareness,07/31/2026,65+,Male,14.08,7.58,0.44,1.7,1858,32,0,,EUR
TT_PRODUKTLAUNCH26,1789010002,TopView,09/13/2026,25-34,Female,36.54,7.71,0.58,1.33,4738,63,0,,EUR
TT_PRODUKTLAUNCH26,1789010002,TopView,08/22/2026,35-44,Female,42.7,6.46,0.61,1.06,6613,70,0,,EUR
TT_PRODUKTLAUNCH26,1789010002,Spark_Ads,08/24/2026,35-44,Male,25.8,6.52,0.43,1.52,3956,60,1,25.8,EUR
TT_PRODUKTLAUNCH26,1789010002,InFeed_Launch,09/05/2026,18-24,Female,18.5,11.27,0.5,2.25,1641,37,0,,EUR
TT_LETO26_BrandAware,1789010001,Spark_Awareness,08/07/2026,45-54,Female,18.04,6.88,0.44,1.56,2624,41,0,,EUR
TT_LETO26_BrandAware,1789010001,InFeed_Prospecting,07/03/2026,18-24,Female,20.77,5.3,0.31,1.71,3920,67,0,,EUR
TT_LETO26_BrandAware,1789010001,InFeed_Retarget,07/08/2026,25-34,Male,25.85,11.32,0.47,2.41,2283,55,0,,EUR
TT_LETO26_BrandAware,1789010001,Spark_Awareness,07/25/2026,35-44,Female,11.47,5.99,0.37,1.61,1915,31,0,,EUR
TT_PRODUKTLAUNCH26,1789010002,TopView,09/24/2026,65+,Female,10.81,5.37,0.47,1.14,2014,23,0,,EUR
TT_PRODUKTLAUNCH26,1789010002,Spark_Ads,09/10/2026,25-34,Male,25.3,7.17,0.46,1.55,3527,55,1,25.3,EUR
TT_PRODUKTLAUNCH26,1789010002,Spark_Ads,09/20/2026,55-64,Male,20.09,9.9,0.49,2.03,2029,41,0,,EUR
TT_LETO26_BrandAware,1789010001,InFeed_Prospecting,08/13/2026,18-24,Female,19.04,6.12,0.34,1.8,3110,56,0,,EUR
TT_LETO26_BrandAware,1789010001,Spark_Awareness,08/14/2026,25-34,Male,25.28,6.57,0.32,2.06,3850,79,0,,EUR
TT_LETO26_BrandAware,1789010001,InFeed_Prospecting,06/29/2026,45-54,Female,15.68,6.08,0.32,1.9,2581,49,0,,EUR
TT_PRODUKTLAUNCH26,1789010002,Spark_Ads,09/12/2026,25-34,Male,23.68,4.44,0.32,1.38,5328,74,1,23.68,EUR
TT_PRODUKTLAUNCH26,1789010002,InFeed_Launch,09/08/2026,35-44,Male,52.0,11.01,0.5,2.21,4721,104,1,52.0,EUR
TT_PRODUKTLAUNCH26,1789010002,Spark_Ads,09/05/2026,18-24,Female,13.34,5.51,0.46,1.21,2423,29,0,,EUR
TT_PRODUKTLAUNCH26,1789010002,TopView,09/04/2026,65+,Male,20.64,5.59,0.43,1.3,3690,48,0,,EUR
TT_LETO26_BrandAware,1789010001,InFeed_Prospecting,08/13/2026,18-24,Male,13.3,3.46,0.35,0.99,3843,38,0,,EUR
TT_PRODUKTLAUNCH26,1789010002,Spark_Ads,10/07/2026,45-54,Female,24.18,4.48,0.39,1.14,5400,62,1,24.18,EUR
TT_PRODUKTLAUNCH26,1789010002,Spark_Ads,09/20/2026,35-44,Male,27.84,4.33,0.29,1.49,6428,96,1,27.84,EUR
TT_PRODUKTLAUNCH26,1789010002,InFeed_Launch,09/24/2026,35-44,Male,14.62,6.71,0.43,1.57,2178,34,0,,EUR
TT_PRODUKTLAUNCH26,1789010002,InFeed_Launch,09/08/2026,18-24,Male,17.22,7.22,0.41,1.75,2384,42,0,,EUR
TT_PRODUKTLAUNCH26,1789010002,TopView,09/04/2026,55-64,Female,18.92,6.09,0.44,1.37,3109,43,0,,EUR
TT_LETO26_BrandAware,1789010001,InFeed_Retarget,06/25/2026,35-44,Female,11.7,6.52,0.39,1.67,1794,30,0,,EUR
TT_PRODUKTLAUNCH26,1789010002,Spark_Ads,10/09/2026,35-44,Female,34.41,7.39,0.31,2.37,4656,111,1,34.41,EUR
TT_PRODUKTLAUNCH26,1789010002,Spark_Ads,08/17/2026,25-34,Female,31.8,6.57,0.3,2.19,4841,106,1,31.8,EUR
TT_PRODUKTLAUNCH26,1789010002,TopView,08/31/2026,35-44,Male,22.08,5.03,0.48,1.05,4390,46,0,,EUR
TT_PRODUKTLAUNCH26,1789010002,TopView,09/23/2026,55-64,Male,17.22,3.36,0.42,0.8,5122,41,0,,EUR
TT_LETO26_BrandAware,1789010001,InFeed_Retarget,07/04/2026,18-24,Male,10.8,7.4,0.45,1.66,1460,24,0,,EUR
TT_PRODUKTLAUNCH26,1789010002,Spark_Ads,10/21/2026,18-24,Male,28.0,8.48,0.5,1.7,3300,56,1,28.0,EUR
TT_LETO26_BrandAware,1789010001,InFeed_Retarget,07/22/2026,45-54,Female,17.2,10.64,0.43,2.49,1617,40,0,,EUR
TT_PRODUKTLAUNCH26,1789010002,TopView,10/17/2026,55-64,Male,46.9,9.07,0.67,1.36,5170,70,0,,EUR
TT_LETO26_BrandAware,1789010001,InFeed_Retarget,08/08/2026,18-24,Male,7.7,6.49,0.35,1.83,1187,22,0,,EUR
TT_PRODUKTLAUNCH26,1789010002,TopView,10/08/2026,25-34,Female,45.92,7.74,0.56,1.38,5931,82,0,,EUR
TT_PRODUKTLAUNCH26,1789010002,InFeed_Launch,10/09/2026,55-64,Male,15.58,9.13,0.41,2.24,1706,38,0,,EUR
TT_LETO26_BrandAware,1789010001,InFeed_Retarget,06/08/2026,55-64,Male,8.74,10.05,0.38,2.64,870,23,0,,EUR
TT_LETO26_BrandAware,1789010001,Spark_Awareness,07/09/2026,55-64,Female,12.0,6.25,0.48,1.33,1919,25,0,,EUR
TT_PRODUKTLAUNCH26,1789010002,Spark_Ads,09/10/2026,65+,Female,15.48,8.72,0.43,2.03,1775,36,0,,EUR
TT_PRODUKTLAUNCH26,1789010002,InFeed_Launch,09/26/2026,55-64,Female,14.4,6.59,0.32,2.05,2185,45,0,,EUR
TT_PRODUKTLAUNCH26,1789010002,InFeed_Launch,10/04/2026,45-54,Male,22.04,6.09,0.38,1.6,3619,58,1,22.04,EUR
TT_LETO26_BrandAware,1789010001,InFeed_Retarget,06/20/2026,55-64,Female,4.8,6.76,0.4,1.63,710,12,0,,EUR
TT_PRODUKTLAUNCH26,1789010002,Spark_Ads,08/27/2026,25-34,Male,38.5,7.93,0.5,1.59,4858,77,1,38.5,EUR
TT_PRODUKTLAUNCH26,1789010002,TopView,10/26/2026,65+,Male,29.24,9.42,0.68,1.38,3105,43,0,,EUR
TT_LETO26_BrandAware,1789010001,Spark_Awareness,06/01/2026,25-34,Male,12.54,3.97,0.38,1.04,3161,33,0,,EUR
TT_PRODUKTLAUNCH26,1789010002,Spark_Ads,10/25/2026,25-34,Male,53.76,6.57,0.32,2.05,8187,168,2,26.88,EUR
TT_PRODUKTLAUNCH26,1789010002,TopView,09/02/2026,18-24,Female,25.52,4.64,0.44,1.05,5501,58,0,,EUR
TT_LETO26_BrandAware,1789010001,InFeed_Retarget,06/13/2026,35-44,Female,20.5,12.27,0.41,2.97,1671,50,0,,EUR
TT_LETO26_BrandAware,1789010001,InFeed_Prospecting,07/14/2026,45-54,Male,19.24,6.85,0.37,1.85,2807,52,0,,EUR
TT_LETO26_BrandAware,1789010001,InFeed_Retarget,08/05/2026,65+,Male,5.95,9.13,0.35,2.56,652,17,0,,EUR
TT_LETO26_BrandAware,1789010001,InFeed_Retarget,06/17/2026,45-54,Male,9.02,7.82,0.41,1.88,1153,22,0,,EUR
TT_LETO26_BrandAware,1789010001,Spark_Awareness,07/03/2026,25-34,Female,37.84,9.37,0.44,2.12,4039,86,0,,EUR
TT_PRODUKTLAUNCH26,1789010002,TopView,09/02/2026,35-44,Male,37.4,6.09,0.68,0.89,6143,55,0,,EUR
TT_LETO26_BrandAware,1789010001,InFeed_Prospecting,07/31/2026,45-54,Female,26.04,7.5,0.42,1.78,3474,62,0,,EUR
TT_LETO26_BrandAware,1789010001,InFeed_Prospecting,07/19/2026,55-64,Male,15.6,4.79,0.26,1.84,3254,60,0,,EUR
TT_PRODUKTLAUNCH26,1789010002,InFeed_Launch,10/25/2026,65+,Male,12.3,9.97,0.41,2.46,1234,30,0,,EUR
TT_LETO26_BrandAware,1789010001,InFeed_Prospecting,06/23/2026,35-44,Male,9.2,3.78,0.4,0.94,2435,23,0,,EUR
TT_LETO26_BrandAware,1789010001,Spark_Awareness,07/09/2026,45-54,Male,8.05,4.39,0.35,1.25,1835,23,0,,EUR
TT_PRODUKTLAUNCH26,1789010002,InFeed_Launch,08/18/2026,35-44,Female,34.2,10.47,0.45,2.34,3265,76,1,34.2,EUR
TT_LETO26_BrandAware,1789010001,Spark_Awareness,06/02/2026,25-34,Female,11.47,4.29,0.31,1.37,2676,37,0,,EUR
TT_PRODUKTLAUNCH26,1789010002,InFeed_Launch,10/25/2026,55-64,Male,17.02,7.39,0.37,1.98,2303,46,0,,EUR
TT_LETO26_BrandAware,1789010001,InFeed_Retarget,08/05/2026,25-34,Female,17.15,8.37,0.49,1.73,2050,35,0,,EUR
TT_LETO26_BrandAware,1789010001,Spark_Awareness,08/01/2026,25-34,Male,16.77,5.17,0.39,1.31,3245,43,0,,EUR
TT_LETO26_BrandAware,1789010001,InFeed_Prospecting,06/01/2026,55-64,Male,10.4,3.66,0.26,1.41,2838,40,0,,EUR
TT_PRODUKTLAUNCH26,1789010002,Spark_Ads,10/18/2026,55-64,Female,28.8,10.29,0.48,2.16,2799,60,1,28.8,EUR
TT_PRODUKTLAUNCH26,1789010002,InFeed_Launch,09/27/2026,55-64,Female,10.08,6.53,0.36,1.78,1544,28,0,,EUR
TT_PRODUKTLAUNCH26,1789010002,Spark_Ads,08/26/2026,25-34,Female,28.12,5.46,0.37,1.47,5146,76,1,28.12,EUR
TT_LETO26_BrandAware,1789010001,Spark_Awareness,07/16/2026,25-34,Male,14.52,5.38,0.33,1.64,2698,44,0,,EUR
TT_LETO26_BrandAware,1789010001,Spark_Awareness,07/15/2026,25-34,Male,15.05,6.88,0.43,1.61,2189,35,0,,EUR
TT_LETO26_BrandAware,1789010001,Spark_Awareness,06/14/2026,18-24,Female,12.47,6.05,0.29,2.1,2060,43,0,,EUR
TT_PRODUKTLAUNCH26,1789010002,InFeed_Launch,08/26/2026,18-24,Female,21.39,7.93,0.31,2.54,2696,69,1,21.39,EUR
TT_PRODUKTLAUNCH26,1789010002,TopView,10/19/2026,55-64,Male,35.99,6.32,0.61,1.03,5699,59,0,,EUR
TT_LETO26_BrandAware,1789010001,InFeed_Retarget,07/05/2026,35-44,Female,13.26,8.04,0.34,2.34,1650,39,0,,EUR
TT_LETO26_BrandAware,1789010001,InFeed_Prospecting,06/22/2026,65+,Male,16.65,6.71,0.37,1.81,2482,45,0,,EUR
TT_PRODUKTLAUNCH26,1789010002,Spark_Ads,09/16/2026,65+,Female,5.85,4.34,0.39,1.13,1348,15,0,,EUR
TT_PRODUKTLAUNCH26,1789010002,Spark_Ads,09/14/2026,25-34,Male,42.92,5.95,0.37,1.61,7212,116,1,42.92,EUR
TT_LETO26_BrandAware,1789010001,InFeed_Retarget,08/02/2026,55-64,Male,6.4,7.31,0.4,1.85,875,16,0,,EUR
TT_LETO26_BrandAware,1789010001,Spark_Awareness,07/26/2026,45-54,Male,31.2,8.9,0.48,1.85,3507,65,0,,EUR
TT_PRODUKTLAUNCH26,1789010002,TopView,09/01/2026,55-64,Female,20.48,6.33,0.64,0.97,3236,32,0,,EUR
TT_LETO26_BrandAware,1789010001,Spark_Awareness,07/21/2026,65+,Female,8.4,8.94,0.4,2.18,940,21,0,,EUR
TT_LETO26_BrandAware,1789010001,InFeed_Retarget,06/27/2026,18-24,Male,10.14,6.93,0.39,1.75,1463,26,0,,EUR
TT_LETO26_BrandAware,1789010001,InFeed_Prospecting,07/20/2026,55-64,Male,13.33,4.16,0.31,1.35,3201,43,0,,EUR
TT_PRODUKTLAUNCH26,1789010002,InFeed_Launch,09/21/2026,35-44,Female,22.44,7.59,0.44,1.71,2958,51,1,22.44,EUR
TT_LETO26_BrandAware,1789010001,Spark_Awareness,08/13/2026,65+,Female,4.29,3.6,0.33,1.09,1191,13,0,,EUR
TT_PRODUKTLAUNCH26,1789010002,InFeed_Launch,09/13/2026,35-44,Male,37.31,7.83,0.41,1.9,4768,91,1,37.31,EUR
TT_PRODUKTLAUNCH26,1789010002,Spark_Ads,09/08/2026,55-64,Male,19.78,7.7,0.46,1.68,2568,43,1,19.78,EUR
TT_LETO26_BrandAware,1789010001,InFeed_Retarget,07/19/2026,55-64,Female,8.37,8.11,0.31,2.61,1032,27,0,,EUR
TT_LETO26_BrandAware,1789010001,InFeed_Prospecting,07/17/2026,35-44,Female,12.3,3.14,0.3,1.05,3911,41,0,,EUR
TT_PRODUKTLAUNCH26,1789010002,InFeed_Launch,09/13/2026,65+,Female,18.4,9.74,0.4,2.42,1889,46,0,,EUR
TT_PRODUKTLAUNCH26,1789010002,TopView,09/16/2026,35-44,Male,18.91,4.29,0.61,0.7,4410,31,0,,EUR
TT_LETO26_BrandAware,1789010001,InFeed_Retarget,06/08/2026,18-24,Male,13.53,8.62,0.41,2.12,1570,33,0,,EUR
TT_PRODUKTLAUNCH26,1789010002,TopView,10/11/2026,55-64,Male,35.84,7.79,0.56,1.39,4598,64,0,,EUR
TT_PRODUKTLAUNCH26,1789010002,TopView,09/03/2026,65+,Female,8.55,4.34,0.57,0.75,1969,15,0,,EUR
TT_LETO26_BrandAware,1789010001,Spark_Awareness,08/01/2026,18-24,Male,9.66,4.81,0.42,1.15,2009,23,0,,EUR
TT_PRODUKTLAUNCH26,1789010002,InFeed_Launch,09/06/2026,55-64,Female,27.0,12.79,0.5,2.57,2111,54,1,27.0,EUR
TT_LETO26_BrandAware,1789010001,InFeed_Retarget,06/25/2026,55-64,Male,10.14,10.08,0.39,2.58,1006,26,0,,EUR
TT_LETO26_BrandAware,1789010001,InFeed_Retarget,06/05/2026,25-34,Female,14.04,10.76,0.39,2.73,1305,36,0,,EUR
TT_PRODUKTLAUNCH26,1789010002,Spark_Ads,09/05/2026,35-44,Male,54.72,10.18,0.48,2.13,5375,114,1,54.72,EUR
TT_PRODUKTLAUNCH26,1789010002,Spark_Ads,09/14/2026,65+,Female,18.04,6.96,0.44,1.57,2591,41,0,,EUR
TT_LETO26_BrandAware,1789010001,InFeed_Prospecting,06/06/2026,35-44,Female,23.78,6.75,0.41,1.64,3521,58,0,,EUR
TT_LETO26_BrandAware,1789010001,InFeed_Retarget,07/25/2026,45-54,Female,7.6,6.78,0.4,1.67,1121,19,0,,EUR
TT_LETO26_BrandAware,1789010001,InFeed_Retarget,08/10/2026,45-54,Female,11.44,8.66,0.44,1.98,1321,26,0,,EUR
TT_PRODUKTLAUNCH26,1789010002,Spark_Ads,08/20/2026,35-44,Male,41.82,6.04,0.41,1.47,6929,102,1,41.82,EUR
TT_LETO26_BrandAware,1789010001,Spark_Awareness,07/19/2026,65+,Male,16.8,9.04,0.48,1.91,1859,35,0,,EUR
TT_PRODUKTLAUNCH26,1789010002,InFeed_Launch,10/08/2026,35-44,Male,25.62,7.15,0.42,1.72,3581,61,1,25.62,EUR
TT_PRODUKTLAUNCH26,1789010002,TopView,09/11/2026,18-24,Male,35.64,6.82,0.54,1.26,5227,66,0,,EUR
TT_PRODUKTLAUNCH26,1789010002,Spark_Ads,08/16/2026,45-54,Female,21.0,6.53,0.28,2.32,3218,75,1,21.0,EUR
TT_LETO26_BrandAware,1789010001,InFeed_Retarget,07/19/2026,25-34,Male,8.25,5.64,0.33,1.71,1463,25,0,,EUR
TT_LETO26_BrandAware,1789010001,Spark_Awareness,06/18/2026,65+,Female,5.32,4.02,0.38,1.06,1325,14,0,,EUR
TT_LETO26_BrandAware,1789010001,InFeed_Prospecting,08/11/2026,45-54,Male,22.0,7.04,0.44,1.59,3125,50,0,,EUR
TT_LETO26_BrandAware,1789010001,Spark_Awareness,06/30/2026,65+,Female,12.18,7.19,0.42,1.7,1693,29,0,,EUR
TT_PRODUKTLAUNCH26,1789010002,InFeed_Launch,09/09/2026,18-24,Male,23.04,7.42,0.36,2.08,3107,64,1,23.04,EUR
TT_PRODUKTLAUNCH26,1789010002,InFeed_Launch,10/23/2026,65+,Male,12.6,8.67,0.36,2.42,1453,35,0,,EUR
TT_PRODUKTLAUNCH26,1789010002,Spark_Ads,09/10/2026,45-54,Male,28.16,6.22,0.32,1.95,4529,88,1,28.16,EUR
TT_LETO26_BrandAware,1789010001,InFeed_Retarget,07/12/2026,25-34,Male,13.6,6.82,0.4,1.69,1994,34,0,,EUR
TT_PRODUKTLAUNCH26,1789010002,InFeed_Launch,10/09/2026,45-54,Male,24.96,12.75,0.52,2.45,1957,48,0,,EUR
TT_PRODUKTLAUNCH26,1789010002,Spark_Ads,08/28/2026,45-54,Male,31.62,6.96,0.34,2.04,4543,93,1,31.62,EUR
TT_PRODUKTLAUNCH26,1789010002,TopView,09/15/2026,45-54,Male,37.63,5.07,0.53,0.96,7416,71,0,,EUR
TT_PRODUKTLAUNCH26,1789010002,Spark_Ads,10/19/2026,55-64,Female,33.0,9.37,0.44,2.13,3522,75,1,33.0,EUR
TT_PRODUKTLAUNCH26,1789010002,InFeed_Launch,09/09/2026,55-64,Female,15.0,9.28,0.5,1.85,1616,30,0,,EUR
TT_PRODUKTLAUNCH26,1789010002,Spark_Ads,10/11/2026,35-44,Female,31.98,7.49,0.39,1.93,4271,82,1,31.98,EUR
TT_PRODUKTLAUNCH26,1789010002,InFeed_Launch,09/26/2026,25-34,Female,34.86,6.73,0.42,1.59,5183,83,1,34.86,EUR
TT_PRODUKTLAUNCH26,1789010002,TopView,09/25/2026,65+,Male,10.24,5.62,0.64,0.9,1821,16,0,,EUR
TT_LETO26_BrandAware,1789010001,InFeed_Retarget,07/29/2026,18-24,Female,9.52,6.47,0.34,1.92,1472,28,0,,EUR
TT_LETO26_BrandAware,1789010001,InFeed_Prospecting,06/26/2026,65+,Female,7.48,4.97,0.34,1.49,1505,22,0,,EUR
TT_PRODUKTLAUNCH26,1789010002,Spark_Ads,09/18/2026,25-34,Male,29.52,8.18,0.36,2.27,3609,82,1,29.52,EUR
TT_LETO26_BrandAware,1789010001,Spark_Awareness,06/21/2026,35-44,Female,9.3,4.51,0.3,1.52,2060,31,0,,EUR
TT_LETO26_BrandAware,1789010001,Spark_Awareness,06/05/2026,18-24,Male,7.8,2.98,0.3,1.01,2617,26,0,,EUR
TT_LETO26_BrandAware,1789010001,InFeed_Retarget,07/08/2026,18-24,Female,11.1,9.55,0.37,2.6,1162,30,0,,EUR
TT_LETO26_BrandAware,1789010001,InFeed_Prospecting,08/14/2026,25-34,Male,15.17,3.91,0.41,0.96,3883,37,0,,EUR
TT_PRODUKTLAUNCH26,1789010002,InFeed_Launch,10/03/2026,18-24,Female,9.46,5.83,0.43,1.33,1624,22,0,,EUR
TT_LETO26_BrandAware,1789010001,Spark_Awareness,06/29/2026,35-44,Female,13.33,4.87,0.31,1.57,2737,43,0,,EUR
TT_PRODUKTLAUNCH26,1789010002,InFeed_Launch,10/24/2026,18-24,Male,16.1,6.31,0.46,1.39,2550,35,0,,EUR
TT_PRODUKTLAUNCH26,1789010002,InFeed_Launch,08/30/2026,35-44,Male,30.6,8.06,0.45,1.8,3795,68,1,30.6,EUR
TT_PRODUKTLAUNCH26,1789010002,TopView,10/03/2026,45-54,Male,30.36,7.19,0.69,1.03,4220,44,0,,EUR
TT_PRODUKTLAUNCH26,1789010002,Spark_Ads,10/28/2026,35-44,Male,46.02,7.18,0.39,1.85,6411,118,1,46.02,EUR
TT_PRODUKTLAUNCH26,1789010002,InFeed_Launch,10/24/2026,25-34,Female,35.1,11.73,0.45,2.59,2992,78,1,35.1,EUR
TT_LETO26_BrandAware,1789010001,InFeed_Prospecting,06/06/2026,18-24,Male,13.34,4.16,0.29,1.45,3209,46,0,,EUR
TT_LETO26_BrandAware,1789010001,InFeed_Prospecting,06/18/2026,18-24,Male,31.2,7.84,0.4,1.96,3982,78,0,,EUR
TT_PRODUKTLAUNCH26,1789010002,Spark_Ads,09/21/2026,55-64,Female,30.24,10.66,0.48,2.2,2837,63,1,30.24,EUR
TT_LETO26_BrandAware,1789010001,InFeed_Prospecting,08/07/2026,35-44,Female,16.72,5.08,0.44,1.15,3289,38,0,,EUR
TT_PRODUKTLAUNCH26,1789010002,TopView,10/23/2026,65+,Male,10.8,4.95,0.6,0.85,2180,18,0,,EUR
TT_LETO26_BrandAware,1789010001,InFeed_Retarget,07/26/2026,18-24,Male,24.48,14.0,0.48,2.92,1748,51,0,,EUR
TT_LETO26_BrandAware,1789010001,InFeed_Retarget,08/09/2026,25-34,Male,21.28,8.89,0.38,2.35,2395,56,0,,EUR
TT_PRODUKTLAUNCH26,1789010002,InFeed_Launch,10/25/2026,35-44,Male,26.56,5.97,0.32,1.86,4449,83,1,26.56,EUR
TT_LETO26_BrandAware,1789010001,Spark_Awareness,06/04/2026,18-24,Female,12.32,5.83,0.28,2.09,2113,44,0,,EUR
TT_LETO26_BrandAware,1789010001,InFeed_Prospecting,06/20/2026,65+,Female,6.27,3.38,0.33,1.02,1855,19,0,,EUR
TT_LETO26_BrandAware,1789010001,InFeed_Retarget,07/28/2026,55-64,Male,14.7,13.56,0.49,2.74,1084,30,0,,EUR
TT_PRODUKTLAUNCH26,1789010002,TopView,08/21/2026,25-34,Female,32.9,4.77,0.47,1.01,6896,70,0,,EUR
TT_PRODUKTLAUNCH26,1789010002,Spark_Ads,10/26/2026,25-34,Male,22.4,5.86,0.4,1.47,3823,56,1,22.4,EUR
TT_LETO26_BrandAware,1789010001,InFeed_Prospecting,07/05/2026,35-44,Male,17.36,3.35,0.31,1.08,5175,56,0,,EUR
TT_PRODUKTLAUNCH26,1789010002,Spark_Ads,09/17/2026,65+,Male,22.2,7.38,0.37,2.0,3008,60,1,22.2,EUR
TT_LETO26_BrandAware,1789010001,Spark_Awareness,07/29/2026,35-44,Male,24.84,6.23,0.46,1.35,3984,54,0,,EUR
TT_LETO26_BrandAware,1789010001,Spark_Awareness,07/06/2026,18-24,Male,12.92,4.4,0.34,1.28,2938,38,0,,EUR
TT_LETO26_BrandAware,1789010001,InFeed_Prospecting,07/17/2026,18-24,Male,8.6,3.99,0.43,0.93,2153,20,0,,EUR
TT_LETO26_BrandAware,1789010001,InFeed_Prospecting,06/08/2026,55-64,Male,15.2,4.52,0.4,1.12,3365,38,0,,EUR
TT_PRODUKTLAUNCH26,1789010002,Spark_Ads,09/12/2026,55-64,Male,26.07,7.49,0.33,2.26,3482,79,1,26.07,EUR
TT_LETO26_BrandAware,1789010001,Spark_Awareness,08/06/2026,25-34,Female,13.64,6.59,0.44,1.48,2071,31,0,,EUR
TT_LETO26_BrandAware,1789010001,InFeed_Prospecting,06/09/2026,25-34,Female,7.56,3.03,0.28,1.06,2495,27,0,,EUR
TT_LETO26_BrandAware,1789010001,Spark_Awareness,06/28/2026,55-64,Female,8.17,5.19,0.43,1.19,1575,19,0,,EUR
TT_PRODUKTLAUNCH26,1789010002,InFeed_Launch,10/05/2026,65+,Female,5.76,6.72,0.36,1.9,857,16,0,,EUR
TT_PRODUKTLAUNCH26,1789010002,TopView,09/03/2026,18-24,Male,26.0,5.4,0.65,0.82,4817,40,0,,EUR
TT_LETO26_BrandAware,1789010001,InFeed_Prospecting,06/20/2026,25-34,Male,12.69,3.47,0.27,1.29,3662,47,0,,EUR
TT_PRODUKTLAUNCH26,1789010002,InFeed_Launch,09/05/2026,65+,Female,12.96,8.89,0.48,1.84,1457,27,0,,EUR
TT_PRODUKTLAUNCH26,1789010002,TopView,09/24/2026,55-64,Female,18.4,3.99,0.46,0.87,4606,40,0,,EUR
TT_LETO26_BrandAware,1789010001,Spark_Awareness,06/06/2026,55-64,Male,16.24,6.32,0.29,2.18,2571,56,0,,EUR
TT_LETO26_BrandAware,1789010001,Spark_Awareness,07/19/2026,25-34,Male,14.28,6.08,0.42,1.44,2349,34,0,,EUR
TT_LETO26_BrandAware,1789010001,InFeed_Prospecting,06/14/2026,55-64,Female,10.5,5.53,0.42,1.29,1900,25,0,,EUR
TT_LETO26_BrandAware,1789010001,InFeed_Retarget,06/09/2026,35-44,Male,18.87,8.74,0.37,2.35,2160,51,0,,EUR
TT_LETO26_BrandAware,1789010001,InFeed_Retarget,08/07/2026,45-54,Male,18.4,11.48,0.4,2.85,1603,46,0,,EUR
TT_PRODUKTLAUNCH26,1789010002,TopView,10/21/2026,25-34,Female,46.2,5.36,0.55,0.98,8612,84,1,46.2,EUR
TT_LETO26_BrandAware,1789010001,InFeed_Prospecting,07/15/2026,25-34,Male,27.52,7.56,0.43,1.76,3639,64,0,,EUR
TT_PRODUKTLAUNCH26,1789010002,TopView,08/26/2026,65+,Female,11.0,3.81,0.55,0.68,2887,20,0,,EUR
TT_PRODUKTLAUNCH26,1789010002,TopView,10/21/2026,18-24,Female,19.14,4.33,0.58,0.74,4417,33,0,,EUR
TT_PRODUKTLAUNCH26,1789010002,TopView,09/07/2026,35-44,Male,31.8,5.2,0.53,0.99,6112,60,0,,EUR
TT_PRODUKTLAUNCH26,1789010002,TopView,09/19/2026,45-54,Female,19.47,4.76,0.59,0.81,4091,33,0,,EUR
TT_PRODUKTLAUNCH26,1789010002,TopView,10/08/2026,55-64,Female,18.15,3.5,0.55,0.63,5186,33,0,,EUR
TT_PRODUKTLAUNCH26,1789010002,InFeed_Launch,10/20/2026,55-64,Male,18.87,9.35,0.37,2.54,2018,51,1,18.87,EUR
TT_LETO26_BrandAware,1789010001,InFeed_Retarget,06/21/2026,18-24,Female,6.84,6.95,0.36,1.97,984,19,0,,EUR
TT_PRODUKTLAUNCH26,1789010002,InFeed_Launch,10/09/2026,35-44,Female,32.86,7.43,0.31,2.39,4424,106,1,32.86,EUR
TT_LETO26_BrandAware,1789010001,Spark_Awareness,06/19/2026,55-64,Female,11.5,8.91,0.46,1.91,1291,25,0,,EUR
TT_LETO26_BrandAware,1789010001,Spark_Awareness,08/03/2026,45-54,Male,15.48,4.5,0.43,1.04,3440,36,0,,EUR
TT_LETO26_BrandAware,1789010001,InFeed_Prospecting,07/03/2026,45-54,Female,16.2,3.81,0.3,1.27,4251,54,0,,EUR
TT_LETO26_BrandAware,1789010001,Spark_Awareness,06/05/2026,45-54,Male,6.16,3.72,0.28,1.32,1654,22,0,,EUR
TT_PRODUKTLAUNCH26,1789010002,InFeed_Launch,08/21/2026,35-44,Female,34.8,7.83,0.4,1.95,4445,87,1,34.8,EUR
TT_LETO26_BrandAware,1789010001,InFeed_Retarget,06/27/2026,35-44,Female,15.68,7.83,0.32,2.44,2002,49,0,,EUR
TT_LETO26_BrandAware,1789010001,InFeed_Prospecting,07/19/2026,18-24,Male,16.12,5.95,0.31,1.9,2711,52,0,,EUR
TT_LETO26_BrandAware,1789010001,InFeed_Prospecting,06/03/2026,55-64,Female,15.51,5.4,0.33,1.65,2871,47,0,,EUR
TT_LETO26_BrandAware,1789010001,InFeed_Retarget,07/16/2026,65+,Male,5.74,6.22,0.41,1.5,923,14,0,,EUR
TT_LETO26_BrandAware,1789010001,InFeed_Prospecting,06/12/2026,55-64,Male,26.04,7.69,0.42,1.84,3386,62,0,,EUR
TT_PRODUKTLAUNCH26,1789010002,InFeed_Launch,09/16/2026,45-54,Male,16.56,5.17,0.36,1.45,3204,46,0,,EUR
TT_PRODUKTLAUNCH26,1789010002,TopView,08/27/2026,25-34,Female,34.98,6.73,0.53,1.27,5199,66,0,,EUR
TT_PRODUKTLAUNCH26,1789010002,InFeed_Launch,09/04/2026,55-64,Female,13.33,6.85,0.43,1.61,1946,31,0,,EUR
TT_PRODUKTLAUNCH26,1789010002,InFeed_Launch,10/02/2026,18-24,Female,23.37,10.24,0.41,2.51,2282,57,1,23.37,EUR
TT_LETO26_BrandAware,1789010001,Spark_Awareness,06/23/2026,25-34,Male,17.98,5.85,0.31,1.89,3071,58,0,,EUR
TT_PRODUKTLAUNCH26,1789010002,InFeed_Launch,09/05/2026,45-54,Male,14.85,7.69,0.45,1.72,1930,33,0,,EUR
TT_PRODUKTLAUNCH26,1789010002,TopView,10/01/2026,45-54,Male,45.54,9.32,0.69,1.36,4887,66,0,,EUR
TT_PRODUKTLAUNCH26,1789010002,TopView,08/26/2026,55-64,Male,26.46,5.99,0.54,1.11,4421,49,0,,EUR
TT_LETO26_BrandAware,1789010001,InFeed_Retarget,07/30/2026,25-34,Male,12.92,6.04,0.38,1.61,2140,34,0,,EUR
TT_PRODUKTLAUNCH26,1789010002,TopView,10/12/2026,35-44,Male,17.11,3.79,0.59,0.63,4512,29,0,,EUR
TT_LETO26_BrandAware,1789010001,InFeed_Prospecting,08/08/2026,65+,Female,4.25,2.24,0.25,0.92,1901,17,0,,EUR
TT_PRODUKTLAUNCH26,1789010002,Spark_Ads,09/30/2026,18-24,Female,20.79,4.6,0.33,1.4,4517,63,1,20.79,EUR
TT_PRODUKTLAUNCH26,1789010002,Spark_Ads,09/06/2026,25-34,Female,31.5,7.72,0.45,1.71,4079,70,1,31.5,EUR
TT_LETO26_BrandAware,1789010001,InFeed_Prospecting,06/10/2026,55-64,Female,12.4,4.54,0.31,1.48,2733,40,0,,EUR
TT_LETO26_BrandAware,1789010001,InFeed_Retarget,07/22/2026,25-34,Male,11.2,6.27,0.35,1.8,1786,32,0,,EUR
TT_PRODUKTLAUNCH26,1789010002,InFeed_Launch,08/24/2026,25-34,Male,29.58,5.87,0.34,1.74,5039,87,1,29.58,EUR
TT_LETO26_BrandAware,1789010001,Spark_Awareness,06/05/2026,25-34,Female,17.63,6.91,0.43,1.6,2552,41,0,,EUR
TT_LETO26_BrandAware,1789010001,Spark_Awareness,06/25/2026,25-34,Female,19.8,4.85,0.3,1.62,4086,66,0,,EUR
TT_LETO26_BrandAware,1789010001,InFeed_Retarget,07/08/2026,18-24,Male,17.86,12.99,0.47,2.75,1375,38,0,,EUR
TT_LETO26_BrandAware,1789010001,InFeed_Prospecting,07/09/2026,35-44,Female,9.45,3.31,0.27,1.24,2851,35,0,,EUR
TT_PRODUKTLAUNCH26,1789010002,TopView,08/22/2026,25-34,Female,29.07,6.86,0.51,1.34,4239,57,0,,EUR
TT_LETO26_BrandAware,1789010001,Spark_Awareness,08/01/2026,65+,Male,7.36,5.32,0.46,1.19,1383,16,0,,EUR
TT_PRODUKTLAUNCH26,1789010002,InFeed_Launch,10/26/2026,25-34,Male,45.9,8.14,0.45,1.82,5641,102,1,45.9,EUR
TT_LETO26_BrandAware,1789010001,Spark_Awareness,08/12/2026,25-34,Female,28.8,8.01,0.45,1.79,3596,64,0,,EUR
TT_LETO26_BrandAware,1789010001,InFeed_Retarget,06/26/2026,35-44,Male,23.68,10.72,0.37,2.88,2209,64,1,23.68,EUR
TT_PRODUKTLAUNCH26,1789010002,TopView,10/03/2026,55-64,Female,26.6,8.16,0.7,1.17,3259,38,0,,EUR
TT_PRODUKTLAUNCH26,1789010002,Spark_Ads,09/06/2026,35-44,Male,23.01,7.21,0.39,1.86,3191,59,1,23.01,EUR
TT_LETO26_BrandAware,1789010001,InFeed_Prospecting,08/04/2026,35-44,Female,22.26,5.94,0.42,1.43,3750,53,0,,EUR
TT_PRODUKTLAUNCH26,1789010002,TopView,09/21/2026,18-24,Female,28.5,5.12,0.57,0.91,5561,50,0,,EUR
TT_PRODUKTLAUNCH26,1789010002,InFeed_Launch,09/17/2026,25-34,Male,20.91,7.12,0.51,1.4,2936,41,0,,EUR
TT_LETO26_BrandAware,1789010001,InFeed_Retarget,06/11/2026,55-64,Male,10.08,10.36,0.42,2.43,973,24,0,,EUR
TT_PRODUKTLAUNCH26,1789010002,Spark_Ads,10/02/2026,35-44,Male,31.16,7.49,0.38,1.96,4161,82,1,31.16,EUR
TT_PRODUKTLAUNCH26,1789010002,TopView,09/19/2026,18-24,Female,27.28,4.66,0.62,0.75,5855,44,0,,EUR
TT_PRODUKTLAUNCH26,1789010002,TopView,10/14/2026,55-64,Female,13.78,4.12,0.53,0.78,3344,26,0,,EUR
TT_PRODUKTLAUNCH26,1789010002,Spark_Ads,09/13/2026,25-34,Male,60.06,7.76,0.33,2.35,7739,182,2,30.03,EUR
TT_PRODUKTLAUNCH26,1789010002,TopView,10/05/2026,25-34,Male,59.8,5.86,0.46,1.27,10211,130,1,59.8,EUR
TT_LETO26_BrandAware,1789010001,InFeed_Retarget,08/09/2026,18-24,Male,10.78,13.34,0.49,2.76,808,22,0,,EUR
TT_PRODUKTLAUNCH26,1789010002,Spark_Ads,08/26/2026,35-44,Male,57.64,10.23,0.44,2.33,5635,131,2,28.82,EUR
TT_LETO26_BrandAware,1789010001,InFeed_Prospecting,06/03/2026,35-44,Female,8.64,3.38,0.36,0.95,2553,24,0,,EUR
TT_LETO26_BrandAware,1789010001,InFeed_Retarget,07/09/2026,65+,Female,5.33,6.89,0.41,1.67,774,13,0,,EUR
TT_PRODUKTLAUNCH26,1789010002,InFeed_Launch,09/19/2026,45-54,Male,13.33 EUR,4.69,0.31,1.5,2845,43,0,,EUR
TT_PRODUKTLAUNCH26,1789010002,TopView,09/26/2026,25-34,Male,44.08,4.93,0.58,0.85,8938,76,0,,EUR
TT_PRODUKTLAUNCH26,1789010002,Spark_Ads,08/30/2026,45-54,Female,24.79,7.59,0.37,2.04,3267,67,1,24.79,EUR
TT_PRODUKTLAUNCH26,1789010002,InFeed_Launch,08/31/2026,55-64,Female,12.16 EUR,5.59,0.38,1.45,2174,32,0,,EUR
TT_LETO26_BrandAware,1789010001,InFeed_Prospecting,07/21/2026,45-54,Male,15.68,4.76,0.28,1.71,3297,56,0,,EUR
TT_PRODUKTLAUNCH26,1789010002,TopView,08/17/2026,45-54,Female,26.24,4.81,0.41,1.18,5456,64,0,,EUR
TT_PRODUKTLAUNCH26,1789010002,InFeed_Launch,10/22/2026,25-34,Female,40.85,8.74,0.43,2.04,4674,95,1,40.85,EUR
TT_LETO26_BrandAware,1789010001,InFeed_Prospecting,06/10/2026,55-64,Male,4.8,3.02,0.32,0.95,1588,15,0,,EUR
TT_PRODUKTLAUNCH26,1789010002,InFeed_Launch,10/27/2026,65+,Male,10.5,10.81,0.5,2.21,971,21,0,,EUR
TT_PRODUKTLAUNCH26,1789010002,InFeed_Launch,10/25/2026,25-34,Male,35.89,6.46,0.37,1.75,5552,97,1,35.89,EUR
TT_LETO26_BrandAware,1789010001,Spark_Awareness,07/22/2026,45-54,Male,11.7,5.6,0.39,1.42,2091,30,0,,EUR
TT_PRODUKTLAUNCH26,1789010002,Spark_Ads,10/11/2026,25-34,Male,73.1,9.69,0.43,2.25,7541,170,2,36.55,EUR
TT_PRODUKTLAUNCH26,1789010002,InFeed_Launch,08/31/2026,18-24,Female,36.21,12.88,0.51,2.52,2811,71,1,36.21,EUR
TT_PRODUKTLAUNCH26,1789010002,TopView,10/16/2026,55-64,Female,18.6,7.17,0.62,1.15,2593,30,0,,EUR
TT_PRODUKTLAUNCH26,1789010002,InFeed_Launch,08/23/2026,55-64,Female,18.86,8.08,0.46,1.75,2334,41,0,,EUR
TT_LETO26_BrandAware,1789010001,InFeed_Prospecting,06/14/2026,55-64,Male,15.3,5.82,0.3,1.94,2628,51,0,,EUR
TT_PRODUKTLAUNCH26,1789010002,Spark_Ads,09/25/2026,45-54,Male,37.73,6.47,0.49,1.32,5830,77,1,37.73,EUR
TT_LETO26_BrandAware,1789010001,Spark_Awareness,06/01/2026,65+,Male,5.04,3.0,0.28,1.08,1678,18,0,,EUR
TT_PRODUKTLAUNCH26,1789010002,Spark_Ads,08/26/2026,45-54,Male,22.91,5.51,0.29,1.9,4160,79,1,22.91,EUR
TT_PRODUKTLAUNCH26,1789010002,Spark_Ads,10/22/2026,18-24,Female,16.65,5.03,0.37,1.37,3311,45,1,16.65,EUR
TT_LETO26_BrandAware,1789010001,InFeed_Prospecting,07/27/2026,45-54,Male,14.58,5.3,0.27,1.96,2753,54,0,,EUR
TT_LETO26_BrandAware,1789010001,InFeed_Prospecting,06/13/2026,35-44,Female,14.26,5.78,0.31,1.88,2465,46,0,,EUR
TT_PRODUKTLAUNCH26,1789010002,Spark_Ads,08/19/2026,25-34,Female,22.63,3.82,0.31,1.23,5920,73,1,22.63,EUR
TT_LETO26_BrandAware,1789010001,InFeed_Prospecting,07/17/2026,65+,Male,7.0,3.22,0.35,0.94,2172,20,0,,EUR
TT_PRODUKTLAUNCH26,1789010002,Spark_Ads,09/22/2026,18-24,Female,20.74,6.71,0.34,1.96,3093,61,1,20.74,EUR
TT_PRODUKTLAUNCH26,1789010002,Spark_Ads,08/22/2026,35-44,Female,13.12,3.89,0.32,1.21,3370,41,0,,EUR
TT_LETO26_BrandAware,1789010001,InFeed_Prospecting,06/02/2026,65+,Female,7.56,3.5,0.36,0.97,2161,21,0,,EUR
TT_LETO26_BrandAware,1789010001,InFeed_Prospecting,07/01/2026,25-34,Female,19.5,3.74,0.26,1.43,5211,75,0,,EUR
TT_PRODUKTLAUNCH26,1789010002,TopView,09/25/2026,45-54,Female,43.5,6.87,0.58,1.19,6335,75,0,,EUR
TT_PRODUKTLAUNCH26,1789010002,InFeed_Launch,10/13/2026,45-54,Female,18.06,5.85,0.43,1.37,3087,42,0,,EUR
TT_PRODUKTLAUNCH26,1789010002,InFeed_Launch,09/25/2026,65+,Male,20.4,10.77,0.51,2.12,1894,40,0,,EUR
TT_PRODUKTLAUNCH26,1789010002,InFeed_Launch,08/26/2026,25-34,Male,28.14,6.26,0.42,1.49,4497,67,1,28.14,EUR
TT_LETO26_BrandAware,1789010001,InFeed_Retarget,06/05/2026,55-64,Male,7.65,7.8,0.45,1.78,981,17,0,,EUR
TT_PRODUKTLAUNCH26,1789010002,TopView,08/24/2026,55-64,Female,26.88,5.89,0.64,0.93,4564,42,0,,EUR
TT_LETO26_BrandAware,1789010001,Spark_Awareness,06/13/2026,65+,Female,3.84,5.03,0.32,1.6,764,12,0,,EUR
TT_LETO26_BrandAware,1789010001,InFeed_Retarget,07/04/2026,45-54,Male,8.91,8.53,0.33,2.59,1045,27,0,,EUR
TT_LETO26_BrandAware,1789010001,InFeed_Prospecting,08/13/2026,25-34,Male,17.55,3.19,0.27,1.18,5506,65,0,,EUR
TT_PRODUKTLAUNCH26,1789010002,TopView,10/27/2026,35-44,Male,63.18,7.51,0.54,1.39,8415,117,1,63.18,EUR
TT_PRODUKTLAUNCH26,1789010002,TopView,08/27/2026,25-34,Male,46.33,5.29,0.41,1.29,8753,113,1,46.33,EUR
TT_LETO26_BrandAware,1789010001,InFeed_Prospecting,07/27/2026,18-24,Female,18.0,7.07,0.4,1.78,2545,45,0,,EUR
TT_PRODUKTLAUNCH26,1789010002,Spark_Ads,09/15/2026,35-44,Female,36.08,6.62,0.41,1.61,5451,88,1,36.08,EUR
TT_PRODUKTLAUNCH26,1789010002,TopView,09/08/2026,55-64,Male,29.24,7.35,0.68,1.07,3977,43,0,,EUR
TT_LETO26_BrandAware,1789010001,Spark_Awareness,07/19/2026,35-44,Male,9.3,4.17,0.3,1.37,2232,31,0,,EUR
TT_PRODUKTLAUNCH26,1789010002,InFeed_Launch,09/01/2026,45-54,Female,18.55,7.39,0.35,2.13,2510,53,1,18.55,EUR
TT_PRODUKTLAUNCH26,1789010002,TopView,09/12/2026,25-34,Male,31.74,6.04,0.69,0.88,5256,46,0,,EUR
TT_LETO26_BrandAware,1789010001,Spark_Awareness,08/06/2026,35-44,Female,17.1,5.37,0.3,1.78,3183,57,0,,EUR
TT_LETO26_BrandAware,1789010001,InFeed_Prospecting,06/04/2026,65+,Female,11.07,5.39,0.41,1.3,2053,27,0,,EUR
TT_PRODUKTLAUNCH26,1789010002,TopView,08/17/2026,18-24,Female,48.38,8.17,0.59,1.39,5919,82,0,,EUR
TT_PRODUKTLAUNCH26,1789010002,Spark_Ads,10/05/2026,25-34,Female,18.6,4.0,0.3,1.33,4654,62,1,18.6,EUR
TT_PRODUKTLAUNCH26,1789010002,InFeed_Launch,10/13/2026,35-44,Male,17.85,6.58,0.35,1.86,2714,51,1,17.85,EUR
TT_LETO26_BrandAware,1789010001,InFeed_Prospecting,06/25/2026,25-34,Female,17.42,3.92,0.26,1.5,4444,67,0,,EUR
TT_PRODUKTLAUNCH26,1789010002,InFeed_Launch,09/08/2026,18-24,Female,29.82,9.16,0.42,2.18,3257,71,1,29.82,EUR
TT_PRODUKTLAUNCH26,1789010002,Spark_Ads,08/16/2026,18-24,Female,26.0,8.29,0.4,2.07,3138,65,1,26.0,EUR
TT_LETO26_BrandAware,1789010001,InFeed_Retarget,07/12/2026,45-54,Male,12.0,9.63,0.48,2.02,1246,25,0,,EUR
TT_PRODUKTLAUNCH26,1789010002,Spark_Ads,09/20/2026,18-24,Female,22.44,7.15,0.34,2.1,3140,66,1,22.44,EUR
TT_PRODUKTLAUNCH26,1789010002,Spark_Ads,09/01/2026,65+,Male,6.46,4.56,0.38,1.19,1418,17,0,,EUR
TT_PRODUKTLAUNCH26,1789010002,Spark_Ads,08/26/2026,55-64,Female,18.06,6.83,0.43,1.58,2646,42,1,18.06,EUR
TT_LETO26_BrandAware,1789010001,Spark_Awareness,07/21/2026,55-64,Male,17.63,6.36,0.41,1.57,2772,43,0,,EUR
TT_PRODUKTLAUNCH26,1789010002,InFeed_Launch,10/01/2026,18-24,Male,21.42,10.42,0.42,2.47,2056,51,1,21.42,EUR
TT_PRODUKTLAUNCH26,1789010002,InFeed_Launch,08/19/2026,55-64,Male,13.02,7.2,0.31,2.35,1808,42,0,,EUR
TT_LETO26_BrandAware,1789010001,InFeed_Prospecting,07/30/2026,25-34,Female,33.66,6.36,0.34,1.86,5295,99,0,,EUR
TT_PRODUKTLAUNCH26,1789010002,Spark_Ads,10/27/2026,55-64,Female,17.11,4.74,0.29,1.63,3609,59,1,17.11,EUR
TT_LETO26_BrandAware,1789010001,InFeed_Prospecting,07/26/2026,25-34,Male,16.38,5.89,0.42,1.41,2781,39,0,,EUR
TT_PRODUKTLAUNCH26,1789010002,Spark_Ads,08/30/2026,25-34,Female,23.87,4.98,0.31,1.61,4797,77,1,23.87,EUR
TT_PRODUKTLAUNCH26,1789010002,TopView,08/31/2026,35-44,Female,36.18,4.44,0.54,0.82,8140,67,0,,EUR
TT_LETO26_BrandAware,1789010001,InFeed_Retarget,06/29/2026,35-44,Male,20.72,10.67,0.37,2.86,1941,56,0,,EUR
TT_LETO26_BrandAware,1789010001,Spark_Awareness,08/12/2026,25-34,Male,9.36,4.5,0.36,1.23,2080,26,0,,EUR
TT_PRODUKTLAUNCH26,1789010002,Spark_Ads,10/11/2026,45-54,Female,43.05,8.66,0.41,2.12,4974,105,1,43.05,EUR
TT_PRODUKTLAUNCH26,1789010002,Spark_Ads,08/25/2026,55-64,Male,21.12,8.39,0.44,1.92,2516,48,1,21.12,EUR
TT_LETO26_BrandAware,1789010001,Spark_Awareness,07/14/2026,45-54,Female,12.4,6.74,0.31,2.18,1841,40,0,,EUR
TT_PRODUKTLAUNCH26,1789010002,TopView,08/23/2026,35-44,Male,39.68,7.51,0.62,1.2,5284,64,0,,EUR
TT_LETO26_BrandAware,1789010001,InFeed_Retarget,06/25/2026,18-24,Female,8.36,6.1,0.38,1.59,1370,22,0,,EUR
TT_PRODUKTLAUNCH26,1789010002,TopView,10/01/2026,25-34,Female,26.66,3.85,0.43,0.9,6933,62,0,,EUR
TT_PRODUKTLAUNCH26,1789010002,Spark_Ads,08/16/2026,55-64,Male,30.72,10.16,0.48,2.1,3025,64,1,30.72,EUR
TT_LETO26_BrandAware,1789010001,InFeed_Prospecting,07/17/2026,65+,Female,6.24,4.28,0.26,1.62,1458,24,0,,EUR
TT_PRODUKTLAUNCH26,1789010002,InFeed_Launch,09/14/2026,65+,Male,5.89,4.74,0.31,1.49,1243,19,0,,EUR
TT_LETO26_BrandAware,1789010001,InFeed_Prospecting,07/21/2026,35-44,Male,16.34,3.68,0.38,0.98,4443,43,0,,EUR
TT_LETO26_BrandAware,1789010001,InFeed_Retarget,06/18/2026,25-34,Female,7.68,6.32,0.32,1.99,1215,24,0,,EUR
TT_LETO26_BrandAware,1789010001,InFeed_Retarget,07/03/2026,35-44,Female,7.2,5.64,0.36,1.56,1277,20,0,,EUR
TT_PRODUKTLAUNCH26,1789010002,TopView,09/30/2026,18-24,Male,44.22,8.36,0.67,1.24,5292,66,0,,EUR
TT_PRODUKTLAUNCH26,1789010002,Spark_Ads,09/12/2026,35-44,Female,17.1,5.73,0.3,1.9,2986,57,1,17.1,EUR
TT_PRODUKTLAUNCH26,1789010002,Spark_Ads,10/16/2026,45-54,Male,26.22,6.97,0.38,1.82,3762,69,1,26.22,EUR
TT_LETO26_BrandAware,1789010001,Spark_Awareness,06/24/2026,65+,Female,6.11,5.62,0.47,1.23,1088,13,0,,EUR
TT_LETO26_BrandAware,1789010001,InFeed_Retarget,07/07/2026,45-54,Female,8.4,6.41,0.35,1.82,1310,24,0,,EUR
TT_LETO26_BrandAware,1789010001,InFeed_Prospecting,08/07/2026,18-24,Female,7.14,3.44,0.34,1.0,2075,21,0,,EUR
TT_PRODUKTLAUNCH26,1789010002,Spark_Ads,09/05/2026,25-34,Male,65.66,11.4,0.49,2.33,5761,134,2,32.83,EUR
TT_LETO26_BrandAware,1789010001,InFeed_Retarget,06/25/2026,35-44,Male,17.85,9.66,0.35,2.76,1848,51,0,,EUR
TT_LETO26_BrandAware,1789010001,InFeed_Retarget,08/11/2026,55-64,Male,11.75,12.1,0.47,2.61,971,25,0,,EUR
TT_PRODUKTLAUNCH26,1789010002,Spark_Ads,08/21/2026,65+,Female,10.56,5.71,0.33,1.74,1848,32,0,,EUR
TT_PRODUKTLAUNCH26,1789010002,InFeed_Launch,10/01/2026,45-54,Female,24.09,6.56,0.33,1.98,3674,73,1,24.09,EUR
TT_LETO26_BrandAware,1789010001,InFeed_Prospecting,08/13/2026,35-44,Female,13.52,2.79,0.26,1.08,4838,52,0,,EUR
TT_LETO26_BrandAware,1789010001,InFeed_Prospecting,06/04/2026,35-44,Male,26.7,5.19,0.3,1.74,5145,89,0,,EUR
TT_PRODUKTLAUNCH26,1789010002,InFeed_Launch,10/15/2026,55-64,Female,31.36,11.3,0.49,2.3,2774,64,1,31.36,EUR
TT_PRODUKTLAUNCH26,1789010002,InFeed_Launch,09/10/2026,55-64,Male,16.77,9.59,0.39,2.47,1749,43,0,,EUR
TT_PRODUKTLAUNCH26,1789010002,TopView,09/18/2026,55-64,Male,14.4,3.23,0.45,0.71,4461,32,0,,EUR
TT_PRODUKTLAUNCH26,1789010002,InFeed_Launch,10/03/2026,18-24,Male,33.44,8.87,0.44,2.01,3769,76,1,33.44,EUR
TT_PRODUKTLAUNCH26,1789010002,InFeed_Launch,08/21/2026,45-54,Male,24.84,8.92,0.46,1.95,2786,54,1,24.84,EUR
TT_LETO26_BrandAware,1789010001,InFeed_Prospecting,08/08/2026,18-24,Female,14.85,5.92,0.33,1.8,2510,45,0,,EUR
TT_LETO26_BrandAware,1789010001,InFeed_Prospecting,07/17/2026,45-54,Male,15.6,4.64,0.4,1.15,3359,39,0,,EUR
TT_LETO26_BrandAware,1789010001,InFeed_Retarget,07/04/2026,65+,Female,3.3,7.62,0.3,2.46,433,11,0,,EUR
TT_LETO26_BrandAware,1789010001,InFeed_Retarget,07/07/2026,18-24,Female,10.24,7.45,0.32,2.33,1375,32,0,,EUR
TT_LETO26_BrandAware,1789010001,Spark_Awareness,06/21/2026,65+,Female,2.61,3.21,0.29,1.16,813,9,0,,EUR
TT_PRODUKTLAUNCH26,1789010002,InFeed_Launch,09/01/2026,35-44,Female,29.37,6.8,0.33,2.05,4320,89,1,29.37,EUR
TT_LETO26_BrandAware,1789010001,InFeed_Retarget,06/02/2026,55-64,Female,5.44,5.3,0.32,1.63,1026,17,0,,EUR
TT_LETO26_BrandAware,1789010001,InFeed_Prospecting,07/25/2026,55-64,Male,20.4,6.79,0.34,1.98,3005,60,0,,EUR
TT_LETO26_BrandAware,1789010001,Spark_Awareness,06/13/2026,45-54,Female,10.36,4.93,0.28,1.78,2100,37,0,,EUR
TT_PRODUKTLAUNCH26,1789010002,InFeed_Launch,10/18/2026,35-44,Male,22.05,6.12,0.35,1.75,3604,63,1,22.05,EUR
TT_PRODUKTLAUNCH26,1789010002,Spark_Ads,09/09/2026,18-24,Male,32.8,6.59,0.41,1.62,4976,80,1,32.8,EUR
TT_PRODUKTLAUNCH26,1789010002,TopView,10/15/2026,45-54,Female,21.76,5.53,0.68,0.81,3935,32,0,,EUR
TT_LETO26_BrandAware,1789010001,InFeed_Prospecting,07/11/2026,55-64,Male,8.1,3.44,0.3,1.13,2353,27,0,,EUR
TT_PRODUKTLAUNCH26,1789010002,TopView,09/26/2026,45-54,Female,38.4,6.95,0.64,1.09,5524,60,0,,EUR
TT_LETO26_BrandAware,1789010001,Spark_Awareness,06/24/2026,35-44,Male,17.16,4.58,0.39,1.17,3743,44,0,,EUR
TT_PRODUKTLAUNCH26,1789010002,TopView,10/17/2026,18-24,Male,29.15,5.09,0.55,0.93,5724,53,0,,EUR
TT_LETO26_BrandAware,1789010001,Spark_Awareness,07/21/2026,18-24,Male,15.48,5.14,0.36,1.43,3014,43,0,,EUR
TT_PRODUKTLAUNCH26,1789010002,Spark_Ads,09/04/2026,35-44,Female,42.72,10.2,0.48,2.13,4190,89,1,42.72,EUR
TT_PRODUKTLAUNCH26,1789010002,TopView,08/17/2026,55-64,Female,12.54,4.14,0.57,0.72,3028,22,0,,EUR
TT_PRODUKTLAUNCH26,1789010002,TopView,10/14/2026,25-34,Male,49.88,5.71,0.58,0.98,8734,86,1,49.88,EUR
TT_LETO26_BrandAware,1789010001,Spark_Awareness,06/07/2026,35-44,Male,30.6,7.58,0.45,1.68,4037,68,0,,EUR
TT_LETO26_BrandAware,1789010001,Spark_Awareness,06/13/2026,35-44,Female,16.28,5.41,0.44,1.25,3010,37,0,,EUR
TT_PRODUKTLAUNCH26,1789010002,TopView,10/15/2026,25-34,Female,32.24,4.23,0.62,0.68,7623,52,0,,EUR
TT_LETO26_BrandAware,1789010001,InFeed_Prospecting,08/03/2026,25-34,Female,30.96,5.79,0.43,1.36,5348,72,0,,EUR
TT_LETO26_BrandAware,1789010001,Spark_Awareness,07/18/2026,18-24,Male,16.45,9.59,0.47,2.02,1716,35,0,,EUR
TT_PRODUKTLAUNCH26,1789010002,TopView,08/29/2026,65+,Male,17.1,6.75,0.57,1.19,2532,30,0,,EUR
TT_LETO26_BrandAware,1789010001,InFeed_Prospecting,07/07/2026,65+,Male,8.7,3.57,0.3,1.18,2439,29,0,,EUR
TT_LETO26_BrandAware,1789010001,InFeed_Retarget,07/07/2026,55-64,Male,6.8,7.37,0.4,1.85,923,17,0,,EUR
TT_PRODUKTLAUNCH26,1789010002,Spark_Ads,09/06/2026,45-54,Female,20.16,3.9,0.28,1.4,5170,72,1,20.16,EUR
TT_PRODUKTLAUNCH26,1789010002,Spark_Ads,08/23/2026,18-24,Male,15.9,3.46,0.3,1.15,4589,53,1,15.9,EUR
TT_LETO26_BrandAware,1789010001,InFeed_Retarget,06/28/2026,55-64,Female,8.16,7.89,0.48,1.66,1034,17,0,,EUR
TT_LETO26_BrandAware,1789010001,InFeed_Retarget,07/25/2026,35-44,Female,10.14,10.93,0.39,2.82,928,26,0,,EUR
TT_LETO26_BrandAware,1789010001,InFeed_Prospecting,08/06/2026,65+,Female,6.56,5.02,0.41,1.25,1308,16,0,,EUR
TT_LETO26_BrandAware,1789010001,InFeed_Retarget,06/23/2026,55-64,Female,8.4,10.82,0.4,2.64,776,21,0,,EUR
TT_LETO26_BrandAware,1789010001,InFeed_Retarget,08/09/2026,45-54,Female,7.4,8.63,0.37,2.38,857,20,0,,EUR
TT_PRODUKTLAUNCH26,1789010002,TopView,10/28/2026,65+,Male,24.08,7.49,0.56,1.33,3215,43,0,,EUR
TT_LETO26_BrandAware,1789010001,Spark_Awareness,07/04/2026,55-64,Male,5.25,3.63,0.35,1.07,1448,15,0,,EUR
TT_LETO26_BrandAware,1789010001,Spark_Awareness,06/02/2026,45-54,Female,8.14,5.81,0.37,1.55,1400,22,0,,EUR
TT_LETO26_BrandAware,1789010001,Spark_Awareness,07/29/2026,65+,Male,6.66,6.91,0.37,1.87,964,18,0,,EUR
TT_PRODUKTLAUNCH26,1789010002,InFeed_Launch,10/19/2026,55-64,Female,22.44,8.73,0.51,1.7,2569,44,0,,EUR
TT_LETO26_BrandAware,1789010001,InFeed_Retarget,06/01/2026,55-64,Female,9.0,9.24,0.45,2.09,974,20,0,,EUR
TT_LETO26_BrandAware,1789010001,InFeed_Retarget,06/24/2026,18-24,Male,6.0,6.98,0.4,1.72,859,15,0,,EUR
TT_LETO26_BrandAware,1789010001,Spark_Awareness,06/03/2026,55-64,Female,8.4,5.05,0.3,1.71,1662,28,0,,EUR
TT_PRODUKTLAUNCH26,1789010002,Spark_Ads,09/18/2026,25-34,Female,50.4,8.91,0.4,2.22,5657,126,2,25.2,EUR
TT_PRODUKTLAUNCH26,1789010002,InFeed_Launch,10/22/2026,18-24,Female,30.55,10.26,0.47,2.19,2977,65,1,30.55,EUR
TT_LETO26_BrandAware,1789010001,InFeed_Retarget,08/09/2026,65+,Female,6.48,10.54,0.36,2.95,615,18,0,,EUR
TT_PRODUKTLAUNCH26,1789010002,Spark_Ads,10/26/2026,45-54,Female,26.27,7.87,0.37,2.12,3340,71,1,26.27,EUR
TT_PRODUKTLAUNCH26,1789010002,TopView,10/19/2026,35-44,Female,35.1,5.06,0.45,1.13,6939,78,0,,EUR
TT_PRODUKTLAUNCH26,1789010002,TopView,10/07/2026,65+,Male,16.24,5.53,0.56,0.98,2938,29,0,,EUR
TT_LETO26_BrandAware,1789010001,InFeed_Prospecting,06/23/2026,55-64,Female,16.2,4.72,0.3,1.59,3429,54,0,,EUR
TT_LETO26_BrandAware,1789010001,InFeed_Prospecting,07/14/2026,65+,Female,8.58,4.88,0.39,1.23,1760,22,0,,EUR
TT_LETO26_BrandAware,1789010001,InFeed_Retarget,08/04/2026,45-54,Male,9.6,5.08,0.32,1.59,1888,30,0,,EUR
TT_PRODUKTLAUNCH26,1789010002,InFeed_Launch,09/21/2026,25-34,Female,33.12,8.71,0.36,2.42,3802,92,1,33.12,EUR
TT_LETO26_BrandAware,1789010001,InFeed_Retarget,07/10/2026,35-44,Male,15.84,10.58,0.48,2.18,1497,33,0,,EUR
TT_LETO26_BrandAware,1789010001,Spark_Awareness,06/15/2026,25-34,Male,25.53,7.12,0.37,1.92,3585,69,0,,EUR
TT_PRODUKTLAUNCH26,1789010002,Spark_Ads,10/25/2026,18-24,Male,41.8,7.65,0.38,2.02,5467,110,1,41.8,EUR
TT_LETO26_BrandAware,1789010001,InFeed_Prospecting,07/11/2026,65+,Male,8.41,3.84,0.29,1.31,2190,29,0,,EUR
TT_LETO26_BrandAware,1789010001,InFeed_Retarget,07/21/2026,18-24,Male,12.48,9.52,0.32,2.94,1311,39,0,,EUR
TT_LETO26_BrandAware,1789010001,InFeed_Retarget,07/24/2026,45-54,Female,10.85,6.79,0.31,2.2,1599,35,0,,EUR
TT_PRODUKTLAUNCH26,1789010002,Spark_Ads,10/14/2026,45-54,Male,50.31,9.15,0.43,2.13,5501,117,1,50.31,EUR
TT_PRODUKTLAUNCH26,1789010002,TopView,09/12/2026,35-44,Female,27.88,6.06,0.68,0.88,4604,41,0,,EUR
TT_LETO26_BrandAware,1789010001,InFeed_Prospecting,07/03/2026,25-34,Female,22.57,4.96,0.37,1.35,4546,61,0,,EUR
TT_LETO26_BrandAware,1789010001,Spark_Awareness,07/11/2026,45-54,Male,17.22,6.82,0.41,1.66,2524,42,0,,EUR
TT_PRODUKTLAUNCH26,1789010002,TopView,09/29/2026,45-54,Male,17.85,5.29,0.51,1.04,3373,35,0,,EUR
TT_PRODUKTLAUNCH26,1789010002,Spark_Ads,10/16/2026,25-34,Male,44.55,5.97,0.33,1.82,7459,135,2,22.27,EUR
TT_LETO26_BrandAware,1789010001,InFeed_Prospecting,07/30/2026,18-24,Female,11.02,5.16,0.38,1.38,2134,29,0,,EUR
TT_PRODUKTLAUNCH26,1789010002,TopView,09/25/2026,18-24,Male,21.0,3.46,0.5,0.68,6065,42,0,,EUR
TT_PRODUKTLAUNCH26,1789010002,TopView,08/16/2026,45-54,Female,23.12,7.61,0.68,1.11,3037,34,0,,EUR
TT_LETO26_BrandAware,1789010001,InFeed_Retarget,06/12/2026,55-64,Female,8.16,11.4,0.48,2.32,716,17,0,,EUR
TT_LETO26_BrandAware,1789010001,Spark_Awareness,07/01/2026,55-64,Male,13.2,5.48,0.3,1.82,2410,44,0,,EUR
TT_PRODUKTLAUNCH26,1789010002,TopView,09/26/2026,45-54,Male,30.82,5.3,0.46,1.15,5820,67,0,,EUR
TT_LETO26_BrandAware,1789010001,InFeed_Retarget,08/11/2026,18-24,Female,14.82,9.46,0.38,2.48,1566,39,0,,EUR
TT_LETO26_BrandAware,1789010001,Spark_Awareness,06/12/2026,35-44,Female,10.36,4.98,0.37,1.32,2079,28,0,,EUR
TT_LETO26_BrandAware,1789010001,Spark_Awareness,08/02/2026,65+,Male,13.02,9.14,0.42,2.17,1425,31,0,,EUR
TT_PRODUKTLAUNCH26,1789010002,Spark_Ads,09/08/2026,35-44,Female,42.35,6.57,0.35,1.87,6444,121,1,42.35,EUR
TT_LETO26_BrandAware,1789010001,InFeed_Prospecting,07/28/2026,35-44,Female,34.2,7.15,0.45,1.59,4782,76,0,,EUR
TT_PRODUKTLAUNCH26,1789010002,TopView,08/31/2026,25-34,Female,61.41,7.08,0.69,1.02,8672,89,1,61.41,EUR
TT_PRODUKTLAUNCH26,1789010002,Spark_Ads,09/04/2026,18-24,Female,41.8,9.54,0.44,2.17,4382,95,1,41.8,EUR
TT_LETO26_BrandAware,1789010001,InFeed_Prospecting,08/07/2026,25-34,Male,33.88,5.03,0.44,1.15,6739,77,0,,EUR
TT_PRODUKTLAUNCH26,1789010002,TopView,10/12/2026,35-44,Female,53.2,7.59,0.56,1.35,7013,95,1,53.2,EUR
TT_PRODUKTLAUNCH26,1789010002,Spark_Ads,09/14/2026,55-64,Female,38.22,9.25,0.49,1.88,4133,78,1,38.22,EUR
TT_LETO26_BrandAware,1789010001,Spark_Awareness,06/18/2026,45-54,Female,18.9,8.27,0.45,1.82,2286,42,0,,EUR
TT_LETO26_BrandAware,1789010001,Spark_Awareness,06/14/2026,35-44,Female,13.92,4.15,0.29,1.44,3355,48,0,,EUR
TT_PRODUKTLAUNCH26,1789010002,Spark_Ads,10/11/2026,65+,Female,14.7,6.57,0.35,1.88,2237,42,1,14.7,EUR
TT_PRODUKTLAUNCH26,1789010002,InFeed_Launch,09/06/2026,18-24,Female,13.6,4.56,0.34,1.35,2985,40,0,,EUR
TT_LETO26_BrandAware,1789010001,Spark_Awareness,06/08/2026,25-34,Female,29.76,8.71,0.48,1.81,3418,62,0,,EUR
TT_PRODUKTLAUNCH26,1789010002,InFeed_Launch,09/11/2026,35-44,Male,16.32,5.87,0.34,1.73,2782,48,0,,EUR
TT_LETO26_BrandAware,1789010001,Spark_Awareness,06/28/2026,25-34,Male,24.36,8.63,0.42,2.06,2824,58,0,,EUR
TT_PRODUKTLAUNCH26,1789010002,InFeed_Launch,09/02/2026,18-24,Female,8.19,5.04,0.39,1.31,1624,21,0,,EUR
TT_LETO26_BrandAware,1789010001,Spark_Awareness,06/09/2026,65+,Female,5.59,6.06,0.43,1.46,923,13,0,,EUR
TT_LETO26_BrandAware,1789010001,Spark_Awareness,07/01/2026,45-54,Female,13.65,4.64,0.35,1.33,2944,39,0,,EUR
TT_LETO26_BrandAware,1789010001,Spark_Awareness,07/24/2026,18-24,Male,19.14,5.88,0.29,2.02,3256,66,0,,EUR
TT_PRODUKTLAUNCH26,1789010002,Spark_Ads,08/20/2026,55-64,Female,9.43,4.51,0.41,1.11,2089,23,0,,EUR
TT_LETO26_BrandAware,1789010001,InFeed_Retarget,08/01/2026,18-24,Male,14.04,9.21,0.36,2.58,1525,39,0,,EUR
TT_PRODUKTLAUNCH26,1789010002,Spark_Ads,08/19/2026,35-44,Female,25.97,5.98,0.49,1.23,4342,53,1,25.97,EUR
TT_LETO26_BrandAware,1789010001,InFeed_Retarget,07/23/2026,55-64,Male,10.15,6.82,0.35,1.96,1489,29,0,,EUR
TT_LETO26_BrandAware,1789010001,InFeed_Retarget,07/04/2026,55-64,Male,9.75,9.01,0.39,2.35,1082,25,0,,EUR
TT_LETO26_BrandAware,1789010001,Spark_Awareness,07/03/2026,25-34,Male,15.04,3.84,0.32,1.2,3913,47,0,,EUR
TT_PRODUKTLAUNCH26,1789010002,Spark_Ads,08/26/2026,25-34,Male,55.44,9.74,0.44,2.21,5690,126,2,27.72,EUR
TT_PRODUKTLAUNCH26,1789010002,TopView,09/15/2026,25-34,Female,49.88,5.75,0.43,1.33,8672,116,1,49.88,EUR
TT_PRODUKTLAUNCH26,1789010002,TopView,09/18/2026,45-54,Female,20.77,5.23,0.67,0.78,3974,31,0,,EUR
TT_LETO26_BrandAware,1789010001,InFeed_Prospecting,07/25/2026,18-24,Male,15.84,3.37,0.36,0.93,4704,44,0,,EUR
TT_PRODUKTLAUNCH26,1789010002,Spark_Ads,10/04/2026,18-24,Female,24.05,7.01,0.37,1.91,3433,65,1,24.05,EUR
TT_PRODUKTLAUNCH26,1789010002,TopView,08/26/2026,55-64,Female,14.72,4.17,0.64,0.64,3527,23,0,,EUR
TT_PRODUKTLAUNCH26,1789010002,Spark_Ads,10/03/2026,18-24,Female,31.68,6.51,0.36,1.81,4867,88,1,31.68,EUR
TT_PRODUKTLAUNCH26,1789010002,Spark_Ads,09/24/2026,45-54,Male,27.0,5.23,0.45,1.17,5160,60,1,27.0,EUR
TT_PRODUKTLAUNCH26,1789010002,InFeed_Launch,10/05/2026,35-44,Female,40.5,11.68,0.5,2.34,3467,81,1,40.5,EUR
TT_PRODUKTLAUNCH26,1789010002,InFeed_Launch,10/07/2026,25-34,Female,20.64,8.6,0.43,2.01,2400,48,0,,EUR
TT_PRODUKTLAUNCH26,1789010002,InFeed_Launch,08/21/2026,25-34,Female,16.66,7.4,0.34,2.19,2250,49,0,,EUR
TT_PRODUKTLAUNCH26,1789010002,InFeed_Launch,10/05/2026,25-34,Female,20.28,5.69,0.39,1.45,3565,52,1,20.28,EUR
TT_LETO26_BrandAware,1789010001,Spark_Awareness,07/25/2026,65+,Male,7.92,4.33,0.36,1.19,1830,22,0,,EUR
TT_PRODUKTLAUNCH26,1789010002,InFeed_Launch,09/12/2026,35-44,Male,22.4,5.57,0.32,1.74,4023,70,1,22.4,EUR
TT_LETO26_BrandAware,1789010001,Spark_Awareness,07/26/2026,35-44,Male,16.77,5.75,0.43,1.35,2914,39,0,,EUR
TT_PRODUKTLAUNCH26,1789010002,TopView,10/13/2026,25-34,Female,31.49,6.03,0.67,0.9,5225,47,0,,EUR
TT_PRODUKTLAUNCH26,1789010002,TopView,08/27/2026,18-24,Male,15.4,3.65,0.55,0.66,4224,28,0,,EUR
TT_LETO26_BrandAware,1789010001,Spark_Awareness,08/05/2026,35-44,Male,21.42,5.59,0.42,1.33,3833,51,0,,EUR
TT_LETO26_BrandAware,1789010001,Spark_Awareness,08/10/2026,25-34,Female,16.32,5.85,0.32,1.84,2791,51,0,,EUR
TT_PRODUKTLAUNCH26,1789010002,Spark_Ads,09/03/2026,45-54,Female,18.15,7.44,0.33,2.24,2438,55,1,18.15,EUR
TT_PRODUKTLAUNCH26,1789010002,Spark_Ads,09/16/2026,55-64,Male,6.96,3.24,0.29,1.13,2149,24,0,,EUR
TT_LETO26_BrandAware,1789010001,InFeed_Retarget,07/25/2026,55-64,Male,11.5,10.23,0.46,2.2,1124,25,0,,EUR
TT_LETO26_BrandAware,1789010001,InFeed_Prospecting,06/12/2026,18-24,Female,15.84,5.53,0.44,1.25,2866,36,0,,EUR
TT_PRODUKTLAUNCH26,1789010002,Spark_Ads,08/22/2026,18-24,Female,29.28,6.36,0.48,1.31,4605,61,1,29.28,EUR
TT_PRODUKTLAUNCH26,1789010002,InFeed_Launch,10/05/2026,18-24,Male,31.98,10.43,0.41,2.54,3065,78,1,31.98,EUR
TT_PRODUKTLAUNCH26,1789010002,TopView,09/14/2026,65+,Male,21.62,5.93,0.47,1.25,3644,46,0,,EUR
TT_LETO26_BrandAware,1789010001,InFeed_Prospecting,06/12/2026,35-44,Male,18.2,3.72,0.28,1.32,4897,65,0,,EUR
TT_LETO26_BrandAware,1789010001,Spark_Awareness,06/08/2026,45-54,Female,22.68,7.35,0.36,2.05,3085,63,0,,EUR
TT_LETO26_BrandAware,1789010001,Spark_Awareness,07/30/2026,45-54,Male,17.39,6.54,0.47,1.39,2658,37,0,,EUR
TT_PRODUKTLAUNCH26,1789010002,Spark_Ads,10/18/2026,18-24,Female,17.98,4.04,0.31,1.31,4446,58,1,17.98,EUR
TT_LETO26_BrandAware,1789010001,InFeed_Retarget,06/27/2026,55-64,Male,7.92,9.59,0.36,2.66,826,22,0,,EUR
TT_LETO26_BrandAware,1789010001,InFeed_Prospecting,06/24/2026,65+,Male,12.71,5.05,0.31,1.63,2519,41,0,,EUR
TT_LETO26_BrandAware,1789010001,InFeed_Retarget,07/29/2026,65+,Female,3.96,8.1,0.36,2.26,489,11,0,,EUR
TT_PRODUKTLAUNCH26,1789010002,InFeed_Launch,08/15/2026,18-24,Male,16.81,6.56,0.41,1.58,2562,41,0,,EUR
TT_PRODUKTLAUNCH26,1789010002,TopView,08/15/2026,35-44,Male,40.12,5.22,0.68,0.76,7685,59,0,,EUR
TT_LETO26_BrandAware,1789010001,Spark_Awareness,06/22/2026,25-34,Male,22.8,5.68,0.38,1.49,4011,60,0,,EUR
TT_PRODUKTLAUNCH26,1789010002,InFeed_Launch,10/19/2026,45-54,Female,30.42,9.65,0.39,2.49,3152,78,1,30.42,EUR
TT_LETO26_BrandAware,1789010001,InFeed_Prospecting,06/21/2026,65+,Female,7.38,3.94,0.41,0.96,1871,18,0,,EUR
TT_PRODUKTLAUNCH26,1789010002,Spark_Ads,09/08/2026,18-24,Male,46.8,9.11,0.4,2.28,5140,117,1,46.8,EUR
TT_LETO26_BrandAware,1789010001,InFeed_Retarget,06/09/2026,35-44,Female,18.4,9.15,0.46,1.99,2010,40,0,,EUR
TT_PRODUKTLAUNCH26,1789010002,TopView,10/26/2026,35-44,Male,67.6,8.63,0.65,1.33,7833,104,1,67.6,EUR
TT_PRODUKTLAUNCH26,1789010002,InFeed_Launch,09/12/2026,18-24,Male,35.0,11.66,0.5,2.34,3003,70,1,35.0,EUR
TT_PRODUKTLAUNCH26,1789010002,TopView,10/09/2026,35-44,Male,27.5,4.35,0.55,0.79,6327,50,0,,EUR
TT_LETO26_BrandAware,1789010001,Spark_Awareness,06/24/2026,55-64,Male,9.45,6.8,0.45,1.51,1389,21,0,,EUR
TT_PRODUKTLAUNCH26,1789010002,Spark_Ads,10/09/2026,65+,Female,17.67,6.76,0.31,2.18,2614,57,1,17.67,EUR
TT_LETO26_BrandAware,1789010001,InFeed_Prospecting,07/26/2026,65+,Female,4.9,3.94,0.35,1.14,1244,14,0,,EUR
TT_LETO26_BrandAware,1789010001,Spark_Awareness,07/24/2026,65+,Male,10.54,6.59,0.34,1.95,1599,31,0,,EUR
TT_PRODUKTLAUNCH26,1789010002,Spark_Ads,09/19/2026,65+,Female,18.24,6.78,0.38,1.78,2690,48,1,18.24,EUR
TT_PRODUKTLAUNCH26,1789010002,InFeed_Launch,10/23/2026,25-34,Male,34.2,6.24,0.36,1.73,5479,95,1,34.2,EUR
TT_LETO26_BrandAware,1789010001,InFeed_Retarget,08/09/2026,35-44,Male,9.99,5.62,0.37,1.53,1776,27,0,,EUR
TT_LETO26_BrandAware,1789010001,InFeed_Retarget,08/03/2026,25-34,Male,15.58,8.05,0.38,2.14,1935,41,0,,EUR
TT_PRODUKTLAUNCH26,1789010002,TopView,08/28/2026,35-44,Female,58.9,7.57,0.62,1.22,7785,95,1,58.9,EUR
TT_PRODUKTLAUNCH26,1789010002,InFeed_Launch,09/30/2026,65+,Male,10.66,8.86,0.41,2.2,1203,26,0,,EUR
TT_LETO26_BrandAware,1789010001,InFeed_Retarget,07/20/2026,55-64,Male,10.29,8.1,0.49,1.61,1270,21,0,,EUR
TT_PRODUKTLAUNCH26,1789010002,InFeed_Launch,10/02/2026,45-54,Female,24.5,6.54,0.35,1.87,3745,70,1,24.5,EUR
TT_LETO26_BrandAware,1789010001,InFeed_Retarget,06/08/2026,35-44,Male,9.57,8.64,0.33,2.61,1107,29,0,,EUR
TT_LETO26_BrandAware,1789010001,InFeed_Prospecting,07/06/2026,18-24,Female,9.8,5.08,0.35,1.43,1928,28,0,,EUR
TT_PRODUKTLAUNCH26,1789010002,Spark_Ads,09/06/2026,55-64,Male,22.62,8.76,0.39,2.25,2583,58,1,22.62,EUR
TT_LETO26_BrandAware,1789010001,InFeed_Retarget,06/14/2026,18-24,Male,9.2,7.36,0.4,1.82,1250,23,0,,EUR
TT_PRODUKTLAUNCH26,1789010002,InFeed_Launch,09/05/2026,55-64,Male,18.48,5.59,0.33,1.69,3306,56,1,18.48,EUR
TT_LETO26_BrandAware,1789010001,InFeed_Retarget,06/10/2026,55-64,Female,13.44,11.93,0.42,2.81,1127,32,0,,EUR
TT_PRODUKTLAUNCH26,1789010002,Spark_Ads,08/17/2026,65+,Male,23.01,9.23,0.39,2.38,2494,59,1,23.01,EUR
TT_LETO26_BrandAware,1789010001,InFeed_Retarget,08/09/2026,45-54,Male,14.7,14.29,0.49,2.91,1029,30,0,,EUR
TT_LETO26_BrandAware,1789010001,InFeed_Prospecting,06/07/2026,18-24,Female,20.06,5.23,0.34,1.54,3836,59,0,,EUR
TT_LETO26_BrandAware,1789010001,InFeed_Prospecting,06/17/2026,45-54,Male,21.76,6.75,0.34,1.99,3224,64,0,,EUR
TT_LETO26_BrandAware,1789010001,Spark_Awareness,06/17/2026,55-64,Male,8.93,4.99,0.47,1.06,1788,19,0,,EUR
TT_PRODUKTLAUNCH26,1789010002,InFeed_Launch,10/14/2026,45-54,Male,27.6,7.32,0.4,1.83,3772,69,1,27.6,EUR
TT_LETO26_BrandAware,1789010001,InFeed_Prospecting,07/28/2026,65+,Female,7.79,5.31,0.41,1.31,1466,19,0,,EUR
TT_LETO26_BrandAware,1789010001,Spark_Awareness,06/21/2026,18-24,Male,13.12,8.03,0.41,1.97,1633,32,0,,EUR
TT_LETO26_BrandAware,1789010001,InFeed_Prospecting,08/13/2026,45-54,Male,17.63,7.19,0.43,1.66,2453,41,0,,EUR
TT_LETO26_BrandAware,1789010001,Spark_Awareness,06/04/2026,65+,Male,9.3,5.78,0.3,1.95,1609,31,0,,EUR
TT_PRODUKTLAUNCH26,1789010002,InFeed_Launch,09/23/2026,18-24,Male,13.53,5.67,0.33,1.73,2388,41,0,,EUR
TT_PRODUKTLAUNCH26,1789010002,TopView,08/15/2026,25-34,Male,50.92,6.52,0.67,0.97,7815,76,0,,EUR
TT_PRODUKTLAUNCH26,1789010002,Spark_Ads,09/12/2026,55-64,Female,24.96,7.22,0.48,1.49,3456,52,1,24.96,EUR
TT_PRODUKTLAUNCH26,1789010002,InFeed_Launch,10/20/2026,35-44,Male,26.68,7.57,0.46,1.66,3524,58,1,26.68,EUR
TT_PRODUKTLAUNCH26,1789010002,InFeed_Launch,09/11/2026,25-34,Female,31.5,8.19,0.42,1.95,3844,75,1,31.5,EUR
TT_LETO26_BrandAware,1789010001,Spark_Awareness,06/03/2026,35-44,Female,11.2,5.88,0.35,1.69,1906,32,0,,EUR
TT_PRODUKTLAUNCH26,1789010002,TopView,08/16/2026,35-44,Male,12.4,2.95,0.4,0.74,4208,31,0,,EUR
TT_LETO26_BrandAware,1789010001,Spark_Awareness,07/02/2026,25-34,Male,31.98,8.43,0.39,2.17,3794,82,0,,EUR
TT_LETO26_BrandAware,1789010001,Spark_Awareness,07/16/2026,18-24,Female,11.76,5.87,0.28,2.1,2004,42,0,,EUR
TT_PRODUKTLAUNCH26,1789010002,InFeed_Launch,10/10/2026,45-54,Female,22.09,6.96,0.47,1.48,3176,47,0,,EUR
TT_PRODUKTLAUNCH26,1789010002,InFeed_Launch,10/16/2026,18-24,Female,15.81,5.85,0.31,1.89,2704,51,1,15.81,EUR
TT_PRODUKTLAUNCH26,1789010002,Spark_Ads,10/16/2026,55-64,Female,36.48,8.99,0.38,2.36,4056,96,1,36.48,EUR
TT_PRODUKTLAUNCH26,1789010002,Spark_Ads,08/27/2026,55-64,Male,15.6,6.31,0.4,1.57,2474,39,0,,EUR
TT_PRODUKTLAUNCH26,1789010002,InFeed_Launch,09/10/2026,35-44,Female,13.95,5.24,0.31,1.69,2662,45,0,,EUR
TT_PRODUKTLAUNCH26,1789010002,TopView,09/13/2026,18-24,Female,30.24,5.11,0.42,1.22,5917,72,0,,EUR
TT_PRODUKTLAUNCH26,1789010002,TopView,09/21/2026,65+,Male,18.09,9.2,0.67,1.39,1967,27,0,,EUR
TT_LETO26_BrandAware,1789010001,InFeed_Prospecting,08/12/2026,65+,Male,13.94,5.54,0.34,1.64,2514,41,0,,EUR
TT_LETO26_BrandAware,1789010001,InFeed_Retarget,06/30/2026,35-44,Female,15.58,7.9,0.41,1.92,1973,38,0,,EUR
TT_LETO26_BrandAware,1789010001,InFeed_Retarget,08/14/2026,25-34,Male,17.85,7.82,0.35,2.23,2283,51,0,,EUR
TT_LETO26_BrandAware,1789010001,Spark_Awareness,06/22/2026,55-64,Female,7.92,4.24,0.36,1.17,1868,22,0,,EUR
TT_PRODUKTLAUNCH26,1789010002,InFeed_Launch,08/25/2026,65+,Female,7.75,7.9,0.31,2.54,981,25,0,,EUR
TT_LETO26_BrandAware,1789010001,InFeed_Retarget,07/20/2026,18-24,Female,5.1,5.82,0.34,1.67,876,15,0,,EUR
TT_PRODUKTLAUNCH26,1789010002,TopView,09/28/2026,35-44,Female,25.42,6.33,0.62,1.03,4018,41,0,,EUR
TT_LETO26_BrandAware,1789010001,Spark_Awareness,06/24/2026,55-64,Female,21.07,8.48,0.43,1.99,2486,49,0,,EUR
TT_PRODUKTLAUNCH26,1789010002,TopView,08/23/2026,35-44,Female,27.06,4.96,0.41,1.21,5452,66,0,,EUR
TT_LETO26_BrandAware,1789010001,InFeed_Retarget,08/07/2026,65+,Male,11.0,11.36,0.5,2.23,968,22,0,,EUR
TT_LETO26_BrandAware,1789010001,InFeed_Retarget,07/27/2026,55-64,Female,7.05,10.54,0.47,2.31,669,15,0,,EUR
TT_LETO26_BrandAware,1789010001,InFeed_Retarget,06/06/2026,45-54,Female,8.96,5.77,0.32,1.82,1553,28,0,,EUR
TT_PRODUKTLAUNCH26,1789010002,Spark_Ads,10/05/2026,25-34,Male,29.64,8.25,0.38,2.17,3592,78,1,29.64,EUR
TT_PRODUKTLAUNCH26,1789010002,Spark_Ads,10/01/2026,55-64,Female,10.54,5.9,0.34,1.71,1786,31,0,,EUR
TT_PRODUKTLAUNCH26,1789010002,TopView,09/08/2026,55-64,Female,14.31,4.25,0.53,0.81,3365,27,0,,EUR
TT_LETO26_BrandAware,1789010001,InFeed_Prospecting,07/09/2026,55-64,Female,5.4,2.47,0.27,0.93,2185,20,0,,EUR
TT_PRODUKTLAUNCH26,1789010002,TopView,10/06/2026,18-24,Male,62.56,9.12,0.68,1.33,6859,92,1,62.56,EUR
TT_LETO26_BrandAware,1789010001,InFeed_Prospecting,06/11/2026,25-34,Male,39.6,6.02,0.36,1.67,6577,110,0,,EUR
TT_LETO26_BrandAware,1789010001,InFeed_Prospecting,07/03/2026,45-54,Male,29.44,5.99,0.32,1.88,4911,92,0,,EUR
TT_PRODUKTLAUNCH26,1789010002,TopView,08/26/2026,25-34,Male,34.0,3.48,0.5,0.7,9765,68,0,,EUR
TT_PRODUKTLAUNCH26,1789010002,TopView,09/22/2026,65+,Male,13.5,5.76,0.54,1.06,2342,25,0,,EUR
TT_LETO26_BrandAware,1789010001,InFeed_Retarget,07/17/2026,35-44,Female,18.8,10.61,0.47,2.23,1772,40,0,,EUR
TT_LETO26_BrandAware,1789010001,InFeed_Prospecting,08/09/2026,25-34,Female,17.92,2.97,0.28,1.06,6035,64,0,,EUR
TT_PRODUKTLAUNCH26,1789010002,Spark_Ads,10/05/2026,35-44,Male,38.28,6.47,0.44,1.47,5916,87,1,38.28,EUR
TT_PRODUKTLAUNCH26,1789010002,InFeed_Launch,10/07/2026,55-64,Male,25.97,10.38,0.49,2.1,2502,53,1,25.97,EUR
TT_PRODUKTLAUNCH26,1789010002,Spark_Ads,10/22/2026,35-44,Male,46.2,8.63,0.44,1.96,5356,105,1,46.2,EUR
TT_LETO26_BrandAware,1789010001,Spark_Awareness,06/13/2026,55-64,Female,9.02,4.97,0.41,1.24,1814,22,0,,EUR
TT_LETO26_BrandAware,1789010001,InFeed_Retarget,06/05/2026,45-54,Male,12.4,8.84,0.4,2.21,1402,31,0,,EUR
TT_PRODUKTLAUNCH26,1789010002,Spark_Ads,09/14/2026,55-64,Male,11.55,4.01,0.35,1.14,2883,33,0,,EUR
TT_PRODUKTLAUNCH26,1789010002,TopView,10/18/2026,55-64,Female,22.44,5.15,0.44,1.17,4356,51,0,,EUR
TT_LETO26_BrandAware,1789010001,InFeed_Retarget,07/16/2026,18-24,Male,12.6,7.59,0.3,2.52,1660,42,0,,EUR
TT_LETO26_BrandAware,1789010001,InFeed_Prospecting,08/02/2026,65+,Female,5.94,4.62,0.33,1.39,1286,18,0,,EUR
TT_LETO26_BrandAware,1789010001,InFeed_Retarget,06/11/2026,18-24,Female,11.88,8.49,0.36,2.34,1400,33,0,,EUR
TT_LETO26_BrandAware,1789010001,InFeed_Prospecting,06/08/2026,25-34,Female,30.94,5.38,0.34,1.59,5750,91,0,,EUR
TT_PRODUKTLAUNCH26,1789010002,TopView,08/30/2026,45-54,Female,19.2,6.12,0.64,0.96,3135,30,0,,EUR
TT_PRODUKTLAUNCH26,1789010002,TopView,09/06/2026,65+,Female,18.2,7.09,0.52,1.35,2568,35,0,,EUR
TT_LETO26_BrandAware,1789010001,InFeed_Retarget,06/04/2026,35-44,Female,17.1,10.17,0.38,2.69,1681,45,0,,EUR
TT_PRODUKTLAUNCH26,1789010002,InFeed_Launch,09/23/2026,55-64,Male,12.09,5.45,0.39,1.39,2218,31,0,,EUR
TT_LETO26_BrandAware,1789010001,InFeed_Retarget,06/07/2026,25-34,Male,14.35,9.88,0.35,2.83,1453,41,0,,EUR
TT_PRODUKTLAUNCH26,1789010002,Spark_Ads,08/29/2026,35-44,Male,28.52,5.37,0.46,1.17,5308,62,1,28.52,EUR
TT_PRODUKTLAUNCH26,1789010002,Spark_Ads,09/13/2026,45-54,Female,24.99,8.2,0.49,1.68,3048,51,1,24.99,EUR
TT_LETO26_BrandAware,1789010001,InFeed_Retarget,07/24/2026,25-34,Female,10.15,6.6,0.35,1.9,1538,29,0,,EUR
TT_PRODUKTLAUNCH26,1789010002,Spark_Ads,10/07/2026,25-34,Male,27.95,4.79,0.43,1.11,5840,65,1,27.95,EUR
TT_LETO26_BrandAware,1789010001,InFeed_Retarget,07/16/2026,55-64,Female,11.47,9.66,0.37,2.63,1187,31,0,,EUR
TT_PRODUKTLAUNCH26,1789010002,InFeed_Launch,08/23/2026,35-44,Female,38.18,9.45,0.46,2.04,4040,83,1,38.18,EUR
TT_PRODUKTLAUNCH26,1789010002,TopView,10/06/2026,55-64,Male,15.54,4.19,0.42,0.99,3708,37,0,,EUR
TT_LETO26_BrandAware,1789010001,Spark_Awareness,08/07/2026,55-64,Female,9.4,7.72,0.47,1.68,1217,20,0,,EUR
TT_PRODUKTLAUNCH26,1789010002,InFeed_Launch,09/26/2026,45-54,Male,14.35,5.47,0.35,1.56,2623,41,0,,EUR
TT_PRODUKTLAUNCH26,1789010002,InFeed_Launch,10/09/2026,25-34,Male,24.32,8.07,0.32,2.52,3012,76,1,24.32,EUR
TT_PRODUKTLAUNCH26,1789010002,Spark_Ads,09/06/2026,18-24,Male,45.36,8.56,0.42,2.05,5297,108,1,45.36,EUR
TT_PRODUKTLAUNCH26,1789010002,InFeed_Launch,09/26/2026,45-54,Female,28.38,9.02,0.43,2.1,3147,66,1,28.38,EUR
TT_PRODUKTLAUNCH26,1789010002,Spark_Ads,08/27/2026,18-24,Male,10.56,3.71,0.32,1.17,2846,33,0,,EUR
TT_LETO26_BrandAware,1789010001,InFeed_Prospecting,06/05/2026,65+,Female,11.56,6.72,0.34,1.97,1721,34,0,,EUR
TT_LETO26_BrandAware,1789010001,InFeed_Retarget,07/30/2026,65+,Male,10.53,11.35,0.39,2.89,928,27,0,,EUR
TT_LETO26_BrandAware,1789010001,Spark_Awareness,06/10/2026,25-34,Female,17.64,4.7,0.28,1.68,3751,63,0,,EUR
TT_PRODUKTLAUNCH26,1789010002,Spark_Ads,09/05/2026,45-54,Male,28.5,7.18,0.38,1.89,3969,75,1,28.5,EUR
TT_PRODUKTLAUNCH26,1789010002,InFeed_Launch,09/11/2026,18-24,Male,10.85,5.08,0.35,1.47,2135,31,0,,EUR
TT_LETO26_BrandAware,1789010001,InFeed_Retarget,07/30/2026,35-44,Male,23.92,10.49,0.46,2.28,2280,52,0,,EUR
TT_PRODUKTLAUNCH26,1789010002,Spark_Ads,10/18/2026,45-54,Male,21.24,7.18,0.36,1.98,2957,59,1,21.24,EUR
TT_PRODUKTLAUNCH26,1789010002,TopView,09/17/2026,55-64,Female,26.88,6.04,0.64,0.94,4447,42,0,,EUR
TT_PRODUKTLAUNCH26,1789010002,TopView,09/11/2026,45-54,Female,28.29,5.48,0.41,1.33,5165,69,0,,EUR
TT_LETO26_BrandAware,1789010001,InFeed_Retarget,07/23/2026,35-44,Female,14.7,14.03,0.49,2.82,1048,30,0,,EUR
TT_PRODUKTLAUNCH26,1789010002,Spark_Ads,10/11/2026,18-24,Female,16.8,5.88,0.4,1.45,2857,42,1,16.8,EUR
TT_PRODUKTLAUNCH26,1789010002,Spark_Ads,09/03/2026,55-64,Female,19.5,5.57,0.3,1.84,3503,65,1,19.5,EUR
TT_LETO26_BrandAware,1789010001,InFeed_Retarget,07/21/2026,45-54,Female,14.04,9.08,0.39,2.34,1546,36,0,,EUR
TT_LETO26_BrandAware,1789010001,Spark_Awareness,06/25/2026,55-64,Male,16.72,8.11,0.44,1.82,2062,38,0,,EUR
TT_LETO26_BrandAware,1789010001,InFeed_Prospecting,06/15/2026,35-44,Female,18.02,3.35,0.34,0.99,5386,53,0,,EUR
TT_LETO26_BrandAware,1789010001,InFeed_Retarget,08/02/2026,18-24,Male,7.7,5.93,0.35,1.72,1299,22,0,,EUR
TT_PRODUKTLAUNCH26,1789010002,InFeed_Launch,10/04/2026,35-44,Male,26.65,6.35,0.41,1.56,4196,65,1,26.65,EUR
TT_LETO26_BrandAware,1789010001,Spark_Awareness,07/08/2026,18-24,Female,10.92,5.38,0.39,1.37,2029,28,0,,EUR
TT_LETO26_BrandAware,1789010001,Spark_Awareness,06/25/2026,35-44,Male,21.0,6.53,0.35,1.85,3217,60,0,,EUR
TT_PRODUKTLAUNCH26,1789010002,TopView,09/20/2026,65+,Male,13.8,3.76,0.46,0.83,3667,30,0,,EUR
TT_LETO26_BrandAware,1789010001,Spark_Awareness,08/14/2026,65+,Female,6.0,6.82,0.4,1.74,880,15,0,,EUR
TT_PRODUKTLAUNCH26,1789010002,TopView,10/24/2026,25-34,Male,28.06,5.65,0.61,0.92,4965,46,0,,EUR
TT_PRODUKTLAUNCH26,1789010002,Spark_Ads,08/18/2026,35-44,Female,43.7,9.11,0.38,2.39,4796,115,1,43.7,EUR
TT_PRODUKTLAUNCH26,1789010002,Spark_Ads,10/07/2026,65+,Male,11.78,8.43,0.38,2.24,1398,31,0,,EUR
TT_PRODUKTLAUNCH26,1789010002,InFeed_Launch,08/20/2026,65+,Female,19.2,12.21,0.48,2.51,1573,40,0,,EUR
TT_LETO26_BrandAware,1789010001,InFeed_Prospecting,06/18/2026,65+,Male,9.6,3.8,0.32,1.19,2525,30,0,,EUR
TT_PRODUKTLAUNCH26,1789010002,InFeed_Launch,09/30/2026,18-24,Female,15.3,6.15,0.3,2.05,2488,51,1,15.3,EUR
TT_PRODUKTLAUNCH26,1789010002,TopView,08/28/2026,55-64,Male,29.4,5.85,0.6,0.98,5026,49,0,,EUR
TT_LETO26_BrandAware,1789010001,InFeed_Retarget,06/21/2026,55-64,Male,14.4,11.37,0.48,2.39,1267,30,0,,EUR
TT_PRODUKTLAUNCH26,1789010002,InFeed_Launch,09/23/2026,55-64,Female,18.62,6.37,0.38,1.69,2923,49,0,,EUR
TT_PRODUKTLAUNCH26,1789010002,Spark_Ads,09/23/2026,45-54,Male,25.37,9.99,0.43,2.32,2539,59,1,25.37,EUR
TT_PRODUKTLAUNCH26,1789010002,Spark_Ads,09/18/2026,45-54,Male,28.8,5.81,0.48,1.21,4959,60,1,28.8,EUR
TT_LETO26_BrandAware,1789010001,Spark_Awareness,06/25/2026,45-54,Male,10.64,5.49,0.38,1.42,1938,28,0,,EUR
TT_PRODUKTLAUNCH26,1789010002,InFeed_Launch,08/28/2026,35-44,Male,26.56,5.4,0.32,1.68,4918,83,1,26.56,EUR
TT_LETO26_BrandAware,1789010001,Spark_Awareness,08/02/2026,45-54,Male,12.4,4.19,0.4,1.05,2959,31,0,,EUR
TT_PRODUKTLAUNCH26,1789010002,TopView,10/19/2026,65+,Female,17.98,7.61,0.62,1.23,2362,29,0,,EUR
TT_LETO26_BrandAware,1789010001,InFeed_Retarget,07/26/2026,45-54,Male,15.05,11.51,0.43,2.71,1308,35,0,,EUR
TT_LETO26_BrandAware,1789010001,InFeed_Prospecting,07/28/2026,65+,Male,8.19,5.1,0.39,1.29,1606,21,0,,EUR
TT_PRODUKTLAUNCH26,1789010002,TopView,09/03/2026,18-24,Female,21.46,7.25,0.58,1.25,2960,37,0,,EUR
TT_LETO26_BrandAware,1789010001,Spark_Awareness,07/27/2026,18-24,Female,5.6,3.34,0.28,1.19,1677,20,0,,EUR
TT_PRODUKTLAUNCH26,1789010002,TopView,10/11/2026,65+,Male,10.81,3.6,0.47,0.77,3002,23,0,,EUR
TT_LETO26_BrandAware,1789010001,InFeed_Retarget,06/13/2026,45-54,Female,11.22,8.34,0.34,2.48,1346,33,0,,EUR
TT_LETO26_BrandAware,1789010001,InFeed_Retarget,08/05/2026,25-34,Male,22.44,10.31,0.44,2.33,2177,51,0,,EUR
TT_LETO26_BrandAware,1789010001,InFeed_Prospecting,06/02/2026,45-54,Female,9.99,5.37,0.37,1.44,1861,27,0,,EUR
TT_LETO26_BrandAware,1789010001,InFeed_Prospecting,07/21/2026,65+,Female,12.8,6.62,0.4,1.64,1934,32,0,,EUR
TT_LETO26_BrandAware,1789010001,InFeed_Prospecting,06/05/2026,55-64,Female,5.94,2.45,0.27,0.9,2428,22,0,,EUR
TT_LETO26_BrandAware,1789010001,Spark_Awareness,06/01/2026,55-64,Female,12.6,6.05,0.35,1.72,2081,36,0,,EUR
TT_LETO26_BrandAware,1789010001,Spark_Awareness,07/19/2026,55-64,Male,6.09,3.38,0.29,1.19,1801,21,0,,EUR
TT_LETO26_BrandAware,1789010001,InFeed_Retarget,08/12/2026,55-64,Female,16.45,12.79,0.47,2.7,1286,35,0,,EUR
TT_PRODUKTLAUNCH26,1789010002,TopView,09/18/2026,18-24,Female,20.13,4.57,0.61,0.75,4401,33,0,,EUR
TT_LETO26_BrandAware,1789010001,InFeed_Prospecting,07/10/2026,45-54,Female,11.5,2.67,0.25,1.06,4300,46,0,,EUR
TT_PRODUKTLAUNCH26,1789010002,InFeed_Launch,08/27/2026,35-44,Male,44.16,9.73,0.46,2.12,4540,96,1,44.16,EUR
TT_PRODUKTLAUNCH26,1789010002,Spark_Ads,09/04/2026,35-44,Male,58.05,10.08,0.43,2.35,5757,135,2,29.02,EUR
TT_LETO26_BrandAware,1789010001,InFeed_Retarget,07/20/2026,35-44,Male,10.15,5.79,0.35,1.63,1754,29,0,,EUR
TT_LETO26_BrandAware,1789010001,InFeed_Prospecting,08/14/2026,45-54,Female,20.01,4.82,0.29,1.68,4148,69,0,,EUR
TT_LETO26_BrandAware,1789010001,InFeed_Retarget,08/09/2026,65+,Male,11.04,11.82,0.46,2.52,934,24,0,,EUR
TT_PRODUKTLAUNCH26,1789010002,InFeed_Launch,09/13/2026,55-64,Female,21.56,9.94,0.49,2.02,2168,44,0,,EUR
TT_LETO26_BrandAware,1789010001,InFeed_Retarget,07/08/2026,35-44,Female,6.65,5.89,0.35,1.7,1129,19,0,,EUR
TT_LETO26_BrandAware,1789010001,InFeed_Retarget,06/07/2026,45-54,Female,9.86,9.73,0.34,2.9,1013,29,0,,EUR
TT_LETO26_BrandAware,1789010001,Spark_Awareness,08/14/2026,18-24,Female,5.92,4.36,0.37,1.19,1359,16,0,,EUR
TT_LETO26_BrandAware,1789010001,InFeed_Retarget,07/03/2026,45-54,Male,5.44,5.52,0.32,1.75,986,17,0,,EUR
TT_LETO26_BrandAware,1789010001,InFeed_Prospecting,07/19/2026,65+,Male,8.99,5.37,0.31,1.73,1675,29,0,,EUR
TT_LETO26_BrandAware,1789010001,Spark_Awareness,06/15/2026,55-64,Male,14.0,6.33,0.4,1.6,2210,35,0,,EUR
TT_PRODUKTLAUNCH26,1789010002,Spark_Ads,09/13/2026,55-64,Female,38.72,9.53,0.44,2.17,4065,88,1,38.72,EUR
TT_LETO26_BrandAware,1789010001,InFeed_Retarget,06/03/2026,18-24,Male,9.2,10.07,0.46,2.21,914,20,0,,EUR
TT_LETO26_BrandAware,1789010001,Spark_Awareness,08/11/2026,65+,Female,4.16,4.57,0.32,1.42,910,13,0,,EUR
TT_LETO26_BrandAware,1789010001,InFeed_Prospecting,08/04/2026,18-24,Female,10.26,3.65,0.38,0.98,2813,27,0,,EUR
TT_PRODUKTLAUNCH26,1789010002,TopView,09/13/2026,65+,Female,14.3,4.69,0.55,0.85,3050,26,0,,EUR
TT_LETO26_BrandAware,1789010001,InFeed_Retarget,07/03/2026,25-34,Female,8.4,7.52,0.42,1.8,1117,20,0,,EUR
TT_PRODUKTLAUNCH26,1789010002,TopView,09/01/2026,35-44,Female,24.84,4.84,0.69,0.7,5136,36,0,,EUR
TT_LETO26_BrandAware,1789010001,Spark_Awareness,07/13/2026,65+,Female,8.0,5.25,0.32,1.66,1523,25,0,,EUR
TT_LETO26_BrandAware,1789010001,Spark_Awareness,07/18/2026,45-54,Female,10.81,5.51,0.47,1.15,1962,23,0,,EUR
TT_PRODUKTLAUNCH26,1789010002,InFeed_Launch,09/22/2026,18-24,Female,14.52,6.9,0.44,1.58,2105,33,0,,EUR
TT_PRODUKTLAUNCH26,1789010002,InFeed_Launch,08/24/2026,65+,Female,18.13,9.5,0.49,1.92,1909,37,0,,EUR
TT_LETO26_BrandAware,1789010001,Spark_Awareness,07/27/2026,65+,Female,7.03,5.61,0.37,1.54,1254,19,0,,EUR
TT_PRODUKTLAUNCH26,1789010002,InFeed_Launch,09/17/2026,25-34,Female,26.95,7.22,0.49,1.47,3734,55,1,26.95,EUR
TT_LETO26_BrandAware,1789010001,Spark_Awareness,07/10/2026,35-44,Female,27.72,7.98,0.44,1.81,3474,63,0,,EUR
TT_LETO26_BrandAware,1789010001,InFeed_Prospecting,06/01/2026,25-34,Male,19.38,6.68,0.34,1.97,2900,57,0,,EUR
TT_PRODUKTLAUNCH26,1789010002,InFeed_Launch,08/22/2026,65+,Male,14.72,7.35,0.46,1.6,2003,32,0,,EUR
TT_LETO26_BrandAware,1789010001,InFeed_Retarget,08/04/2026,18-24,Male,11.31,6.47,0.39,1.68,1749,29,0,,EUR
TT_PRODUKTLAUNCH26,1789010002,Spark_Ads,09/01/2026,65+,Female,16.56,8.54,0.36,2.37,1938,46,1,16.56,EUR
TT_LETO26_BrandAware,1789010001,InFeed_Retarget,07/22/2026,65+,Female,4.32,7.18,0.36,1.98,602,12,0,,EUR
TT_PRODUKTLAUNCH26,1789010002,Spark_Ads,09/02/2026,25-34,Male,21.3,6.24,0.3,2.07,3412,71,1,21.3,EUR
TT_LETO26_BrandAware,1789010001,Spark_Awareness,07/26/2026,18-24,Male,7.44,4.19,0.31,1.33,1777,24,0,,EUR
TT_PRODUKTLAUNCH26,1789010002,TopView,09/22/2026,25-34,Female,52.93,8.67,0.67,1.29,6108,79,0,,EUR
TT_LETO26_BrandAware,1789010001,InFeed_Retarget,06/30/2026,55-64,Female,7.02,9.31,0.39,2.44,754,18,0,,EUR
TT_LETO26_BrandAware,1789010001,InFeed_Prospecting,07/04/2026,18-24,Male,17.2,4.45,0.43,1.04,3863,40,0,,EUR
TT_LETO26_BrandAware,1789010001,InFeed_Retarget,08/13/2026,18-24,Female,9.0,7.91,0.45,1.75,1138,20,0,,EUR
TT_LETO26_BrandAware,1789010001,Spark_Awareness,06/01/2026,65+,Female,5.27,3.78,0.31,1.24,1393,17,0,,EUR
TT_PRODUKTLAUNCH26,1789010002,Spark_Ads,08/21/2026,18-24,Male,35.0,7.03,0.35,2.01,4981,100,1,35.0,EUR
TT_PRODUKTLAUNCH26,1789010002,Spark_Ads,10/25/2026,65+,Male,21.07,9.88,0.49,2.01,2132,43,1,21.07,EUR
TT_PRODUKTLAUNCH26,1789010002,Spark_Ads,10/01/2026,25-34,Female,24.0,5.13,0.3,1.72,4675,80,1,24.0,EUR
TT_LETO26_BrandAware,1789010001,Spark_Awareness,07/02/2026,18-24,Female,16.96,5.75,0.32,1.81,2950,53,0,,EUR
TT_LETO26_BrandAware,1789010001,InFeed_Prospecting,06/12/2026,35-44,Female,16.32,3.32,0.32,1.04,4919,51,0,,EUR
TT_LETO26_BrandAware,1789010001,InFeed_Retarget,06/12/2026,18-24,Female,18.4,13.33,0.46,2.87,1380,40,0,,EUR
TT_LETO26_BrandAware,1789010001,InFeed_Prospecting,08/06/2026,35-44,Male,24.19,4.78,0.41,1.17,5061,59,0,,EUR
TT_PRODUKTLAUNCH26,1789010002,InFeed_Launch,09/04/2026,35-44,Male,17.16,7.71,0.33,2.34,2227,52,1,17.16,EUR
TT_PRODUKTLAUNCH26,1789010002,Spark_Ads,10/28/2026,18-24,Female,16.8,5.72,0.35,1.64,2936,48,1,16.8,EUR
TT_PRODUKTLAUNCH26,1789010002,Spark_Ads,10/14/2026,45-54,Female,23.36,4.37,0.32,1.37,5346,73,1,23.36,EUR
TT_PRODUKTLAUNCH26,1789010002,InFeed_Launch,10/09/2026,25-34,Female,26.04,5.35,0.31,1.74,4865,84,1,26.04,EUR
TT_PRODUKTLAUNCH26,1789010002,Spark_Ads,09/17/2026,45-54,Male,15.5,4.85,0.31,1.56,3193,50,1,15.5,EUR
TT_LETO26_BrandAware,1789010001,InFeed_Prospecting,06/09/2026,55-64,Male,25.2,7.28,0.42,1.72,3461,60,0,,EUR
TT_PRODUKTLAUNCH26,1789010002,InFeed_Launch,09/15/2026,65+,Male,12.15,10.31,0.45,2.33,1178,27,0,,EUR
TT_PRODUKTLAUNCH26,1789010002,Spark_Ads,10/21/2026,55-64,Female,17.6,7.19,0.4,1.79,2449,44,1,17.6,EUR
TT_LETO26_BrandAware,1789010001,InFeed_Prospecting,07/27/2026,35-44,Female,17.28,7.17,0.36,1.98,2410,48,0,,EUR
TT_PRODUKTLAUNCH26,1789010002,Spark_Ads,08/29/2026,45-54,Female,18.36,5.22,0.34,1.55,3516,54,1,18.36,EUR
TT_LETO26_BrandAware,1789010001,InFeed_Retarget,06/08/2026,45-54,Male,25.85,13.94,0.47,2.96,1854,55,0,,EUR
TT_LETO26_BrandAware,1789010001,InFeed_Retarget,07/14/2026,55-64,Female,11.34,8.8,0.42,2.08,1288,27,0,,EUR
TT_LETO26_BrandAware,1789010001,InFeed_Prospecting,06/12/2026,65+,Female,4.5,3.91,0.45,0.91,1150,10,0,,EUR
TT_PRODUKTLAUNCH26,1789010002,InFeed_Launch,08/30/2026,65+,Female,11.7,6.89,0.39,1.75,1699,30,0,,EUR
TT_LETO26_BrandAware,1789010001,InFeed_Prospecting,07/06/2026,35-44,Male,21.09,4.17,0.37,1.12,5059,57,0,,EUR
TT_PRODUKTLAUNCH26,1789010002,InFeed_Launch,10/07/2026,35-44,Female,12.96,6.58,0.48,1.35,1970,27,0,,EUR
TT_PRODUKTLAUNCH26,1789010002,TopView,09/25/2026,18-24,Female,38.28,6.5,0.66,0.98,5885,58,0,,EUR
TT_LETO26_BrandAware,1789010001,InFeed_Prospecting,07/12/2026,65+,Male,7.0,3.67,0.35,1.07,1905,20,0,,EUR
TT_LETO26_BrandAware,1789010001,InFeed_Prospecting,06/26/2026,35-44,Male,31.5,5.36,0.42,1.28,5881,75,0,,EUR
TT_LETO26_BrandAware,1789010001,Spark_Awareness,07/09/2026,18-24,Female,4.8,3.21,0.3,1.06,1494,16,0,,EUR
TT_LETO26_BrandAware,1789010001,InFeed_Retarget,06/15/2026,18-24,Male,17.94,11.35,0.46,2.49,1581,39,0,,EUR
TT_LETO26_BrandAware,1789010001,InFeed_Prospecting,07/21/2026,18-24,Male,16.72,4.86,0.44,1.11,3438,38,0,,EUR
TT_PRODUKTLAUNCH26,1789010002,Spark_Ads,10/06/2026,65+,Female,24.51,8.91,0.43,2.06,2751,57,1,24.51,EUR
TT_PRODUKTLAUNCH26,1789010002,InFeed_Launch,09/27/2026,35-44,Female,20.21,8.99,0.43,2.09,2247,47,0,,EUR
TT_LETO26_BrandAware,1789010001,Spark_Awareness,06/26/2026,45-54,Female,11.1,4.07,0.37,1.1,2728,30,0,,EUR
TT_PRODUKTLAUNCH26,1789010002,Spark_Ads,10/12/2026,25-34,Female,37.72,6.32,0.46,1.37,5972,82,1,37.72,EUR
TT_PRODUKTLAUNCH26,1789010002,Spark_Ads,09/30/2026,55-64,Female,23.8,8.1,0.34,2.4,2939,70,1,23.8,EUR
TT_LETO26_BrandAware,1789010001,InFeed_Retarget,07/06/2026,25-34,Female,9.36 EUR,8.46,0.39,2.16,1106,24,0,,EUR
TT_PRODUKTLAUNCH26,1789010002,Spark_Ads,08/28/2026,25-34,Male,34.3,4.56,0.35,1.31,7519,98,1,34.3,EUR
TT_LETO26_BrandAware,1789010001,InFeed_Prospecting,08/04/2026,45-54,Male,16.72,3.93,0.38,1.02,4252,44,0,,EUR
TT_LETO26_BrandAware,1789010001,InFeed_Retarget,08/06/2026,18-24,Female,10.24,8.84,0.32,2.79,1159,32,0,,EUR
TT_PRODUKTLAUNCH26,1789010002,InFeed_Launch,08/22/2026,65+,Female,14.52,10.31,0.44,2.33,1408,33,0,,EUR
TT_LETO26_BrandAware,1789010001,Spark_Awareness,06/25/2026,35-44,Female,26.23,9.29,0.43,2.14,2824,61,0,,EUR
TT_PRODUKTLAUNCH26,1789010002,InFeed_Launch,09/19/2026,65+,Male,19.27,12.1,0.47,2.57,1592,41,0,,EUR
TT_LETO26_BrandAware,1789010001,Spark_Awareness,07/12/2026,18-24,Female,12.58 EUR,6.36,0.37,1.72,1979,34,0,,EUR
TT_LETO26_BrandAware,1789010001,InFeed_Retarget,07/10/2026,55-64,Male,7.48,7.68,0.44,1.77,974,17,0,,EUR
TT_PRODUKTLAUNCH26,1789010002,TopView,08/22/2026,55-64,Male,14.96,4.18,0.44,0.96,3577,34,0,,EUR
TT_PRODUKTLAUNCH26,1789010002,Spark_Ads,08/28/2026,55-64,Male,13.95,6.48,0.31,2.1,2152,45,1,13.95,EUR
TT_PRODUKTLAUNCH26,1789010002,TopView,10/21/2026,45-54,Male,18.72,4.15,0.52,0.81,4515,36,0,,EUR
TT_LETO26_BrandAware,1789010001,InFeed_Retarget,08/05/2026,35-44,Female,7.98,7.02,0.42,1.65,1137,19,0,,EUR
TT_LETO26_BrandAware,1789010001,InFeed_Retarget,06/11/2026,45-54,Female,17.39,11.35,0.47,2.42,1532,37,0,,EUR
TT_PRODUKTLAUNCH26,1789010002,InFeed_Launch,08/24/2026,18-24,Male,23.4,6.49,0.36,1.81,3604,65,1,23.4,EUR
TT_LETO26_BrandAware,1789010001,Spark_Awareness,06/22/2026,35-44,Female,9.18,5.6,0.34,1.67,1640,27,0,,EUR
TT_PRODUKTLAUNCH26,1789010002,InFeed_Launch,09/11/2026,18-24,Female,26.4,8.36,0.48,1.75,3158,55,1,26.4,EUR
TT_PRODUKTLAUNCH26,1789010002,TopView,09/05/2026,55-64,Male,13.2,3.61,0.55,0.67,3657,24,0,,EUR
TT_LETO26_BrandAware,1789010001,InFeed_Retarget,06/10/2026,35-44,Female,18.02,9.99,0.34,2.93,1803,53,0,,EUR
TT_LETO26_BrandAware,1789010001,InFeed_Prospecting,07/20/2026,35-44,Female,18.81,4.34,0.33,1.31,4338,57,0,,EUR
TT_PRODUKTLAUNCH26,1789010002,InFeed_Launch,09/04/2026,65+,Male,10.2,8.76,0.34,2.55,1164,30,0,,EUR
TT_LETO26_BrandAware,1789010001,InFeed_Prospecting,07/16/2026,45-54,Female,16.81,6.22,0.41,1.51,2701,41,0,,EUR
TT_PRODUKTLAUNCH26,1789010002,Spark_Ads,09/22/2026,55-64,Female,15.36,5.32,0.48,1.12,2888,32,0,,EUR
TT_LETO26_BrandAware,1789010001,InFeed_Prospecting,06/08/2026,18-24,Female,25.96,7.93,0.44,1.8,3273,59,0,,EUR
TT_LETO26_BrandAware,1789010001,Spark_Awareness,08/12/2026,55-64,Male,6.44,3.4,0.28,1.19,1894,23,0,,EUR
TT_LETO26_BrandAware,1789010001,InFeed_Retarget,07/13/2026,55-64,Female,11.27,9.11,0.49,1.88,1237,23,0,,EUR
TT_PRODUKTLAUNCH26,1789010002,Spark_Ads,08/22/2026,45-54,Female,24.57,6.56,0.39,1.68,3746,63,1,24.57,EUR
TT_PRODUKTLAUNCH26,1789010002,Spark_Ads,09/29/2026,18-24,Female,23.45,6.9,0.35,1.96,3397,67,1,23.45,EUR
TT_LETO26_BrandAware,1789010001,InFeed_Retarget,08/02/2026,18-24,Female,13.33,12.34,0.43,2.89,1080,31,0,,EUR
TT_LETO26_BrandAware,1789010001,InFeed_Retarget,07/29/2026,55-64,Female,5.27,5.87,0.31,1.91,898,17,0,,EUR
TT_PRODUKTLAUNCH26,1789010002,InFeed_Launch,09/30/2026,25-34,Male,17.67,4.98,0.31,1.62,3551,57,1,17.67,EUR
TT_PRODUKTLAUNCH26,1789010002,Spark_Ads,08/23/2026,18-24,Female,20.79,4.6,0.33,1.4,4518,63,1,20.79,EUR
TT_LETO26_BrandAware,1789010001,InFeed_Retarget,07/27/2026,65+,Female,8.0,10.4,0.4,2.62,769,20,0,,EUR
TT_LETO26_BrandAware,1789010001,InFeed_Prospecting,07/12/2026,45-54,Male,21.0,4.84,0.3,1.62,4342,70,0,,EUR
TT_PRODUKTLAUNCH26,1789010002,TopView,09/14/2026,45-54,Male,27.45,6.31,0.45,1.4,4350,61,0,,EUR
TT_LETO26_BrandAware,1789010001,InFeed_Prospecting,07/09/2026,35-44,Male,19.76,3.58,0.26,1.38,5521,76,0,,EUR
TT_PRODUKTLAUNCH26,1789010002,TopView,08/17/2026,65+,Male,19.8,7.69,0.66,1.18,2574,30,0,,EUR
TT_PRODUKTLAUNCH26,1789010002,InFeed_Launch,09/30/2026,18-24,Male,27.95,7.25,0.43,1.69,3856,65,1,27.95,EUR
TT_LETO26_BrandAware,1789010001,InFeed_Prospecting,06/21/2026,35-44,Female,7.8,3.02,0.26,1.16,2580,30,0,,EUR
TT_PRODUKTLAUNCH26,1789010002,TopView,10/27/2026,35-44,Female,24.48,6.23,0.48,1.29,3929,51,0,,EUR
TT_LETO26_BrandAware,1789010001,InFeed_Retarget,07/24/2026,45-54,Male,11.27,11.86,0.49,2.44,950,23,0,,EUR
TT_PRODUKTLAUNCH26,1789010002,InFeed_Launch,09/14/2026,35-44,Male,38.38,9.05,0.38,2.39,4239,101,1,38.38,EUR
TT_LETO26_BrandAware,1789010001,InFeed_Prospecting,06/29/2026,55-64,Female,9.68,5.56,0.44,1.25,1742,22,0,,EUR
TT_LETO26_BrandAware,1789010001,InFeed_Retarget,06/20/2026,35-44,Female,12.54,6.67,0.33,2.0,1881,38,0,,EUR
TT_PRODUKTLAUNCH26,1789010002,Spark_Ads,09/28/2026,35-44,Male,34.41,6.52,0.37,1.76,5281,93,1,34.41,EUR
TT_PRODUKTLAUNCH26,1789010002,Spark_Ads,10/12/2026,35-44,Female,15.95,4.97,0.29,1.7,3207,55,1,15.95,EUR
TT_PRODUKTLAUNCH26,1789010002,InFeed_Launch,09/25/2026,18-24,Male,25.6,6.59,0.4,1.64,3885,64,1,25.6,EUR
TT_LETO26_BrandAware,1789010001,InFeed_Prospecting,08/01/2026,55-64,Male,9.75,6.11,0.39,1.55,1597,25,0,,EUR
TT_PRODUKTLAUNCH26,1789010002,TopView,10/23/2026,35-44,Female,30.8,6.42,0.7,0.92,4798,44,0,,EUR
TT_PRODUKTLAUNCH26,1789010002,TopView,08/29/2026,35-44,Male,31.8,5.37,0.6,0.9,5921,53,0,,EUR
TT_PRODUKTLAUNCH26,1789010002,InFeed_Launch,08/28/2026,25-34,Female,41.81,9.25,0.37,2.5,4518,113,1,41.81,EUR
TT_PRODUKTLAUNCH26,1789010002,TopView,09/04/2026,35-44,Female,24.19,5.31,0.41,1.31,4555,59,0,,EUR
TT_LETO26_BrandAware,1789010001,InFeed_Prospecting,07/07/2026,55-64,Male,13.76,8.41,0.43,1.95,1637,32,0,,EUR
TT_LETO26_BrandAware,1789010001,InFeed_Prospecting,06/03/2026,25-34,Male,18.27,5.31,0.29,1.84,3442,63,0,,EUR
TT_LETO26_BrandAware,1789010001,Spark_Awareness,08/05/2026,55-64,Male,10.92,6.09,0.39,1.56,1794,28,0,,EUR
TT_PRODUKTLAUNCH26,1789010002,InFeed_Launch,10/28/2026,35-44,Female,22.05,9.67,0.45,2.17,2280,49,0,,EUR
TT_LETO26_BrandAware,1789010001,InFeed_Retarget,06/12/2026,18-24,Male,10.92,7.36,0.39,1.89,1483,28,0,,EUR
TT_PRODUKTLAUNCH26,1789010002,Spark_Ads,10/02/2026,65+,Male,17.0,6.54,0.34,1.94,2598,50,1,17.0,EUR
TT_LETO26_BrandAware,1789010001,Spark_Awareness,08/06/2026,65+,Male,15.6,8.32,0.39,2.12,1874,40,0,,EUR
TT_PRODUKTLAUNCH26,1789010002,Spark_Ads,08/26/2026,45-54,Female,33.06,8.55,0.38,2.24,3868,87,1,33.06,EUR
TT_LETO26_BrandAware,1789010001,InFeed_Prospecting,07/06/2026,45-54,Female,14.43,6.2,0.37,1.7,2327,39,0,,EUR
TT_PRODUKTLAUNCH26,1789010002,InFeed_Launch,09/24/2026,18-24,Male,15.3,7.7,0.45,1.72,1986,34,0,,EUR
TT_LETO26_BrandAware,1789010001,InFeed_Prospecting,07/23/2026,18-24,Female,9.36,3.27,0.36,0.91,2866,26,0,,EUR
TT_PRODUKTLAUNCH26,1789010002,InFeed_Launch,09/25/2026,25-34,Male,34.65,9.07,0.45,2.01,3819,77,1,34.65,EUR
TT_LETO26_BrandAware,1789010001,Spark_Awareness,06/21/2026,25-34,Female,31.08,8.41,0.42,1.99,3695,74,0,,EUR
TT_LETO26_BrandAware,1789010001,Spark_Awareness,06/19/2026,45-54,Male,11.47,6.27,0.31,2.04,1829,37,0,,EUR
TT_PRODUKTLAUNCH26,1789010002,InFeed_Launch,10/15/2026,18-24,Male,19.2,6.96,0.4,1.75,2758,48,0,,EUR
TT_LETO26_BrandAware,1789010001,Spark_Awareness,07/14/2026,18-24,Female,12.18,5.72,0.29,1.95,2131,42,0,,EUR
TT_LETO26_BrandAware,1789010001,InFeed_Prospecting,06/03/2026,45-54,Female,20.74,4.65,0.34,1.36,4463,61,0,,EUR
TT_LETO26_BrandAware,1789010001,InFeed_Prospecting,06/28/2026,18-24,Female,19.24,5.55,0.37,1.51,3464,52,0,,EUR
TT_PRODUKTLAUNCH26,1789010002,TopView,10/07/2026,55-64,Male,27.72,7.61,0.66,1.15,3642,42,0,,EUR
TT_PRODUKTLAUNCH26,1789010002,Spark_Ads,10/28/2026,65+,Male,22.68,8.02,0.36,2.23,2827,63,1,22.68,EUR
TT_PRODUKTLAUNCH26,1789010002,Spark_Ads,09/12/2026,65+,Female,18.92,7.57,0.44,1.71,2499,43,1,18.92,EUR
TT_PRODUKTLAUNCH26,1789010002,Spark_Ads,10/07/2026,65+,Female,15.99,9.04,0.41,2.22,1768,39,0,,EUR
TT_PRODUKTLAUNCH26,1789010002,InFeed_Launch,10/11/2026,25-34,Male,33.88,6.52,0.44,1.49,5197,77,1,33.88,EUR
TT_PRODUKTLAUNCH26,1789010002,InFeed_Launch,10/14/2026,65+,Female,14.5,10.38,0.5,2.05,1397,29,0,,EUR
TT_LETO26_BrandAware,1789010001,InFeed_Retarget,08/09/2026,35-44,Female,8.14,6.76,0.37,1.79,1205,22,0,,EUR
TT_LETO26_BrandAware,1789010001,InFeed_Prospecting,07/27/2026,55-64,Male,6.51,3.19,0.31,1.02,2040,21,0,,EUR
TT_PRODUKTLAUNCH26,1789010002,TopView,09/28/2026,25-34,Female,70.62,9.17,0.66,1.38,7703,107,1,70.62,EUR
TT_PRODUKTLAUNCH26,1789010002,TopView,08/20/2026,45-54,Male,24.3,5.77,0.45,1.28,4213,54,0,,EUR
TT_PRODUKTLAUNCH26,1789010002,Spark_Ads,09/15/2026,55-64,Female,11.9,4.59,0.35,1.3,2591,34,0,,EUR
TT_LETO26_BrandAware,1789010001,InFeed_Retarget,07/01/2026,35-44,Male,17.94,10.29,0.39,2.65,1744,46,0,,EUR
TT_PRODUKTLAUNCH26,1789010002,TopView,09/02/2026,65+,Female,10.6,4.37,0.53,0.81,2425,20,0,,EUR
TT_PRODUKTLAUNCH26,1789010002,TopView,10/03/2026,25-34,Female,30.6,4.78,0.51,0.94,6401,60,0,,EUR
TT_LETO26_BrandAware,1789010001,InFeed_Prospecting,08/11/2026,55-64,Female,7.92,5.38,0.44,1.21,1472,18,0,,EUR
TT_LETO26_BrandAware,1789010001,InFeed_Retarget,08/14/2026,18-24,Female,4.65,5.97,0.31,1.93,779,15,0,,EUR
TT_LETO26_BrandAware,1789010001,InFeed_Prospecting,06/12/2026,25-34,Female,35.55,5.78,0.45,1.29,6152,79,0,,EUR
TT_LETO26_BrandAware,1789010001,InFeed_Prospecting,06/22/2026,55-64,Male,25.42,8.19,0.41,2.0,3105,62,0,,EUR
TT_LETO26_BrandAware,1789010001,InFeed_Retarget,06/18/2026,25-34,Male,16.38,7.6,0.42,1.82,2155,39,0,,EUR
TT_LETO26_BrandAware,1789010001,InFeed_Prospecting,08/09/2026,65+,Female,12.32,6.18,0.44,1.38,1995,28,0,,EUR
TT_LETO26_BrandAware,1789010001,Spark_Awareness,08/05/2026,65+,Female,12.09,8.12,0.39,2.09,1489,31,0,,EUR
TT_PRODUKTLAUNCH26,1789010002,TopView,08/28/2026,18-24,Male,27.72,3.93,0.63,0.62,7062,44,0,,EUR
TT_PRODUKTLAUNCH26,1789010002,InFeed_Launch,09/28/2026,18-24,Male,41.82,13.0,0.51,2.56,3216,82,1,41.82,EUR
TT_LETO26_BrandAware,1789010001,InFeed_Prospecting,06/28/2026,55-64,Female,25.08,7.84,0.44,1.78,3201,57,0,,EUR
TT_LETO26_BrandAware,1789010001,InFeed_Retarget,07/05/2026,18-24,Male,12.0,7.44,0.3,2.46,1613,40,0,,EUR
TT_LETO26_BrandAware,1789010001,InFeed_Retarget,06/01/2026,35-44,Male,23.52,13.83,0.49,2.8,1701,48,0,,EUR
TT_PRODUKTLAUNCH26,1789010002,Spark_Ads,10/13/2026,35-44,Male,36.66,5.67,0.39,1.45,6466,94,1,36.66,EUR
TT_PRODUKTLAUNCH26,1789010002,TopView,08/16/2026,65+,Female,15.19,5.31,0.49,1.09,2863,31,0,,EUR
TT_LETO26_BrandAware,1789010001,Spark_Awareness,07/07/2026,25-34,Male,14.44,6.71,0.38,1.76,2153,38,0,,EUR
TT_PRODUKTLAUNCH26,1789010002,TopView,10/12/2026,18-24,Female,17.2,3.31,0.4,0.82,5197,43,0,,EUR
TT_PRODUKTLAUNCH26,1789010002,TopView,10/15/2026,25-34,Male,47.84,5.17,0.52,0.99,9260,92,1,47.84,EUR
TT_PRODUKTLAUNCH26,1789010002,Spark_Ads,08/23/2026,55-64,Male,33.97,8.23,0.43,1.9,4127,79,1,33.97,EUR
TT_PRODUKTLAUNCH26,1789010002,TopView,10/25/2026,35-44,Female,23.0,4.0,0.46,0.87,5756,50,0,,EUR
TT_PRODUKTLAUNCH26,1789010002,InFeed_Launch,08/25/2026,55-64,Female,9.88,5.33,0.38,1.43,1852,26,0,,EUR
TT_PRODUKTLAUNCH26,1789010002,Spark_Ads,09/03/2026,55-64,Male,26.79,5.99,0.47,1.27,4469,57,1,26.79,EUR
TT_LETO26_BrandAware,1789010001,InFeed_Prospecting,08/02/2026,55-64,Male,13.32,5.08,0.36,1.4,2623,37,0,,EUR
TT_PRODUKTLAUNCH26,1789010002,Spark_Ads,08/15/2026,55-64,Female,13.32,7.17,0.37,1.96,1858,36,0,,EUR
TT_LETO26_BrandAware,1789010001,Spark_Awareness,07/22/2026,35-44,Male,19.61,7.98,0.37,2.15,2457,53,0,,EUR
TT_PRODUKTLAUNCH26,1789010002,InFeed_Launch,08/18/2026,25-34,Male,24.0,5.88,0.32,1.84,4081,75,1,24.0,EUR
TT_PRODUKTLAUNCH26,1789010002,Spark_Ads,10/18/2026,25-34,Female,20.3,5.25,0.35,1.5,3865,58,1,20.3,EUR
TT_LETO26_BrandAware,1789010001,InFeed_Prospecting,07/11/2026,35-44,Male,27.2,4.6,0.34,1.36,5917,80,0,,EUR
TT_PRODUKTLAUNCH26,1789010002,Spark_Ads,08/21/2026,25-34,Female,57.34,7.97,0.47,1.7,7198,122,1,57.34,EUR
TT_LETO26_BrandAware,1789010001,Spark_Awareness,06/23/2026,25-34,Female,20.4,7.33,0.4,1.85,2783,51,0,,EUR
TT_LETO26_BrandAware,1789010001,InFeed_Prospecting,06/17/2026,35-44,Female,13.72,2.74,0.28,0.97,5013,49,0,,EUR
TT_PRODUKTLAUNCH26,1789010002,Spark_Ads,10/12/2026,35-44,Male,56.99,9.21,0.41,2.25,6189,139,2,28.5,EUR
TT_PRODUKTLAUNCH26,1789010002,Spark_Ads,08/22/2026,45-54,Male,42.3,10.51,0.47,2.25,4024,90,1,42.3,EUR
TT_PRODUKTLAUNCH26,1789010002,InFeed_Launch,09/14/2026,35-44,Female,30.36,9.73,0.44,2.22,3119,69,1,30.36,EUR
TT_PRODUKTLAUNCH26,1789010002,InFeed_Launch,08/19/2026,65+,Male,14.76,8.08,0.36,2.26,1826,41,0,,EUR
TT_LETO26_BrandAware,1789010001,Spark_Awareness,08/06/2026,35-44,Male,8.99,3.31,0.31,1.07,2714,29,0,,EUR
TT_LETO26_BrandAware,1789010001,InFeed_Prospecting,06/24/2026,35-44,Female,21.28,5.69,0.38,1.51,3742,56,0,,EUR
TT_LETO26_BrandAware,1789010001,InFeed_Prospecting,07/18/2026,65+,Female,17.55,8.41,0.45,1.86,2087,39,0,,EUR
TT_LETO26_BrandAware,1789010001,Spark_Awareness,07/04/2026,45-54,Male,8.41,3.7,0.29,1.29,2271,29,0,,EUR
TT_PRODUKTLAUNCH26,1789010002,InFeed_Launch,09/22/2026,55-64,Female,15.3,8.36,0.51,1.62,1831,30,0,,EUR
TT_PRODUKTLAUNCH26,1789010002,Spark_Ads,09/17/2026,65+,Female,13.86,5.21,0.42,1.23,2658,33,0,,EUR
TT_PRODUKTLAUNCH26,1789010002,TopView,09/18/2026,65+,Female,22.09,6.56,0.47,1.38,3367,47,0,,EUR
TT_PRODUKTLAUNCH26,1789010002,InFeed_Launch,09/06/2026,55-64,Male,18.62,7.8,0.38,2.07,2388,49,0,,EUR
TT_LETO26_BrandAware,1789010001,InFeed_Prospecting,07/20/2026,18-24,Male,25.56,5.6,0.36,1.55,4565,71,0,,EUR
TT_PRODUKTLAUNCH26,1789010002,Spark_Ads,09/23/2026,25-34,Female,17.15,5.41,0.35,1.55,3169,49,1,17.15,EUR
TT_PRODUKTLAUNCH26,1789010002,TopView,09/25/2026,25-34,Female,15.66,3.52,0.54,0.65,4444,29,0,,EUR
TT_LETO26_BrandAware,1789010001,Spark_Awareness,07/04/2026,18-24,Male,21.12,9.22,0.44,2.08,2290,48,0,,EUR
TT_PRODUKTLAUNCH26,1789010002,InFeed_Launch,09/17/2026,65+,Female,11.76,9.97,0.49,2.02,1179,24,0,,EUR
TT_LETO26_BrandAware,1789010001,InFeed_Prospecting,06/18/2026,35-44,Female,14.62,4.9,0.34,1.43,2983,43,0,,EUR
TT_LETO26_BrandAware,1789010001,InFeed_Prospecting,06/07/2026,45-54,Female,11.9,3.95,0.35,1.13,3009,34,0,,EUR
TT_PRODUKTLAUNCH26,1789010002,InFeed_Launch,08/27/2026,55-64,Female,19.36,8.64,0.44,1.99,2240,44,0,,EUR
TT_PRODUKTLAUNCH26,1789010002,Spark_Ads,09/11/2026,18-24,Male,12.92,4.61,0.38,1.19,2805,34,0,,EUR
TT_LETO26_BrandAware,1789010001,InFeed_Retarget,06/01/2026,35-44,Female,16.4,9.1,0.41,2.23,1803,40,0,,EUR
TT_PRODUKTLAUNCH26,1789010002,Spark_Ads,09/12/2026,18-24,Female,26.73,6.42,0.33,1.94,4162,81,1,26.73,EUR
TT_LETO26_BrandAware,1789010001,Spark_Awareness,07/06/2026,35-44,Male,15.21,8.37,0.39,2.13,1817,39,0,,EUR
TT_PRODUKTLAUNCH26,1789010002,InFeed_Launch,10/08/2026,65+,Male,18.9,9.07,0.42,2.16,2083,45,0,,EUR
TT_PRODUKTLAUNCH26,1789010002,TopView,10/26/2026,18-24,Male,10.25,2.5,0.41,0.61,4104,25,0,,EUR
TT_PRODUKTLAUNCH26,1789010002,InFeed_Launch,10/22/2026,55-64,Female,17.28,8.52,0.48,1.79,2028,36,0,,EUR
TT_LETO26_BrandAware,1789010001,InFeed_Prospecting,08/01/2026,18-24,Male,15.2,4.42,0.4,1.1,3441,38,0,,EUR
TT_PRODUKTLAUNCH26,1789010002,Spark_Ads,10/22/2026,65+,Female,13.68,7.67,0.36,2.15,1783,38,0,,EUR
TT_LETO26_BrandAware,1789010001,InFeed_Prospecting,06/02/2026,18-24,Male,9.45,4.96,0.45,1.09,1907,21,0,,EUR
TT_LETO26_BrandAware,1789010001,InFeed_Prospecting,07/22/2026,25-34,Female,16.45,4.69,0.35,1.35,3504,47,0,,EUR
TT_PRODUKTLAUNCH26,1789010002,InFeed_Launch,08/15/2026,55-64,Male,8.4,5.8,0.35,1.63,1448,24,0,,EUR
TT_PRODUKTLAUNCH26,1789010002,TopView,10/27/2026,55-64,Female,19.2,3.86,0.64,0.61,4969,30,0,,EUR
TT_PRODUKTLAUNCH26,1789010002,Spark_Ads,09/11/2026,18-24,Female,16.5,7.42,0.33,2.26,2223,50,1,16.5,EUR
TT_LETO26_BrandAware,1789010001,InFeed_Retarget,06/28/2026,65+,Female,7.6,8.59,0.38,2.21,885,20,0,,EUR
TT_LETO26_BrandAware,1789010001,InFeed_Retarget,06/28/2026,25-34,Female,15.12,6.61,0.42,1.59,2289,36,0,,EUR
TT_LETO26_BrandAware,1789010001,InFeed_Retarget,06/22/2026,18-24,Male,11.22,8.53,0.33,2.59,1316,34,0,,EUR
TT_LETO26_BrandAware,1789010001,InFeed_Prospecting,07/30/2026,35-44,Female,17.28,3.26,0.27,1.22,5298,64,0,,EUR
TT_LETO26_BrandAware,1789010001,InFeed_Prospecting,08/10/2026,55-64,Male,27.95,8.2,0.43,1.91,3407,65,0,,EUR
TT_LETO26_BrandAware,1789010001,InFeed_Retarget,06/22/2026,45-54,Female,17.94,11.94,0.46,2.57,1502,39,0,,EUR
TT_LETO26_BrandAware,1789010001,Spark_Awareness,06/26/2026,55-64,Male,11.56,4.59,0.34,1.33,2516,34,0,,EUR
TT_PRODUKTLAUNCH26,1789010002,TopView,10/07/2026,55-64,Female,14.75,5.77,0.59,0.96,2556,25,0,,EUR
TT_PRODUKTLAUNCH26,1789010002,Spark_Ads,08/31/2026,35-44,Male,34.32,5.38,0.44,1.23,6378,78,1,34.32,EUR
TT_PRODUKTLAUNCH26,1789010002,Spark_Ads,10/14/2026,18-24,Male,29.67,6.82,0.43,1.58,4353,69,1,29.67,EUR
TT_PRODUKTLAUNCH26,1789010002,Spark_Ads,09/05/2026,55-64,Male,31.82,9.0,0.43,2.1,3534,74,1,31.82,EUR
TT_LETO26_BrandAware,1789010001,Spark_Awareness,07/22/2026,25-34,Female,28.08,7.11,0.39,1.82,3949,72,0,,EUR
TT_PRODUKTLAUNCH26,1789010002,TopView,08/29/2026,25-34,Male,28.06,5.34,0.61,0.87,5253,46,0,,EUR
TT_LETO26_BrandAware,1789010001,InFeed_Retarget,08/14/2026,45-54,Female,10.92,6.93,0.39,1.8,1575,28,0,,EUR
TT_PRODUKTLAUNCH26,1789010002,Spark_Ads,10/01/2026,65+,Male,12.16,6.21,0.32,1.92,1957,38,0,,EUR
TT_PRODUKTLAUNCH26,1789010002,TopView,09/08/2026,65+,Male,7.38,3.29,0.41,0.82,2243,18,0,,EUR
TT_LETO26_BrandAware,1789010001,Spark_Awareness,07/09/2026,65+,Female,5.04,4.56,0.42,1.06,1105,12,0,,EUR
TT_LETO26_BrandAware,1789010001,InFeed_Prospecting,07/15/2026,18-24,Male,15.84,6.41,0.33,1.93,2470,48,0,,EUR
TT_PRODUKTLAUNCH26,1789010002,InFeed_Launch,08/26/2026,35-44,Male,16.64,4.52,0.32,1.4,3681,52,1,16.64,EUR
TT_PRODUKTLAUNCH26,1789010002,InFeed_Launch,09/30/2026,35-44,Male,36.19,7.22,0.47,1.53,5015,77,1,36.19,EUR
TT_PRODUKTLAUNCH26,1789010002,TopView,10/10/2026,25-34,Female,28.62,4.92,0.54,0.92,5820,53,0,,EUR
TT_LETO26_BrandAware,1789010001,Spark_Awareness,07/14/2026,35-44,Female,8.0,4.42,0.4,1.1,1812,20,0,,EUR
TT_PRODUKTLAUNCH26,1789010002,InFeed_Launch,09/17/2026,18-24,Female,29.4,10.65,0.42,2.54,2760,70,1,29.4,EUR
TT_PRODUKTLAUNCH26,1789010002,Spark_Ads,09/18/2026,65+,Male,9.57,4.18,0.29,1.43,2291,33,0,,EUR
TT_PRODUKTLAUNCH26,1789010002,Spark_Ads,10/13/2026,25-34,Female,31.82,7.88,0.43,1.84,4038,74,1,31.82,EUR
TT_PRODUKTLAUNCH26,1789010002,Spark_Ads,10/12/2026,65+,Male,18.0,7.67,0.36,2.12,2348,50,1,18.0,EUR
TT_PRODUKTLAUNCH26,1789010002,InFeed_Launch,09/10/2026,55-64,Female,6.65,4.8,0.35,1.37,1385,19,0,,EUR
TT_LETO26_BrandAware,1789010001,InFeed_Prospecting,07/29/2026,25-34,Male,24.8,6.09,0.4,1.52,4071,62,0,,EUR
TT_PRODUKTLAUNCH26,1789010002,InFeed_Launch,09/21/2026,35-44,Male,20.4,8.79,0.4,2.18,2322,51,1,20.4,EUR
TT_LETO26_BrandAware,1789010001,InFeed_Prospecting,08/14/2026,35-44,Male,18.24,5.29,0.32,1.66,3446,57,0,,EUR
TT_LETO26_BrandAware,1789010001,InFeed_Prospecting,07/26/2026,35-44,Male,15.4,5.67,0.35,1.63,2715,44,0,,EUR
TT_PRODUKTLAUNCH26,1789010002,InFeed_Launch,10/26/2026,45-54,Female,34.31,11.29,0.47,2.39,3038,73,1,34.31,EUR
TT_PRODUKTLAUNCH26,1789010002,InFeed_Launch,10/06/2026,45-54,Male,13.8,6.4,0.3,2.12,2156,46,0,,EUR
TT_LETO26_BrandAware,1789010001,InFeed_Retarget,07/24/2026,65+,Female,3.2,7.24,0.4,1.79,442,8,0,,EUR
TT_LETO26_BrandAware,1789010001,Spark_Awareness,07/30/2026,35-44,Male,7.13,3.63,0.31,1.19,1964,23,0,,EUR
TT_PRODUKTLAUNCH26,1789010002,TopView,08/22/2026,18-24,Male,42.35,6.12,0.55,1.11,6921,77,0,,EUR
TT_LETO26_BrandAware,1789010001,InFeed_Prospecting,07/29/2026,35-44,Male,15.4,5.25,0.44,1.19,2931,35,0,,EUR
TT_PRODUKTLAUNCH26,1789010002,Spark_Ads,09/10/2026,18-24,Female,18.9,3.96,0.35,1.12,4773,54,1,18.9,EUR
TT_LETO26_BrandAware,1789010001,InFeed_Retarget,07/18/2026,55-64,Female,11.18,10.13,0.43,2.38,1104,26,0,,EUR
TT_LETO26_BrandAware,1789010001,InFeed_Prospecting,08/04/2026,35-44,Male,20.21,3.97,0.43,0.93,5088,47,0,,EUR
TT_PRODUKTLAUNCH26,1789010002,Spark_Ads,09/27/2026,18-24,Male,27.75,6.69,0.37,1.8,4147,75,1,27.75,EUR
TT_PRODUKTLAUNCH26,1789010002,TopView,09/13/2026,35-44,Male,45.54,7.81,0.66,1.18,5831,69,0,,EUR
TT_LETO26_BrandAware,1789010001,InFeed_Retarget,07/18/2026,45-54,Male,7.41,8.5,0.39,2.18,872,19,0,,EUR
TT_PRODUKTLAUNCH26,1789010002,InFeed_Launch,09/30/2026,25-34,Female,28.5,6.21,0.38,1.64,4591,75,1,28.5,EUR
TT_LETO26_BrandAware,1789010001,Spark_Awareness,07/24/2026,35-44,Male,17.22 EUR,7.97,0.41,1.92,2161,42,0,,EUR
TT_LETO26_BrandAware,1789010001,InFeed_Prospecting,08/10/2026,65+,Female,8.06,5.18,0.31,1.69,1555,26,0,,EUR
TT_PRODUKTLAUNCH26,1789010002,Spark_Ads,08/17/2026,65+,Female,14.4,5.62,0.4,1.41,2561,36,0,,EUR
TT_LETO26_BrandAware,1789010001,InFeed_Prospecting,07/20/2026,25-34,Male,12.76,4.1,0.29,1.42,3114,44,0,,EUR
TT_LETO26_BrandAware,1789010001,Spark_Awareness,06/03/2026,18-24,Female,11.88,7.03,0.33,2.14,1690,36,0,,EUR
TT_LETO26_BrandAware,1789010001,InFeed_Prospecting,06/25/2026,65+,Male,6.4,5.06,0.4,1.25,1265,16,0,,EUR
TT_LETO26_BrandAware,1789010001,InFeed_Retarget,07/27/2026,45-54,Female,8.6,6.58,0.43,1.51,1306,20,0,,EUR
TT_PRODUKTLAUNCH26,1789010002,InFeed_Launch,10/05/2026,45-54,Male,24.08,5.81,0.43,1.35,4144,56,1,24.08,EUR
TT_LETO26_BrandAware,1789010001,Spark_Awareness,06/24/2026,18-24,Female,9.28,6.06,0.29,2.07,1532,32,0,,EUR
TT_PRODUKTLAUNCH26,1789010002,Spark_Ads,09/29/2026,45-54,Male,19.72,4.65,0.34,1.37,4237,58,1,19.72,EUR
TT_LETO26_BrandAware,1789010001,InFeed_Prospecting,07/13/2026,25-34,Male,33.79,5.21,0.31,1.69,6485,109,0,,EUR
TT_LETO26_BrandAware,1789010001,InFeed_Retarget,07/29/2026,45-54,Male,13.64,10.13,0.44,2.29,1347,31,0,,EUR
TT_LETO26_BrandAware,1789010001,Spark_Awareness,06/25/2026,25-34,Male,18.56,5.91,0.32,1.84,3143,58,0,,EUR
TT_PRODUKTLAUNCH26,1789010002,InFeed_Launch,09/23/2026,35-44,Female,13.6,5.72,0.4,1.44,2378,34,0,,EUR
TT_LETO26_BrandAware,1789010001,InFeed_Prospecting,06/15/2026,25-34,Male,28.8,7.81,0.4,1.95,3686,72,0,,EUR
TT_PRODUKTLAUNCH26,1789010002,InFeed_Launch,09/01/2026,18-24,Female,11.0,6.2,0.44,1.41,1773,25,0,,EUR
TT_LETO26_BrandAware,1789010001,InFeed_Prospecting,06/26/2026,18-24,Male,13.23,4.16,0.27,1.56,3177,49,0,,EUR
TT_PRODUKTLAUNCH26,1789010002,Spark_Ads,09/20/2026,65+,Male,10.64,6.63,0.38,1.76,1604,28,0,,EUR
TT_PRODUKTLAUNCH26,1789010002,TopView,08/16/2026,55-64,Male,19.8,3.75,0.44,0.85,5281,45,0,,EUR
TT_PRODUKTLAUNCH26,1789010002,TopView,10/25/2026,45-54,Female,36.48,6.64,0.64,1.04,5492,57,0,,EUR
TT_PRODUKTLAUNCH26,1789010002,InFeed_Launch,10/12/2026,45-54,Male,43.0,12.73,0.5,2.56,3377,86,1,43.0,EUR
TT_PRODUKTLAUNCH26,1789010002,Spark_Ads,08/18/2026,18-24,Male,21.28,5.84,0.38,1.53,3644,56,1,21.28,EUR
TT_PRODUKTLAUNCH26,1789010002,TopView,10/27/2026,55-64,Male,23.32,6.32,0.53,1.18,3691,44,0,,EUR
TT_PRODUKTLAUNCH26,1789010002,InFeed_Launch,08/21/2026,25-34,Male,23.18,9.24,0.38,2.44,2508,61,1,23.18,EUR
TT_PRODUKTLAUNCH26,1789010002,Spark_Ads,10/15/2026,65+,Male,8.64,5.63,0.48,1.15,1534,18,0,,EUR
TT_PRODUKTLAUNCH26,1789010002,TopView,10/01/2026,55-64,Male,19.72,4.75,0.58,0.81,4149,34,0,,EUR
TT_LETO26_BrandAware,1789010001,Spark_Awareness,06/12/2026,65+,Female,6.72,6.74,0.32,2.07,997,21,0,,EUR
TT_LETO26_BrandAware,1789010001,Spark_Awareness,06/25/2026,18-24,Female,26.68,8.68,0.46,1.88,3072,58,0,,EUR
TT_LETO26_BrandAware,1789010001,Spark_Awareness,07/17/2026,45-54,Female,15.04,5.75,0.47,1.21,2615,32,0,,EUR
TT_LETO26_BrandAware,1789010001,InFeed_Prospecting,07/23/2026,45-54,Male,15.96,4.44,0.38,1.17,3597,42,0,,EUR
TT_LETO26_BrandAware,1789010001,Spark_Awareness,06/04/2026,35-44,Male,13.26,4.21,0.34,1.22,3146,39,0,,EUR
TT_PRODUKTLAUNCH26,1789010002,Spark_Ads,10/08/2026,35-44,Male,37.31,7.01,0.41,1.7,5323,91,1,37.31,EUR
TT_PRODUKTLAUNCH26,1789010002,InFeed_Launch,10/27/2026,55-64,Male,18.33,7.7,0.47,1.63,2382,39,0,,EUR
TT_PRODUKTLAUNCH26,1789010002,Spark_Ads,08/25/2026,45-54,Female,33.44,6.34,0.44,1.43,5273,76,1,33.44,EUR
TT_PRODUKTLAUNCH26,1789010002,Spark_Ads,10/04/2026,35-44,Male,25.2,5.23,0.3,1.74,4819,84,1,25.2,EUR
TT_PRODUKTLAUNCH26,1789010002,Spark_Ads,09/02/2026,65+,Male,18.9,7.87,0.42,1.88,2402,45,1,18.9,EUR
TT_LETO26_BrandAware,1789010001,Spark_Awareness,06/12/2026,65+,Male,8.19,6.15,0.39,1.57,1331,21,0,,EUR
TT_LETO26_BrandAware,1789010001,InFeed_Retarget,07/24/2026,45-54,Female,10.85,6.79,0.31,2.2,1599,35,0,,EUR
TT_PRODUKTLAUNCH26,1789010002,TopView,09/28/2026,55-64,Male,39.27,7.16,0.51,1.4,5484,77,0,,EUR
TT_LETO26_BrandAware,1789010001,InFeed_Retarget,06/21/2026,25-34,Male,24.05,10.52,0.37,2.84,2287,65,1,24.05,EUR
TT_PRODUKTLAUNCH26,1789010002,InFeed_Launch,10/15/2026,65+,Male,9.9,6.06,0.3,2.0,1633,33,0,,EUR
TT_LETO26_BrandAware,1789010001,InFeed_Prospecting,08/07/2026,55-64,Female,10.64,3.97,0.28,1.41,2680,38,0,,EUR
TT_PRODUKTLAUNCH26,1789010002,InFeed_Launch,08/17/2026,35-44,Female,29.7,8.37,0.33,2.54,3548,90,1,29.7,EUR
TT_LETO26_BrandAware,1789010001,InFeed_Prospecting,06/13/2026,45-54,Male,26.86,6.45,0.34,1.89,4167,79,0,,EUR
TT_LETO26_BrandAware,1789010001,InFeed_Retarget,06/06/2026,55-64,Female,5.52,8.45,0.46,1.82,653,12,0,,EUR
TT_PRODUKTLAUNCH26,1789010002,Spark_Ads,10/20/2026,18-24,Male,42.51,8.28,0.39,2.13,5133,109,1,42.51,EUR
TT_LETO26_BrandAware,1789010001,Spark_Awareness,07/03/2026,65+,Male,6.96,4.34,0.29,1.5,1605,24,0,,EUR
TT_LETO26_BrandAware,1789010001,InFeed_Prospecting,08/08/2026,55-64,Female,10.5,3.9,0.35,1.1,2695,30,0,,EUR
TT_PRODUKTLAUNCH26,1789010002,TopView,10/25/2026,18-24,Male,36.6,7.1,0.6,1.18,5158,61,0,,EUR
TT_LETO26_BrandAware,1789010001,InFeed_Retarget,06/23/2026,25-34,Male,14.06,10.2,0.37,2.78,1378,38,0,,EUR
TT_PRODUKTLAUNCH26,1789010002,InFeed_Launch,08/30/2026,55-64,Male,16.77,6.61,0.43,1.52,2538,39,0,,EUR
TT_PRODUKTLAUNCH26,1789010002,TopView,09/11/2026,65+,Female,11.34,6.55,0.54,1.24,1732,21,0,,EUR
TT_LETO26_BrandAware,1789010001,Spark_Awareness,06/27/2026,18-24,Female,8.51,6.38,0.37,1.73,1334,23,0,,EUR
TT_LETO26_BrandAware,1789010001,InFeed_Retarget,08/05/2026,55-64,Female,11.34,8.99,0.42,2.14,1262,27,0,,EUR
TT_LETO26_BrandAware,1789010001,InFeed_Prospecting,06/08/2026,25-34,Male,39.68,6.08,0.31,1.96,6527,128,1,39.68,EUR
TT_PRODUKTLAUNCH26,1789010002,InFeed_Launch,09/03/2026,35-44,Male,18.88,6.86,0.32,2.16,2753,59,1,18.88,EUR
TT_LETO26_BrandAware,1789010001,InFeed_Retarget,07/29/2026,65+,Male,9.31,12.56,0.49,2.61,741,19,0,,EUR
TT_PRODUKTLAUNCH26,1789010002,TopView,08/24/2026,18-24,Male,16.56,4.89,0.46,1.06,3384,36,0,,EUR
TT_PRODUKTLAUNCH26,1789010002,TopView,09/02/2026,55-64,Male,22.36,4.42,0.52,0.86,5055,43,0,,EUR
TT_LETO26_BrandAware,1789010001,Spark_Awareness,06/26/2026,18-24,Female,10.08,5.46,0.36,1.51,1845,28,0,,EUR
TT_LETO26_BrandAware,1789010001,InFeed_Prospecting,07/24/2026,65+,Male,10.26,6.83,0.38,1.8,1502,27,0,,EUR
TT_LETO26_BrandAware,1789010001,InFeed_Prospecting,06/22/2026,25-34,Female,25.84,7.58,0.38,1.99,3409,68,0,,EUR
TT_LETO26_BrandAware,1789010001,InFeed_Prospecting,06/15/2026,25-34,Female,25.9,4.55,0.35,1.3,5689,74,0,,EUR
TT_LETO26_BrandAware,1789010001,InFeed_Prospecting,06/20/2026,55-64,Female,14.96,6.08,0.44,1.39,2460,34,0,,EUR
TT_LETO26_BrandAware,1789010001,InFeed_Prospecting,06/14/2026,18-24,Male,10.5,2.89,0.3,0.95,3639,35,0,,EUR
TT_PRODUKTLAUNCH26,1789010002,Spark_Ads,10/11/2026,45-54,Male,47.19,9.31,0.39,2.38,5068,121,1,47.19,EUR
TT_LETO26_BrandAware,1789010001,Spark_Awareness,06/30/2026,18-24,Male,11.44,5.86,0.44,1.32,1953,26,0,,EUR
TT_LETO26_BrandAware,1789010001,InFeed_Retarget,08/06/2026,55-64,Female,8.75,7.76,0.35,2.26,1127,25,0,,EUR
TT_PRODUKTLAUNCH26,1789010002,InFeed_Launch,08/29/2026,35-44,Female,15.21,7.02,0.39,1.8,2167,39,0,,EUR
TT_PRODUKTLAUNCH26,1789010002,InFeed_Launch,10/24/2026,25-34,Male,28.8,8.83,0.48,1.83,3263,60,1,28.8,EUR
TT_PRODUKTLAUNCH26,1789010002,TopView,09/04/2026,25-34,Female,32.13,5.04,0.63,0.8,6372,51,0,,EUR
TT_PRODUKTLAUNCH26,1789010002,TopView,09/16/2026,35-44,Female,26.24,6.5,0.64,1.02,4034,41,0,,EUR
TT_PRODUKTLAUNCH26,1789010002,Spark_Ads,08/17/2026,25-34,Male,61.91,8.99,0.41,2.19,6889,151,2,30.95,EUR
TT_PRODUKTLAUNCH26,1789010002,TopView,10/04/2026,25-34,Male,48.96,8.41,0.68,1.24,5825,72,0,,EUR
TT_LETO26_BrandAware,1789010001,InFeed_Retarget,07/27/2026,35-44,Female,14.88,14.36,0.48,2.98,1036,31,0,,EUR
TT_LETO26_BrandAware,1789010001,InFeed_Retarget,08/07/2026,25-34,Female,12.22,9.97,0.47,2.13,1226,26,0,,EUR
TT_PRODUKTLAUNCH26,1789010002,TopView,09/08/2026,18-24,Male,42.77,6.21,0.47,1.32,6884,91,1,42.77,EUR
TT_LETO26_BrandAware,1789010001,Spark_Awareness,07/25/2026,65+,Female,6.63,7.16,0.39,1.85,926,17,0,,EUR
TT_PRODUKTLAUNCH26,1789010002,InFeed_Launch,09/22/2026,25-34,Male,47.04,11.17,0.49,2.27,4213,96,1,47.04,EUR
TT_LETO26_BrandAware,1789010001,InFeed_Retarget,08/03/2026,55-64,Female,10.8,8.65,0.4,2.2,1249,27,0,,EUR
TT_LETO26_BrandAware,1789010001,Spark_Awareness,06/23/2026,18-24,Female,7.83,5.27,0.29,1.81,1485,27,0,,EUR
TT_LETO26_BrandAware,1789010001,InFeed_Prospecting,08/12/2026,25-34,Female,28.81,7.95,0.43,1.85,3623,67,0,,EUR
TT_PRODUKTLAUNCH26,1789010002,TopView,10/07/2026,18-24,Male,22.5,6.25,0.5,1.24,3598,45,0,,EUR
TT_LETO26_BrandAware,1789010001,InFeed_Prospecting,07/31/2026,35-44,Female,19.6,5.74,0.35,1.64,3412,56,0,,EUR
TT_PRODUKTLAUNCH26,1789010002,Spark_Ads,10/10/2026,65+,Male,17.2,8.98,0.4,2.27,1915,43,1,17.2,EUR
TT_PRODUKTLAUNCH26,1789010002,Spark_Ads,09/02/2026,45-54,Female,16.66,4.2,0.34,1.23,3965,49,1,16.66,EUR
TT_LETO26_BrandAware,1789010001,Spark_Awareness,06/17/2026,25-34,Male,15.12,5.51,0.42,1.31,2743,36,0,,EUR
TT_LETO26_BrandAware,1789010001,Spark_Awareness,07/27/2026,45-54,Male,16.65,8.06,0.37,2.18,2067,45,0,,EUR
TT_LETO26_BrandAware,1789010001,Spark_Awareness,06/21/2026,55-64,Female,10.23,6.25,0.33,1.88,1638,31,0,,EUR
TT_PRODUKTLAUNCH26,1789010002,TopView,09/24/2026,25-34,Male,40.12,6.0,0.68,0.88,6691,59,0,,EUR
TT_PRODUKTLAUNCH26,1789010002,Spark_Ads,09/23/2026,45-54,Female,17.92,3.99,0.32,1.25,4488,56,1,17.92,EUR
TT_LETO26_BrandAware,1789010001,InFeed_Retarget,06/22/2026,65+,Male,10.53,10.93,0.39,2.85,963,27,0,,EUR
TT_PRODUKTLAUNCH26,1789010002,Spark_Ads,10/26/2026,25-34,Female,26.55,7.98,0.45,1.77,3327,59,1,26.55,EUR
TT_LETO26_BrandAware,1789010001,InFeed_Prospecting,06/18/2026,18-24,Female,15.34,3.91,0.26,1.5,3927,59,0,,EUR
TT_PRODUKTLAUNCH26,1789010002,Spark_Ads,10/06/2026,55-64,Female,16.28,7.13,0.37,1.91,2284,44,1,16.28,EUR
TT_LETO26_BrandAware,1789010001,Spark_Awareness,08/13/2026,55-64,Male,15.66,5.74,0.29,1.96,2728,54,0,,EUR
TT_LETO26_BrandAware,1789010001,InFeed_Prospecting,07/06/2026,18-24,Male,14.21,4.9,0.29,1.68,2902,49,0,,EUR
TT_PRODUKTLAUNCH26,1789010002,TopView,09/22/2026,55-64,Male,13.12,5.0,0.41,1.23,2623,32,0,,EUR
TT_PRODUKTLAUNCH26,1789010002,TopView,10/05/2026,45-54,Female,12.71,3.47,0.41,0.86,3662,31,0,,EUR
TT_LETO26_BrandAware,1789010001,Spark_Awareness,07/11/2026,35-44,Female,24.44,8.95,0.47,1.92,2731,52,0,,EUR
TT_LETO26_BrandAware,1789010001,Spark_Awareness,07/02/2026,25-34,Female,11.55,5.6,0.35,1.61,2064,33,0,,EUR
TT_LETO26_BrandAware,1789010001,Spark_Awareness,07/26/2026,35-44,Female,16.56,6.02,0.36,1.67,2753,46,0,,EUR
TT_PRODUKTLAUNCH26,1789010002,InFeed_Launch,10/09/2026,18-24,Female,31.2,11.08,0.52,2.12,2815,60,1,31.2,EUR
TT_PRODUKTLAUNCH26,1789010002,Spark_Ads,09/03/2026,65+,Male,11.04,7.38,0.46,1.6,1496,24,0,,EUR
TT_LETO26_BrandAware,1789010001,Spark_Awareness,08/14/2026,35-44,Female,12.16,5.42,0.38,1.4,2245,32,0,,EUR
TT_PRODUKTLAUNCH26,1789010002,Spark_Ads,10/06/2026,45-54,Male,27.06,7.54,0.33,2.29,3589,82,1,27.06,EUR
TT_PRODUKTLAUNCH26,1789010002,InFeed_Launch,08/29/2026,25-34,Female,29.93,9.33,0.41,2.29,3208,73,1,29.93,EUR
TT_PRODUKTLAUNCH26,1789010002,InFeed_Launch,09/04/2026,35-44,Female,29.75,6.72,0.35,1.92,4430,85,1,29.75,EUR
TT_LETO26_BrandAware,1789010001,InFeed_Prospecting,06/03/2026,18-24,Female,15.4,4.8,0.35,1.37,3207,44,0,,EUR
TT_LETO26_BrandAware,1789010001,InFeed_Retarget,06/28/2026,35-44,Female,13.53,10.18,0.41,2.46,1329,33,0,,EUR
TT_PRODUKTLAUNCH26,1789010002,TopView,10/18/2026,45-54,Female,47.56,7.7,0.58,1.33,6178,82,0,,EUR
TT_LETO26_BrandAware,1789010001,Spark_Awareness,07/28/2026,25-34,Female,14.28,4.22,0.34,1.23,3387,42,0,,EUR
TT_PRODUKTLAUNCH26,1789010002,Spark_Ads,10/05/2026,45-54,Female,13.76,6.02,0.43,1.39,2286,32,0,,EUR
TT_LETO26_BrandAware,1789010001,InFeed_Prospecting,07/23/2026,65+,Female,9.6,4.79,0.32,1.5,2004,30,0,,EUR
TT_LETO26_BrandAware,1789010001,InFeed_Prospecting,07/15/2026,35-44,Female,25.35,6.08,0.39,1.55,4167,65,0,,EUR
TT_LETO26_BrandAware,1789010001,Spark_Awareness,07/22/2026,55-64,Female,4.8,4.14,0.3,1.37,1160,16,0,,EUR
TT_PRODUKTLAUNCH26,1789010002,TopView,08/19/2026,45-54,Female,46.48,7.21,0.56,1.28,6447,83,0,,EUR
TT_LETO26_BrandAware,1789010001,Spark_Awareness,08/03/2026,35-44,Male,14.52,3.65,0.33,1.11,3981,44,0,,EUR
TT_PRODUKTLAUNCH26,1789010002,Spark_Ads,09/29/2026,25-34,Female,37.44,7.04,0.36,1.95,5315,104,1,37.44,EUR
TT_PRODUKTLAUNCH26,1789010002,InFeed_Launch,09/05/2026,25-34,Female,22.55,6.2,0.41,1.52,3640,55,1,22.55,EUR
TT_LETO26_BrandAware,1789010001,InFeed_Retarget,06/13/2026,18-24,Female,12.16,11.2,0.38,2.95,1086,32,0,,EUR
TT_LETO26_BrandAware,1789010001,InFeed_Retarget,07/24/2026,35-44,Female,19.78,12.72,0.43,2.97,1555,46,0,,EUR
TT_PRODUKTLAUNCH26,1789010002,InFeed_Launch,08/29/2026,35-44,Male,20.52,8.29,0.36,2.32,2476,57,1,20.52,EUR
TT_PRODUKTLAUNCH26,1789010002,TopView,09/30/2026,35-44,Male,24.2,3.46,0.44,0.78,7004,55,0,,EUR
TT_LETO26_BrandAware,1789010001,InFeed_Retarget,06/01/2026,45-54,Male,16.38,11.49,0.42,2.73,1426,39,0,,EUR
TT_LETO26_BrandAware,1789010001,Spark_Awareness,08/03/2026,18-24,Female,12.6,5.51,0.28,1.97,2285,45,0,,EUR
TT_PRODUKTLAUNCH26,1789010002,InFeed_Launch,10/13/2026,25-34,Male,13.26,4.66,0.34,1.37,2847,39,0,,EUR
TT_PRODUKTLAUNCH26,1789010002,InFeed_Launch,09/26/2026,65+,Female,5.88,6.22,0.42,1.43,946,14,0,,EUR
TT_LETO26_BrandAware,1789010001,Spark_Awareness,07/01/2026,18-24,Male,13.32,7.48,0.37,2.03,1781,36,0,,EUR
TT_PRODUKTLAUNCH26,1789010002,Spark_Ads,10/11/2026,65+,Male,17.6,6.58,0.32,2.07,2676,55,1,17.6,EUR
TT_LETO26_BrandAware,1789010001,InFeed_Retarget,07/28/2026,45-54,Male,7.14,6.99,0.42,1.65,1022,17,0,,EUR
TT_PRODUKTLAUNCH26,1789010002,TopView,08/17/2026,65+,Female,14.3,5.89,0.55,1.05,2428,26,0,,EUR
TT_PRODUKTLAUNCH26,1789010002,TopView,10/07/2026,35-44,Male,37.72 EUR,4.86,0.41,1.18,7767,92,1,37.72,EUR
TT_PRODUKTLAUNCH26,1789010002,InFeed_Launch,08/20/2026,18-24,Female,34.96,9.81,0.38,2.57,3562,92,1,34.96,EUR
TT_LETO26_BrandAware,1789010001,InFeed_Prospecting,08/06/2026,18-24,Male,16.96,3.84,0.32,1.21,4414,53,0,,EUR
TT_PRODUKTLAUNCH26,1789010002,TopView,09/29/2026,25-34,Female,25.48,3.75,0.52,0.71,6796,49,0,,EUR
TT_PRODUKTLAUNCH26,1789010002,TopView,08/18/2026,35-44,Male,32.0,6.89,0.5,1.39,4642,64,0,,EUR
TT_LETO26_BrandAware,1789010001,Spark_Awareness,07/10/2026,25-34,Male,20.52,5.71,0.38,1.51,3596,54,0,,EUR
TT_LETO26_BrandAware,1789010001,InFeed_Prospecting,07/08/2026,35-44,Female,18.72,5.86,0.39,1.5,3195,48,0,,EUR
TT_PRODUKTLAUNCH26,1789010002,TopView,09/11/2026,45-54,Male,34.31,5.74,0.47,1.22,5973,73,0,,EUR
TT_LETO26_BrandAware,1789010001,InFeed_Retarget,07/21/2026,18-24,Female,7.79,6.53,0.41,1.59,1193,19,0,,EUR
TT_LETO26_BrandAware,1789010001,Spark_Awareness,06/12/2026,25-34,Male,23.32,5.02,0.44,1.15,4646,53,0,,EUR
TT_LETO26_BrandAware,1789010001,InFeed_Prospecting,06/01/2026,18-24,Female,7.56,2.49,0.27,0.92,3031,28,0,,EUR
TT_LETO26_BrandAware,1789010001,Spark_Awareness,07/30/2026,18-24,Female,9.18,3.92,0.34,1.15,2341,27,0,,EUR
TT_PRODUKTLAUNCH26,1789010002,TopView,09/21/2026,55-64,Female,28.16,5.53,0.44,1.25,5094,64,0,,EUR
TT_PRODUKTLAUNCH26,1789010002,InFeed_Launch,09/28/2026,55-64,Male,21.93,9.69,0.51,1.9,2263,43,0,,EUR
TT_PRODUKTLAUNCH26,1789010002,TopView,09/20/2026,45-54,Male,22.08,3.87,0.48,0.8,5708,46,0,,EUR
TT_PRODUKTLAUNCH26,1789010002,Spark_Ads,10/07/2026,55-64,Female,16.53,4.74,0.29,1.62,3489,57,1,16.53,EUR
TT_LETO26_BrandAware,1789010001,InFeed_Retarget,08/13/2026,25-34,Female,12.54,7.31,0.38,1.94,1716,33,0,,EUR
TT_LETO26_BrandAware,1789010001,InFeed_Retarget,06/15/2026,35-44,Female,20.16,10.49,0.48,2.2,1922,42,0,,EUR
TT_LETO26_BrandAware,1789010001,InFeed_Retarget,07/29/2026,25-34,Female,13.32,10.63,0.36,2.97,1253,37,0,,EUR
TT_LETO26_BrandAware,1789010001,InFeed_Retarget,08/09/2026,55-64,Male,4.56,6.1,0.38,1.55,748,12,0,,EUR
TT_PRODUKTLAUNCH26,1789010002,TopView,09/05/2026,35-44,Male,47.94,6.81,0.51,1.34,7042,94,1,47.94,EUR
TT_PRODUKTLAUNCH26,1789010002,InFeed_Launch,09/15/2026,18-24,Female,29.64,8.6,0.39,2.2,3448,76,1,29.64,EUR
TT_PRODUKTLAUNCH26,1789010002,InFeed_Launch,10/07/2026,55-64,Female,8.0,4.91,0.32,1.51,1629,25,0,,EUR
TT_LETO26_BrandAware,1789010001,InFeed_Prospecting,08/12/2026,25-34,Male,20.4,6.89,0.4,1.71,2960,51,0,,EUR
TT_PRODUKTLAUNCH26,1789010002,Spark_Ads,09/27/2026,45-54,Male,36.8,10.27,0.46,2.22,3582,80,1,36.8,EUR
TT_PRODUKTLAUNCH26,1789010002,Spark_Ads,09/13/2026,18-24,Male,18.56,3.75,0.29,1.3,4948,64,1,18.56,EUR
TT_PRODUKTLAUNCH26,1789010002,TopView,10/12/2026,65+,Male,11.34,4.4,0.63,0.69,2579,18,0,,EUR
TT_LETO26_BrandAware,1789010001,InFeed_Retarget,07/08/2026,55-64,Male,4.62,5.41,0.33,1.64,854,14,0,,EUR
TT_LETO26_BrandAware,1789010001,InFeed_Retarget,08/06/2026,35-44,Female,12.16,9.89,0.38,2.59,1230,32,0,,EUR
TT_PRODUKTLAUNCH26,1789010002,InFeed_Launch,10/18/2026,18-24,Female,22.79,6.44,0.43,1.5,3541,53,1,22.79,EUR
TT_LETO26_BrandAware,1789010001,Spark_Awareness,07/04/2026,25-34,Female,19.14,4.99,0.33,1.51,3834,58,0,,EUR
TT_PRODUKTLAUNCH26,1789010002,TopView,08/21/2026,65+,Female,10.78,4.21,0.49,0.87,2561,22,0,,EUR
TT_LETO26_BrandAware,1789010001,Spark_Awareness,07/08/2026,35-44,Male,23.5,6.94,0.47,1.47,3384,50,0,,EUR
TT_PRODUKTLAUNCH26,1789010002,InFeed_Launch,10/28/2026,55-64,Female,22.26,10.21,0.42,2.43,2181,53,1,22.26,EUR
TT_PRODUKTLAUNCH26,1789010002,TopView,10/27/2026,45-54,Male,18.4,2.8,0.46,0.61,6580,40,0,,EUR
TT_LETO26_BrandAware,1789010001,InFeed_Prospecting,07/23/2026,45-54,Female,20.46,5.91,0.33,1.81,3461,62,0,,EUR
TT_PRODUKTLAUNCH26,1789010002,TopView,10/13/2026,18-24,Male,33.6,9.39,0.7,1.35,3578,48,0,,EUR
TT_PRODUKTLAUNCH26,1789010002,Spark_Ads,08/26/2026,35-44,Female,36.1,6.18,0.38,1.63,5837,95,1,36.1,EUR
TT_PRODUKTLAUNCH26,1789010002,Spark_Ads,10/08/2026,65+,Female,11.2,8.02,0.4,2.03,1397,28,0,,EUR
TT_LETO26_BrandAware,1789010001,Spark_Awareness,07/17/2026,35-44,Male,26.1,6.09,0.29,2.09,4284,90,0,,EUR
TT_PRODUKTLAUNCH26,1789010002,InFeed_Launch,10/15/2026,55-64,Male,24.12,8.86,0.36,2.46,2723,67,1,24.12,EUR
TT_PRODUKTLAUNCH26,1789010002,InFeed_Launch,09/09/2026,45-54,Female,20.0,7.29,0.5,1.47,2744,40,0,,EUR
TT_PRODUKTLAUNCH26,1789010002,InFeed_Launch,09/07/2026,25-34,Female,18.56,4.94,0.32,1.54,3756,58,1,18.56,EUR
TT_LETO26_BrandAware,1789010001,Spark_Awareness,07/12/2026,55-64,Female,16.8,6.67,0.42,1.57,2518,40,0,,EUR
TT_PRODUKTLAUNCH26,1789010002,Spark_Ads,09/13/2026,18-24,Female,33.58,10.42,0.46,2.26,3222,73,1,33.58,EUR
TT_PRODUKTLAUNCH26,1789010002,TopView,09/27/2026,25-34,Female,59.84,7.49,0.68,1.1,7985,88,1,59.84,EUR
TT_PRODUKTLAUNCH26,1789010002,InFeed_Launch,09/06/2026,18-24,Male,30.5,12.45,0.5,2.5,2450,61,1,30.5,EUR
TT_LETO26_BrandAware,1789010001,InFeed_Retarget,06/09/2026,55-64,Male,5.28,7.81,0.48,1.61,676,11,0,,EUR
TT_PRODUKTLAUNCH26,1789010002,Spark_Ads,09/22/2026,45-54,Female,31.6,7.16,0.4,1.79,4415,79,1,31.6,EUR
TT_PRODUKTLAUNCH26,1789010002,Spark_Ads,09/22/2026,65+,Male,13.92,6.48,0.29,2.26,2147,48,1,13.92,EUR
TT_PRODUKTLAUNCH26,1789010002,InFeed_Launch,09/21/2026,65+,Male,12.0,11.48,0.48,2.42,1045,25,0,,EUR
TT_LETO26_BrandAware,1789010001,InFeed_Prospecting,06/23/2026,25-34,Female,13.05,3.74,0.29,1.3,3485,45,0,,EUR
TT_PRODUKTLAUNCH26,1789010002,InFeed_Launch,08/26/2026,55-64,Male,17.63,5.8,0.41,1.43,3038,43,0,,EUR
TT_LETO26_BrandAware,1789010001,Spark_Awareness,07/15/2026,18-24,Female,14.06,7.81,0.37,2.12,1800,38,0,,EUR
TT_PRODUKTLAUNCH26,1789010002,Spark_Ads,09/27/2026,25-34,Female,24.42,3.73,0.33,1.14,6549,74,1,24.42,EUR
TT_PRODUKTLAUNCH26,1789010002,InFeed_Launch,09/04/2026,25-34,Male,26.6,7.57,0.35,2.15,3512,76,1,26.6,EUR
TT_LETO26_BrandAware,1789010001,InFeed_Prospecting,06/30/2026,45-54,Male,16.4,5.78,0.41,1.4,2838,40,0,,EUR
TT_LETO26_BrandAware,1789010001,InFeed_Prospecting,06/01/2026,45-54,Male,14.06,3.43,0.38,0.9,4098,37,0,,EUR
TT_LETO26_BrandAware,1789010001,Spark_Awareness,07/23/2026,65+,Female,6.3,6.22,0.42,1.51,1013,15,0,,EUR
TT_PRODUKTLAUNCH26,1789010002,InFeed_Launch,08/25/2026,65+,Male,16.32,7.71,0.32,2.42,2117,51,1,16.32,EUR
TT_LETO26_BrandAware,1789010001,Spark_Awareness,08/11/2026,55-64,Male,12.0,8.2,0.48,1.73,1463,25,0,,EUR
TT_LETO26_BrandAware,1789010001,InFeed_Retarget,06/20/2026,18-24,Female,13.94,11.79,0.41,2.91,1182,34,0,,EUR
TT_LETO26_BrandAware,1789010001,Spark_Awareness,06/02/2026,25-34,Male,13.32,4.0,0.36,1.12,3327,37,0,,EUR
TT_LETO26_BrandAware,1789010001,InFeed_Prospecting,06/05/2026,55-64,Male,5.8,3.4,0.29,1.14,1706,20,0,,EUR
TT_LETO26_BrandAware,1789010001,Spark_Awareness,07/28/2026,55-64,Male,7.28,5.49,0.28,1.95,1325,26,0,,EUR
TT_PRODUKTLAUNCH26,1789010002,TopView,10/17/2026,45-54,Female,31.49,7.24,0.67,1.08,4347,47,0,,EUR
TT_PRODUKTLAUNCH26,1789010002,InFeed_Launch,08/30/2026,18-24,Male,25.8,8.16,0.43,1.91,3161,60,1,25.8,EUR
TT_PRODUKTLAUNCH26,1789010002,InFeed_Launch,09/26/2026,35-44,Male,36.86,8.66,0.38,2.27,4257,97,1,36.86,EUR
TT_LETO26_BrandAware,1789010001,Spark_Awareness,07/29/2026,55-64,Female,10.8,6.45,0.4,1.62,1674,27,0,,EUR
TT_LETO26_BrandAware,1789010001,InFeed_Retarget,08/03/2026,55-64,Male,4.76,5.85,0.34,1.75,814,14,0,,EUR
TT_PRODUKTLAUNCH26,1789010002,TopView,10/01/2026,35-44,Male,32.48,3.75,0.58,0.65,8671,56,0,,EUR
TT_LETO26_BrandAware,1789010001,InFeed_Prospecting,07/22/2026,35-44,Male,17.98,5.04,0.31,1.62,3565,58,0,,EUR
TT_PRODUKTLAUNCH26,1789010002,Spark_Ads,09/25/2026,35-44,Female,56.87,9.77,0.47,2.08,5821,121,1,56.87,EUR
TT_LETO26_BrandAware,1789010001,InFeed_Retarget,06/15/2026,65+,Female,5.64,9.0,0.47,1.85,627,12,0,,EUR
TT_PRODUKTLAUNCH26,1789010002,TopView,08/23/2026,45-54,Female,32.0,5.81,0.64,0.91,5512,50,0,,EUR
TT_LETO26_BrandAware,1789010001,InFeed_Retarget,07/14/2026,35-44,Male,20.91,10.95,0.41,2.66,1909,51,0,,EUR
TT_PRODUKTLAUNCH26,1789010002,InFeed_Launch,08/15/2026,55-64,Female,13.68,5.3,0.36,1.47,2582,38,0,,EUR
TT_PRODUKTLAUNCH26,1789010002,InFeed_Launch,09/09/2026,55-64,Male,25.74,9.57,0.39,2.45,2691,66,1,25.74,EUR
TT_PRODUKTLAUNCH26,1789010002,TopView,09/24/2026,45-54,Female,13.6,4.32,0.4,1.08,3148,34,0,,EUR
TT_LETO26_BrandAware,1789010001,Spark_Awareness,06/24/2026,45-54,Female,11.89,4.41,0.41,1.07,2699,29,0,,EUR
TT_LETO26_BrandAware,1789010001,InFeed_Retarget,07/16/2026,45-54,Male,16.5,9.74,0.33,2.93,1694,50,0,,EUR
TT_LETO26_BrandAware,1789010001,InFeed_Retarget,08/07/2026,18-24,Female,11.25,11.09,0.45,2.44,1014,25,0,,EUR
TT_PRODUKTLAUNCH26,1789010002,InFeed_Launch,10/20/2026,18-24,Female,19.89,6.53,0.39,1.67,3048,51,1,19.89,EUR
TT_PRODUKTLAUNCH26,1789010002,TopView,08/15/2026,45-54,Male,20.35,5.07,0.55,0.92,4012,37,0,,EUR
TT_PRODUKTLAUNCH26,1789010002,Spark_Ads,09/27/2026,25-34,Male,23.79,4.53,0.39,1.17,5247,61,1,23.79,EUR
TT_PRODUKTLAUNCH26,1789010002,Spark_Ads,10/27/2026,18-24,Male,39.6,8.96,0.4,2.24,4422,99,1,39.6,EUR
TT_LETO26_BrandAware,1789010001,InFeed_Prospecting,08/07/2026,25-34,Female,21.66,6.22,0.38,1.64,3480,57,0,,EUR
TT_PRODUKTLAUNCH26,1789010002,Spark_Ads,09/30/2026,25-34,Male,32.85,5.63,0.45,1.24,5834,73,1,32.85,EUR
TT_PRODUKTLAUNCH26,1789010002,TopView,09/17/2026,45-54,Male,33.84,4.57,0.47,0.98,7405,72,0,,EUR
TT_PRODUKTLAUNCH26,1789010002,Spark_Ads,10/04/2026,65+,Male,11.76,6.25,0.28,2.21,1883,42,1,11.76,EUR
TT_PRODUKTLAUNCH26,1789010002,Spark_Ads,10/25/2026,35-44,Female,32.4,5.51,0.36,1.54,5879,90,1,32.4,EUR
TT_LETO26_BrandAware,1789010001,InFeed_Retarget,06/16/2026,18-24,Male,15.17,9.11,0.37,2.43,1666,41,0,,EUR
TT_LETO26_BrandAware,1789010001,InFeed_Retarget,07/16/2026,55-64,Male,18.48,13.26,0.44,2.99,1394,42,0,,EUR
TT_LETO26_BrandAware,1789010001,Spark_Awareness,06/04/2026,45-54,Male,11.6,5.59,0.4,1.41,2074,29,0,,EUR
TT_PRODUKTLAUNCH26,1789010002,InFeed_Launch,10/11/2026,55-64,Female,25.53,8.99,0.37,2.42,2840,69,1,25.53,EUR
TT_LETO26_BrandAware,1789010001,InFeed_Prospecting,06/19/2026,45-54,Female,24.2,8.18,0.44,1.85,2960,55,0,,EUR
TT_PRODUKTLAUNCH26,1789010002,Spark_Ads,09/09/2026,25-34,Male,37.44,7.72,0.48,1.61,4848,78,1,37.44,EUR
TT_PRODUKTLAUNCH26,1789010002,InFeed_Launch,10/17/2026,55-64,Male,22.96,7.39,0.41,1.81,3108,56,1,22.96,EUR
TT_PRODUKTLAUNCH26,1789010002,InFeed_Launch,08/29/2026,45-54,Male,14.76,6.12,0.41,1.51,2411,36,0,,EUR
TT_PRODUKTLAUNCH26,1789010002,TopView,09/01/2026,45-54,Female,35.0,6.22,0.5,1.24,5627,70,0,,EUR
TT_LETO26_BrandAware,1789010001,Spark_Awareness,06/29/2026,65+,Female,6.6,4.97,0.33,1.49,1328,20,0,,EUR
TT_PRODUKTLAUNCH26,1789010002,Spark_Ads,09/14/2026,25-34,Female,39.0,8.88,0.39,2.28,4394,100,1,39.0,EUR
TT_PRODUKTLAUNCH26,1789010002,TopView,09/15/2026,18-24,Female,16.9,4.57,0.65,0.7,3699,26,0,,EUR
TT_PRODUKTLAUNCH26,1789010002,Spark_Ads,09/16/2026,55-64,Female,31.57,8.75,0.41,2.12,3610,77,1,31.57,EUR
TT_PRODUKTLAUNCH26,1789010002,Spark_Ads,08/15/2026,18-24,Male,39.2,8.57,0.4,2.15,4575,98,1,39.2,EUR
TT_PRODUKTLAUNCH26,1789010002,InFeed_Launch,08/26/2026,35-44,Female,18.33,7.57,0.47,1.6,2422,39,0,,EUR
TT_PRODUKTLAUNCH26,1789010002,InFeed_Launch,09/08/2026,55-64,Male,26.32,10.87,0.47,2.31,2422,56,1,26.32,EUR
TT_PRODUKTLAUNCH26,1789010002,TopView,08/30/2026,65+,Male,8.33,2.97,0.49,0.6,2805,17,0,,EUR
TT_PRODUKTLAUNCH26,1789010002,Spark_Ads,10/23/2026,35-44,Male,34.56,5.7,0.32,1.79,6058,108,1,34.56,EUR
TT_LETO26_BrandAware,1789010001,InFeed_Retarget,07/05/2026,65+,Female,5.52,10.57,0.46,2.23,522,12,0,,EUR
TT_LETO26_BrandAware,1789010001,InFeed_Retarget,08/12/2026,18-24,Female,7.59,6.0,0.33,1.81,1264,23,0,,EUR
TT_LETO26_BrandAware,1789010001,InFeed_Prospecting,06/26/2026,35-44,Female,14.4,5.64,0.4,1.4,2554,36,0,,EUR
TT_LETO26_BrandAware,1789010001,InFeed_Prospecting,07/29/2026,45-54,Female,11.55,3.25,0.35,0.92,3556,33,0,,EUR
TT_PRODUKTLAUNCH26,1789010002,TopView,09/30/2026,45-54,Female,30.74,5.19,0.53,0.98,5920,58,0,,EUR
TT_LETO26_BrandAware,1789010001,InFeed_Prospecting,07/02/2026,65+,Male,6.75,2.95,0.27,1.11,2285,25,0,,EUR
TT_LETO26_BrandAware,1789010001,InFeed_Prospecting,08/09/2026,35-44,Male,30.36,6.08,0.44,1.38,4990,69,0,,EUR
TT_PRODUKTLAUNCH26,1789010002,TopView,09/02/2026,65+,Male,9.12,4.89,0.57,0.86,1864,16,0,,EUR
TT_PRODUKTLAUNCH26,1789010002,TopView,10/10/2026,35-44,Female,14.16,3.8,0.59,0.63,3722,24,0,,EUR
TT_LETO26_BrandAware,1789010001,InFeed_Prospecting,07/31/2026,45-54,Male,12.54,3.69,0.38,0.97,3398,33,0,,EUR
TT_LETO26_BrandAware,1789010001,InFeed_Retarget,06/30/2026,65+,Male,6.44,12.27,0.46,2.68,525,14,0,,EUR
TT_LETO26_BrandAware,1789010001,InFeed_Retarget,07/30/2026,45-54,Female,13.2,11.01,0.4,2.74,1199,33,0,,EUR
TT_LETO26_BrandAware,1789010001,Spark_Awareness,08/06/2026,18-24,Male,9.8,4.77,0.35,1.36,2053,28,0,,EUR
TT_LETO26_BrandAware,1789010001,InFeed_Prospecting,07/08/2026,35-44,Male,26.6,6.82,0.35,1.94,3899,76,0,,EUR
TT_LETO26_BrandAware,1789010001,InFeed_Prospecting,06/05/2026,35-44,Male,28.7,6.4,0.35,1.83,4481,82,0,,EUR
TT_LETO26_BrandAware,1789010001,InFeed_Retarget,07/30/2026,45-54,Male,10.34,7.28,0.47,1.57,1421,22,0,,EUR
TT_PRODUKTLAUNCH26,1789010002,InFeed_Launch,08/23/2026,25-34,Female,27.6,8.14,0.4,2.04,3390,69,1,27.6,EUR
TT_PRODUKTLAUNCH26,1789010002,TopView,10/20/2026,45-54,Male,20.68,3.79,0.44,0.86,5450,47,0,,EUR
TT_PRODUKTLAUNCH26,1789010002,Spark_Ads,10/11/2026,18-24,Male,20.64,7.71,0.43,1.81,2677,48,1,20.64,EUR
TT_PRODUKTLAUNCH26,1789010002,TopView,10/21/2026,45-54,Female,23.32,4.26,0.53,0.81,5475,44,0,,EUR
TT_LETO26_BrandAware,1789010001,InFeed_Prospecting,07/01/2026,55-64,Male,9.52,2.85,0.28,1.02,3344,34,0,,EUR
TT_LETO26_BrandAware,1789010001,Spark_Awareness,08/08/2026,25-34,Male,16.56,5.14,0.46,1.13,3222,36,0,,EUR
TT_PRODUKTLAUNCH26,1789010002,Spark_Ads,10/18/2026,35-44,Female,22.91,6.72,0.29,2.33,3409,79,1,22.91,EUR
TT_LETO26_BrandAware,1789010001,InFeed_Prospecting,06/13/2026,55-64,Male,20.74,6.45,0.34,1.91,3216,61,0,,EUR
TT_PRODUKTLAUNCH26,1789010002,InFeed_Launch,10/04/2026,25-34,Male,35.36,8.31,0.34,2.43,4256,104,1,35.36,EUR
TT_PRODUKTLAUNCH26,1789010002,InFeed_Launch,09/11/2026,65+,Male,8.1,6.3,0.45,1.37,1286,18,0,,EUR
TT_PRODUKTLAUNCH26,1789010002,TopView,08/23/2026,18-24,Male,27.6,5.48,0.69,0.8,5035,40,0,,EUR
TT_LETO26_BrandAware,1789010001,InFeed_Prospecting,08/01/2026,45-54,Male,23.4,4.92,0.36,1.37,4753,65,0,,EUR
TT_LETO26_BrandAware,1789010001,InFeed_Retarget,08/09/2026,18-24,Female,6.3,6.93,0.35,1.93,909,18,0,,EUR
TT_PRODUKTLAUNCH26,1789010002,TopView,10/05/2026,18-24,Male,37.82,8.36,0.62,1.34,4525,61,0,,EUR
TT_PRODUKTLAUNCH26,1789010002,TopView,09/06/2026,18-24,Female,30.6,5.73,0.45,1.28,5343,68,0,,EUR
TT_LETO26_BrandAware,1789010001,InFeed_Retarget,06/26/2026,65+,Male,4.84,8.96,0.44,2.13,540,11,0,,EUR
TT_LETO26_BrandAware,1789010001,Spark_Awareness,06/10/2026,65+,Male,3.69,4.39,0.41,1.04,841,9,0,,EUR
TT_LETO26_BrandAware,1789010001,InFeed_Prospecting,06/16/2026,65+,Female,9.25,6.76,0.37,1.8,1368,25,0,,EUR
TT_LETO26_BrandAware,1789010001,Spark_Awareness,06/29/2026,35-44,Male,19.32,9.73,0.46,2.09,1985,42,0,,EUR
TT_LETO26_BrandAware,1789010001,Spark_Awareness,06/20/2026,25-34,Male,24.49,5.19,0.31,1.68,4721,79,0,,EUR
TT_LETO26_BrandAware,1789010001,InFeed_Prospecting,06/24/2026,45-54,Male,15.96,6.63,0.42,1.6,2406,38,0,,EUR
TT_LETO26_BrandAware,1789010001,InFeed_Prospecting,07/22/2026,25-34,Male,16.38,3.87,0.26,1.48,4231,63,0,,EUR
TT_PRODUKTLAUNCH26,1789010002,Spark_Ads,09/06/2026,65+,Male,17.22,5.7,0.41,1.37,3023,42,1,17.22,EUR
TT_LETO26_BrandAware,1789010001,InFeed_Prospecting,07/13/2026,25-34,Female,22.0,7.03,0.4,1.75,3129,55,0,,EUR
TT_LETO26_BrandAware,1789010001,Spark_Awareness,07/13/2026,18-24,Male,13.16,5.51,0.28,1.96,2390,47,0,,EUR
TT_LETO26_BrandAware,1789010001,InFeed_Retarget,06/16/2026,55-64,Male,13.26,9.11,0.39,2.33,1456,34,0,,EUR
TT_PRODUKTLAUNCH26,1789010002,InFeed_Launch,10/23/2026,25-34,Female,45.08,11.2,0.46,2.45,4024,98,1,45.08,EUR
TT_LETO26_BrandAware,1789010001,InFeed_Retarget,08/10/2026,65+,Male,7.04,11.3,0.44,2.58,623,16,0,,EUR
TT_LETO26_BrandAware,1789010001,InFeed_Prospecting,06/02/2026,35-44,Female,29.52,6.84,0.41,1.67,4317,72,0,,EUR
TT_LETO26_BrandAware,1789010001,InFeed_Prospecting,06/28/2026,65+,Male,6.82,4.24,0.31,1.36,1609,22,0,,EUR
TT_PRODUKTLAUNCH26,1789010002,InFeed_Launch,10/03/2026,55-64,Female,15.68,9.68,0.49,1.95,1620,32,0,,EUR
TT_PRODUKTLAUNCH26,1789010002,TopView,10/10/2026,45-54,Male,39.0,6.25,0.52,1.21,6238,75,0,,EUR
TT_LETO26_BrandAware,1789010001,InFeed_Retarget,06/22/2026,65+,Female,3.12,7.11,0.39,1.92,439,8,0,,EUR
TT_PRODUKTLAUNCH26,1789010002,InFeed_Launch,10/17/2026,18-24,Female,17.5,7.91,0.5,1.57,2213,35,0,,EUR
TT_PRODUKTLAUNCH26,1789010002,Spark_Ads,09/28/2026,25-34,Male,38.11,7.49,0.37,2.03,5090,103,1,38.11,EUR
TT_LETO26_BrandAware,1789010001,Spark_Awareness,08/10/2026,45-54,Female,14.82,5.35,0.39,1.38,2770,38,0,,EUR
TT_LETO26_BrandAware,1789010001,InFeed_Prospecting,07/07/2026,55-64,Female,16.96,5.52,0.32,1.72,3073,53,0,,EUR
TT_PRODUKTLAUNCH26,1789010002,Spark_Ads,10/25/2026,55-64,Male,19.38,4.28,0.34,1.25,4528,57,1,19.38,EUR
TT_LETO26_BrandAware,1789010001,Spark_Awareness,07/01/2026,18-24,Female,7.56,4.09,0.36,1.13,1849,21,0,,EUR
TT_LETO26_BrandAware,1789010001,InFeed_Retarget,07/03/2026,55-64,Male,13.44,11.09,0.48,2.34,1212,28,0,,EUR
TT_LETO26_BrandAware,1789010001,InFeed_Prospecting,06/28/2026,55-64,Male,18.02,5.02,0.34,1.48,3587,53,0,,EUR
TT_PRODUKTLAUNCH26,1789010002,Spark_Ads,08/29/2026,45-54,Male,21.39,5.4,0.31,1.74,3960,69,1,21.39,EUR
TT_PRODUKTLAUNCH26,1789010002,TopView,10/02/2026,18-24,Male,39.06,5.57,0.62,0.9,7011,63,0,,EUR
TT_PRODUKTLAUNCH26,1789010002,Spark_Ads,09/09/2026,45-54,Female,16.2,4.33,0.3,1.43,3743,54,1,16.2,EUR
TT_LETO26_BrandAware,1789010001,Spark_Awareness,06/01/2026,18-24,Female,10.14,4.04,0.39,1.04,2513,26,0,,EUR
TT_LETO26_BrandAware,1789010001,Spark_Awareness,06/12/2026,55-64,Female,12.8,5.33,0.4,1.34,2402,32,0,,EUR
TT_LETO26_BrandAware,1789010001,InFeed_Retarget,07/13/2026,45-54,Male,4.5,4.78,0.3,1.61,941,15,0,,EUR
TT_PRODUKTLAUNCH26,1789010002,TopView,09/15/2026,35-44,Female,28.38,6.8,0.66,1.03,4172,43,0,,EUR
TT_LETO26_BrandAware,1789010001,InFeed_Retarget,07/28/2026,25-34,Female,16.8,9.42,0.42,2.25,1784,40,0,,EUR
TT_PRODUKTLAUNCH26,1789010002,InFeed_Launch,08/15/2026,25-34,Female,18.06,7.32,0.43,1.71,2467,42,0,,EUR
TT_LETO26_BrandAware,1789010001,InFeed_Retarget,07/27/2026,45-54,Male,15.58,8.94,0.38,2.34,1742,41,0,,EUR
TT_PRODUKTLAUNCH26,1789010002,InFeed_Launch,10/15/2026,25-34,Male,57.54,10.14,0.42,2.42,5677,137,1,57.54,EUR
TT_LETO26_BrandAware,1789010001,InFeed_Prospecting,08/14/2026,45-54,Male,31.57,7.47,0.41,1.81,4229,77,0,,EUR
TT_PRODUKTLAUNCH26,1789010002,InFeed_Launch,08/24/2026,45-54,Female,32.2,9.27,0.46,2.02,3472,70,1,32.2,EUR
TT_PRODUKTLAUNCH26,1789010002,TopView,10/06/2026,18-24,Female,22.32,6.77,0.62,1.08,3297,36,0,,EUR
TT_LETO26_BrandAware,1789010001,InFeed_Prospecting,08/11/2026,18-24,Male,19.95,6.51,0.35,1.86,3065,57,0,,EUR
TT_LETO26_BrandAware,1789010001,Spark_Awareness,07/21/2026,55-64,Female,9.43,8.22,0.41,1.99,1147,23,0,,EUR
TT_LETO26_BrandAware,1789010001,InFeed_Prospecting,07/08/2026,65+,Female,3.51,3.37,0.27,1.27,1041,13,0,,EUR
TT_LETO26_BrandAware,1789010001,InFeed_Prospecting,06/16/2026,35-44,Male,25.23,4.45,0.29,1.54,5670,87,0,,EUR
TT_PRODUKTLAUNCH26,1789010002,InFeed_Launch,10/17/2026,45-54,Female,15.64,5.06,0.34,1.48,3093,46,0,,EUR
TT_PRODUKTLAUNCH26,1789010002,TopView,10/11/2026,65+,Female,8.16,5.11,0.51,1.01,1598,16,0,,EUR
TT_LETO26_BrandAware,1789010001,InFeed_Prospecting,07/02/2026,55-64,Male,8.84,3.67,0.26,1.4,2408,34,0,,EUR
TT_LETO26_BrandAware,1789010001,InFeed_Prospecting,06/27/2026,35-44,Male,15.6,5.17,0.3,1.71,3018,52,0,,EUR
TT_LETO26_BrandAware,1789010001,Spark_Awareness,07/25/2026,25-34,Male,17.0,5.75,0.34,1.68,2956,50,0,,EUR
TT_PRODUKTLAUNCH26,1789010002,Spark_Ads,10/06/2026,25-34,Female,39.6,6.0,0.33,1.82,6599,120,1,39.6,EUR
TT_LETO26_BrandAware,1789010001,InFeed_Retarget,06/08/2026,25-34,Male,11.02,7.81,0.38,2.09,1411,29,0,,EUR
TT_PRODUKTLAUNCH26,1789010002,TopView,08/17/2026,35-44,Male,35.19,4.31,0.69,0.63,8166,51,0,,EUR
TT_LETO26_BrandAware,1789010001,InFeed_Retarget,08/13/2026,35-44,Male,16.77,8.64,0.39,2.2,1942,43,0,,EUR
TT_LETO26_BrandAware,1789010001,Spark_Awareness,08/03/2026,18-24,Male,12.09,3.65,0.31,1.19,3313,39,0,,EUR
TT_LETO26_BrandAware,1789010001,InFeed_Prospecting,07/23/2026,35-44,Female,8.99,4.02,0.29,1.39,2236,31,0,,EUR
TT_PRODUKTLAUNCH26,1789010002,InFeed_Launch,09/19/2026,55-64,Male,20.25,7.02,0.45,1.56,2883,45,0,,EUR
TT_LETO26_BrandAware,1789010001,InFeed_Prospecting,07/29/2026,18-24,Female,10.92,3.34,0.28,1.19,3266,39,0,,EUR
TT_LETO26_BrandAware,1789010001,Spark_Awareness,07/28/2026,35-44,Male,9.86,4.86,0.29,1.69,2029,34,0,,EUR
TT_PRODUKTLAUNCH26,1789010002,InFeed_Launch,09/02/2026,35-44,Female,24.32,6.1,0.32,1.9,3984,76,1,24.32,EUR
TT_PRODUKTLAUNCH26,1789010002,Spark_Ads,09/16/2026,35-44,Male,23.1,5.28,0.35,1.5,4378,66,1,23.1,EUR
TT_PRODUKTLAUNCH26,1789010002,InFeed_Launch,08/25/2026,35-44,Male,26.22,7.53,0.46,1.64,3480,57,1,26.22,EUR
TT_PRODUKTLAUNCH26,1789010002,InFeed_Launch,10/08/2026,45-54,Female,14.0,6.43,0.5,1.31,2176,28,0,,EUR
TT_PRODUKTLAUNCH26,1789010002,InFeed_Launch,10/03/2026,25-34,Female,26.1,5.79,0.3,1.94,4506,87,1,26.1,EUR
TT_LETO26_BrandAware,1789010001,InFeed_Retarget,06/03/2026,18-24,Female,16.17,13.23,0.49,2.68,1222,33,0,,EUR
TT_LETO26_BrandAware,1789010001,InFeed_Prospecting,06/19/2026,35-44,Male,43.68,7.63,0.39,1.96,5727,112,0,,EUR
TT_LETO26_BrandAware,1789010001,InFeed_Retarget,07/14/2026,25-34,Female,17.15,9.43,0.35,2.68,1819,49,0,,EUR
TT_LETO26_BrandAware,1789010001,InFeed_Retarget,08/06/2026,65+,Male,7.03,10.03,0.37,2.77,701,19,0,,EUR
TT_PRODUKTLAUNCH26,1789010002,InFeed_Launch,09/15/2026,18-24,Male,18.36,8.04,0.36,2.23,2285,51,1,18.36,EUR
TT_PRODUKTLAUNCH26,1789010002,Spark_Ads,09/24/2026,35-44,Male,35.26,5.2,0.41,1.27,6778,86,1,35.26,EUR
TT_LETO26_BrandAware,1789010001,Spark_Awareness,06/29/2026,18-24,Male,10.36,5.76,0.37,1.53,1798,28,0,,EUR
TT_LETO26_BrandAware,1789010001,InFeed_Retarget,07/05/2026,25-34,Female,22.05,12.36,0.49,2.51,1784,45,0,,EUR
TT_LETO26_BrandAware,1789010001,Spark_Awareness,06/18/2026,65+,Male,10.12,5.91,0.44,1.34,1713,23,0,,EUR
TT_LETO26_BrandAware,1789010001,InFeed_Prospecting,08/14/2026,18-24,Female,4.68,2.68,0.26,1.02,1746,18,0,,EUR
TT_LETO26_BrandAware,1789010001,Spark_Awareness,08/03/2026,65+,Male,13.94,7.49,0.41,1.83,1861,34,0,,EUR
TT_PRODUKTLAUNCH26,1789010002,TopView,09/14/2026,35-44,Female,35.2,6.94,0.64,1.09,5074,55,0,,EUR
TT_LETO26_BrandAware,1789010001,Spark_Awareness,07/20/2026,55-64,Male,9.36,7.02,0.39,1.79,1334,24,0,,EUR
TT_PRODUKTLAUNCH26,1789010002,InFeed_Launch,10/26/2026,45-54,Male,15.91,4.94,0.37,1.33,3221,43,0,,EUR
TT_PRODUKTLAUNCH26,1789010002,TopView,10/04/2026,55-64,Male,17.6,4.93,0.55,0.91,3568,32,0,,EUR
TT_PRODUKTLAUNCH26,1789010002,Spark_Ads,08/20/2026,25-34,Female,31.2,8.34,0.48,1.74,3740,65,1,31.2,EUR
TT_PRODUKTLAUNCH26,1789010002,InFeed_Launch,09/06/2026,65+,Female,7.77,5.3,0.37,1.41,1467,21,0,,EUR
TT_LETO26_BrandAware,1789010001,Spark_Awareness,07/20/2026,55-64,Female,7.59,4.46,0.33,1.36,1702,23,0,,EUR
TT_LETO26_BrandAware,1789010001,Spark_Awareness,08/07/2026,65+,Male,14.52,7.77,0.44,1.74,1868,33,0,,EUR
TT_LETO26_BrandAware,1789010001,Spark_Awareness,07/02/2026,55-64,Female,10.08,8.04,0.42,1.94,1254,24,0,,EUR
TT_PRODUKTLAUNCH26,1789010002,TopView,08/18/2026,18-24,Female,13.53,4.33,0.41,1.05,3124,33,0,,EUR
TT_LETO26_BrandAware,1789010001,InFeed_Prospecting,07/30/2026,45-54,Female,8.99,4.65,0.31,1.5,1932,29,0,,EUR
TT_PRODUKTLAUNCH26,1789010002,TopView,09/06/2026,25-34,Female,35.4,7.19,0.6,1.2,4922,59,0,,EUR
TT_LETO26_BrandAware,1789010001,Spark_Awareness,06/10/2026,55-64,Male,8.37,3.95,0.31,1.29,2119,27,0,,EUR
TT_PRODUKTLAUNCH26,1789010002,Spark_Ads,09/15/2026,45-54,Male,12.16,4.48,0.38,1.19,2713,32,0,,EUR
TT_LETO26_BrandAware,1789010001,Spark_Awareness,08/10/2026,55-64,Male,6.15,4.6,0.41,1.12,1337,15,0,,EUR
TT_LETO26_BrandAware,1789010001,InFeed_Retarget,07/01/2026,35-44,Female,8.37,6.92,0.31,2.23,1209,27,0,,EUR
TT_LETO26_BrandAware,1789010001,InFeed_Retarget,06/14/2026,25-34,Male,19.25,8.59,0.35,2.45,2241,55,0,,EUR
TT_PRODUKTLAUNCH26,1789010002,InFeed_Launch,09/24/2026,45-54,Female,31.96,10.38,0.47,2.22,3078,68,1,31.96,EUR
TT_LETO26_BrandAware,1789010001,Spark_Awareness,06/02/2026,55-64,Male,17.55,7.78,0.45,1.74,2256,39,0,,EUR
TT_PRODUKTLAUNCH26,1789010002,Spark_Ads,08/28/2026,18-24,Male,20.8,8.36,0.4,2.09,2489,52,1,20.8,EUR
TT_LETO26_BrandAware,1789010001,InFeed_Retarget,06/14/2026,25-34,Female,8.58,5.85,0.33,1.75,1467,26,0,,EUR
TT_LETO26_BrandAware,1789010001,InFeed_Retarget,07/26/2026,65+,Female,3.3,5.39,0.33,1.56,612,10,0,,EUR
TT_PRODUKTLAUNCH26,1789010002,TopView,09/12/2026,65+,Female,15.64,6.46,0.68,0.96,2422,23,0,,EUR
TT_LETO26_BrandAware,1789010001,InFeed_Prospecting,07/12/2026,18-24,Male,12.24,4.68,0.34,1.36,2617,36,0,,EUR
TT_LETO26_BrandAware,1789010001,InFeed_Retarget,06/28/2026,55-64,Male,11.34,10.78,0.42,2.53,1052,27,0,,EUR
TT_LETO26_BrandAware,1789010001,Spark_Awareness,06/10/2026,55-64,Female,7.25,4.11,0.29,1.41,1765,25,0,,EUR
TT_PRODUKTLAUNCH26,1789010002,InFeed_Launch,08/16/2026,55-64,Male,20.52,8.65,0.36,2.4,2372,57,1,20.52,EUR
TT_PRODUKTLAUNCH26,1789010002,InFeed_Launch,08/15/2026,25-34,Male,39.48,8.06,0.42,1.92,4900,94,1,39.48,EUR
TT_PRODUKTLAUNCH26,1789010002,Spark_Ads,10/21/2026,65+,Female,8.33,6.95,0.49,1.42,1199,17,0,,EUR
TT_LETO26_BrandAware,1789010001,InFeed_Prospecting,07/04/2026,25-34,Male,19.2,5.75,0.4,1.43,3338,48,0,,EUR
TT_PRODUKTLAUNCH26,1789010002,InFeed_Launch,10/01/2026,55-64,Female,7.5,4.92,0.3,1.65,1523,25,0,,EUR
TT_LETO26_BrandAware,1789010001,InFeed_Retarget,07/09/2026,45-54,Female,7.56,6.42,0.36,1.79,1177,21,0,,EUR
TT_LETO26_BrandAware,1789010001,InFeed_Prospecting,06/27/2026,45-54,Male,18.9,8.86,0.45,1.98,2132,42,0,,EUR
TT_PRODUKTLAUNCH26,1789010002,TopView,10/08/2026,65+,Male,17.7,6.88,0.59,1.16,2574,30,0,,EUR
TT_LETO26_BrandAware,1789010001,InFeed_Retarget,07/11/2026,65+,Female,6.02,10.45,0.43,2.39,576,14,0,,EUR
TT_PRODUKTLAUNCH26,1789010002,InFeed_Launch,10/04/2026,65+,Male,16.32,7.97,0.34,2.36,2048,48,0,,EUR
TT_LETO26_BrandAware,1789010001,InFeed_Prospecting,07/25/2026,65+,Male,14.19,8.35,0.43,1.95,1699,33,0,,EUR
TT_PRODUKTLAUNCH26,1789010002,InFeed_Launch,08/22/2026,18-24,Female,32.56,11.44,0.44,2.58,2846,74,1,32.56,EUR
TT_PRODUKTLAUNCH26,1789010002,TopView,10/03/2026,35-44,Female,49.35,6.53,0.47,1.39,7552,105,1,49.35,EUR
TT_PRODUKTLAUNCH26,1789010002,InFeed_Launch,09/21/2026,45-54,Female,30.34,9.51,0.41,2.32,3189,74,1,30.34,EUR
TT_PRODUKTLAUNCH26,1789010002,TopView,10/08/2026,18-24,Female,14.4,3.42,0.48,0.71,4210,30,0,,EUR
TT_LETO26_BrandAware,1789010001,InFeed_Retarget,06/28/2026,45-54,Female,8.75,9.5,0.35,2.77,921,25,0,,EUR
TT_LETO26_BrandAware,1789010001,InFeed_Prospecting,07/03/2026,55-64,Female,9.61,3.9,0.31,1.24,2466,31,0,,EUR
TT_PRODUKTLAUNCH26,1789010002,TopView,10/17/2026,45-54,Male,21.12,4.63,0.66,0.7,4563,32,0,,EUR
TT_LETO26_BrandAware,1789010001,Spark_Awareness,07/15/2026,45-54,Male,13.65,4.24,0.35,1.22,3220,39,0,,EUR
TT_LETO26_BrandAware,1789010001,InFeed_Retarget,06/03/2026,55-64,Male,10.88,7.32,0.32,2.27,1487,34,0,,EUR
TT_LETO26_BrandAware,1789010001,Spark_Awareness,07/23/2026,18-24,Male,13.26,5.77,0.39,1.5,2299,34,0,,EUR
TT_LETO26_BrandAware,1789010001,InFeed_Retarget,08/12/2026,45-54,Female,13.76,8.19,0.43,1.88,1681,32,0,,EUR
TT_PRODUKTLAUNCH26,1789010002,InFeed_Launch,08/23/2026,35-44,Male,23.8,4.79,0.34,1.4,4968,70,1,23.8,EUR
TT_LETO26_BrandAware,1789010001,InFeed_Prospecting,07/14/2026,55-64,Male,14.8,5.66,0.37,1.54,2616,40,0,,EUR
TT_LETO26_BrandAware,1789010001,Spark_Awareness,06/30/2026,65+,Male,11.7,7.85,0.39,2.05,1490,30,0,,EUR
TT_PRODUKTLAUNCH26,1789010002,TopView,08/28/2026,55-64,Female,10.2,3.32,0.51,0.67,3069,20,0,,EUR
TT_PRODUKTLAUNCH26,1789010002,TopView,09/12/2026,45-54,Female,27.9,5.42,0.62,0.88,5146,45,0,,EUR
TT_LETO26_BrandAware,1789010001,InFeed_Retarget,06/15/2026,45-54,Female,6.51,7.15,0.31,2.28,911,21,0,,EUR
TT_PRODUKTLAUNCH26,1789010002,InFeed_Launch,09/20/2026,35-44,Female,36.0,12.2,0.5,2.44,2951,72,1,36.0,EUR
TT_PRODUKTLAUNCH26,1789010002,TopView,10/05/2026,35-44,Female,21.84,4.49,0.56,0.8,4861,39,0,,EUR
TT_PRODUKTLAUNCH26,1789010002,Spark_Ads,09/07/2026,35-44,Female,20.16,4.9,0.42,1.16,4113,48,1,20.16,EUR
TT_LETO26_BrandAware,1789010001,InFeed_Retarget,07/16/2026,65+,Female,7.22,10.84,0.38,2.89,666,19,0,,EUR
TT_PRODUKTLAUNCH26,1789010002,InFeed_Launch,09/20/2026,25-34,Male,32.34,7.45,0.42,1.77,4343,77,1,32.34,EUR
TT_LETO26_BrandAware,1789010001,Spark_Awareness,07/27/2026,65+,Male,13.2,8.13,0.44,1.88,1624,30,0,,EUR
TT_PRODUKTLAUNCH26,1789010002,Spark_Ads,09/25/2026,18-24,Male,32.43,8.07,0.47,1.71,4017,69,1,32.43,EUR
TT_PRODUKTLAUNCH26,1789010002,InFeed_Launch,09/18/2026,65+,Male,6.84,5.92,0.38,1.56,1155,18,0,,EUR
TT_LETO26_BrandAware,1789010001,Spark_Awareness,07/05/2026,25-34,Female,17.64,8.26,0.42,1.95,2135,42,0,,EUR
TT_LETO26_BrandAware,1789010001,Spark_Awareness,06/07/2026,18-24,Female,10.2,4.76,0.3,1.58,2142,34,0,,EUR
TT_PRODUKTLAUNCH26,1789010002,TopView,09/09/2026,35-44,Female,29.24,5.56,0.43,1.3,5258,68,0,,EUR
TT_PRODUKTLAUNCH26,1789010002,Spark_Ads,08/15/2026,65+,Female,13.68,6.28,0.38,1.67,2177,36,0,,EUR
TT_LETO26_BrandAware,1789010001,Spark_Awareness,07/17/2026,55-64,Male,14.62,6.58,0.43,1.53,2223,34,0,,EUR
TT_PRODUKTLAUNCH26,1789010002,Spark_Ads,10/10/2026,45-54,Female,30.87,10.49,0.49,2.13,2943,63,1,30.87,EUR
TT_LETO26_BrandAware,1789010001,Spark_Awareness,08/07/2026,18-24,Female,8.99,3.98,0.29,1.38,2258,31,0,,EUR
TT_LETO26_BrandAware,1789010001,Spark_Awareness,08/08/2026,65+,Male,8.36,4.63,0.44,1.04,1804,19,0,,EUR
TT_LETO26_BrandAware,1789010001,InFeed_Prospecting,06/01/2026,65+,Female,5.1,3.26,0.34,0.98,1564,15,0,,EUR
TT_LETO26_BrandAware,1789010001,InFeed_Retarget,06/15/2026,55-64,Male,16.4,11.08,0.4,2.76,1480,41,0,,EUR
TT_LETO26_BrandAware,1789010001,InFeed_Prospecting,07/02/2026,45-54,Female,14.57,3.69,0.31,1.19,3952,47,0,,EUR
TT_PRODUKTLAUNCH26,1789010002,TopView,10/23/2026,35-44,Male,33.06,6.24,0.57,1.09,5294,58,0,,EUR
TT_LETO26_BrandAware,1789010001,Spark_Awareness,06/23/2026,65+,Male,2.61,3.13,0.29,1.07,834,9,0,,EUR
TT_PRODUKTLAUNCH26,1789010002,Spark_Ads,09/20/2026,18-24,Male,33.0,6.16,0.33,1.86,5353,100,1,33.0,EUR
TT_LETO26_BrandAware,1789010001,InFeed_Retarget,06/13/2026,25-34,Male,18.45,12.84,0.45,2.83,1437,41,0,,EUR
TT_LETO26_BrandAware,1789010001,InFeed_Retarget,08/11/2026,55-64,Female,7.7,5.72,0.35,1.64,1345,22,0,,EUR
TT_LETO26_BrandAware,1789010001,InFeed_Retarget,06/10/2026,25-34,Female,6.3,5.51,0.3,1.8,1143,21,0,,EUR
TT_LETO26_BrandAware,1789010001,InFeed_Retarget,08/10/2026,18-24,Male,9.1,5.94,0.35,1.69,1531,26,0,,EUR
TT_LETO26_BrandAware,1789010001,Spark_Awareness,07/16/2026,25-34,Female,24.84,7.65,0.36,2.13,3248,69,0,,EUR
TT_LETO26_BrandAware,1789010001,InFeed_Retarget,08/04/2026,55-64,Male,11.4,8.7,0.38,2.32,1311,30,0,,EUR
TT_LETO26_BrandAware,1789010001,Spark_Awareness,07/19/2026,55-64,Female,25.2,9.9,0.45,2.19,2545,56,0,,EUR
TT_LETO26_BrandAware,1789010001,InFeed_Retarget,06/09/2026,25-34,Male,12.48,5.48,0.32,1.69,2276,39,0,,EUR
TT_PRODUKTLAUNCH26,1789010002,InFeed_Launch,08/25/2026,25-34,Female,37.29,8.02,0.33,2.42,4649,113,1,37.29,EUR
TT_LETO26_BrandAware,1789010001,InFeed_Retarget,06/23/2026,65+,Male,6.72,10.65,0.42,2.47,631,16,0,,EUR
TT_LETO26_BrandAware,1789010001,Spark_Awareness,06/17/2026,18-24,Female,18.0,6.12,0.4,1.51,2942,45,0,,EUR
TT_LETO26_BrandAware,1789010001,InFeed_Retarget,06/18/2026,55-64,Male,5.27,5.86,0.31,1.84,900,17,0,,EUR
TT_LETO26_BrandAware,1789010001,Spark_Awareness,06/27/2026,55-64,Male,13.32,5.87,0.36,1.64,2268,37,0,,EUR
TT_LETO26_BrandAware,1789010001,InFeed_Retarget,07/21/2026,65+,Male,3.42,7.4,0.38,1.94,462,9,0,,EUR
TT_LETO26_BrandAware,1789010001,InFeed_Prospecting,08/05/2026,25-34,Male,33.17,5.87,0.31,1.89,5651,107,0,,EUR
TT_PRODUKTLAUNCH26,1789010002,Spark_Ads,09/08/2026,65+,Female,9.5,6.15,0.5,1.26,1544,19,0,,EUR
TT_LETO26_BrandAware,1789010001,InFeed_Prospecting,07/06/2026,55-64,Female,17.92,6.08,0.32,1.91,2947,56,0,,EUR
TT_PRODUKTLAUNCH26,1789010002,InFeed_Launch,09/20/2026,55-64,Male,16.32,5.84,0.34,1.71,2793,48,0,,EUR
TT_PRODUKTLAUNCH26,1789010002,TopView,08/21/2026,35-44,Female,38.95,5.13,0.41,1.25,7589,95,1,38.95,EUR
TT_LETO26_BrandAware,1789010001,InFeed_Prospecting,07/17/2026,25-34,Male,16.47,3.31,0.27,1.22,4969,61,0,,EUR
TT_LETO26_BrandAware,1789010001,InFeed_Retarget,06/03/2026,25-34,Female,12.92,9.93,0.34,2.94,1301,38,0,,EUR
TT_LETO26_BrandAware,1789010001,Spark_Awareness,08/05/2026,45-54,Female,12.58,6.12,0.34,1.83,2054,37,0,,EUR
TT_PRODUKTLAUNCH26,1789010002,InFeed_Launch,10/24/2026,55-64,Female,12.9,7.85,0.43,1.84,1644,30,0,,EUR
TT_PRODUKTLAUNCH26,1789010002,InFeed_Launch,10/10/2026,25-34,Male,30.1,6.11,0.35,1.75,4927,86,1,30.1,EUR
TT_PRODUKTLAUNCH26,1789010002,Spark_Ads,10/19/2026,55-64,Male,12.8,4.92,0.32,1.54,2602,40,0,,EUR
TT_LETO26_BrandAware,1789010001,InFeed_Retarget,07/29/2026,45-54,Female,11.16,6.94,0.36,1.93,1607,31,0,,EUR
TT_PRODUKTLAUNCH26,1789010002,Spark_Ads,08/19/2026,65+,Male,12.8,4.97,0.4,1.25,2575,32,0,,EUR
TT_LETO26_BrandAware,1789010001,Spark_Awareness,07/06/2026,18-24,Female,17.5,6.93,0.35,1.98,2527,50,0,,EUR
TT_PRODUKTLAUNCH26,1789010002,InFeed_Launch,10/25/2026,45-54,Female,10.89,6.59,0.33,1.99,1653,33,0,,EUR
TT_PRODUKTLAUNCH26,1789010002,InFeed_Launch,10/25/2026,55-64,Female,6.8,4.82,0.34,1.39,1411,20,0,,EUR
TT_PRODUKTLAUNCH26,1789010002,Spark_Ads,09/19/2026,25-34,Female,72.24,9.83,0.42,2.35,7347,172,2,36.12,EUR
TT_PRODUKTLAUNCH26,1789010002,Spark_Ads,10/28/2026,35-44,Female,20.16,5.42,0.48,1.12,3721,42,1,20.16,EUR
TT_LETO26_BrandAware,1789010001,Spark_Awareness,07/31/2026,45-54,Female,17.1,7.6,0.38,1.99,2249,45,0,,EUR
TT_LETO26_BrandAware,1789010001,InFeed_Retarget,07/09/2026,65+,Male,9.9,12.45,0.45,2.8,795,22,0,,EUR
TT_LETO26_BrandAware,1789010001,Spark_Awareness,06/02/2026,18-24,Male,10.5,5.27,0.42,1.23,1994,25,0,,EUR
TT_LETO26_BrandAware,1789010001,InFeed_Retarget,06/06/2026,35-44,Male,9.6,7.42,0.32,2.34,1294,30,0,,EUR
TT_LETO26_BrandAware,1789010001,InFeed_Retarget,06/09/2026,18-24,Male,10.66,11.6,0.41,2.78,919,26,0,,EUR
TT_LETO26_BrandAware,1789010001,InFeed_Retarget,07/08/2026,45-54,Female,8.4,8.76,0.35,2.5,959,24,0,,EUR
TT_PRODUKTLAUNCH26,1789010002,InFeed_Launch,10/26/2026,55-64,Male,13.2,6.91,0.4,1.74,1911,33,0,,EUR
TT_PRODUKTLAUNCH26,1789010002,TopView,08/21/2026,45-54,Female,17.94,4.11,0.69,0.6,4367,26,0,,EUR
TT_LETO26_BrandAware,1789010001,InFeed_Prospecting,06/17/2026,55-64,Male,12.24,7.01,0.36,1.97,1747,34,0,,EUR
TT_LETO26_BrandAware,1789010001,InFeed_Retarget,08/14/2026,18-24,Male,7.8,6.87,0.39,1.8,1135,20,0,,EUR
TT_LETO26_BrandAware,1789010001,Spark_Awareness,08/13/2026,18-24,Female,18.45,7.67,0.45,1.7,2404,41,0,,EUR
TT_LETO26_BrandAware,1789010001,InFeed_Prospecting,07/20/2026,35-44,Male,18.63,4.41,0.27,1.62,4220,69,0,,EUR
TT_LETO26_BrandAware,1789010001,InFeed_Prospecting,06/11/2026,45-54,Female,12.96,5.47,0.36,1.51,2371,36,0,,EUR
TT_LETO26_BrandAware,1789010001,Spark_Awareness,06/09/2026,18-24,Male,26.22,9.65,0.46,2.08,2717,57,0,,EUR
TT_PRODUKTLAUNCH26,1789010002,Spark_Ads,10/01/2026,18-24,Male,28.38,6.81,0.43,1.59,4168,66,1,28.38,EUR
TT_LETO26_BrandAware,1789010001,Spark_Awareness,06/22/2026,35-44,Male,15.51,5.28,0.47,1.12,2935,33,0,,EUR
TT_PRODUKTLAUNCH26,1789010002,TopView,10/11/2026,35-44,Male,19.32,3.92,0.42,0.92,4931,46,0,,EUR
TT_LETO26_BrandAware,1789010001,Spark_Awareness,06/14/2026,18-24,Male,16.52,5.97,0.28,2.13,2766,59,0,,EUR
TT_PRODUKTLAUNCH26,1789010002,Spark_Ads,09/17/2026,18-24,Female,30.34,6.99,0.41,1.69,4339,74,1,30.34,EUR
TT_LETO26_BrandAware,1789010001,InFeed_Retarget,07/09/2026,55-64,Male,9.2,9.69,0.46,2.06,949,20,0,,EUR
TT_LETO26_BrandAware,1789010001,Spark_Awareness,06/15/2026,25-34,Female,14.96,6.62,0.44,1.51,2261,34,0,,EUR
TT_PRODUKTLAUNCH26,1789010002,InFeed_Launch,10/03/2026,35-44,Female,32.3,7.2,0.38,1.89,4489,85,1,32.3,EUR
TT_LETO26_BrandAware,1789010001,Spark_Awareness,08/13/2026,55-64,Female,6.3,4.76,0.3,1.56,1323,21,0,,EUR
TT_PRODUKTLAUNCH26,1789010002,InFeed_Launch,09/15/2026,55-64,Male,17.68,10.56,0.52,2.06,1675,34,0,,EUR
TT_PRODUKTLAUNCH26,1789010002,TopView,09/28/2026,45-54,Male,36.19,5.48,0.47,1.16,6604,77,0,,EUR
TT_LETO26_BrandAware,1789010001,InFeed_Retarget,06/19/2026,25-34,Male,15.5,6.61,0.31,2.14,2345,50,0,,EUR
TT_LETO26_BrandAware,1789010001,InFeed_Retarget,06/17/2026,18-24,Female,5.46,6.89,0.39,1.74,793,14,0,,EUR
TT_LETO26_BrandAware,1789010001,Spark_Awareness,08/08/2026,25-34,Female,14.28,5.44,0.42,1.28,2624,34,0,,EUR
TT_LETO26_BrandAware,1789010001,InFeed_Retarget,07/04/2026,55-64,Female,10.34,10.12,0.47,2.19,1022,22,0,,EUR
TT_PRODUKTLAUNCH26,1789010002,InFeed_Launch,09/14/2026,55-64,Female,37.23,12.58,0.51,2.45,2959,73,1,37.23,EUR
TT_PRODUKTLAUNCH26,1789010002,TopView,08/27/2026,35-44,Male,38.64,5.1,0.69,0.74,7581,56,0,,EUR
TT_PRODUKTLAUNCH26,1789010002,TopView,09/09/2026,45-54,Male,27.93,4.28,0.49,0.88,6524,57,0,,EUR
TT_PRODUKTLAUNCH26,1789010002,Spark_Ads,08/24/2026,25-34,Female,37.8,5.63,0.35,1.61,6719,108,1,37.8,EUR
TT_PRODUKTLAUNCH26,1789010002,TopView,09/29/2026,65+,Female,15.98,4.69,0.47,1.0,3410,34,0,,EUR
TT_LETO26_BrandAware,1789010001,Spark_Awareness,08/05/2026,45-54,Male,13.12,4.97,0.32,1.56,2642,41,0,,EUR
TT_PRODUKTLAUNCH26,1789010002,Spark_Ads,09/19/2026,45-54,Female,15.95,3.59,0.29,1.25,4443,55,1,15.95,EUR
TT_PRODUKTLAUNCH26,1789010002,InFeed_Launch,10/25/2026,18-24,Male,12.87,6.61,0.33,2.02,1948,39,0,,EUR
TT_LETO26_BrandAware,1789010001,InFeed_Prospecting,08/01/2026,55-64,Female,7.83,5.1,0.29,1.75,1534,27,0,,EUR
TT_PRODUKTLAUNCH26,1789010002,Spark_Ads,08/21/2026,65+,Male,15.58,5.05,0.38,1.32,3086,41,0,,EUR
TT_PRODUKTLAUNCH26,1789010002,InFeed_Launch,10/02/2026,65+,Female,10.88,7.4,0.32,2.33,1470,34,0,,EUR
TT_PRODUKTLAUNCH26,1789010002,TopView,10/13/2026,65+,Male,14.4,3.97,0.4,0.99,3625,36,0,,EUR
TT_LETO26_BrandAware,1789010001,InFeed_Retarget,06/14/2026,55-64,Male,8.17,10.33,0.43,2.45,791,19,0,,EUR
TT_PRODUKTLAUNCH26,1789010002,Spark_Ads,09/09/2026,65+,Male,25.38,8.62,0.47,1.83,2946,54,1,25.38,EUR
TT_PRODUKTLAUNCH26,1789010002,Spark_Ads,10/22/2026,65+,Male,18.85,6.59,0.29,2.28,2859,65,1,18.85,EUR
TT_PRODUKTLAUNCH26,1789010002,Spark_Ads,10/03/2026,65+,Female,11.16,8.04,0.36,2.2,1388,31,0,,EUR
TT_PRODUKTLAUNCH26,1789010002,InFeed_Launch,09/21/2026,45-54,Male,28.47,10.16,0.39,2.59,2802,73,1,28.47,EUR
TT_LETO26_BrandAware,1789010001,Spark_Awareness,06/04/2026,45-54,Female,22.09,8.5,0.47,1.8,2600,47,0,,EUR
TT_PRODUKTLAUNCH26,1789010002,TopView,08/26/2026,65+,Male,22.57,7.54,0.61,1.23,2993,37,0,,EUR
TT_PRODUKTLAUNCH26,1789010002,InFeed_Launch,09/18/2026,25-34,Male,19.2,6.93,0.3,2.3,2770,64,1,19.2,EUR
TT_PRODUKTLAUNCH26,1789010002,InFeed_Launch,10/20/2026,45-54,Male,14.8,5.79,0.37,1.56,2554,40,0,,EUR
TT_LETO26_BrandAware,1789010001,InFeed_Retarget,08/02/2026,45-54,Female,12.0,10.15,0.48,2.1,1182,25,0,,EUR
TT_PRODUKTLAUNCH26,1789010002,TopView,10/06/2026,35-44,Female,36.04,4.86,0.68,0.71,7411,53,0,,EUR
TT_LETO26_BrandAware,1789010001,InFeed_Retarget,07/12/2026,35-44,Female,8.4,4.88,0.3,1.64,1723,28,0,,EUR
TT_LETO26_BrandAware,1789010001,InFeed_Retarget,08/12/2026,55-64,Male,8.0,6.68,0.32,2.05,1198,25,0,,EUR
TT_LETO26_BrandAware,1789010001,InFeed_Prospecting,06/06/2026,65+,Male,8.4,5.39,0.4,1.36,1559,21,0,,EUR
TT_PRODUKTLAUNCH26,1789010002,TopView,08/27/2026,45-54,Female,22.57,5.98,0.61,0.97,3772,37,0,,EUR
TT_LETO26_BrandAware,1789010001,InFeed_Retarget,07/13/2026,35-44,Female,23.04,12.03,0.48,2.49,1915,48,0,,EUR
TT_LETO26_BrandAware,1789010001,InFeed_Retarget,07/19/2026,55-64,Male,12.32,8.48,0.44,1.95,1453,28,0,,EUR
TT_PRODUKTLAUNCH26,1789010002,TopView,09/17/2026,25-34,Female,24.96,6.07,0.48,1.28,4110,52,0,,EUR
TT_LETO26_BrandAware,1789010001,Spark_Awareness,06/10/2026,45-54,Male,23.1,6.72,0.33,2.05,3435,70,0,,EUR
TT_PRODUKTLAUNCH26,1789010002,TopView,09/23/2026,45-54,Male,37.76,5.15,0.64,0.81,7326,59,0,,EUR
TT_LETO26_BrandAware,1789010001,Spark_Awareness,08/07/2026,25-34,Female,15.91,5.15,0.43,1.19,3092,37,0,,EUR
TT_PRODUKTLAUNCH26,1789010002,TopView,10/19/2026,65+,Male,9.4,3.92,0.47,0.83,2397,20,0,,EUR
TT_LETO26_BrandAware,1789010001,InFeed_Retarget,07/17/2026,65+,Male,10.5,12.12,0.42,2.9,866,25,0,,EUR
TT_PRODUKTLAUNCH26,1789010002,Spark_Ads,09/19/2026,45-54,Male,58.8,10.34,0.49,2.12,5684,120,1,58.8,EUR
TT_PRODUKTLAUNCH26,1789010002,Spark_Ads,08/19/2026,55-64,Female,26.4,9.6,0.48,2.0,2750,55,1,26.4,EUR
TT_LETO26_BrandAware,1789010001,Spark_Awareness,06/09/2026,45-54,Female,20.58,7.92,0.42,1.87,2599,49,0,,EUR
TT_PRODUKTLAUNCH26,1789010002,TopView,09/02/2026,18-24,Male,31.86,6.53,0.59,1.1,4882,54,0,,EUR
TT_LETO26_BrandAware,1789010001,InFeed_Retarget,06/13/2026,18-24,Male,12.88,11.31,0.46,2.48,1139,28,0,,EUR
TT_LETO26_BrandAware,1789010001,InFeed_Retarget,07/11/2026,55-64,Male,16.56,12.74,0.46,2.73,1300,36,0,,EUR
TT_PRODUKTLAUNCH26,1789010002,TopView,08/20/2026,18-24,Male,45.36,7.39,0.63,1.17,6134,72,0,,EUR
TT_PRODUKTLAUNCH26,1789010002,Spark_Ads,08/16/2026,65+,Male,10.58,5.87,0.46,1.26,1802,23,0,,EUR
TT_PRODUKTLAUNCH26,1789010002,TopView,09/22/2026,45-54,Male,22.44,4.81,0.68,0.71,4661,33,0,,EUR
TT_LETO26_BrandAware,1789010001,Spark_Awareness,07/24/2026,45-54,Male,18.4,7.81,0.46,1.69,2355,40,0,,EUR
TT_LETO26_BrandAware,1789010001,InFeed_Prospecting,07/10/2026,25-34,Female,15.48,5.08,0.43,1.17,3050,36,0,,EUR
TT_LETO26_BrandAware,1789010001,InFeed_Prospecting,06/20/2026,65+,Male,8.99,5.48,0.31,1.74,1641,29,0,,EUR
TT_LETO26_BrandAware,1789010001,Spark_Awareness,07/04/2026,35-44,Female,15.75,4.29,0.35,1.22,3668,45,0,,EUR
TT_LETO26_BrandAware,1789010001,InFeed_Retarget,07/11/2026,18-24,Female,15.54,11.49,0.42,2.73,1353,37,0,,EUR
TT_PRODUKTLAUNCH26,1789010002,TopView,08/25/2026,25-34,Male,46.98,7.07,0.58,1.22,6644,81,0,,EUR
TT_LETO26_BrandAware,1789010001,InFeed_Retarget,07/04/2026,18-24,Female,9.24,11.11,0.44,2.51,832,21,0,,EUR
TT_PRODUKTLAUNCH26,1789010002,TopView,09/19/2026,65+,Female,14.26,4.33,0.62,0.7,3296,23,0,,EUR
TT_LETO26_BrandAware,1789010001,Spark_Awareness,07/13/2026,35-44,Male,11.22,3.48,0.34,1.03,3222,33,0,,EUR
TT_LETO26_BrandAware,1789010001,Spark_Awareness,08/07/2026,55-64,Male,21.5,8.44,0.43,1.95,2547,50,0,,EUR
TT_PRODUKTLAUNCH26,1789010002,InFeed_Launch,09/13/2026,55-64,Male,15.84,6.4,0.48,1.35,2475,33,0,,EUR
TT_LETO26_BrandAware,1789010001,InFeed_Prospecting,06/06/2026,55-64,Female,26.4,7.61,0.44,1.73,3467,60,0,,EUR
TT_LETO26_BrandAware,1789010001,InFeed_Retarget,06/17/2026,35-44,Male,8.06,5.48,0.31,1.77,1471,26,0,,EUR
TT_PRODUKTLAUNCH26,1789010002,Spark_Ads,08/27/2026,55-64,Female,10.54,4.61,0.34,1.34,2284,31,0,,EUR
TT_LETO26_BrandAware,1789010001,InFeed_Retarget,07/22/2026,35-44,Male,11.56,5.37,0.34,1.6,2151,34,0,,EUR
TT_LETO26_BrandAware,1789010001,InFeed_Prospecting,07/10/2026,55-64,Male,7.29,3.49,0.27,1.32,2088,27,0,,EUR
TT_LETO26_BrandAware,1789010001,Spark_Awareness,07/17/2026,35-44,Female,26.28,7.51,0.36,2.07,3500,73,0,,EUR
TT_LETO26_BrandAware,1789010001,Spark_Awareness,07/03/2026,55-64,Male,18.62,6.95,0.38,1.81,2679,49,0,,EUR
TT_LETO26_BrandAware,1789010001,InFeed_Retarget,07/20/2026,25-34,Female,13.33,8.75,0.43,2.06,1523,31,0,,EUR
TT_LETO26_BrandAware,1789010001,InFeed_Retarget,07/01/2026,25-34,Female,11.78,10.46,0.38,2.76,1126,31,0,,EUR
TT_LETO26_BrandAware,1789010001,Spark_Awareness,06/30/2026,45-54,Female,19.78,8.48,0.43,1.96,2332,46,0,,EUR
TT_LETO26_BrandAware,1789010001,Spark_Awareness,08/11/2026,35-44,Male,19.2,5.67,0.32,1.76,3385,60,0,,EUR
TT_LETO26_BrandAware,1789010001,Spark_Awareness,06/27/2026,45-54,Male,8.99,3.83,0.29,1.33,2345,31,0,,EUR
TT_PRODUKTLAUNCH26,1789010002,Spark_Ads,10/03/2026,35-44,Male,21.76,6.65,0.34,1.96,3271,64,1,21.76,EUR
TT_PRODUKTLAUNCH26,1789010002,InFeed_Launch,08/25/2026,45-54,Female,16.81,9.47,0.41,2.29,1775,41,0,,EUR
TT_LETO26_BrandAware,1789010001,Spark_Awareness,06/05/2026,35-44,Male,23.56,6.2,0.38,1.64,3800,62,0,,EUR
TT_LETO26_BrandAware,1789010001,Spark_Awareness,08/04/2026,18-24,Female,18.0,6.77,0.45,1.5,2659,40,0,,EUR
TT_PRODUKTLAUNCH26,1789010002,InFeed_Launch,10/08/2026,25-34,Female,34.17,9.48,0.51,1.86,3603,67,1,34.17,EUR
TT_PRODUKTLAUNCH26,1789010002,TopView,09/09/2026,18-24,Female,22.95,5.26,0.45,1.18,4363,51,0,,EUR
TT_LETO26_BrandAware,1789010001,InFeed_Prospecting,08/12/2026,18-24,Male,16.8,4.73,0.42,1.13,3554,40,0,,EUR
TT_LETO26_BrandAware,1789010001,InFeed_Retarget,06/15/2026,55-64,Female,5.2,8.57,0.4,2.14,607,13,0,,EUR
TT_PRODUKTLAUNCH26,1789010002,TopView,08/25/2026,65+,Male,22.44,6.55,0.66,1.01,3425,34,0,,EUR
TT_LETO26_BrandAware,1789010001,InFeed_Retarget,07/27/2026,35-44,Male,17.16,8.11,0.33,2.46,2117,52,0,,EUR
TT_PRODUKTLAUNCH26,1789010002,InFeed_Launch,09/28/2026,65+,Male,10.56,7.09,0.44,1.63,1489,24,0,,EUR
TT_LETO26_BrandAware,1789010001,InFeed_Retarget,07/17/2026,25-34,Male,17.64,7.11,0.42,1.7,2482,42,0,,EUR
TT_PRODUKTLAUNCH26,1789010002,TopView,10/04/2026,55-64,Female,16.5,6.37,0.55,1.14,2590,30,0,,EUR
TT_LETO26_BrandAware,1789010001,InFeed_Prospecting,07/05/2026,45-54,Female,23.2,5.5,0.29,1.89,4216,80,0,,EUR
TT_PRODUKTLAUNCH26,1789010002,TopView,10/09/2026,35-44,Female,52.14,7.78,0.66,1.18,6701,79,0,,EUR
TT_PRODUKTLAUNCH26,1789010002,Spark_Ads,09/17/2026,55-64,Female,23.0,5.7,0.46,1.24,4034,50,1,23.0,EUR
TT_PRODUKTLAUNCH26,1789010002,InFeed_Launch,09/10/2026,18-24,Female,16.77,6.92,0.43,1.6,2425,39,0,,EUR
TT_PRODUKTLAUNCH26,1789010002,InFeed_Launch,08/22/2026,45-54,Male,24.7,9.46,0.38,2.47,2612,65,1,24.7,EUR
TT_PRODUKTLAUNCH26,1789010002,Spark_Ads,10/07/2026,35-44,Male,17.4,4.91,0.3,1.63,3541,58,1,17.4,EUR
TT_LETO26_BrandAware,1789010001,Spark_Awareness,06/09/2026,18-24,Female,25.76,8.84,0.46,1.91,2914,56,0,,EUR
TT_LETO26_BrandAware,1789010001,InFeed_Prospecting,07/01/2026,65+,Female,8.1,4.81,0.27,1.77,1683,30,0,,EUR
TT_LETO26_BrandAware,1789010001,Spark_Awareness,07/22/2026,65+,Female,3.3,3.36,0.33,1.07,981,10,0,,EUR
TT_LETO26_BrandAware,1789010001,Spark_Awareness,06/18/2026,55-64,Male,5.74,4.38,0.41,1.05,1311,14,0,,EUR
TT_LETO26_BrandAware,1789010001,InFeed_Prospecting,06/03/2026,65+,Male,10.85,6.19,0.35,1.74,1753,31,0,,EUR
TT_PRODUKTLAUNCH26,1789010002,TopView,10/19/2026,18-24,Female,33.15,5.35,0.51,1.05,6200,65,0,,EUR
TT_LETO26_BrandAware,1789010001,InFeed_Prospecting,08/03/2026,45-54,Male,25.2,5.37,0.35,1.53,4689,72,0,,EUR
TT_LETO26_BrandAware,1789010001,InFeed_Retarget,08/12/2026,65+,Male,8.74,13.2,0.46,2.91,662,19,0,,EUR
TT_LETO26_BrandAware,1789010001,Spark_Awareness,06/20/2026,65+,Female,10.2,7.24,0.34,2.1,1408,30,0,,EUR
TT_LETO26_BrandAware,1789010001,InFeed_Retarget,08/10/2026,35-44,Male,20.8,9.36,0.4,2.35,2223,52,0,,EUR
TT_LETO26_BrandAware,1789010001,InFeed_Prospecting,07/24/2026,25-34,Male,15.21,4.75,0.39,1.22,3203,39,0,,EUR
TT_PRODUKTLAUNCH26,1789010002,Spark_Ads,09/14/2026,35-44,Female,20.3,5.48,0.29,1.9,3704,70,1,20.3,EUR
TT_PRODUKTLAUNCH26,1789010002,TopView,09/08/2026,45-54,Male,24.64,4.43,0.56,0.78,5568,44,0,,EUR
TT_PRODUKTLAUNCH26,1789010002,InFeed_Launch,10/03/2026,55-64,Male,20.58,7.46,0.42,1.78,2760,49,0,,EUR
TT_LETO26_BrandAware,1789010001,InFeed_Prospecting,08/09/2026,25-34,Male,21.28,4.53,0.38,1.19,4698,56,0,,EUR
TT_PRODUKTLAUNCH26,1789010002,InFeed_Launch,08/23/2026,45-54,Female,24.99,7.25,0.51,1.41,3446,49,0,,EUR
TT_PRODUKTLAUNCH26,1789010002,TopView,08/24/2026,25-34,Male,56.28,6.47,0.67,0.96,8704,84,1,56.28,EUR
TT_PRODUKTLAUNCH26,1789010002,Spark_Ads,09/05/2026,65+,Female,13.5,5.91,0.3,1.97,2286,45,1,13.5,EUR
TT_PRODUKTLAUNCH26,1789010002,Spark_Ads,09/26/2026,25-34,Female,21.46,4.2,0.37,1.13,5112,58,1,21.46,EUR
TT_LETO26_BrandAware,1789010001,InFeed_Prospecting,08/06/2026,35-44,Female,23.2,7.54,0.4,1.9,3076,58,0,,EUR
TT_LETO26_BrandAware,1789010001,InFeed_Retarget,07/28/2026,45-54,Female,5.92,6.3,0.37,1.67,940,16,0,,EUR
TT_LETO26_BrandAware,1789010001,InFeed_Retarget,06/06/2026,65+,Female,7.52,9.59,0.47,2.0,784,16,0,,EUR
TT_PRODUKTLAUNCH26,1789010002,InFeed_Launch,10/14/2026,55-64,Female,22.23,10.19,0.39,2.6,2181,57,1,22.23,EUR
TT_PRODUKTLAUNCH26,1789010002,TopView,08/15/2026,18-24,Male,16.92,5.35,0.47,1.14,3165,36,0,,EUR
TT_LETO26_BrandAware,1789010001,InFeed_Prospecting,07/26/2026,65+,Male,7.26,3.64,0.33,1.13,1995,22,0,,EUR
TT_PRODUKTLAUNCH26,1789010002,Spark_Ads,10/16/2026,55-64,Male,20.52,7.36,0.36,2.05,2788,57,1,20.52,EUR
TT_LETO26_BrandAware,1789010001,Spark_Awareness,08/06/2026,65+,Female,8.19,6.37,0.39,1.64,1285,21,0,,EUR
TT_PRODUKTLAUNCH26,1789010002,TopView,10/24/2026,35-44,Female,70.7,9.21,0.7,1.32,7673,101,1,70.7,EUR
TT_LETO26_BrandAware,1789010001,InFeed_Retarget,06/24/2026,25-34,Female,10.56,7.54,0.32,2.39,1400,33,0,,EUR
TT_LETO26_BrandAware,1789010001,InFeed_Retarget,06/18/2026,45-54,Female,8.4,9.1,0.35,2.64,923,24,0,,EUR
TT_PRODUKTLAUNCH26,1789010002,InFeed_Launch,08/24/2026,18-24,Female,27.5,11.6,0.5,2.31,2371,55,1,27.5,EUR
TT_PRODUKTLAUNCH26,1789010002,InFeed_Launch,09/29/2026,65+,Male,10.0,10.28,0.4,2.53,973,25,0,,EUR
TT_LETO26_BrandAware,1789010001,InFeed_Prospecting,06/08/2026,65+,Female,12.96,5.72,0.36,1.59,2267,36,0,,EUR
TT_LETO26_BrandAware,1789010001,InFeed_Prospecting,06/07/2026,25-34,Male,33.97,6.34,0.43,1.47,5354,79,0,,EUR
TT_LETO26_BrandAware,1789010001,InFeed_Prospecting,06/24/2026,18-24,Female,24.0,6.73,0.4,1.67,3568,60,0,,EUR
TT_PRODUKTLAUNCH26,1789010002,Spark_Ads,10/19/2026,65+,Female,8.55,6.44,0.45,1.45,1328,19,0,,EUR
TT_PRODUKTLAUNCH26,1789010002,Spark_Ads,08/31/2026,18-24,Female,32.4,6.37,0.4,1.59,5088,81,1,32.4,EUR
TT_LETO26_BrandAware,1789010001,InFeed_Retarget,06/07/2026,18-24,Female,11.89,11.15,0.41,2.72,1066,29,0,,EUR
TT_LETO26_BrandAware,1789010001,Spark_Awareness,08/12/2026,45-54,Female,13.02,4.16,0.31,1.35,3128,42,0,,EUR
TT_PRODUKTLAUNCH26,1789010002,TopView,10/01/2026,18-24,Male,41.4,5.94,0.45,1.32,6971,92,1,41.4,EUR
TT_PRODUKTLAUNCH26,1789010002,TopView,09/07/2026,35-44,Female,40.18,5.02,0.49,1.02,8000,82,0,,EUR
TT_PRODUKTLAUNCH26,1789010002,TopView,08/21/2026,18-24,Female,14.4,4.41,0.48,0.93,3264,30,0,,EUR
TT_LETO26_BrandAware,1789010001,Spark_Awareness,07/01/2026,25-34,Female,13.32,6.49,0.36,1.81,2051,37,0,,EUR
TT_PRODUKTLAUNCH26,1789010002,Spark_Ads,08/25/2026,55-64,Female,18.2,7.71,0.35,2.22,2362,52,1,18.2,EUR
TT_PRODUKTLAUNCH26,1789010002,InFeed_Launch,08/16/2026,45-54,Female,32.34,11.76,0.49,2.39,2750,66,1,32.34,EUR
TT_LETO26_BrandAware,1789010001,Spark_Awareness,08/10/2026,55-64,Female,6.9,6.01,0.46,1.33,1149,15,0,,EUR
TT_LETO26_BrandAware,1789010001,InFeed_Prospecting,08/11/2026,35-44,Female,13.0,4.21,0.26,1.62,3090,50,0,,EUR
TT_LETO26_BrandAware,1789010001,Spark_Awareness,06/21/2026,55-64,Male,14.72,7.55,0.46,1.65,1949,32,0,,EUR
TT_LETO26_BrandAware,1789010001,Spark_Awareness,07/23/2026,25-34,Female,18.06,8.63,0.42,2.07,2093,43,0,,EUR
TT_PRODUKTLAUNCH26,1789010002,TopView,10/19/2026,45-54,Male,37.4,5.05,0.68,0.74,7405,55,0,,EUR
TT_PRODUKTLAUNCH26,1789010002,InFeed_Launch,10/19/2026,35-44,Male,24.8,6.27,0.4,1.57,3956,62,1,24.8,EUR
TT_PRODUKTLAUNCH26,1789010002,Spark_Ads,08/17/2026,18-24,Male,33.12,9.48,0.48,1.97,3495,69,1,33.12,EUR
TT_LETO26_BrandAware,1789010001,InFeed_Retarget,06/24/2026,35-44,Male,22.68,10.49,0.42,2.51,2163,54,0,,EUR
TT_PRODUKTLAUNCH26,1789010002,TopView,10/17/2026,25-34,Male,47.52,5.61,0.66,0.85,8475,72,0,,EUR
TT_PRODUKTLAUNCH26,1789010002,InFeed_Launch,10/19/2026,25-34,Female,25.52,6.88,0.44,1.56,3707,58,1,25.52,EUR
TT_PRODUKTLAUNCH26,1789010002,Spark_Ads,09/13/2026,25-34,Female,56.0,8.01,0.35,2.29,6990,160,2,28.0,EUR
TT_LETO26_BrandAware,1789010001,Spark_Awareness,08/04/2026,35-44,Female,25.2,7.28,0.45,1.61,3461,56,0,,EUR
TT_PRODUKTLAUNCH26,1789010002,InFeed_Launch,10/21/2026,18-24,Male,21.93,7.8,0.43,1.83,2811,51,1,21.93,EUR
TT_LETO26_BrandAware,1789010001,InFeed_Retarget,06/20/2026,65+,Male,10.5,11.62,0.42,2.81,904,25,0,,EUR
TT_PRODUKTLAUNCH26,1789010002,TopView,10/23/2026,45-54,Male,25.8,4.73,0.6,0.8,5450,43,0,,EUR
TT_LETO26_BrandAware,1789010001,Spark_Awareness,08/04/2026,55-64,Female,9.92,5.68,0.31,1.83,1746,32,0,,EUR
TT_LETO26_BrandAware,1789010001,InFeed_Retarget,06/13/2026,55-64,Male,14.28,10.19,0.34,2.97,1402,42,0,,EUR
TT_PRODUKTLAUNCH26,1789010002,Spark_Ads,09/18/2026,55-64,Female,19.68,9.59,0.41,2.35,2052,48,1,19.68,EUR
TT_LETO26_BrandAware,1789010001,InFeed_Prospecting,06/12/2026,45-54,Female,7.68,3.99,0.32,1.24,1923,24,0,,EUR
TT_PRODUKTLAUNCH26,1789010002,TopView,08/25/2026,18-24,Female,24.18,4.64,0.62,0.74,5216,39,0,,EUR
TT_LETO26_BrandAware,1789010001,InFeed_Prospecting,07/07/2026,18-24,Male,11.61,2.92,0.27,1.08,3978,43,0,,EUR
TT_PRODUKTLAUNCH26,1789010002,TopView,08/24/2026,25-34,Female,30.75,3.33,0.41,0.81,9239,75,0,,EUR
TT_LETO26_BrandAware,1789010001,InFeed_Prospecting,06/17/2026,45-54,Female,8.68,2.7,0.28,0.96,3209,31,0,,EUR
TT_PRODUKTLAUNCH26,1789010002,TopView,08/18/2026,55-64,Male,36.85,9.29,0.67,1.39,3967,55,0,,EUR
TT_LETO26_BrandAware,1789010001,Spark_Awareness,06/07/2026,45-54,Female,18.9,6.88,0.35,1.97,2746,54,0,,EUR
TT_LETO26_BrandAware,1789010001,InFeed_Prospecting,06/22/2026,25-34,Male,20.35,4.38,0.37,1.18,4646,55,0,,EUR
TT_LETO26_BrandAware,1789010001,InFeed_Prospecting,07/26/2026,18-24,Male,19.76,4.97,0.26,1.93,3972,76,0,,EUR
TT_PRODUKTLAUNCH26,1789010002,Spark_Ads,10/15/2026,18-24,Female,21.56,9.84,0.44,2.23,2192,49,1,21.56,EUR
TT_LETO26_BrandAware,1789010001,InFeed_Retarget,08/05/2026,18-24,Male,5.76,5.28,0.32,1.67,1091,18,0,,EUR
TT_PRODUKTLAUNCH26,1789010002,Spark_Ads,08/22/2026,55-64,Female,20.64,8.99,0.43,2.09,2295,48,1,20.64,EUR
TT_PRODUKTLAUNCH26,1789010002,Spark_Ads,10/17/2026,45-54,Female,28.98,5.41,0.42,1.29,5354,69,1,28.98,EUR
TT_PRODUKTLAUNCH26,1789010002,Spark_Ads,09/23/2026,55-64,Female,14.0,5.34,0.28,1.93,2620,50,1,14.0,EUR
TT_LETO26_BrandAware,1789010001,InFeed_Retarget,06/19/2026,55-64,Male,13.44,12.82,0.48,2.71,1048,28,0,,EUR
TT_PRODUKTLAUNCH26,1789010002,InFeed_Launch,08/24/2026,35-44,Female,20.06,5.19,0.34,1.54,3863,59,1,20.06,EUR
TT_PRODUKTLAUNCH26,1789010002,TopView,09/26/2026,65+,Female,8.16,3.21,0.48,0.69,2545,17,0,,EUR
TT_LETO26_BrandAware,1789010001,InFeed_Prospecting,06/18/2026,45-54,Female,20.77,5.42,0.31,1.75,3831,67,0,,EUR
TT_LETO26_BrandAware,1789010001,InFeed_Retarget,07/15/2026,35-44,Female,16.8,10.29,0.42,2.42,1633,40,0,,EUR
TT_LETO26_BrandAware,1789010001,Spark_Awareness,08/10/2026,65+,Female,10.35,9.32,0.45,2.09,1110,23,0,,EUR
TT_LETO26_BrandAware,1789010001,InFeed_Retarget,06/21/2026,65+,Male,6.46,6.95,0.38,1.81,929,17,0,,EUR
TT_PRODUKTLAUNCH26,1789010002,Spark_Ads,10/17/2026,55-64,Male,15.51,4.46,0.33,1.34,3480,47,1,15.51,EUR
TT_PRODUKTLAUNCH26,1789010002,Spark_Ads,09/10/2026,35-44,Male,19.43,4.45,0.29,1.54,4371,67,1,19.43,EUR
TT_PRODUKTLAUNCH26,1789010002,Spark_Ads,09/22/2026,45-54,Male,47.97,8.46,0.39,2.16,5673,123,1,47.97,EUR
TT_PRODUKTLAUNCH26,1789010002,Spark_Ads,10/10/2026,45-54,Male,34.2,6.03,0.38,1.58,5671,90,1,34.2,EUR
TT_LETO26_BrandAware,1789010001,InFeed_Retarget,06/18/2026,65+,Female,3.36,7.87,0.42,1.91,427,8,0,,EUR
TT_PRODUKTLAUNCH26,1789010002,TopView,08/20/2026,55-64,Male,19.8,5.4,0.6,0.89,3668,33,0,,EUR
TT_LETO26_BrandAware,1789010001,Spark_Awareness,06/28/2026,45-54,Male,21.6,6.53,0.4,1.63,3308,54,0,,EUR
TT_PRODUKTLAUNCH26,1789010002,Spark_Ads,09/21/2026,18-24,Female,40.42,10.42,0.47,2.21,3879,86,1,40.42,EUR
TT_PRODUKTLAUNCH26,1789010002,InFeed_Launch,09/23/2026,35-44,Male,49.2,10.33,0.4,2.58,4764,123,1,49.2,EUR
TT_PRODUKTLAUNCH26,1789010002,Spark_Ads,10/08/2026,55-64,Female,17.1,5.28,0.3,1.76,3241,57,1,17.1,EUR
TT_PRODUKTLAUNCH26,1789010002,Spark_Ads,10/04/2026,25-34,Male,52.5,7.77,0.35,2.23,6754,150,2,26.25,EUR
TT_LETO26_BrandAware,1789010001,Spark_Awareness,07/15/2026,35-44,Male,14.35,5.26,0.35,1.49,2727,41,0,,EUR
TT_LETO26_BrandAware,1789010001,Spark_Awareness,08/12/2026,35-44,Female,17.82,4.91,0.33,1.48,3626,54,0,,EUR
TT_LETO26_BrandAware,1789010001,InFeed_Prospecting,07/14/2026,18-24,Male,16.5,4.42,0.3,1.47,3729,55,0,,EUR
TT_PRODUKTLAUNCH26,1789010002,InFeed_Launch,10/05/2026,18-24,Female,25.5,8.25,0.5,1.65,3092,51,1,25.5,EUR
TT_LETO26_BrandAware,1789010001,InFeed_Retarget,06/30/2026,25-34,Male,16.38,9.8,0.39,2.48,1672,42,0,,EUR
TT_LETO26_BrandAware,1789010001,InFeed_Prospecting,06/10/2026,65+,Male,9.02,5.03,0.41,1.2,1792,22,0,,EUR
TT_PRODUKTLAUNCH26,1789010002,TopView,10/16/2026,18-24,Female,34.84,8.86,0.67,1.31,3933,52,0,,EUR
TT_PRODUKTLAUNCH26,1789010002,InFeed_Launch,10/09/2026,55-64,Female,18.5,7.04,0.37,1.91,2629,50,0,,EUR
TT_PRODUKTLAUNCH26,1789010002,Spark_Ads,08/26/2026,18-24,Female,16.92,5.01,0.36,1.39,3374,47,1,16.92,EUR
TT_PRODUKTLAUNCH26,1789010002,Spark_Ads,08/25/2026,35-44,Female,21.15,5.61,0.47,1.19,3772,45,1,21.15,EUR
TT_LETO26_BrandAware,1789010001,InFeed_Retarget,07/06/2026,55-64,Male,14.62,9.99,0.34,2.97,1463,43,0,,EUR
TT_PRODUKTLAUNCH26,1789010002,TopView,09/05/2026,55-64,Female,28.67,6.36,0.61,1.04,4511,47,0,,EUR
TT_LETO26_BrandAware,1789010001,InFeed_Prospecting,07/29/2026,35-44,Female,14.5,2.69,0.29,0.93,5390,50,0,,EUR
TT_PRODUKTLAUNCH26,1789010002,TopView,10/19/2026,25-34,Female,33.28,5.89,0.52,1.13,5655,64,0,,EUR
TT_LETO26_BrandAware,1789010001,InFeed_Prospecting,06/29/2026,55-64,Male,7.38,3.89,0.41,0.94,1897,18,0,,EUR
TT_LETO26_BrandAware,1789010001,Spark_Awareness,07/29/2026,45-54,Female,19.27,8.02,0.47,1.72,2402,41,0,,EUR
TT_LETO26_BrandAware,1789010001,InFeed_Prospecting,06/07/2026,55-64,Male,21.07,8.26,0.43,1.92,2550,49,0,,EUR
TT_LETO26_BrandAware,1789010001,Spark_Awareness,07/24/2026,18-24,Female,14.06,5.8,0.37,1.55,2426,38,0,,EUR
TT_PRODUKTLAUNCH26,1789010002,InFeed_Launch,09/17/2026,55-64,Female,30.6,11.61,0.51,2.29,2636,60,1,30.6,EUR
TT_PRODUKTLAUNCH26,1789010002,InFeed_Launch,09/25/2026,25-34,Female,29.76,10.05,0.48,2.11,2960,62,1,29.76,EUR
TT_PRODUKTLAUNCH26,1789010002,Spark_Ads,09/26/2026,45-54,Female,39.69,9.33,0.49,1.9,4253,81,1,39.69,EUR
TT_PRODUKTLAUNCH26,1789010002,TopView,09/01/2026,25-34,Male,33.06,3.85,0.58,0.67,8592,57,0,,EUR
TT_PRODUKTLAUNCH26,1789010002,InFeed_Launch,08/17/2026,55-64,Female,12.48,8.46,0.39,2.19,1475,32,0,,EUR
TT_PRODUKTLAUNCH26,1789010002,InFeed_Launch,09/04/2026,25-34,Female,29.64,8.02,0.39,2.04,3697,76,1,29.64,EUR
TT_PRODUKTLAUNCH26,1789010002,TopView,10/23/2026,18-24,Male,40.32,6.66,0.48,1.39,6050,84,1,40.32,EUR
TT_LETO26_BrandAware,1789010001,InFeed_Retarget,07/06/2026,18-24,Male,8.64,5.15,0.32,1.64,1677,27,0,,EUR
TT_LETO26_BrandAware,1789010001,InFeed_Prospecting,06/25/2026,18-24,Male,16.64,3.83,0.32,1.18,4349,52,0,,EUR
TT_LETO26_BrandAware,1789010001,Spark_Awareness,07/31/2026,65+,Female,9.45,5.96,0.45,1.34,1585,21,0,,EUR
TT_LETO26_BrandAware,1789010001,Spark_Awareness,08/07/2026,25-34,Male,17.48,7.34,0.38,1.92,2380,46,0,,EUR
TT_PRODUKTLAUNCH26,1789010002,Spark_Ads,09/20/2026,45-54,Male,22.4,4.43,0.4,1.11,5059,56,1,22.4,EUR
TT_LETO26_BrandAware,1789010001,InFeed_Retarget,08/14/2026,55-64,Male,12.6,8.79,0.42,2.09,1434,30,0,,EUR
TT_LETO26_BrandAware,1789010001,InFeed_Prospecting,06/26/2026,55-64,Male,4.75,2.4,0.25,0.97,1980,19,0,,EUR
TT_PRODUKTLAUNCH26,1789010002,TopView,09/02/2026,55-64,Female,10.56,4.26,0.48,0.9,2476,22,0,,EUR
TT_PRODUKTLAUNCH26,1789010002,TopView,10/14/2026,18-24,Female,43.92,7.99,0.61,1.3,5494,72,0,,EUR
TT_PRODUKTLAUNCH26,1789010002,InFeed_Launch,08/25/2026,18-24,Male,29.6,7.98,0.4,2.0,3711,74,1,29.6,EUR
TT_PRODUKTLAUNCH26,1789010002,Spark_Ads,09/07/2026,45-54,Female,25.23,5.73,0.29,1.96,4406,87,1,25.23,EUR
TT_LETO26_BrandAware,1789010001,InFeed_Retarget,07/16/2026,25-34,Female,20.68,12.32,0.47,2.65,1679,44,0,,EUR
TT_LETO26_BrandAware,1789010001,InFeed_Retarget,07/23/2026,18-24,Female,7.35,6.71,0.35,1.9,1096,21,0,,EUR
TT_PRODUKTLAUNCH26,1789010002,Spark_Ads,10/13/2026,18-24,Male,22.4,7.14,0.4,1.78,3136,56,1,22.4,EUR
TT_LETO26_BrandAware,1789010001,InFeed_Retarget,06/10/2026,55-64,Male,7.14,6.8,0.42,1.64,1050,17,0,,EUR
TT_LETO26_BrandAware,1789010001,InFeed_Retarget,06/06/2026,25-34,Male,13.92,8.71,0.48,1.84,1598,29,0,,EUR
TT_PRODUKTLAUNCH26,1789010002,Spark_Ads,09/07/2026,18-24,Male,34.98,7.02,0.33,2.12,4982,106,1,34.98,EUR
TT_PRODUKTLAUNCH26,1789010002,InFeed_Launch,09/08/2026,35-44,Female,23.0,8.09,0.5,1.63,2843,46,0,,EUR
TT_PRODUKTLAUNCH26,1789010002,Spark_Ads,09/19/2026,18-24,Male,14.7,5.0,0.35,1.43,2940,42,1,14.7,EUR
TT_PRODUKTLAUNCH26,1789010002,TopView,08/30/2026,35-44,Male,37.2,4.12,0.6,0.68,9024,62,0,,EUR
TT_PRODUKTLAUNCH26,1789010002,Spark_Ads,09/29/2026,65+,Male,14.7,4.74,0.42,1.14,3098,35,0,,EUR
TT_PRODUKTLAUNCH26,1789010002,InFeed_Launch,10/14/2026,18-24,Female,32.16,9.12,0.48,1.9,3526,67,1,32.16,EUR
TT_LETO26_BrandAware,1789010001,InFeed_Prospecting,06/30/2026,35-44,Male,18.62,3.62,0.38,0.95,5143,49,0,,EUR
TT_LETO26_BrandAware,1789010001,InFeed_Prospecting,06/25/2026,35-44,Female,10.66,3.08,0.26,1.19,3458,41,0,,EUR
TT_PRODUKTLAUNCH26,1789010002,TopView,10/24/2026,55-64,Female,48.3,9.42,0.69,1.36,5128,70,0,,EUR
TT_LETO26_BrandAware,1789010001,InFeed_Retarget,06/18/2026,55-64,Female,6.6,6.73,0.3,2.29,981,22,0,,EUR
TT_LETO26_BrandAware,1789010001,Spark_Awareness,07/11/2026,35-44,Male,29.6,7.6,0.37,2.05,3897,80,0,,EUR
TT_PRODUKTLAUNCH26,1789010002,InFeed_Launch,10/08/2026,18-24,Female,28.86,8.57,0.37,2.33,3366,78,1,28.86,EUR
TT_PRODUKTLAUNCH26,1789010002,Spark_Ads,09/06/2026,35-44,Female,36.34,10.54,0.46,2.28,3447,79,1,36.34,EUR
TT_LETO26_BrandAware,1789010001,Spark_Awareness,07/02/2026,45-54,Female,6.82,3.87,0.31,1.27,1764,22,0,,EUR
TT_LETO26_BrandAware,1789010001,Spark_Awareness,07/28/2026,65+,Male,2.61,3.09,0.29,1.02,844,9,0,,EUR
TT_LETO26_BrandAware,1789010001,Spark_Awareness,08/11/2026,25-34,Male,12.09,5.01,0.31,1.61,2411,39,0,,EUR
TT_LETO26_BrandAware,1789010001,InFeed_Retarget,06/02/2026,25-34,Male,22.0,11.44,0.44,2.61,1923,50,0,,EUR
TT_LETO26_BrandAware,1789010001,InFeed_Retarget,07/21/2026,25-34,Female,15.98,7.39,0.34,2.16,2161,47,0,,EUR
TT_LETO26_BrandAware,1789010001,InFeed_Prospecting,06/21/2026,18-24,Male,14.52,6.44,0.44,1.46,2256,33,0,,EUR
TT_LETO26_BrandAware,1789010001,InFeed_Prospecting,07/13/2026,45-54,Male,23.94,5.07,0.38,1.33,4721,63,0,,EUR
TT_LETO26_BrandAware,1789010001,InFeed_Retarget,07/28/2026,18-24,Female,16.66 EUR,11.96,0.49,2.44,1393,34,0,,EUR
TT_LETO26_BrandAware,1789010001,InFeed_Retarget,07/31/2026,45-54,Male,14.72,8.67,0.46,1.86,1698,32,0,,EUR
TT_PRODUKTLAUNCH26,1789010002,Spark_Ads,09/27/2026,55-64,Male,16.34,6.74,0.38,1.79,2423,43,1,16.34,EUR
TT_LETO26_BrandAware,1789010001,InFeed_Retarget,06/27/2026,18-24,Female,8.58,11.67,0.39,2.98,735,22,0,,EUR
TT_LETO26_BrandAware,1789010001,InFeed_Retarget,06/19/2026,45-54,Female,9.66,11.13,0.46,2.46,868,21,0,,EUR
TT_LETO26_BrandAware,1789010001,Spark_Awareness,07/22/2026,18-24,Male,15.2,5.82,0.38,1.55,2612,40,0,,EUR
TT_LETO26_BrandAware,1789010001,InFeed_Retarget,07/08/2026,55-64,Female,9.43,9.26,0.41,2.22,1018,23,0,,EUR
TT_PRODUKTLAUNCH26,1789010002,Spark_Ads,10/15/2026,35-44,Male,20.16,4.0,0.32,1.24,5044,63,1,20.16,EUR
TT_PRODUKTLAUNCH26,1789010002,TopView,08/23/2026,65+,Female,10.56,5.82,0.44,1.32,1813,24,0,,EUR
TT_PRODUKTLAUNCH26,1789010002,InFeed_Launch,09/12/2026,35-44,Female,14.88,5.12,0.31,1.66,2908,48,0,,EUR
TT_LETO26_BrandAware,1789010001,InFeed_Prospecting,06/16/2026,18-24,Female,15.12,4.76,0.36,1.32,3175,42,0,,EUR
TT_LETO26_BrandAware,1789010001,InFeed_Retarget,08/06/2026,25-34,Male,9.2,6.2,0.4,1.54,1485,23,0,,EUR
TT_PRODUKTLAUNCH26,1789010002,InFeed_Launch,09/22/2026,35-44,Male,12.4,5.13,0.31,1.64,2415,40,0,,EUR
TT_LETO26_BrandAware,1789010001,InFeed_Prospecting,07/03/2026,55-64,Male,18.86,5.18,0.41,1.26,3641,46,0,,EUR
TT_LETO26_BrandAware,1789010001,Spark_Awareness,07/02/2026,35-44,Male,23.45,6.67,0.35,1.92,3516,67,0,,EUR
TT_LETO26_BrandAware,1789010001,InFeed_Prospecting,06/16/2026,55-64,Female,14.62,5.04,0.43,1.17,2901,34,0,,EUR
TT_LETO26_BrandAware,1789010001,Spark_Awareness,07/14/2026,25-34,Female,19.6,6.17,0.4,1.55,3176,49,0,,EUR
TT_PRODUKTLAUNCH26,1789010002,TopView,09/19/2026,18-24,Male,19.6,3.66,0.4,0.91,5360,49,0,,EUR
TT_PRODUKTLAUNCH26,1789010002,Spark_Ads,09/03/2026,45-54,Male,22.95,8.05,0.45,1.8,2851,51,1,22.95,EUR
TT_PRODUKTLAUNCH26,1789010002,InFeed_Launch,10/21/2026,18-24,Female,22.05,7.12,0.49,1.44,3099,45,0,,EUR
TT_LETO26_BrandAware,1789010001,Spark_Awareness,07/13/2026,65+,Male,10.2,5.86,0.3,1.94,1740,34,0,,EUR
TT_LETO26_BrandAware,1789010001,InFeed_Prospecting,06/21/2026,55-64,Female,5.27,3.04,0.31,0.96,1734,17,0,,EUR
TT_PRODUKTLAUNCH26,1789010002,TopView,08/31/2026,18-24,Female,25.42,6.5,0.62,1.05,3911,41,0,,EUR
TT_LETO26_BrandAware,1789010001,Spark_Awareness,08/02/2026,55-64,Female,15.75,8.61,0.45,1.94,1830,35,0,,EUR
TT_LETO26_BrandAware,1789010001,InFeed_Retarget,06/29/2026,18-24,Male,8.32,5.81,0.32,1.79,1431,26,0,,EUR
TT_PRODUKTLAUNCH26,1789010002,TopView,08/21/2026,35-44,Male,57.0,7.78,0.57,1.36,7331,100,1,57.0,EUR
TT_LETO26_BrandAware,1789010001,Spark_Awareness,06/03/2026,45-54,Female,10.58,5.03,0.46,1.11,2105,23,0,,EUR
TT_LETO26_BrandAware,1789010001,InFeed_Retarget,06/25/2026,25-34,Male,12.9,8.03,0.3,2.65,1607,43,0,,EUR
TT_PRODUKTLAUNCH26,1789010002,InFeed_Launch,08/20/2026,18-24,Male,34.04,10.51,0.46,2.29,3238,74,1,34.04,EUR
TT_PRODUKTLAUNCH26,1789010002,InFeed_Launch,08/15/2026,35-44,Female,25.08,6.82,0.38,1.8,3675,66,1,25.08,EUR
TT_LETO26_BrandAware,1789010001,InFeed_Retarget,06/13/2026,35-44,Male,16.34,7.17,0.43,1.68,2279,38,0,,EUR
TT_PRODUKTLAUNCH26,1789010002,TopView,08/16/2026,25-34,Female,43.8,7.92,0.6,1.31,5531,73,0,,EUR
TT_LETO26_BrandAware,1789010001,Spark_Awareness,08/13/2026,35-44,Female,9.72,5.12,0.36,1.44,1899,27,0,,EUR
TT_PRODUKTLAUNCH26,1789010002,TopView,09/30/2026,55-64,Male,13.2,3.6,0.44,0.83,3669,30,0,,EUR
TT_LETO26_BrandAware,1789010001,InFeed_Prospecting,07/28/2026,55-64,Male,7.8,4.69,0.3,1.54,1662,26,0,,EUR
TT_PRODUKTLAUNCH26,1789010002,InFeed_Launch,09/26/2026,18-24,Male,23.52,6.93,0.49,1.42,3392,48,0,,EUR
TT_PRODUKTLAUNCH26,1789010002,Spark_Ads,10/23/2026,65+,Female,15.37,6.44,0.29,2.2,2386,53,1,15.37,EUR
TT_PRODUKTLAUNCH26,1789010002,TopView,10/12/2026,45-54,Male,26.04,7.63,0.62,1.23,3412,42,0,,EUR
TT_PRODUKTLAUNCH26,1789010002,Spark_Ads,09/28/2026,25-34,Female,29.44,6.0,0.32,1.87,4907,92,1,29.44,EUR
TT_PRODUKTLAUNCH26,1789010002,InFeed_Launch,10/28/2026,18-24,Female,22.88,11.59,0.52,2.24,1974,44,0,,EUR
TT_LETO26_BrandAware,1789010001,InFeed_Prospecting,06/02/2026,45-54,Male,26.07,5.25,0.33,1.6,4967,79,0,,EUR
TT_LETO26_BrandAware,1789010001,InFeed_Prospecting,06/09/2026,65+,Female,9.6,5.91,0.4,1.45,1624,24,0,,EUR
TT_PRODUKTLAUNCH26,1789010002,Spark_Ads,09/12/2026,45-54,Male,35.28,10.71,0.49,2.18,3295,72,1,35.28,EUR
TT_PRODUKTLAUNCH26,1789010002,TopView,09/03/2026,25-34,Female,31.68,5.93,0.44,1.35,5340,72,0,,EUR
TT_PRODUKTLAUNCH26,1789010002,TopView,10/20/2026,18-24,Female,24.38,5.7,0.53,1.07,4277,46,0,,EUR
TT_PRODUKTLAUNCH26,1789010002,Spark_Ads,09/04/2026,45-54,Female,33.67,6.47,0.37,1.76,5202,91,1,33.67,EUR
TT_PRODUKTLAUNCH26,1789010002,Spark_Ads,08/30/2026,55-64,Female,19.25,5.17,0.35,1.47,3721,55,1,19.25,EUR
TT_PRODUKTLAUNCH26,1789010002,Spark_Ads,10/18/2026,55-64,Male,18.04,5.16,0.41,1.26,3498,44,1,18.04,EUR
TT_LETO26_BrandAware,1789010001,InFeed_Retarget,07/17/2026,65+,Female,7.02,8.59,0.39,2.2,817,18,0,,EUR
TT_PRODUKTLAUNCH26,1789010002,Spark_Ads,09/17/2026,55-64,Male,36.26,8.74,0.49,1.78,4150,74,1,36.26,EUR
TT_PRODUKTLAUNCH26,1789010002,InFeed_Launch,09/28/2026,25-34,Male,17.36,4.37,0.31,1.41,3973,56,1,17.36,EUR
TT_PRODUKTLAUNCH26,1789010002,TopView,10/02/2026,65+,Male,13.11,3.42,0.57,0.6,3831,23,0,,EUR
TT_PRODUKTLAUNCH26,1789010002,TopView,10/20/2026,65+,Male,17.08,4.35,0.61,0.7,3922,28,0,,EUR
TT_LETO26_BrandAware,1789010001,Spark_Awareness,06/11/2026,25-34,Male,21.39,6.44,0.31,2.08,3322,69,0,,EUR
TT_LETO26_BrandAware,1789010001,Spark_Awareness,06/25/2026,45-54,Female,16.72,5.59,0.38,1.47,2989,44,0,,EUR
TT_LETO26_BrandAware,1789010001,InFeed_Retarget,07/14/2026,45-54,Female,9.2,11.75,0.4,2.98,783,23,0,,EUR
TT_PRODUKTLAUNCH26,1789010002,Spark_Ads,08/17/2026,45-54,Male,26.25,4.73,0.35,1.36,5555,75,1,26.25,EUR
TT_LETO26_BrandAware,1789010001,InFeed_Retarget,06/05/2026,65+,Female,5.32,8.71,0.38,2.29,611,14,0,,EUR
TT_PRODUKTLAUNCH26,1789010002,Spark_Ads,08/18/2026,55-64,Female,25.41,6.04,0.33,1.84,4210,77,1,25.41,EUR
TT_PRODUKTLAUNCH26,1789010002,Spark_Ads,09/14/2026,45-54,Female,19.52,4.58,0.32,1.43,4266,61,1,19.52,EUR
TT_LETO26_BrandAware,1789010001,InFeed_Retarget,07/31/2026,55-64,Female,7.13,8.86,0.31,2.81,805,23,0,,EUR
TT_LETO26_BrandAware,1789010001,InFeed_Retarget,07/19/2026,18-24,Female,8.28,10.53,0.46,2.25,786,18,0,,EUR
TT_PRODUKTLAUNCH26,1789010002,TopView,09/21/2026,45-54,Male,20.58,4.14,0.49,0.84,4971,42,0,,EUR
TT_LETO26_BrandAware,1789010001,Spark_Awareness,06/19/2026,35-44,Male,12.6,6.46,0.45,1.43,1950,28,0,,EUR
TT_PRODUKTLAUNCH26,1789010002,Spark_Ads,09/29/2026,65+,Female,18.9,9.23,0.45,2.04,2048,42,1,18.9,EUR
TT_PRODUKTLAUNCH26,1789010002,InFeed_Launch,10/28/2026,25-34,Female,18.6,6.99,0.31,2.27,2660,60,1,18.6,EUR
TT_LETO26_BrandAware,1789010001,InFeed_Retarget,08/04/2026,35-44,Female,15.54,12.46,0.42,3.0,1247,37,0,,EUR
TT_LETO26_BrandAware,1789010001,InFeed_Retarget,07/19/2026,25-34,Female,21.5,10.86,0.43,2.54,1979,50,0,,EUR
TT_LETO26_BrandAware,1789010001,Spark_Awareness,06/16/2026,65+,Female,8.8,5.79,0.4,1.42,1519,22,0,,EUR
TT_PRODUKTLAUNCH26,1789010002,InFeed_Launch,10/01/2026,35-44,Male,23.8,4.75,0.34,1.39,5015,70,1,23.8,EUR
TT_LETO26_BrandAware,1789010001,InFeed_Prospecting,08/11/2026,45-54,Female,17.02,6.07,0.37,1.65,2804,46,0,,EUR
TT_PRODUKTLAUNCH26,1789010002,Spark_Ads,09/18/2026,45-54,Female,28.91,7.73,0.49,1.56,3742,59,1,28.91,EUR
TT_LETO26_BrandAware,1789010001,Spark_Awareness,06/08/2026,55-64,Male,12.47,4.54,0.43,1.04,2745,29,0,,EUR
TT_LETO26_BrandAware,1789010001,InFeed_Retarget,07/09/2026,18-24,Female,12.47,10.39,0.43,2.44,1200,29,0,,EUR
TT_PRODUKTLAUNCH26,1789010002,Spark_Ads,10/13/2026,65+,Male,7.25,4.23,0.29,1.45,1714,25,0,,EUR
TT_PRODUKTLAUNCH26,1789010002,Spark_Ads,08/23/2026,45-54,Female,17.64,5.64,0.49,1.16,3125,36,0,,EUR
TT_LETO26_BrandAware,1789010001,Spark_Awareness,07/19/2026,18-24,Male,8.5,5.85,0.34,1.71,1453,25,0,,EUR
TT_PRODUKTLAUNCH26,1789010002,TopView,09/24/2026,65+,Male,12.42,4.88,0.69,0.7,2545,18,0,,EUR
TT_PRODUKTLAUNCH26,1789010002,TopView,10/11/2026,25-34,Female,34.17,4.78,0.67,0.71,7155,51,0,,EUR
TT_LETO26_BrandAware,1789010001,InFeed_Prospecting,06/05/2026,45-54,Male,10.75,4.45,0.25,1.79,2418,43,0,,EUR
TT_PRODUKTLAUNCH26,1789010002,Spark_Ads,09/25/2026,45-54,Female,20.48,4.5,0.32,1.4,4547,64,1,20.48,EUR
TT_LETO26_BrandAware,1789010001,InFeed_Retarget,06/22/2026,35-44,Female,13.53,7.72,0.41,1.87,1752,33,0,,EUR
TT_PRODUKTLAUNCH26,1789010002,Spark_Ads,09/19/2026,18-24,Female,11.1,3.79,0.3,1.25,2927,37,0,,EUR
TT_LETO26_BrandAware,1789010001,InFeed_Retarget,06/24/2026,55-64,Male,10.88,9.62,0.34,2.84,1131,32,0,,EUR
TT_LETO26_BrandAware,1789010001,InFeed_Retarget,07/07/2026,45-54,Male,6.8,5.94,0.34,1.78,1145,20,0,,EUR
TT_PRODUKTLAUNCH26,1789010002,TopView,09/14/2026,18-24,Male,22.44,3.32,0.44,0.75,6751,51,0,,EUR
TT_LETO26_BrandAware,1789010001,Spark_Awareness,06/16/2026,55-64,Male,12.21,7.25,0.33,2.2,1683,37,0,,EUR
TT_PRODUKTLAUNCH26,1789010002,InFeed_Launch,10/22/2026,55-64,Male,19.89,9.11,0.39,2.34,2183,51,1,19.89,EUR
TT_PRODUKTLAUNCH26,1789010002,TopView,09/05/2026,35-44,Female,34.17,6.1,0.51,1.2,5601,67,0,,EUR
TT_PRODUKTLAUNCH26,1789010002,InFeed_Launch,09/05/2026,18-24,Male,12.3,5.28,0.3,1.77,2331,41,0,,EUR
TT_LETO26_BrandAware,1789010001,Spark_Awareness,06/09/2026,45-54,Female,20.58,7.92,0.42,1.87,2599,49,0,,EUR
TT_PRODUKTLAUNCH26,1789010002,Spark_Ads,09/14/2026,45-54,Male,18.86,6.75,0.41,1.66,2793,46,1,18.86,EUR
TT_PRODUKTLAUNCH26,1789010002,Spark_Ads,10/20/2026,55-64,Female,13.44,5.1,0.42,1.2,2636,32,0,,EUR
TT_LETO26_BrandAware,1789010001,InFeed_Prospecting,06/08/2026,18-24,Male,12.48,3.32,0.32,1.04,3758,39,0,,EUR
TT_LETO26_BrandAware,1789010001,Spark_Awareness,08/13/2026,35-44,Male,8.4,3.76,0.35,1.07,2235,24,0,,EUR
TT_LETO26_BrandAware,1789010001,Spark_Awareness,08/08/2026,45-54,Female,9.25,6.38,0.37,1.73,1450,25,0,,EUR
TT_PRODUKTLAUNCH26,1789010002,Spark_Ads,10/19/2026,35-44,Male,25.08,5.64,0.33,1.71,4450,76,1,25.08,EUR
TT_LETO26_BrandAware,1789010001,InFeed_Retarget,06/06/2026,65+,Male,3.8,8.23,0.38,2.08,462,10,0,,EUR
TT_PRODUKTLAUNCH26,1789010002,TopView,09/23/2026,18-24,Female,29.04,5.94,0.44,1.35,4888,66,0,,EUR
TT_LETO26_BrandAware,1789010001,InFeed_Retarget,06/24/2026,35-44,Female,12.32,8.94,0.44,2.07,1378,28,0,,EUR
TT_LETO26_BrandAware,1789010001,Spark_Awareness,08/01/2026,45-54,Male,17.39,6.34,0.47,1.36,2745,37,0,,EUR
TT_LETO26_BrandAware,1789010001,InFeed_Prospecting,07/16/2026,45-54,Male,17.64,6.03,0.42,1.42,2926,42,0,,EUR
TT_PRODUKTLAUNCH26,1789010002,Spark_Ads,09/25/2026,65+,Female,14.4,5.29,0.36,1.49,2721,40,0,,EUR
TT_LETO26_BrandAware,1789010001,InFeed_Retarget,07/05/2026,45-54,Male,12.48,8.54,0.48,1.8,1462,26,0,,EUR
TT_PRODUKTLAUNCH26,1789010002,Spark_Ads,10/12/2026,45-54,Female,40.05,7.72,0.45,1.71,5189,89,1,40.05,EUR
TT_PRODUKTLAUNCH26,1789010002,Spark_Ads,09/17/2026,25-34,Male,39.1,6.54,0.34,1.93,5975,115,1,39.1,EUR
TT_LETO26_BrandAware,1789010001,Spark_Awareness,07/27/2026,35-44,Male,20.7,5.62,0.46,1.21,3682,45,0,,EUR
TT_PRODUKTLAUNCH26,1789010002,InFeed_Launch,09/03/2026,35-44,Female,23.78,6.11,0.41,1.49,3890,58,1,23.78,EUR
TT_PRODUKTLAUNCH26,1789010002,InFeed_Launch,08/28/2026,18-24,Female,17.28,6.63,0.48,1.36,2607,36,0,,EUR
TT_LETO26_BrandAware,1789010001,Spark_Awareness,07/23/2026,45-54,Male,10.35,5.7,0.45,1.24,1816,23,0,,EUR
TT_PRODUKTLAUNCH26,1789010002,TopView,10/17/2026,18-24,Female,13.44,4.07,0.64,0.63,3305,21,0,,EUR
TT_LETO26_BrandAware,1789010001,InFeed_Retarget,07/22/2026,35-44,Female,10.54,6.85,0.31,2.18,1539,34,0,,EUR
TT_LETO26_BrandAware,1789010001,InFeed_Retarget,07/25/2026,65+,Female,4.7,9.73,0.47,2.01,483,10,0,,EUR
TT_PRODUKTLAUNCH26,1789010002,Spark_Ads,08/16/2026,65+,Female,11.9,5.38,0.34,1.57,2211,35,0,,EUR
TT_PRODUKTLAUNCH26,1789010002,TopView,10/09/2026,18-24,Female,15.48,3.44,0.43,0.81,4499,36,0,,EUR
TT_PRODUKTLAUNCH26,1789010002,TopView,08/29/2026,55-64,Male,13.52,4.95,0.52,0.94,2730,26,0,,EUR
TT_PRODUKTLAUNCH26,1789010002,Spark_Ads,08/24/2026,65+,Female,7.56,4.64,0.42,1.11,1630,18,0,,EUR
TT_LETO26_BrandAware,1789010001,InFeed_Prospecting,08/03/2026,55-64,Male,8.37,4.85,0.31,1.54,1726,27,0,,EUR
TT_PRODUKTLAUNCH26,1789010002,TopView,10/20/2026,55-64,Female,10.5,2.97,0.42,0.7,3538,25,0,,EUR
TT_LETO26_BrandAware,1789010001,Spark_Awareness,07/31/2026,45-54,Male,18.56,6.0,0.32,1.87,3095,58,0,,EUR
TT_PRODUKTLAUNCH26,1789010002,TopView,08/25/2026,45-54,Male,13.64,3.5,0.44,0.8,3897,31,0,,EUR
TT_PRODUKTLAUNCH26,1789010002,InFeed_Launch,10/17/2026,65+,Male,13.5,10.42,0.45,2.34,1295,30,0,,EUR
TT_LETO26_BrandAware,1789010001,InFeed_Retarget,07/24/2026,55-64,Male,9.52,9.82,0.34,2.93,969,28,0,,EUR
TT_PRODUKTLAUNCH26,1789010002,Spark_Ads,08/28/2026,45-54,Female,22.77,6.75,0.33,2.04,3372,69,1,22.77,EUR
TT_LETO26_BrandAware,1789010001,InFeed_Prospecting,06/05/2026,45-54,Female,10.75,2.5,0.25,0.99,4304,43,0,,EUR
TT_PRODUKTLAUNCH26,1789010002,InFeed_Launch,09/21/2026,18-24,Male,33.97,10.05,0.43,2.34,3379,79,1,33.97,EUR
TT_PRODUKTLAUNCH26,1789010002,TopView,09/16/2026,25-34,Male,42.34,5.4,0.58,0.93,7841,73,0,,EUR
TT_LETO26_BrandAware,1789010001,InFeed_Retarget,07/25/2026,45-54,Male,11.2,7.53,0.35,2.15,1488,32,0,,EUR
TT_LETO26_BrandAware,1789010001,InFeed_Retarget,06/23/2026,18-24,Female,17.6,12.05,0.44,2.75,1460,40,0,,EUR
TT_PRODUKTLAUNCH26,1789010002,InFeed_Launch,10/11/2026,25-34,Female,16.92,5.01,0.36,1.4,3380,47,0,,EUR
TT_LETO26_BrandAware,1789010001,Spark_Awareness,07/12/2026,65+,Male,10.8,5.92,0.36,1.63,1824,30,0,,EUR
TT_LETO26_BrandAware,1789010001,Spark_Awareness,08/03/2026,55-64,Male,12.47,8.28,0.43,1.93,1506,29,0,,EUR
TT_PRODUKTLAUNCH26,1789010002,Spark_Ads,10/14/2026,55-64,Male,49.22,10.67,0.46,2.33,4613,107,1,49.22,EUR
TT_LETO26_BrandAware,1789010001,Spark_Awareness,06/07/2026,25-34,Female,22.95,7.17,0.45,1.58,3199,51,0,,EUR
TT_LETO26_BrandAware,1789010001,InFeed_Retarget,07/01/2026,65+,Male,8.74,8.83,0.46,1.93,990,19,0,,EUR
TT_LETO26_BrandAware,1789010001,Spark_Awareness,07/15/2026,65+,Male,7.04,7.4,0.44,1.73,951,16,0,,EUR
TT_LETO26_BrandAware,1789010001,InFeed_Retarget,06/13/2026,65+,Female,5.76,10.55,0.36,2.98,546,16,0,,EUR
TT_PRODUKTLAUNCH26,1789010002,Spark_Ads,09/07/2026,25-34,Female,31.92,9.18,0.42,2.19,3476,76,1,31.92,EUR
TT_LETO26_BrandAware,1789010001,InFeed_Prospecting,07/12/2026,55-64,Male,5.04,2.51,0.28,0.9,2004,18,0,,EUR
TT_LETO26_BrandAware,1789010001,InFeed_Prospecting,08/09/2026,18-24,Female,26.1,6.22,0.45,1.37,4198,58,0,,EUR
TT_LETO26_BrandAware,1789010001,Spark_Awareness,07/14/2026,65+,Female,8.36,6.73,0.44,1.52,1243,19,0,,EUR
TT_LETO26_BrandAware,1789010001,InFeed_Retarget,06/06/2026,18-24,Male,18.13,11.57,0.49,2.36,1567,37,0,,EUR
TT_LETO26_BrandAware,1789010001,InFeed_Retarget,06/29/2026,65+,Female,4.32,7.0,0.36,1.93,617,12,0,,EUR
TT_LETO26_BrandAware,1789010001,InFeed_Prospecting,06/26/2026,25-34,Female,10.73,2.78,0.29,0.95,3865,37,0,,EUR
TT_LETO26_BrandAware,1789010001,InFeed_Retarget,07/30/2026,35-44,Female,8.05,5.49,0.35,1.54,1465,23,0,,EUR
TT_PRODUKTLAUNCH26,1789010002,Spark_Ads,08/29/2026,65+,Female,16.2,6.76,0.45,1.5,2395,36,0,,EUR
TT_PRODUKTLAUNCH26,1789010002,Spark_Ads,10/26/2026,55-64,Female,27.3,8.2,0.35,2.34,3328,78,1,27.3,EUR
TT_LETO26_BrandAware,1789010001,Spark_Awareness,07/05/2026,18-24,Male,11.2,7.23,0.35,2.07,1549,32,0,,EUR
TT_PRODUKTLAUNCH26,1789010002,TopView,09/06/2026,55-64,Male,31.90 EUR,6.8,0.58,1.16,4692,55,0,,EUR
TT_PRODUKTLAUNCH26,1789010002,InFeed_Launch,08/19/2026,25-34,Female,27.84,7.13,0.48,1.5,3905,58,1,27.84,EUR
TT_PRODUKTLAUNCH26,1789010002,TopView,10/10/2026,25-34,Male,41.04,5.27,0.54,0.98,7785,76,0,,EUR
TT_PRODUKTLAUNCH26,1789010002,InFeed_Launch,09/19/2026,25-34,Female,27.9,5.71,0.3,1.91,4886,93,1,27.9,EUR
TT_LETO26_BrandAware,1789010001,InFeed_Retarget,07/31/2026,35-44,Male,10.36,9.94,0.37,2.66,1042,28,0,,EUR
TT_LETO26_BrandAware,1789010001,Spark_Awareness,07/06/2026,65+,Female,6.45,4.54,0.43,1.09,1422,15,0,,EUR
TT_LETO26_BrandAware,1789010001,InFeed_Prospecting,06/07/2026,18-24,Male,30.71,7.09,0.37,1.92,4334,83,0,,EUR
TT_LETO26_BrandAware,1789010001,InFeed_Retarget,06/07/2026,65+,Female,10.58,12.27,0.46,2.72,862,23,0,,EUR
TT_PRODUKTLAUNCH26,1789010002,TopView,08/19/2026,35-44,Male,26.04,3.12,0.42,0.74,8346,62,0,,EUR
TT_LETO26_BrandAware,1789010001,InFeed_Prospecting,06/05/2026,35-44,Female,22.68,4.33,0.42,1.03,5238,54,0,,EUR
TT_PRODUKTLAUNCH26,1789010002,InFeed_Launch,08/27/2026,25-34,Male,22.88,7.87,0.44,1.8,2908,52,1,22.88,EUR
TT_LETO26_BrandAware,1789010001,Spark_Awareness,06/02/2026,35-44,Male,17.39,7.33,0.37,1.97,2373,47,0,,EUR
TT_LETO26_BrandAware,1789010001,InFeed_Retarget,06/19/2026,35-44,Male,10.14,8.35,0.39,2.14,1215,26,0,,EUR
TT_LETO26_BrandAware,1789010001,InFeed_Prospecting,06/27/2026,18-24,Male,8.16,3.16,0.34,0.91,2582,24,0,,EUR
TT_LETO26_BrandAware,1789010001,Spark_Awareness,07/09/2026,35-44,Female,9.28,4.66,0.29,1.61,1992,32,0,,EUR
TT_PRODUKTLAUNCH26,1789010002,TopView,08/23/2026,25-34,Male,34.81,4.73,0.59,0.8,7365,59,0,,EUR
TT_LETO26_BrandAware,1789010001,InFeed_Retarget,06/23/2026,35-44,Female,10.35,10.85,0.45,2.41,954,23,0,,EUR
TT_LETO26_BrandAware,1789010001,Spark_Awareness,06/08/2026,65+,Female,9.1,7.17,0.35,2.03,1269,26,0,,EUR
TT_LETO26_BrandAware,1789010001,InFeed_Prospecting,08/02/2026,45-54,Female,17.01,5.2,0.27,1.92,3270,63,0,,EUR
TT_LETO26_BrandAware,1789010001,InFeed_Prospecting,07/02/2026,25-34,Female,23.37,4.33,0.41,1.05,5394,57,0,,EUR
TT_LETO26_BrandAware,1789010001,InFeed_Prospecting,07/08/2026,55-64,Female,15.84,6.55,0.44,1.47,2418,36,0,,EUR
TT_PRODUKTLAUNCH26,1789010002,TopView,09/17/2026,35-44,Female,40.67,5.51,0.49,1.13,7377,83,0,,EUR
TT_LETO26_BrandAware,1789010001,Spark_Awareness,07/09/2026,45-54,Female,9.99,5.35,0.37,1.46,1866,27,0,,EUR
TT_LETO26_BrandAware,1789010001,InFeed_Retarget,06/04/2026,65+,Male,4.55,8.58,0.35,2.39,530,13,0,,EUR
TT_PRODUKTLAUNCH26,1789010002,Spark_Ads,09/12/2026,65+,Male,27.5,10.02,0.5,2.0,2744,55,1,27.5,EUR
TT_LETO26_BrandAware,1789010001,InFeed_Retarget,07/25/2026,65+,Male,6.4,8.31,0.32,2.55,770,20,0,,EUR
TT_PRODUKTLAUNCH26,1789010002,TopView,08/29/2026,45-54,Female,21.44,5.11,0.67,0.76,4193,32,0,,EUR
TT_PRODUKTLAUNCH26,1789010002,InFeed_Launch,10/14/2026,35-44,Male,25.92,5.65,0.36,1.58,4586,72,1,25.92,EUR
TT_LETO26_BrandAware,1789010001,InFeed_Retarget,08/05/2026,65+,Female,4.8,9.7,0.4,2.33,495,12,0,,EUR
TT_LETO26_BrandAware,1789010001,InFeed_Prospecting,07/04/2026,65+,Female,5.51,3.88,0.29,1.31,1421,19,0,,EUR
TT_LETO26_BrandAware,1789010001,InFeed_Prospecting,06/03/2026,45-54,Male,13.05,5.38,0.29,1.85,2426,45,0,,EUR
TT_LETO26_BrandAware,1789010001,InFeed_Retarget,07/23/2026,65+,Female,4.42,7.19,0.34,2.15,615,13,0,,EUR
TT_PRODUKTLAUNCH26,1789010002,TopView,09/09/2026,25-34,Female,19.32,3.32,0.46,0.73,5825,42,0,,EUR
TT_LETO26_BrandAware,1789010001,InFeed_Retarget,08/01/2026,25-34,Male,23.01,9.36,0.39,2.4,2458,59,0,,EUR
TT_PRODUKTLAUNCH26,1789010002,InFeed_Launch,09/04/2026,18-24,Female,17.02,6.3,0.46,1.37,2700,37,0,,EUR
TT_PRODUKTLAUNCH26,1789010002,InFeed_Launch,10/02/2026,35-44,Male,37.23,10.8,0.51,2.13,3447,73,1,37.23,EUR
TT_LETO26_BrandAware,1789010001,InFeed_Prospecting,08/01/2026,35-44,Male,18.76,4.73,0.28,1.69,3963,67,0,,EUR
TT_PRODUKTLAUNCH26,1789010002,Spark_Ads,10/14/2026,25-34,Male,57.6,9.35,0.4,2.34,6158,144,2,28.8,EUR
TT_PRODUKTLAUNCH26,1789010002,TopView,09/20/2026,25-34,Male,28.14,3.79,0.42,0.9,7429,67,0,,EUR
TT_LETO26_BrandAware,1789010001,InFeed_Prospecting,07/18/2026,25-34,Female,9.9,3.17,0.33,0.95,3122,30,0,,EUR
TT_PRODUKTLAUNCH26,1789010002,Spark_Ads,10/28/2026,45-54,Male,18.48,6.86,0.42,1.62,2692,44,1,18.48,EUR
TT_PRODUKTLAUNCH26,1789010002,Spark_Ads,10/02/2026,35-44,Female,23.76,5.88,0.36,1.64,4041,66,1,23.76,EUR
TT_PRODUKTLAUNCH26,1789010002,TopView,09/13/2026,45-54,Female,45.92,7.09,0.56,1.27,6475,82,0,,EUR
TT_LETO26_BrandAware,1789010001,InFeed_Prospecting,06/20/2026,35-44,Male,11.89,3.01,0.29,1.03,3952,41,0,,EUR
TT_LETO26_BrandAware,1789010001,Spark_Awareness,07/06/2026,25-34,Male,11.22,4.42,0.34,1.29,2536,33,0,,EUR
TT_LETO26_BrandAware,1789010001,InFeed_Prospecting,07/09/2026,55-64,Male,20.68,5.84,0.44,1.33,3542,47,0,,EUR
TT_PRODUKTLAUNCH26,1789010002,TopView,08/29/2026,35-44,Female,21.42,3.85,0.51,0.76,5559,42,0,,EUR
TT_PRODUKTLAUNCH26,1789010002,InFeed_Launch,09/17/2026,35-44,Male,30.8,10.37,0.4,2.58,2969,77,1,30.8,EUR
TT_PRODUKTLAUNCH26,1789010002,TopView,08/29/2026,18-24,Female,19.04,3.9,0.56,0.69,4880,34,0,,EUR
TT_LETO26_BrandAware,1789010001,InFeed_Prospecting,06/10/2026,45-54,Female,36.08,8.18,0.44,1.86,4413,82,0,,EUR
TT_PRODUKTLAUNCH26,1789010002,Spark_Ads,09/07/2026,55-64,Female,15.08,6.92,0.29,2.4,2179,52,1,15.08,EUR
TT_LETO26_BrandAware,1789010001,Spark_Awareness,08/14/2026,55-64,Male,8.2,4.72,0.41,1.14,1738,20,0,,EUR
TT_LETO26_BrandAware,1789010001,Spark_Awareness,07/06/2026,25-34,Female,11.78,4.72,0.38,1.26,2494,31,0,,EUR
TT_PRODUKTLAUNCH26,1789010002,TopView,08/21/2026,65+,Male,9.24,2.54,0.42,0.62,3633,22,0,,EUR
TT_PRODUKTLAUNCH26,1789010002,Spark_Ads,08/30/2026,25-34,Male,44.29,9.83,0.43,2.29,4504,103,1,44.29,EUR
TT_LETO26_BrandAware,1789010001,InFeed_Prospecting,07/15/2026,25-34,Female,20.65,5.64,0.35,1.6,3663,59,0,,EUR
TT_PRODUKTLAUNCH26,1789010002,TopView,09/06/2026,45-54,Male,15.66,4.01,0.54,0.74,3906,29,0,,EUR
TT_PRODUKTLAUNCH26,1789010002,Spark_Ads,08/21/2026,55-64,Female,20.46,6.1,0.33,1.84,3353,62,1,20.46,EUR
TT_LETO26_BrandAware,1789010001,Spark_Awareness,07/03/2026,55-64,Female,7.56,3.58,0.28,1.25,2114,27,0,,EUR
TT_PRODUKTLAUNCH26,1789010002,Spark_Ads,10/08/2026,55-64,Male,18.55,5.13,0.35,1.46,3616,53,1,18.55,EUR
TT_PRODUKTLAUNCH26,1789010002,InFeed_Launch,10/09/2026,25-34,Male,24.32,8.07,0.32,2.52,3012,76,1,24.32,EUR
TT_PRODUKTLAUNCH26,1789010002,InFeed_Launch,09/13/2026,25-34,Female,34.65,9.82,0.45,2.17,3530,77,1,34.65,EUR
TT_LETO26_BrandAware,1789010001,InFeed_Retarget,06/01/2026,65+,Female,4.07,7.74,0.37,2.18,526,11,0,,EUR
TT_PRODUKTLAUNCH26,1789010002,InFeed_Launch,09/26/2026,25-34,Male,24.08,6.72,0.43,1.56,3583,56,1,24.08,EUR
TT_LETO26_BrandAware,1789010001,InFeed_Prospecting,06/14/2026,25-34,Male,22.26,6.16,0.42,1.48,3614,53,0,,EUR
TT_LETO26_BrandAware,1789010001,Spark_Awareness,07/11/2026,18-24,Female,7.03,4.77,0.37,1.31,1475,19,0,,EUR
TT_PRODUKTLAUNCH26,1789010002,Spark_Ads,09/08/2026,25-34,Female,40.8,8.69,0.4,2.17,4695,102,1,40.8,EUR
TT_PRODUKTLAUNCH26,1789010002,TopView,10/21/2026,65+,Male,25.83,7.46,0.63,1.17,3464,41,0,,EUR
TT_LETO26_BrandAware,1789010001,Spark_Awareness,06/28/2026,18-24,Male,19.35,7.78,0.45,1.72,2486,43,0,,EUR
TT_LETO26_BrandAware,1789010001,InFeed_Retarget,06/12/2026,45-54,Female,7.48,8.84,0.44,2.04,846,17,0,,EUR
TT_LETO26_BrandAware,1789010001,Spark_Awareness,06/01/2026,18-24,Male,9.86,6.46,0.34,1.92,1527,29,0,,EUR
TT_LETO26_BrandAware,1789010001,InFeed_Prospecting,07/10/2026,35-44,Male,29.76,4.98,0.31,1.61,5971,96,0,,EUR
TT_PRODUKTLAUNCH26,1789010002,TopView,08/19/2026,55-64,Male,29.58,5.94,0.58,1.03,4982,51,0,,EUR
TT_LETO26_BrandAware,1789010001,Spark_Awareness,07/16/2026,35-44,Male,15.54,4.73,0.42,1.12,3284,37,0,,EUR
TT_LETO26_BrandAware,1789010001,InFeed_Prospecting,08/06/2026,25-34,Male,38.7,6.96,0.43,1.62,5561,90,0,,EUR
TT_LETO26_BrandAware,1789010001,InFeed_Prospecting,07/02/2026,35-44,Male,13.95,3.03,0.31,0.97,4607,45,0,,EUR
TT_PRODUKTLAUNCH26,1789010002,TopView,09/29/2026,18-24,Female,35.04,6.35,0.48,1.32,5521,73,0,,EUR
TT_PRODUKTLAUNCH26,1789010002,InFeed_Launch,08/26/2026,55-64,Female,26.8,10.12,0.4,2.52,2647,67,1,26.8,EUR
TT_PRODUKTLAUNCH26,1789010002,Spark_Ads,10/28/2026,65+,Female,13.5,9.43,0.5,1.9,1432,27,0,,EUR
TT_LETO26_BrandAware,1789010001,InFeed_Prospecting,07/08/2026,45-54,Female,15.5,4.08,0.31,1.33,3795,50,0,,EUR
TT_PRODUKTLAUNCH26,1789010002,InFeed_Launch,08/29/2026,65+,Male,8.96,4.25,0.32,1.33,2108,28,0,,EUR
TT_LETO26_BrandAware,1789010001,InFeed_Retarget,06/24/2026,45-54,Male,10.25,9.39,0.41,2.3,1092,25,0,,EUR
TT_PRODUKTLAUNCH26,1789010002,Spark_Ads,08/27/2026,65+,Female,7.68,5.42,0.32,1.66,1418,24,0,,EUR
TT_LETO26_BrandAware,1789010001,InFeed_Prospecting,06/30/2026,65+,Female,5.1,3.67,0.3,1.19,1389,17,0,,EUR
TT_PRODUKTLAUNCH26,1789010002,InFeed_Launch,10/18/2026,65+,Male,16.17,10.41,0.49,2.15,1554,33,0,,EUR
TT_LETO26_BrandAware,1789010001,InFeed_Retarget,06/26/2026,25-34,Male,25.8,11.46,0.43,2.67,2252,60,0,,EUR
TT_LETO26_BrandAware,1789010001,Spark_Awareness,07/05/2026,25-34,Male,15.6,3.98,0.3,1.32,3924,52,0,,EUR
TT_LETO26_BrandAware,1789010001,Spark_Awareness,08/12/2026,55-64,Female,5.72,4.49,0.44,1.04,1273,13,0,,EUR
TT_LETO26_BrandAware,1789010001,InFeed_Retarget,06/19/2026,25-34,Female,16.72,9.11,0.44,2.05,1836,38,0,,EUR
TT_PRODUKTLAUNCH26,1789010002,InFeed_Launch,10/13/2026,55-64,Male,11.78,4.56,0.31,1.47,2583,38,0,,EUR
TT_PRODUKTLAUNCH26,1789010002,TopView,08/31/2026,65+,Male,15.0,7.54,0.6,1.26,1990,25,0,,EUR
TT_LETO26_BrandAware,1789010001,InFeed_Retarget,06/27/2026,45-54,Male,17.16,11.52,0.39,2.98,1490,44,0,,EUR
TT_LETO26_BrandAware,1789010001,InFeed_Retarget,08/05/2026,35-44,Male,17.94,9.63,0.39,2.48,1863,46,0,,EUR
TT_LETO26_BrandAware,1789010001,InFeed_Retarget,06/03/2026,65+,Male,7.04,11.09,0.44,2.51,635,16,0,,EUR
TT_LETO26_BrandAware,1789010001,Spark_Awareness,07/10/2026,25-34,Female,27.3,7.32,0.39,1.88,3729,70,0,,EUR
TT_PRODUKTLAUNCH26,1789010002,InFeed_Launch,10/21/2026,45-54,Male,22.2,7.32,0.37,1.99,3034,60,1,22.2,EUR
TT_PRODUKTLAUNCH26,1789010002,TopView,10/27/2026,25-34,Male,41.28,5.07,0.48,1.06,8147,86,1,41.28,EUR
TT_LETO26_BrandAware,1789010001,InFeed_Retarget,06/27/2026,35-44,Male,18.33,12.93,0.47,2.77,1418,39,0,,EUR
TT_PRODUKTLAUNCH26,1789010002,TopView,10/03/2026,18-24,Female,52.14,9.21,0.66,1.39,5662,79,0,,EUR
TT_PRODUKTLAUNCH26,1789010002,TopView,08/31/2026,55-64,Male,29.11,5.22,0.41,1.27,5573,71,0,,EUR
TT_PRODUKTLAUNCH26,1789010002,TopView,09/16/2026,25-34,Female,49.0,5.43,0.5,1.09,9021,98,1,49.0,EUR
TT_LETO26_BrandAware,1789010001,InFeed_Prospecting,07/31/2026,65+,Female,10.66,4.89,0.26,1.87,2179,41,0,,EUR
TT_PRODUKTLAUNCH26,1789010002,TopView,09/02/2026,25-34,Female,46.92,5.08,0.69,0.74,9245,68,0,,EUR
TT_LETO26_BrandAware,1789010001,InFeed_Retarget,07/04/2026,65+,Male,3.72,6.64,0.31,2.21,560,12,0,,EUR
TT_LETO26_BrandAware,1789010001,Spark_Awareness,06/17/2026,55-64,Female,7.92,3.77,0.36,1.03,2101,22,0,,EUR
TT_PRODUKTLAUNCH26,1789010002,InFeed_Launch,10/23/2026,35-44,Male,28.91,7.3,0.49,1.5,3958,59,1,28.91,EUR
TT_PRODUKTLAUNCH26,1789010002,InFeed_Launch,09/16/2026,55-64,Male,36.08,11.23,0.44,2.56,3213,82,1,36.08,EUR
TT_LETO26_BrandAware,1789010001,Spark_Awareness,08/09/2026,65+,Female,9.1,6.39,0.35,1.8,1424,26,0,,EUR
TT_LETO26_BrandAware,1789010001,Spark_Awareness,07/20/2026,35-44,Female,24.78,7.65,0.42,1.81,3241,59,0,,EUR
TT_PRODUKTLAUNCH26,1789010002,TopView,09/21/2026,25-34,Male,46.24,7.99,0.68,1.18,5790,68,0,,EUR
TT_LETO26_BrandAware,1789010001,InFeed_Prospecting,08/08/2026,55-64,Male,21.42,5.97,0.34,1.74,3588,63,0,,EUR
TT_PRODUKTLAUNCH26,1789010002,TopView,10/18/2026,45-54,Male,39.65,8.46,0.61,1.4,4688,65,0,,EUR
TT_LETO26_BrandAware,1789010001,InFeed_Prospecting,07/26/2026,45-54,Male,18.49,4.99,0.43,1.16,3704,43,0,,EUR
TT_PRODUKTLAUNCH26,1789010002,Spark_Ads,08/30/2026,55-64,Male,12.92,4.37,0.38,1.14,2957,34,0,,EUR
TT_PRODUKTLAUNCH26,1789010002,Spark_Ads,08/20/2026,65+,Female,14.76,6.4,0.36,1.8,2305,41,0,,EUR
TT_LETO26_BrandAware,1789010001,InFeed_Retarget,06/17/2026,55-64,Male,7.68,8.74,0.48,1.79,879,16,0,,EUR
TT_PRODUKTLAUNCH26,1789010002,InFeed_Launch,09/04/2026,45-54,Male,21.12,7.3,0.32,2.29,2892,66,1,21.12,EUR
TT_PRODUKTLAUNCH26,1789010002,InFeed_Launch,08/27/2026,65+,Male,7.36,4.21,0.32,1.33,1750,23,0,,EUR
TT_PRODUKTLAUNCH26,1789010002,TopView,09/18/2026,55-64,Female,14.76,3.42,0.41,0.84,4320,36,0,,EUR
TT_LETO26_BrandAware,1789010001,Spark_Awareness,06/13/2026,45-54,Male,15.48,7.81,0.43,1.83,1981,36,0,,EUR
TT_LETO26_BrandAware,1789010001,InFeed_Retarget,06/15/2026,65+,Male,7.8,9.64,0.39,2.5,809,20,0,,EUR
TT_LETO26_BrandAware,1789010001,Spark_Awareness,08/12/2026,65+,Female,10.08,10.28,0.48,2.17,981,21,0,,EUR
TT_LETO26_BrandAware,1789010001,Spark_Awareness,07/18/2026,65+,Female,4.9,5.0,0.35,1.42,980,14,0,,EUR
TT_LETO26_BrandAware,1789010001,InFeed_Prospecting,06/14/2026,45-54,Female,21.66,6.39,0.38,1.69,3390,57,0,,EUR
TT_PRODUKTLAUNCH26,1789010002,TopView,08/30/2026,18-24,Male,38.76,7.97,0.57,1.4,4862,68,0,,EUR
TT_LETO26_BrandAware,1789010001,Spark_Awareness,06/15/2026,35-44,Male,16.28,4.17,0.37,1.12,3905,44,0,,EUR
TT_PRODUKTLAUNCH26,1789010002,Spark_Ads,10/05/2026,55-64,Male,22.1,6.54,0.34,1.92,3379,65,1,22.1,EUR
TT_LETO26_BrandAware,1789010001,Spark_Awareness,07/27/2026,55-64,Male,15.58,6.05,0.41,1.46,2575,38,0,,EUR
TT_PRODUKTLAUNCH26,1789010002,Spark_Ads,10/22/2026,55-64,Male,30.0,7.22,0.4,1.8,4158,75,1,30.0,EUR
TT_PRODUKTLAUNCH26,1789010002,Spark_Ads,09/15/2026,25-34,Male,46.25,6.5,0.37,1.76,7115,125,2,23.12,EUR
TT_PRODUKTLAUNCH26,1789010002,TopView,08/16/2026,18-24,Male,29.4,4.98,0.6,0.83,5905,49,0,,EUR
TT_LETO26_BrandAware,1789010001,Spark_Awareness,07/07/2026,25-34,Female,22.0,8.45,0.4,2.11,2605,55,0,,EUR
TT_LETO26_BrandAware,1789010001,InFeed_Prospecting,08/09/2026,55-64,Female,7.56,4.6,0.36,1.27,1643,21,0,,EUR
TT_PRODUKTLAUNCH26,1789010002,Spark_Ads,10/18/2026,65+,Male,14.85,8.61,0.45,1.93,1724,33,0,,EUR
TT_PRODUKTLAUNCH26,1789010002,TopView,08/26/2026,35-44,Female,32.49,4.53,0.57,0.79,7178,57,0,,EUR
TT_LETO26_BrandAware,1789010001,InFeed_Prospecting,07/08/2026,55-64,Male,11.47,3.5,0.37,0.94,3276,31,0,,EUR
TT_PRODUKTLAUNCH26,1789010002,InFeed_Launch,09/12/2026,65+,Female,7.68,8.6,0.48,1.74,893,16,0,,EUR
TT_PRODUKTLAUNCH26,1789010002,InFeed_Launch,09/01/2026,45-54,Male,21.7,6.9,0.31,2.22,3147,70,1,21.7,EUR
TT_LETO26_BrandAware,1789010001,Spark_Awareness,07/07/2026,18-24,Male,28.29,8.71,0.41,2.12,3247,69,0,,EUR
TT_LETO26_BrandAware,1789010001,InFeed_Retarget,06/05/2026,25-34,Male,36.75,14.31,0.49,2.92,2568,75,1,36.75,EUR
TT_LETO26_BrandAware,1789010001,Spark_Awareness,06/26/2026,35-44,Female,8.37,5.06,0.31,1.64,1654,27,0,,EUR
TT_LETO26_BrandAware,1789010001,InFeed_Retarget,06/29/2026,25-34,Female,16.28,12.47,0.44,2.8,1306,37,0,,EUR
TT_LETO26_BrandAware,1789010001,InFeed_Retarget,06/09/2026,55-64,Female,5.76,7.4,0.48,1.52,778,12,0,,EUR
TT_PRODUKTLAUNCH26,1789010002,TopView,09/20/2026,25-34,Female,45.0,5.81,0.45,1.3,7744,100,1,45.0,EUR
TT_LETO26_BrandAware,1789010001,Spark_Awareness,06/07/2026,18-24,Male,10.85 EUR,5.43,0.35,1.57,1997,31,0,,EUR
TT_LETO26_BrandAware,1789010001,InFeed_Retarget,06/11/2026,25-34,Female,14.52,8.46,0.44,1.93,1717,33,0,,EUR
TT_LETO26_BrandAware,1789010001,InFeed_Prospecting,06/13/2026,35-44,Male,8.99,3.3,0.31,1.07,2724,29,0,,EUR
TT_LETO26_BrandAware,1789010001,InFeed_Retarget,06/20/2026,55-64,Male,6.93,8.39,0.33,2.52,826,21,0,,EUR
TT_PRODUKTLAUNCH26,1789010002,Spark_Ads,08/29/2026,18-24,Female,18.48,6.21,0.44,1.43,2975,42,1,18.48,EUR
TT_PRODUKTLAUNCH26,1789010002,TopView,10/03/2026,55-64,Male,34.68,7.36,0.68,1.07,4712,51,0,,EUR
TT_LETO26_BrandAware,1789010001,InFeed_Prospecting,07/11/2026,45-54,Male,8.58,3.18,0.26,1.21,2699,33,0,,EUR
TT_PRODUKTLAUNCH26,1789010002,InFeed_Launch,09/27/2026,65+,Male,11.78,5.88,0.38,1.55,2003,31,0,,EUR
TT_PRODUKTLAUNCH26,1789010002,TopView,09/24/2026,25-34,Female,30.68,3.33,0.52,0.64,9210,59,0,,EUR
TT_PRODUKTLAUNCH26,1789010002,InFeed_Launch,10/13/2026,25-34,Female,39.93,7.94,0.33,2.41,5026,121,1,39.93,EUR
TT_LETO26_BrandAware,1789010001,Spark_Awareness,08/12/2026,65+,Male,13.5,8.97,0.45,2.01,1505,30,0,,EUR
TT_LETO26_BrandAware,1789010001,Spark_Awareness,08/09/2026,25-34,Male,36.48,8.14,0.38,2.13,4482,96,0,,EUR
TT_LETO26_BrandAware,1789010001,InFeed_Prospecting,07/12/2026,65+,Female,11.1,6.42,0.37,1.72,1730,30,0,,EUR
TT_LETO26_BrandAware,1789010001,Spark_Awareness,08/13/2026,18-24,Male,9.9,6.52,0.45,1.48,1518,22,0,,EUR
TT_LETO26_BrandAware,1789010001,InFeed_Retarget,08/13/2026,45-54,Male,16.38,8.95,0.42,2.12,1831,39,0,,EUR
TT_PRODUKTLAUNCH26,1789010002,InFeed_Launch,08/22/2026,35-44,Female,44.29,11.01,0.43,2.57,4023,103,1,44.29,EUR
TT_PRODUKTLAUNCH26,1789010002,TopView,08/23/2026,55-64,Female,39.05,7.41,0.55,1.35,5273,71,0,,EUR
TT_PRODUKTLAUNCH26,1789010002,TopView,09/07/2026,45-54,Female,8.61,2.74,0.41,0.68,3137,21,0,,EUR
TT_LETO26_BrandAware,1789010001,InFeed_Prospecting,06/14/2026,35-44,Male,32.77,5.51,0.29,1.9,5952,113,0,,EUR
TT_LETO26_BrandAware,1789010001,InFeed_Prospecting,06/15/2026,65+,Female,10.12,5.77,0.44,1.33,1754,23,0,,EUR
TT_LETO26_BrandAware,1789010001,InFeed_Retarget,06/27/2026,55-64,Female,5.88,8.04,0.42,1.85,731,14,0,,EUR
TT_LETO26_BrandAware,1789010001,Spark_Awareness,06/30/2026,35-44,Female,27.3,7.85,0.39,2.02,3477,70,0,,EUR
TT_LETO26_BrandAware,1789010001,Spark_Awareness,07/26/2026,18-24,Female,16.96,5.71,0.32,1.78,2969,53,0,,EUR
TT_LETO26_BrandAware,1789010001,Spark_Awareness,07/31/2026,55-64,Female,8.75,4.04,0.35,1.15,2164,25,0,,EUR
TT_LETO26_BrandAware,1789010001,InFeed_Retarget,07/01/2026,18-24,Female,11.88,10.26,0.44,2.33,1158,27,0,,EUR
TT_PRODUKTLAUNCH26,1789010002,InFeed_Launch,08/22/2026,25-34,Female,19.6,8.53,0.35,2.44,2299,56,1,19.6,EUR
TT_PRODUKTLAUNCH26,1789010002,Spark_Ads,09/30/2026,25-34,Female,22.8,5.25,0.38,1.38,4345,60,1,22.8,EUR
TT_PRODUKTLAUNCH26,1789010002,InFeed_Launch,09/24/2026,35-44,Female,16.72,7.31,0.38,1.91,2286,44,0,,EUR
TT_PRODUKTLAUNCH26,1789010002,TopView,10/24/2026,65+,Female,22.8,7.19,0.57,1.28,3169,40,0,,EUR
TT_PRODUKTLAUNCH26,1789010002,TopView,08/18/2026,45-54,Female,57.42,8.59,0.66,1.3,6684,87,1,57.42,EUR
TT_LETO26_BrandAware,1789010001,InFeed_Prospecting,06/05/2026,65+,Male,9.72,3.74,0.36,1.05,2599,27,0,,EUR
TT_LETO26_BrandAware,1789010001,InFeed_Prospecting,07/09/2026,25-34,Male,14.4,4.42,0.4,1.11,3259,36,0,,EUR
TT_LETO26_BrandAware,1789010001,InFeed_Retarget,08/03/2026,65+,Male,4.8,6.38,0.32,2.04,752,15,0,,EUR
TT_PRODUKTLAUNCH26,1789010002,Spark_Ads,08/30/2026,45-54,Male,27.88,5.72,0.41,1.39,4877,68,1,27.88,EUR
TT_PRODUKTLAUNCH26,1789010002,Spark_Ads,10/01/2026,45-54,Male,28.06,7.36,0.46,1.61,3810,61,1,28.06,EUR
TT_PRODUKTLAUNCH26,1789010002,InFeed_Launch,09/07/2026,25-34,Male,30.69,6.28,0.33,1.89,4888,93,1,30.69,EUR
TT_LETO26_BrandAware,1789010001,InFeed_Prospecting,07/11/2026,18-24,Male,25.92,6.76,0.36,1.89,3834,72,0,,EUR
TT_PRODUKTLAUNCH26,1789010002,InFeed_Launch,10/10/2026,55-64,Male,35.28,11.44,0.49,2.33,3084,72,1,35.28,EUR
TT_LETO26_BrandAware,1789010001,InFeed_Prospecting,06/15/2026,45-54,Female,11.7,5.15,0.26,1.96,2271,45,0,,EUR
TT_PRODUKTLAUNCH26,1789010002,TopView,08/22/2026,45-54,Female,23.94,7.96,0.57,1.39,3007,42,0,,EUR
TT_PRODUKTLAUNCH26,1789010002,Spark_Ads,10/10/2026,55-64,Female,27.95,7.27,0.43,1.68,3844,65,1,27.95,EUR
TT_LETO26_BrandAware,1789010001,Spark_Awareness,07/08/2026,45-54,Female,6.29,4.2,0.37,1.15,1497,17,0,,EUR
TT_LETO26_BrandAware,1789010001,InFeed_Prospecting,07/28/2026,55-64,Female,14.04,6.82,0.36,1.89,2059,39,0,,EUR
TT_LETO26_BrandAware,1789010001,InFeed_Retarget,07/12/2026,25-34,Female,13.68,6.65,0.36,1.83,2056,38,0,,EUR
TT_LETO26_BrandAware,1789010001,InFeed_Retarget,06/03/2026,55-64,Female,8.4,10.57,0.42,2.47,795,20,0,,EUR
TT_PRODUKTLAUNCH26,1789010002,Spark_Ads,10/10/2026,18-24,Male,45.08,9.86,0.46,2.15,4572,98,1,45.08,EUR
TT_LETO26_BrandAware,1789010001,InFeed_Retarget,07/29/2026,35-44,Female,16.34,9.34,0.43,2.2,1749,38,0,,EUR
TT_LETO26_BrandAware,1789010001,InFeed_Retarget,07/21/2026,35-44,Male,14.1,9.53,0.47,2.0,1480,30,0,,EUR
TT_PRODUKTLAUNCH26,1789010002,TopView,09/04/2026,35-44,Male,33.81,8.4,0.69,1.21,4023,49,0,,EUR
TT_LETO26_BrandAware,1789010001,InFeed_Retarget,06/30/2026,18-24,Female,14.7,13.09,0.49,2.7,1123,30,0,,EUR
TT_LETO26_BrandAware,1789010001,InFeed_Prospecting,08/03/2026,25-34,Male,18.98,3.19,0.26,1.22,5954,73,0,,EUR
TT_LETO26_BrandAware,1789010001,Spark_Awareness,07/19/2026,45-54,Female,6.9,4.06,0.3,1.36,1698,23,0,,EUR
TT_LETO26_BrandAware,1789010001,Spark_Awareness,06/18/2026,35-44,Male,12.8,6.16,0.32,1.93,2078,40,0,,EUR
TT_PRODUKTLAUNCH26,1789010002,InFeed_Launch,09/08/2026,45-54,Female,31.96,9.37,0.47,2.01,3411,68,1,31.96,EUR
TT_LETO26_BrandAware,1789010001,InFeed_Retarget,06/08/2026,18-24,Female,7.44,6.54,0.31,2.09,1138,24,0,,EUR
TT_LETO26_BrandAware,1789010001,InFeed_Retarget,08/08/2026,45-54,Female,9.6,6.18,0.32,1.94,1553,30,0,,EUR
TT_PRODUKTLAUNCH26,1789010002,InFeed_Launch,08/26/2026,25-34,Female,29.12,7.58,0.32,2.36,3842,91,1,29.12,EUR
TT_PRODUKTLAUNCH26,1789010002,InFeed_Launch,09/06/2026,35-44,Male,37.23,7.69,0.51,1.51,4844,73,1,37.23,EUR
TT_PRODUKTLAUNCH26,1789010002,InFeed_Launch,09/13/2026,18-24,Male,12.48,6.01,0.39,1.54,2078,32,0,,EUR
TT_PRODUKTLAUNCH26,1789010002,InFeed_Launch,08/15/2026,65+,Male,9.25,6.02,0.37,1.61,1537,25,0,,EUR
TT_LETO26_BrandAware,1789010001,InFeed_Prospecting,07/19/2026,55-64,Female,23.6,7.12,0.4,1.79,3316,59,0,,EUR
TT_LETO26_BrandAware,1789010001,Spark_Awareness,08/13/2026,45-54,Female,24.91,9.74,0.47,2.08,2557,53,0,,EUR
TT_LETO26_BrandAware,1789010001,InFeed_Retarget,06/22/2026,45-54,Male,14.44,8.7,0.38,2.29,1659,38,0,,EUR
TT_LETO26_BrandAware,1789010001,InFeed_Prospecting,06/18/2026,35-44,Male,16.72,4.54,0.38,1.21,3679,44,0,,EUR
TT_PRODUKTLAUNCH26,1789010002,TopView,10/07/2026,45-54,Male,47.61,6.44,0.69,0.93,7389,69,0,,EUR
TT_PRODUKTLAUNCH26,1789010002,Spark_Ads,10/14/2026,35-44,Male,23.4,6.13,0.39,1.56,3816,60,1,23.4,EUR
TT_PRODUKTLAUNCH26,1789010002,InFeed_Launch,08/18/2026,45-54,Female,15.51,6.11,0.47,1.32,2537,33,0,,EUR
TT_PRODUKTLAUNCH26,1789010002,Spark_Ads,09/24/2026,65+,Female,14.43,6.54,0.39,1.67,2207,37,0,,EUR
TT_PRODUKTLAUNCH26,1789010002,InFeed_Launch,08/16/2026,25-34,Female,31.36,12.64,0.49,2.56,2481,64,1,31.36,EUR
TT_PRODUKTLAUNCH26,1789010002,TopView,09/19/2026,65+,Male,14.82,6.77,0.57,1.17,2188,26,0,,EUR
TT_LETO26_BrandAware,1789010001,InFeed_Retarget,07/05/2026,45-54,Female,10.34,12.05,0.47,2.55,858,22,0,,EUR
TT_LETO26_BrandAware,1789010001,InFeed_Prospecting,06/08/2026,35-44,Female,15.66,4.26,0.27,1.58,3678,58,0,,EUR
TT_PRODUKTLAUNCH26,1789010002,TopView,10/02/2026,25-34,Male,30.55,3.8,0.47,0.81,8031,65,0,,EUR
TT_PRODUKTLAUNCH26,1789010002,Spark_Ads,10/02/2026,18-24,Male,27.28,6.21,0.31,2.01,4394,88,1,27.28,EUR
TT_LETO26_BrandAware,1789010001,InFeed_Retarget,06/20/2026,18-24,Male,11.28,10.04,0.47,2.18,1123,24,0,,EUR
TT_PRODUKTLAUNCH26,1789010002,Spark_Ads,10/16/2026,18-24,Female,37.31,9.07,0.41,2.22,4115,91,1,37.31,EUR
TT_PRODUKTLAUNCH26,1789010002,InFeed_Launch,10/11/2026,65+,Male,17.22,10.6,0.42,2.52,1625,41,0,,EUR
TT_LETO26_BrandAware,1789010001,InFeed_Retarget,08/02/2026,65+,Male,7.2,8.41,0.45,1.89,856,16,0,,EUR
TT_LETO26_BrandAware,1789010001,InFeed_Prospecting,07/09/2026,25-34,Female,21.35,3.98,0.35,1.14,5361,61,0,,EUR
TT_LETO26_BrandAware,1789010001,InFeed_Prospecting,07/05/2026,65+,Male,8.58,7.71,0.39,1.98,1113,22,0,,EUR
TT_PRODUKTLAUNCH26,1789010002,InFeed_Launch,08/20/2026,55-64,Female,23.5,10.67,0.47,2.25,2203,50,0,,EUR
TT_PRODUKTLAUNCH26,1789010002,TopView,08/25/2026,35-44,Female,12.71,3.27,0.41,0.8,3883,31,0,,EUR
TT_LETO26_BrandAware,1789010001,InFeed_Prospecting,06/05/2026,18-24,Female,25.08,5.97,0.38,1.57,4198,66,0,,EUR
TT_LETO26_BrandAware,1789010001,InFeed_Prospecting,06/24/2026,25-34,Male,29.04,5.49,0.33,1.66,5289,88,0,,EUR
TT_PRODUKTLAUNCH26,1789010002,InFeed_Launch,08/17/2026,35-44,Male,39.01,9.02,0.47,1.91,4327,83,1,39.01,EUR
TT_PRODUKTLAUNCH26,1789010002,TopView,09/10/2026,35-44,Male,17.4,3.96,0.6,0.66,4396,29,0,,EUR
TT_LETO26_BrandAware,1789010001,InFeed_Retarget,07/02/2026,65+,Female,4.56 EUR,10.34,0.38,2.64,441,12,0,,EUR
TT_PRODUKTLAUNCH26,1789010002,TopView,08/24/2026,45-54,Male,22.79,3.87,0.43,0.89,5885,53,0,,EUR
TT_PRODUKTLAUNCH26,1789010002,Spark_Ads,10/06/2026,18-24,Female,35.69,7.87,0.43,1.84,4537,83,1,35.69,EUR
TT_LETO26_BrandAware,1789010001,InFeed_Retarget,07/13/2026,65+,Male,7.35,8.46,0.35,2.37,869,21,0,,EUR
